"Time (CET/CEST)","Portugal (PT) > Spain (ES) [MW]","Spain (ES) > Portugal (PT) [MW]"
"01.01.2024 00:00 - 01.01.2024 01:00","0","2367"
"01.01.2024 01:00 - 01.01.2024 02:00","0","2290"
"01.01.2024 02:00 - 01.01.2024 03:00","0","2821"
"01.01.2024 03:00 - 01.01.2024 04:00","0","2721"
"01.01.2024 04:00 - 01.01.2024 05:00","0","2788"
"01.01.2024 05:00 - 01.01.2024 06:00","0","2819"
"01.01.2024 06:00 - 01.01.2024 07:00","0","2818"
"01.01.2024 07:00 - 01.01.2024 08:00","0","2893"
"01.01.2024 08:00 - 01.01.2024 09:00","0","2909"
"01.01.2024 09:00 - 01.01.2024 10:00","0","2838"
"01.01.2024 10:00 - 01.01.2024 11:00","0","2890"
"01.01.2024 11:00 - 01.01.2024 12:00","0","2892"
"01.01.2024 12:00 - 01.01.2024 13:00","0","3845"
"01.01.2024 13:00 - 01.01.2024 14:00","0","4128"
"01.01.2024 14:00 - 01.01.2024 15:00","0","4063"
"01.01.2024 15:00 - 01.01.2024 16:00","0","3777"
"01.01.2024 16:00 - 01.01.2024 17:00","0","3385"
"01.01.2024 17:00 - 01.01.2024 18:00","0","3499"
"01.01.2024 18:00 - 01.01.2024 19:00","0","2535"
"01.01.2024 19:00 - 01.01.2024 20:00","0","1961"
"01.01.2024 20:00 - 01.01.2024 21:00","0","1408"
"01.01.2024 21:00 - 01.01.2024 22:00","0","1274"
"01.01.2024 22:00 - 01.01.2024 23:00","0","1607"
"01.01.2024 23:00 - 02.01.2024 00:00","0","2495"
"02.01.2024 00:00 - 02.01.2024 01:00","0","2579"
"02.01.2024 01:00 - 02.01.2024 02:00","0","2563"
"02.01.2024 02:00 - 02.01.2024 03:00","0","2524"
"02.01.2024 03:00 - 02.01.2024 04:00","0","2544"
"02.01.2024 04:00 - 02.01.2024 05:00","0","2350"
"02.01.2024 05:00 - 02.01.2024 06:00","0","2117"
"02.01.2024 06:00 - 02.01.2024 07:00","0","1992"
"02.01.2024 07:00 - 02.01.2024 08:00","0","2071"
"02.01.2024 08:00 - 02.01.2024 09:00","0","471"
"02.01.2024 09:00 - 02.01.2024 10:00","274","0"
"02.01.2024 10:00 - 02.01.2024 11:00","0","515"
"02.01.2024 11:00 - 02.01.2024 12:00","0","1442"
"02.01.2024 12:00 - 02.01.2024 13:00","0","2800"
"02.01.2024 13:00 - 02.01.2024 14:00","0","3006"
"02.01.2024 14:00 - 02.01.2024 15:00","0","3044"
"02.01.2024 15:00 - 02.01.2024 16:00","0","2910"
"02.01.2024 16:00 - 02.01.2024 17:00","0","2890"
"02.01.2024 17:00 - 02.01.2024 18:00","0","2060"
"02.01.2024 18:00 - 02.01.2024 19:00","0","1399"
"02.01.2024 19:00 - 02.01.2024 20:00","0","721"
"02.01.2024 20:00 - 02.01.2024 21:00","0","1496"
"02.01.2024 21:00 - 02.01.2024 22:00","0","2385"
"02.01.2024 22:00 - 02.01.2024 23:00","0","2875"
"02.01.2024 23:00 - 03.01.2024 00:00","0","2508"
"03.01.2024 00:00 - 03.01.2024 01:00","0","2479"
"03.01.2024 01:00 - 03.01.2024 02:00","0","2768"
"03.01.2024 02:00 - 03.01.2024 03:00","0","2762"
"03.01.2024 03:00 - 03.01.2024 04:00","0","2808"
"03.01.2024 04:00 - 03.01.2024 05:00","0","2844"
"03.01.2024 05:00 - 03.01.2024 06:00","0","2840"
"03.01.2024 06:00 - 03.01.2024 07:00","0","2219"
"03.01.2024 07:00 - 03.01.2024 08:00","0","1819"
"03.01.2024 08:00 - 03.01.2024 09:00","0","1294"
"03.01.2024 09:00 - 03.01.2024 10:00","0","1254"
"03.01.2024 10:00 - 03.01.2024 11:00","0","2206"
"03.01.2024 11:00 - 03.01.2024 12:00","0","3021"
"03.01.2024 12:00 - 03.01.2024 13:00","0","3204"
"03.01.2024 13:00 - 03.01.2024 14:00","0","3199"
"03.01.2024 14:00 - 03.01.2024 15:00","0","3204"
"03.01.2024 15:00 - 03.01.2024 16:00","0","3460"
"03.01.2024 16:00 - 03.01.2024 17:00","0","3172"
"03.01.2024 17:00 - 03.01.2024 18:00","0","2718"
"03.01.2024 18:00 - 03.01.2024 19:00","0","1982"
"03.01.2024 19:00 - 03.01.2024 20:00","0","1371"
"03.01.2024 20:00 - 03.01.2024 21:00","0","1369"
"03.01.2024 21:00 - 03.01.2024 22:00","0","1503"
"03.01.2024 22:00 - 03.01.2024 23:00","0","1943"
"03.01.2024 23:00 - 04.01.2024 00:00","0","2784"
"04.01.2024 00:00 - 04.01.2024 01:00","0","2833"
"04.01.2024 01:00 - 04.01.2024 02:00","0","2863"
"04.01.2024 02:00 - 04.01.2024 03:00","0","2765"
"04.01.2024 03:00 - 04.01.2024 04:00","0","2683"
"04.01.2024 04:00 - 04.01.2024 05:00","0","2393"
"04.01.2024 05:00 - 04.01.2024 06:00","0","1994"
"04.01.2024 06:00 - 04.01.2024 07:00","0","1294"
"04.01.2024 07:00 - 04.01.2024 08:00","0","218"
"04.01.2024 08:00 - 04.01.2024 09:00","528","0"
"04.01.2024 09:00 - 04.01.2024 10:00","910","0"
"04.01.2024 10:00 - 04.01.2024 11:00","0","478"
"04.01.2024 11:00 - 04.01.2024 12:00","0","1295"
"04.01.2024 12:00 - 04.01.2024 13:00","0","1063"
"04.01.2024 13:00 - 04.01.2024 14:00","0","1089"
"04.01.2024 14:00 - 04.01.2024 15:00","0","207"
"04.01.2024 15:00 - 04.01.2024 16:00","1321","0"
"04.01.2024 16:00 - 04.01.2024 17:00","1802","0"
"04.01.2024 17:00 - 04.01.2024 18:00","1816","0"
"04.01.2024 18:00 - 04.01.2024 19:00","1484","0"
"04.01.2024 19:00 - 04.01.2024 20:00","1344","0"
"04.01.2024 20:00 - 04.01.2024 21:00","1003","0"
"04.01.2024 21:00 - 04.01.2024 22:00","1203","0"
"04.01.2024 22:00 - 04.01.2024 23:00","862","0"
"04.01.2024 23:00 - 05.01.2024 00:00","0","377"
"05.01.2024 00:00 - 05.01.2024 01:00","0","264"
"05.01.2024 01:00 - 05.01.2024 02:00","0","338"
"05.01.2024 02:00 - 05.01.2024 03:00","0","586"
"05.01.2024 03:00 - 05.01.2024 04:00","0","1030"
"05.01.2024 04:00 - 05.01.2024 05:00","0","1548"
"05.01.2024 05:00 - 05.01.2024 06:00","0","893"
"05.01.2024 06:00 - 05.01.2024 07:00","0","160"
"05.01.2024 07:00 - 05.01.2024 08:00","1653","0"
"05.01.2024 08:00 - 05.01.2024 09:00","2544","0"
"05.01.2024 09:00 - 05.01.2024 10:00","1989","0"
"05.01.2024 10:00 - 05.01.2024 11:00","59","0"
"05.01.2024 11:00 - 05.01.2024 12:00","0","2071"
"05.01.2024 12:00 - 05.01.2024 13:00","0","2997"
"05.01.2024 13:00 - 05.01.2024 14:00","0","3134"
"05.01.2024 14:00 - 05.01.2024 15:00","0","3447"
"05.01.2024 15:00 - 05.01.2024 16:00","0","3386"
"05.01.2024 16:00 - 05.01.2024 17:00","0","3387"
"05.01.2024 17:00 - 05.01.2024 18:00","0","2542"
"05.01.2024 18:00 - 05.01.2024 19:00","0","1685"
"05.01.2024 19:00 - 05.01.2024 20:00","0","1164"
"05.01.2024 20:00 - 05.01.2024 21:00","0","1666"
"05.01.2024 21:00 - 05.01.2024 22:00","0","1724"
"05.01.2024 22:00 - 05.01.2024 23:00","0","1929"
"05.01.2024 23:00 - 06.01.2024 00:00","0","2412"
"06.01.2024 00:00 - 06.01.2024 01:00","0","2760"
"06.01.2024 01:00 - 06.01.2024 02:00","0","3208"
"06.01.2024 02:00 - 06.01.2024 03:00","0","3164"
"06.01.2024 03:00 - 06.01.2024 04:00","0","3235"
"06.01.2024 04:00 - 06.01.2024 05:00","0","3357"
"06.01.2024 05:00 - 06.01.2024 06:00","0","3490"
"06.01.2024 06:00 - 06.01.2024 07:00","0","3346"
"06.01.2024 07:00 - 06.01.2024 08:00","0","2876"
"06.01.2024 08:00 - 06.01.2024 09:00","0","2754"
"06.01.2024 09:00 - 06.01.2024 10:00","0","2889"
"06.01.2024 10:00 - 06.01.2024 11:00","0","3232"
"06.01.2024 11:00 - 06.01.2024 12:00","0","3512"
"06.01.2024 12:00 - 06.01.2024 13:00","0","3937"
"06.01.2024 13:00 - 06.01.2024 14:00","0","4069"
"06.01.2024 14:00 - 06.01.2024 15:00","0","4053"
"06.01.2024 15:00 - 06.01.2024 16:00","0","4158"
"06.01.2024 16:00 - 06.01.2024 17:00","0","4138"
"06.01.2024 17:00 - 06.01.2024 18:00","0","3516"
"06.01.2024 18:00 - 06.01.2024 19:00","0","2229"
"06.01.2024 19:00 - 06.01.2024 20:00","0","1252"
"06.01.2024 20:00 - 06.01.2024 21:00","0","994"
"06.01.2024 21:00 - 06.01.2024 22:00","0","780"
"06.01.2024 22:00 - 06.01.2024 23:00","0","613"
"06.01.2024 23:00 - 07.01.2024 00:00","0","1935"
"07.01.2024 00:00 - 07.01.2024 01:00","0","2464"
"07.01.2024 01:00 - 07.01.2024 02:00","0","2536"
"07.01.2024 02:00 - 07.01.2024 03:00","0","2433"
"07.01.2024 03:00 - 07.01.2024 04:00","0","2967"
"07.01.2024 04:00 - 07.01.2024 05:00","0","3482"
"07.01.2024 05:00 - 07.01.2024 06:00","0","3596"
"07.01.2024 06:00 - 07.01.2024 07:00","0","3377"
"07.01.2024 07:00 - 07.01.2024 08:00","0","2770"
"07.01.2024 08:00 - 07.01.2024 09:00","0","2205"
"07.01.2024 09:00 - 07.01.2024 10:00","0","1949"
"07.01.2024 10:00 - 07.01.2024 11:00","0","2796"
"07.01.2024 11:00 - 07.01.2024 12:00","0","3506"
"07.01.2024 12:00 - 07.01.2024 13:00","0","4058"
"07.01.2024 13:00 - 07.01.2024 14:00","0","4274"
"07.01.2024 14:00 - 07.01.2024 15:00","0","4287"
"07.01.2024 15:00 - 07.01.2024 16:00","0","4434"
"07.01.2024 16:00 - 07.01.2024 17:00","0","4494"
"07.01.2024 17:00 - 07.01.2024 18:00","0","2942"
"07.01.2024 18:00 - 07.01.2024 19:00","0","601"
"07.01.2024 19:00 - 07.01.2024 20:00","0","272"
"07.01.2024 20:00 - 07.01.2024 21:00","0","1031"
"07.01.2024 21:00 - 07.01.2024 22:00","0","1688"
"07.01.2024 22:00 - 07.01.2024 23:00","0","1645"
"07.01.2024 23:00 - 08.01.2024 00:00","0","2530"
"08.01.2024 00:00 - 08.01.2024 01:00","0","3365"
"08.01.2024 01:00 - 08.01.2024 02:00","0","3637"
"08.01.2024 02:00 - 08.01.2024 03:00","0","3704"
"08.01.2024 03:00 - 08.01.2024 04:00","0","3692"
"08.01.2024 04:00 - 08.01.2024 05:00","0","3654"
"08.01.2024 05:00 - 08.01.2024 06:00","0","3626"
"08.01.2024 06:00 - 08.01.2024 07:00","0","3061"
"08.01.2024 07:00 - 08.01.2024 08:00","0","2241"
"08.01.2024 08:00 - 08.01.2024 09:00","0","147"
"08.01.2024 09:00 - 08.01.2024 10:00","0","294"
"08.01.2024 10:00 - 08.01.2024 11:00","0","2288"
"08.01.2024 11:00 - 08.01.2024 12:00","0","3042"
"08.01.2024 12:00 - 08.01.2024 13:00","0","3676"
"08.01.2024 13:00 - 08.01.2024 14:00","0","3861"
"08.01.2024 14:00 - 08.01.2024 15:00","0","3301"
"08.01.2024 15:00 - 08.01.2024 16:00","0","3199"
"08.01.2024 16:00 - 08.01.2024 17:00","0","2184"
"08.01.2024 17:00 - 08.01.2024 18:00","0","452"
"08.01.2024 18:00 - 08.01.2024 19:00","774","0"
"08.01.2024 19:00 - 08.01.2024 20:00","948","0"
"08.01.2024 20:00 - 08.01.2024 21:00","1269","0"
"08.01.2024 21:00 - 08.01.2024 22:00","1385","0"
"08.01.2024 22:00 - 08.01.2024 23:00","298","0"
"08.01.2024 23:00 - 09.01.2024 00:00","0","714"
"09.01.2024 00:00 - 09.01.2024 01:00","0","937"
"09.01.2024 01:00 - 09.01.2024 02:00","0","929"
"09.01.2024 02:00 - 09.01.2024 03:00","0","882"
"09.01.2024 03:00 - 09.01.2024 04:00","0","986"
"09.01.2024 04:00 - 09.01.2024 05:00","0","695"
"09.01.2024 05:00 - 09.01.2024 06:00","0","301"
"09.01.2024 06:00 - 09.01.2024 07:00","652","0"
"09.01.2024 07:00 - 09.01.2024 08:00","1477","0"
"09.01.2024 08:00 - 09.01.2024 09:00","1962","0"
"09.01.2024 09:00 - 09.01.2024 10:00","1284","0"
"09.01.2024 10:00 - 09.01.2024 11:00","117","0"
"09.01.2024 11:00 - 09.01.2024 12:00","0","536"
"09.01.2024 12:00 - 09.01.2024 13:00","0","1532"
"09.01.2024 13:00 - 09.01.2024 14:00","0","1269"
"09.01.2024 14:00 - 09.01.2024 15:00","0","1242"
"09.01.2024 15:00 - 09.01.2024 16:00","0","947"
"09.01.2024 16:00 - 09.01.2024 17:00","0","367"
"09.01.2024 17:00 - 09.01.2024 18:00","183","0"
"09.01.2024 18:00 - 09.01.2024 19:00","312","0"
"09.01.2024 19:00 - 09.01.2024 20:00","166","0"
"09.01.2024 20:00 - 09.01.2024 21:00","215","0"
"09.01.2024 21:00 - 09.01.2024 22:00","131","0"
"09.01.2024 22:00 - 09.01.2024 23:00","0","464"
"09.01.2024 23:00 - 10.01.2024 00:00","0","900"
"10.01.2024 00:00 - 10.01.2024 01:00","0","335"
"10.01.2024 01:00 - 10.01.2024 02:00","221","0"
"10.01.2024 02:00 - 10.01.2024 03:00","315","0"
"10.01.2024 03:00 - 10.01.2024 04:00","211","0"
"10.01.2024 04:00 - 10.01.2024 05:00","345","0"
"10.01.2024 05:00 - 10.01.2024 06:00","1018","0"
"10.01.2024 06:00 - 10.01.2024 07:00","1881","0"
"10.01.2024 07:00 - 10.01.2024 08:00","2682","0"
"10.01.2024 08:00 - 10.01.2024 09:00","3062","0"
"10.01.2024 09:00 - 10.01.2024 10:00","2793","0"
"10.01.2024 10:00 - 10.01.2024 11:00","2107","0"
"10.01.2024 11:00 - 10.01.2024 12:00","1266","0"
"10.01.2024 12:00 - 10.01.2024 13:00","978","0"
"10.01.2024 13:00 - 10.01.2024 14:00","648","0"
"10.01.2024 14:00 - 10.01.2024 15:00","532","0"
"10.01.2024 15:00 - 10.01.2024 16:00","464","0"
"10.01.2024 16:00 - 10.01.2024 17:00","782","0"
"10.01.2024 17:00 - 10.01.2024 18:00","1252","0"
"10.01.2024 18:00 - 10.01.2024 19:00","1903","0"
"10.01.2024 19:00 - 10.01.2024 20:00","1832","0"
"10.01.2024 20:00 - 10.01.2024 21:00","1739","0"
"10.01.2024 21:00 - 10.01.2024 22:00","1175","0"
"10.01.2024 22:00 - 10.01.2024 23:00","1062","0"
"10.01.2024 23:00 - 11.01.2024 00:00","224","0"
"11.01.2024 00:00 - 11.01.2024 01:00","0","72"
"11.01.2024 01:00 - 11.01.2024 02:00","0","517"
"11.01.2024 02:00 - 11.01.2024 03:00","0","1319"
"11.01.2024 03:00 - 11.01.2024 04:00","0","1667"
"11.01.2024 04:00 - 11.01.2024 05:00","0","1468"
"11.01.2024 05:00 - 11.01.2024 06:00","0","1245"
"11.01.2024 06:00 - 11.01.2024 07:00","0","498"
"11.01.2024 07:00 - 11.01.2024 08:00","919","0"
"11.01.2024 08:00 - 11.01.2024 09:00","1852","0"
"11.01.2024 09:00 - 11.01.2024 10:00","1501","0"
"11.01.2024 10:00 - 11.01.2024 11:00","155","0"
"11.01.2024 11:00 - 11.01.2024 12:00","0","1034"
"11.01.2024 12:00 - 11.01.2024 13:00","0","1227"
"11.01.2024 13:00 - 11.01.2024 14:00","0","1195"
"11.01.2024 14:00 - 11.01.2024 15:00","0","1330"
"11.01.2024 15:00 - 11.01.2024 16:00","0","1391"
"11.01.2024 16:00 - 11.01.2024 17:00","0","957"
"11.01.2024 17:00 - 11.01.2024 18:00","122","0"
"11.01.2024 18:00 - 11.01.2024 19:00","848","0"
"11.01.2024 19:00 - 11.01.2024 20:00","879","0"
"11.01.2024 20:00 - 11.01.2024 21:00","658","0"
"11.01.2024 21:00 - 11.01.2024 22:00","530","0"
"11.01.2024 22:00 - 11.01.2024 23:00","1215","0"
"11.01.2024 23:00 - 12.01.2024 00:00","1302","0"
"12.01.2024 00:00 - 12.01.2024 01:00","835","0"
"12.01.2024 01:00 - 12.01.2024 02:00","599","0"
"12.01.2024 02:00 - 12.01.2024 03:00","343","0"
"12.01.2024 03:00 - 12.01.2024 04:00","388","0"
"12.01.2024 04:00 - 12.01.2024 05:00","467","0"
"12.01.2024 05:00 - 12.01.2024 06:00","572","0"
"12.01.2024 06:00 - 12.01.2024 07:00","1108","0"
"12.01.2024 07:00 - 12.01.2024 08:00","2403","0"
"12.01.2024 08:00 - 12.01.2024 09:00","2779","0"
"12.01.2024 09:00 - 12.01.2024 10:00","2562","0"
"12.01.2024 10:00 - 12.01.2024 11:00","2397","0"
"12.01.2024 11:00 - 12.01.2024 12:00","1103","0"
"12.01.2024 12:00 - 12.01.2024 13:00","330","0"
"12.01.2024 13:00 - 12.01.2024 14:00","134","0"
"12.01.2024 14:00 - 12.01.2024 15:00","150","0"
"12.01.2024 15:00 - 12.01.2024 16:00","374","0"
"12.01.2024 16:00 - 12.01.2024 17:00","1253","0"
"12.01.2024 17:00 - 12.01.2024 18:00","2555","0"
"12.01.2024 18:00 - 12.01.2024 19:00","2985","0"
"12.01.2024 19:00 - 12.01.2024 20:00","2950","0"
"12.01.2024 20:00 - 12.01.2024 21:00","2385","0"
"12.01.2024 21:00 - 12.01.2024 22:00","1862","0"
"12.01.2024 22:00 - 12.01.2024 23:00","2893","0"
"12.01.2024 23:00 - 13.01.2024 00:00","3131","0"
"13.01.2024 00:00 - 13.01.2024 01:00","2292","0"
"13.01.2024 01:00 - 13.01.2024 02:00","2372","0"
"13.01.2024 02:00 - 13.01.2024 03:00","2261","0"
"13.01.2024 03:00 - 13.01.2024 04:00","1821","0"
"13.01.2024 04:00 - 13.01.2024 05:00","1671","0"
"13.01.2024 05:00 - 13.01.2024 06:00","1592","0"
"13.01.2024 06:00 - 13.01.2024 07:00","1838","0"
"13.01.2024 07:00 - 13.01.2024 08:00","2825","0"
"13.01.2024 08:00 - 13.01.2024 09:00","3158","0"
"13.01.2024 09:00 - 13.01.2024 10:00","2935","0"
"13.01.2024 10:00 - 13.01.2024 11:00","2124","0"
"13.01.2024 11:00 - 13.01.2024 12:00","1709","0"
"13.01.2024 12:00 - 13.01.2024 13:00","686","0"
"13.01.2024 13:00 - 13.01.2024 14:00","210","0"
"13.01.2024 14:00 - 13.01.2024 15:00","1015","0"
"13.01.2024 15:00 - 13.01.2024 16:00","1158","0"
"13.01.2024 16:00 - 13.01.2024 17:00","1694","0"
"13.01.2024 17:00 - 13.01.2024 18:00","2428","0"
"13.01.2024 18:00 - 13.01.2024 19:00","2429","0"
"13.01.2024 19:00 - 13.01.2024 20:00","2151","0"
"13.01.2024 20:00 - 13.01.2024 21:00","1750","0"
"13.01.2024 21:00 - 13.01.2024 22:00","1487","0"
"13.01.2024 22:00 - 13.01.2024 23:00","1489","0"
"13.01.2024 23:00 - 14.01.2024 00:00","1541","0"
"14.01.2024 00:00 - 14.01.2024 01:00","1223","0"
"14.01.2024 01:00 - 14.01.2024 02:00","794","0"
"14.01.2024 02:00 - 14.01.2024 03:00","147","0"
"14.01.2024 03:00 - 14.01.2024 04:00","0","167"
"14.01.2024 04:00 - 14.01.2024 05:00","0","227"
"14.01.2024 05:00 - 14.01.2024 06:00","0","348"
"14.01.2024 06:00 - 14.01.2024 07:00","0","412"
"14.01.2024 07:00 - 14.01.2024 08:00","0","64"
"14.01.2024 08:00 - 14.01.2024 09:00","211","0"
"14.01.2024 09:00 - 14.01.2024 10:00","392","0"
"14.01.2024 10:00 - 14.01.2024 11:00","0","88"
"14.01.2024 11:00 - 14.01.2024 12:00","0","1141"
"14.01.2024 12:00 - 14.01.2024 13:00","0","1027"
"14.01.2024 13:00 - 14.01.2024 14:00","0","2046"
"14.01.2024 14:00 - 14.01.2024 15:00","0","2246"
"14.01.2024 15:00 - 14.01.2024 16:00","0","2105"
"14.01.2024 16:00 - 14.01.2024 17:00","0","2316"
"14.01.2024 17:00 - 14.01.2024 18:00","0","1731"
"14.01.2024 18:00 - 14.01.2024 19:00","0","97"
"14.01.2024 19:00 - 14.01.2024 20:00","473","0"
"14.01.2024 20:00 - 14.01.2024 21:00","286","0"
"14.01.2024 21:00 - 14.01.2024 22:00","171","0"
"14.01.2024 22:00 - 14.01.2024 23:00","347","0"
"14.01.2024 23:00 - 15.01.2024 00:00","0","108"
"15.01.2024 00:00 - 15.01.2024 01:00","0","1202"
"15.01.2024 01:00 - 15.01.2024 02:00","0","986"
"15.01.2024 02:00 - 15.01.2024 03:00","0","735"
"15.01.2024 03:00 - 15.01.2024 04:00","0","213"
"15.01.2024 04:00 - 15.01.2024 05:00","0","283"
"15.01.2024 05:00 - 15.01.2024 06:00","370","0"
"15.01.2024 06:00 - 15.01.2024 07:00","1141","0"
"15.01.2024 07:00 - 15.01.2024 08:00","2258","0"
"15.01.2024 08:00 - 15.01.2024 09:00","2975","0"
"15.01.2024 09:00 - 15.01.2024 10:00","2982","0"
"15.01.2024 10:00 - 15.01.2024 11:00","2097","0"
"15.01.2024 11:00 - 15.01.2024 12:00","1152","0"
"15.01.2024 12:00 - 15.01.2024 13:00","294","0"
"15.01.2024 13:00 - 15.01.2024 14:00","0","181"
"15.01.2024 14:00 - 15.01.2024 15:00","50","0"
"15.01.2024 15:00 - 15.01.2024 16:00","571","0"
"15.01.2024 16:00 - 15.01.2024 17:00","755","0"
"15.01.2024 17:00 - 15.01.2024 18:00","1010","0"
"15.01.2024 18:00 - 15.01.2024 19:00","1189","0"
"15.01.2024 19:00 - 15.01.2024 20:00","764","0"
"15.01.2024 20:00 - 15.01.2024 21:00","357","0"
"15.01.2024 21:00 - 15.01.2024 22:00","73","0"
"15.01.2024 22:00 - 15.01.2024 23:00","19","0"
"15.01.2024 23:00 - 16.01.2024 00:00","110","0"
"16.01.2024 00:00 - 16.01.2024 01:00","549","0"
"16.01.2024 01:00 - 16.01.2024 02:00","486","0"
"16.01.2024 02:00 - 16.01.2024 03:00","552","0"
"16.01.2024 03:00 - 16.01.2024 04:00","842","0"
"16.01.2024 04:00 - 16.01.2024 05:00","1275","0"
"16.01.2024 05:00 - 16.01.2024 06:00","1777","0"
"16.01.2024 06:00 - 16.01.2024 07:00","2818","0"
"16.01.2024 07:00 - 16.01.2024 08:00","3385","0"
"16.01.2024 08:00 - 16.01.2024 09:00","3482","0"
"16.01.2024 09:00 - 16.01.2024 10:00","3495","0"
"16.01.2024 10:00 - 16.01.2024 11:00","3387","0"
"16.01.2024 11:00 - 16.01.2024 12:00","3014","0"
"16.01.2024 12:00 - 16.01.2024 13:00","2756","0"
"16.01.2024 13:00 - 16.01.2024 14:00","1898","0"
"16.01.2024 14:00 - 16.01.2024 15:00","1893","0"
"16.01.2024 15:00 - 16.01.2024 16:00","1964","0"
"16.01.2024 16:00 - 16.01.2024 17:00","1820","0"
"16.01.2024 17:00 - 16.01.2024 18:00","2380","0"
"16.01.2024 18:00 - 16.01.2024 19:00","2901","0"
"16.01.2024 19:00 - 16.01.2024 20:00","3237","0"
"16.01.2024 20:00 - 16.01.2024 21:00","2802","0"
"16.01.2024 21:00 - 16.01.2024 22:00","2141","0"
"16.01.2024 22:00 - 16.01.2024 23:00","832","0"
"16.01.2024 23:00 - 17.01.2024 00:00","0","70"
"17.01.2024 00:00 - 17.01.2024 01:00","962","0"
"17.01.2024 01:00 - 17.01.2024 02:00","1520","0"
"17.01.2024 02:00 - 17.01.2024 03:00","1331","0"
"17.01.2024 03:00 - 17.01.2024 04:00","1000","0"
"17.01.2024 04:00 - 17.01.2024 05:00","885","0"
"17.01.2024 05:00 - 17.01.2024 06:00","1039","0"
"17.01.2024 06:00 - 17.01.2024 07:00","1707","0"
"17.01.2024 07:00 - 17.01.2024 08:00","2934","0"
"17.01.2024 08:00 - 17.01.2024 09:00","3250","0"
"17.01.2024 09:00 - 17.01.2024 10:00","2367","0"
"17.01.2024 10:00 - 17.01.2024 11:00","1433","0"
"17.01.2024 11:00 - 17.01.2024 12:00","1007","0"
"17.01.2024 12:00 - 17.01.2024 13:00","335","0"
"17.01.2024 13:00 - 17.01.2024 14:00","29","0"
"17.01.2024 14:00 - 17.01.2024 15:00","3","0"
"17.01.2024 15:00 - 17.01.2024 16:00","0","79"
"17.01.2024 16:00 - 17.01.2024 17:00","0","14"
"17.01.2024 17:00 - 17.01.2024 18:00","398","0"
"17.01.2024 18:00 - 17.01.2024 19:00","895","0"
"17.01.2024 19:00 - 17.01.2024 20:00","1426","0"
"17.01.2024 20:00 - 17.01.2024 21:00","1608","0"
"17.01.2024 21:00 - 17.01.2024 22:00","1348","0"
"17.01.2024 22:00 - 17.01.2024 23:00","710","0"
"17.01.2024 23:00 - 18.01.2024 00:00","442","0"
"18.01.2024 00:00 - 18.01.2024 01:00","61","0"
"18.01.2024 01:00 - 18.01.2024 02:00","253","0"
"18.01.2024 02:00 - 18.01.2024 03:00","726","0"
"18.01.2024 03:00 - 18.01.2024 04:00","921","0"
"18.01.2024 04:00 - 18.01.2024 05:00","1039","0"
"18.01.2024 05:00 - 18.01.2024 06:00","745","0"
"18.01.2024 06:00 - 18.01.2024 07:00","536","0"
"18.01.2024 07:00 - 18.01.2024 08:00","2350","0"
"18.01.2024 08:00 - 18.01.2024 09:00","2937","0"
"18.01.2024 09:00 - 18.01.2024 10:00","2351","0"
"18.01.2024 10:00 - 18.01.2024 11:00","1248","0"
"18.01.2024 11:00 - 18.01.2024 12:00","634","0"
"18.01.2024 12:00 - 18.01.2024 13:00","209","0"
"18.01.2024 13:00 - 18.01.2024 14:00","0","562"
"18.01.2024 14:00 - 18.01.2024 15:00","0","1234"
"18.01.2024 15:00 - 18.01.2024 16:00","0","1128"
"18.01.2024 16:00 - 18.01.2024 17:00","0","561"
"18.01.2024 17:00 - 18.01.2024 18:00","0","384"
"18.01.2024 18:00 - 18.01.2024 19:00","0","580"
"18.01.2024 19:00 - 18.01.2024 20:00","0","1019"
"18.01.2024 20:00 - 18.01.2024 21:00","0","1343"
"18.01.2024 21:00 - 18.01.2024 22:00","0","1130"
"18.01.2024 22:00 - 18.01.2024 23:00","0","694"
"18.01.2024 23:00 - 19.01.2024 00:00","0","175"
"19.01.2024 00:00 - 19.01.2024 01:00","0","263"
"19.01.2024 01:00 - 19.01.2024 02:00","82","0"
"19.01.2024 02:00 - 19.01.2024 03:00","323","0"
"19.01.2024 03:00 - 19.01.2024 04:00","913","0"
"19.01.2024 04:00 - 19.01.2024 05:00","882","0"
"19.01.2024 05:00 - 19.01.2024 06:00","800","0"
"19.01.2024 06:00 - 19.01.2024 07:00","1733","0"
"19.01.2024 07:00 - 19.01.2024 08:00","2851","0"
"19.01.2024 08:00 - 19.01.2024 09:00","3105","0"
"19.01.2024 09:00 - 19.01.2024 10:00","2779","0"
"19.01.2024 10:00 - 19.01.2024 11:00","2170","0"
"19.01.2024 11:00 - 19.01.2024 12:00","1860","0"
"19.01.2024 12:00 - 19.01.2024 13:00","1770","0"
"19.01.2024 13:00 - 19.01.2024 14:00","1782","0"
"19.01.2024 14:00 - 19.01.2024 15:00","1405","0"
"19.01.2024 15:00 - 19.01.2024 16:00","1377","0"
"19.01.2024 16:00 - 19.01.2024 17:00","1381","0"
"19.01.2024 17:00 - 19.01.2024 18:00","1141","0"
"19.01.2024 18:00 - 19.01.2024 19:00","1665","0"
"19.01.2024 19:00 - 19.01.2024 20:00","1562","0"
"19.01.2024 20:00 - 19.01.2024 21:00","1062","0"
"19.01.2024 21:00 - 19.01.2024 22:00","795","0"
"19.01.2024 22:00 - 19.01.2024 23:00","617","0"
"19.01.2024 23:00 - 20.01.2024 00:00","0","49"
"20.01.2024 00:00 - 20.01.2024 01:00","0","403"
"20.01.2024 01:00 - 20.01.2024 02:00","0","372"
"20.01.2024 02:00 - 20.01.2024 03:00","0","473"
"20.01.2024 03:00 - 20.01.2024 04:00","0","259"
"20.01.2024 04:00 - 20.01.2024 05:00","283","0"
"20.01.2024 05:00 - 20.01.2024 06:00","746","0"
"20.01.2024 06:00 - 20.01.2024 07:00","1283","0"
"20.01.2024 07:00 - 20.01.2024 08:00","1490","0"
"20.01.2024 08:00 - 20.01.2024 09:00","2022","0"
"20.01.2024 09:00 - 20.01.2024 10:00","2193","0"
"20.01.2024 10:00 - 20.01.2024 11:00","2047","0"
"20.01.2024 11:00 - 20.01.2024 12:00","1214","0"
"20.01.2024 12:00 - 20.01.2024 13:00","397","0"
"20.01.2024 13:00 - 20.01.2024 14:00","0","237"
"20.01.2024 14:00 - 20.01.2024 15:00","0","403"
"20.01.2024 15:00 - 20.01.2024 16:00","152","0"
"20.01.2024 16:00 - 20.01.2024 17:00","0","69"
"20.01.2024 17:00 - 20.01.2024 18:00","820","0"
"20.01.2024 18:00 - 20.01.2024 19:00","1325","0"
"20.01.2024 19:00 - 20.01.2024 20:00","832","0"
"20.01.2024 20:00 - 20.01.2024 21:00","589","0"
"20.01.2024 21:00 - 20.01.2024 22:00","562","0"
"20.01.2024 22:00 - 20.01.2024 23:00","513","0"
"20.01.2024 23:00 - 21.01.2024 00:00","150","0"
"21.01.2024 00:00 - 21.01.2024 01:00","0","773"
"21.01.2024 01:00 - 21.01.2024 02:00","0","1932"
"21.01.2024 02:00 - 21.01.2024 03:00","0","2604"
"21.01.2024 03:00 - 21.01.2024 04:00","0","2523"
"21.01.2024 04:00 - 21.01.2024 05:00","0","2588"
"21.01.2024 05:00 - 21.01.2024 06:00","0","2159"
"21.01.2024 06:00 - 21.01.2024 07:00","0","1608"
"21.01.2024 07:00 - 21.01.2024 08:00","0","1424"
"21.01.2024 08:00 - 21.01.2024 09:00","0","1112"
"21.01.2024 09:00 - 21.01.2024 10:00","0","1174"
"21.01.2024 10:00 - 21.01.2024 11:00","0","1702"
"21.01.2024 11:00 - 21.01.2024 12:00","0","2402"
"21.01.2024 12:00 - 21.01.2024 13:00","0","3075"
"21.01.2024 13:00 - 21.01.2024 14:00","0","3424"
"21.01.2024 14:00 - 21.01.2024 15:00","0","3080"
"21.01.2024 15:00 - 21.01.2024 16:00","0","2924"
"21.01.2024 16:00 - 21.01.2024 17:00","0","2396"
"21.01.2024 17:00 - 21.01.2024 18:00","0","1184"
"21.01.2024 18:00 - 21.01.2024 19:00","159","0"
"21.01.2024 19:00 - 21.01.2024 20:00","483","0"
"21.01.2024 20:00 - 21.01.2024 21:00","453","0"
"21.01.2024 21:00 - 21.01.2024 22:00","332","0"
"21.01.2024 22:00 - 21.01.2024 23:00","0","413"
"21.01.2024 23:00 - 22.01.2024 00:00","0","1255"
"22.01.2024 00:00 - 22.01.2024 01:00","0","1966"
"22.01.2024 01:00 - 22.01.2024 02:00","0","1950"
"22.01.2024 02:00 - 22.01.2024 03:00","0","2195"
"22.01.2024 03:00 - 22.01.2024 04:00","0","2376"
"22.01.2024 04:00 - 22.01.2024 05:00","0","2441"
"22.01.2024 05:00 - 22.01.2024 06:00","0","2216"
"22.01.2024 06:00 - 22.01.2024 07:00","0","1165"
"22.01.2024 07:00 - 22.01.2024 08:00","625","0"
"22.01.2024 08:00 - 22.01.2024 09:00","1912","0"
"22.01.2024 09:00 - 22.01.2024 10:00","1020","0"
"22.01.2024 10:00 - 22.01.2024 11:00","0","282"
"22.01.2024 11:00 - 22.01.2024 12:00","0","1295"
"22.01.2024 12:00 - 22.01.2024 13:00","0","1729"
"22.01.2024 13:00 - 22.01.2024 14:00","0","2152"
"22.01.2024 14:00 - 22.01.2024 15:00","0","2389"
"22.01.2024 15:00 - 22.01.2024 16:00","0","3100"
"22.01.2024 16:00 - 22.01.2024 17:00","0","2122"
"22.01.2024 17:00 - 22.01.2024 18:00","0","1277"
"22.01.2024 18:00 - 22.01.2024 19:00","52","0"
"22.01.2024 19:00 - 22.01.2024 20:00","192","0"
"22.01.2024 20:00 - 22.01.2024 21:00","0","148"
"22.01.2024 21:00 - 22.01.2024 22:00","0","410"
"22.01.2024 22:00 - 22.01.2024 23:00","0","620"
"22.01.2024 23:00 - 23.01.2024 00:00","0","1394"
"23.01.2024 00:00 - 23.01.2024 01:00","0","2582"
"23.01.2024 01:00 - 23.01.2024 02:00","0","2527"
"23.01.2024 02:00 - 23.01.2024 03:00","0","2274"
"23.01.2024 03:00 - 23.01.2024 04:00","0","2684"
"23.01.2024 04:00 - 23.01.2024 05:00","0","2446"
"23.01.2024 05:00 - 23.01.2024 06:00","0","1727"
"23.01.2024 06:00 - 23.01.2024 07:00","0","620"
"23.01.2024 07:00 - 23.01.2024 08:00","1057","0"
"23.01.2024 08:00 - 23.01.2024 09:00","2107","0"
"23.01.2024 09:00 - 23.01.2024 10:00","1262","0"
"23.01.2024 10:00 - 23.01.2024 11:00","366","0"
"23.01.2024 11:00 - 23.01.2024 12:00","0","1079"
"23.01.2024 12:00 - 23.01.2024 13:00","0","2038"
"23.01.2024 13:00 - 23.01.2024 14:00","0","2617"
"23.01.2024 14:00 - 23.01.2024 15:00","0","2549"
"23.01.2024 15:00 - 23.01.2024 16:00","0","2611"
"23.01.2024 16:00 - 23.01.2024 17:00","0","1712"
"23.01.2024 17:00 - 23.01.2024 18:00","0","284"
"23.01.2024 18:00 - 23.01.2024 19:00","1005","0"
"23.01.2024 19:00 - 23.01.2024 20:00","1179","0"
"23.01.2024 20:00 - 23.01.2024 21:00","308","0"
"23.01.2024 21:00 - 23.01.2024 22:00","671","0"
"23.01.2024 22:00 - 23.01.2024 23:00","1000","0"
"23.01.2024 23:00 - 24.01.2024 00:00","288","0"
"24.01.2024 00:00 - 24.01.2024 01:00","107","0"
"24.01.2024 01:00 - 24.01.2024 02:00","0","903"
"24.01.2024 02:00 - 24.01.2024 03:00","0","1308"
"24.01.2024 03:00 - 24.01.2024 04:00","0","1367"
"24.01.2024 04:00 - 24.01.2024 05:00","0","1147"
"24.01.2024 05:00 - 24.01.2024 06:00","0","598"
"24.01.2024 06:00 - 24.01.2024 07:00","670","0"
"24.01.2024 07:00 - 24.01.2024 08:00","2426","0"
"24.01.2024 08:00 - 24.01.2024 09:00","2696","0"
"24.01.2024 09:00 - 24.01.2024 10:00","1745","0"
"24.01.2024 10:00 - 24.01.2024 11:00","0","597"
"24.01.2024 11:00 - 24.01.2024 12:00","0","1794"
"24.01.2024 12:00 - 24.01.2024 13:00","0","2363"
"24.01.2024 13:00 - 24.01.2024 14:00","0","2327"
"24.01.2024 14:00 - 24.01.2024 15:00","0","2429"
"24.01.2024 15:00 - 24.01.2024 16:00","0","2758"
"24.01.2024 16:00 - 24.01.2024 17:00","0","2164"
"24.01.2024 17:00 - 24.01.2024 18:00","0","701"
"24.01.2024 18:00 - 24.01.2024 19:00","609","0"
"24.01.2024 19:00 - 24.01.2024 20:00","888","0"
"24.01.2024 20:00 - 24.01.2024 21:00","584","0"
"24.01.2024 21:00 - 24.01.2024 22:00","764","0"
"24.01.2024 22:00 - 24.01.2024 23:00","665","0"
"24.01.2024 23:00 - 25.01.2024 00:00","0","60"
"25.01.2024 00:00 - 25.01.2024 01:00","0","904"
"25.01.2024 01:00 - 25.01.2024 02:00","0","2017"
"25.01.2024 02:00 - 25.01.2024 03:00","0","2221"
"25.01.2024 03:00 - 25.01.2024 04:00","0","2086"
"25.01.2024 04:00 - 25.01.2024 05:00","0","2118"
"25.01.2024 05:00 - 25.01.2024 06:00","0","1742"
"25.01.2024 06:00 - 25.01.2024 07:00","0","115"
"25.01.2024 07:00 - 25.01.2024 08:00","1709","0"
"25.01.2024 08:00 - 25.01.2024 09:00","2181","0"
"25.01.2024 09:00 - 25.01.2024 10:00","1633","0"
"25.01.2024 10:00 - 25.01.2024 11:00","0","710"
"25.01.2024 11:00 - 25.01.2024 12:00","0","2324"
"25.01.2024 12:00 - 25.01.2024 13:00","0","2576"
"25.01.2024 13:00 - 25.01.2024 14:00","0","2400"
"25.01.2024 14:00 - 25.01.2024 15:00","0","2763"
"25.01.2024 15:00 - 25.01.2024 16:00","0","2699"
"25.01.2024 16:00 - 25.01.2024 17:00","0","1662"
"25.01.2024 17:00 - 25.01.2024 18:00","0","899"
"25.01.2024 18:00 - 25.01.2024 19:00","582","0"
"25.01.2024 19:00 - 25.01.2024 20:00","694","0"
"25.01.2024 20:00 - 25.01.2024 21:00","466","0"
"25.01.2024 21:00 - 25.01.2024 22:00","475","0"
"25.01.2024 22:00 - 25.01.2024 23:00","94","0"
"25.01.2024 23:00 - 26.01.2024 00:00","0","421"
"26.01.2024 00:00 - 26.01.2024 01:00","0","919"
"26.01.2024 01:00 - 26.01.2024 02:00","0","534"
"26.01.2024 02:00 - 26.01.2024 03:00","0","558"
"26.01.2024 03:00 - 26.01.2024 04:00","0","635"
"26.01.2024 04:00 - 26.01.2024 05:00","0","621"
"26.01.2024 05:00 - 26.01.2024 06:00","0","402"
"26.01.2024 06:00 - 26.01.2024 07:00","623","0"
"26.01.2024 07:00 - 26.01.2024 08:00","2021","0"
"26.01.2024 08:00 - 26.01.2024 09:00","2066","0"
"26.01.2024 09:00 - 26.01.2024 10:00","1028","0"
"26.01.2024 10:00 - 26.01.2024 11:00","0","407"
"26.01.2024 11:00 - 26.01.2024 12:00","0","991"
"26.01.2024 12:00 - 26.01.2024 13:00","0","2009"
"26.01.2024 13:00 - 26.01.2024 14:00","0","1805"
"26.01.2024 14:00 - 26.01.2024 15:00","0","1692"
"26.01.2024 15:00 - 26.01.2024 16:00","0","1790"
"26.01.2024 16:00 - 26.01.2024 17:00","0","1315"
"26.01.2024 17:00 - 26.01.2024 18:00","502","0"
"26.01.2024 18:00 - 26.01.2024 19:00","1320","0"
"26.01.2024 19:00 - 26.01.2024 20:00","975","0"
"26.01.2024 20:00 - 26.01.2024 21:00","678","0"
"26.01.2024 21:00 - 26.01.2024 22:00","783","0"
"26.01.2024 22:00 - 26.01.2024 23:00","705","0"
"26.01.2024 23:00 - 27.01.2024 00:00","380","0"
"27.01.2024 00:00 - 27.01.2024 01:00","0","218"
"27.01.2024 01:00 - 27.01.2024 02:00","0","101"
"27.01.2024 02:00 - 27.01.2024 03:00","0","32"
"27.01.2024 03:00 - 27.01.2024 04:00","0","300"
"27.01.2024 04:00 - 27.01.2024 05:00","0","275"
"27.01.2024 05:00 - 27.01.2024 06:00","0","283"
"27.01.2024 06:00 - 27.01.2024 07:00","374","0"
"27.01.2024 07:00 - 27.01.2024 08:00","1086","0"
"27.01.2024 08:00 - 27.01.2024 09:00","1993","0"
"27.01.2024 09:00 - 27.01.2024 10:00","2266","0"
"27.01.2024 10:00 - 27.01.2024 11:00","1083","0"
"27.01.2024 11:00 - 27.01.2024 12:00","219","0"
"27.01.2024 12:00 - 27.01.2024 13:00","0","661"
"27.01.2024 13:00 - 27.01.2024 14:00","0","1578"
"27.01.2024 14:00 - 27.01.2024 15:00","0","1487"
"27.01.2024 15:00 - 27.01.2024 16:00","0","1360"
"27.01.2024 16:00 - 27.01.2024 17:00","0","310"
"27.01.2024 17:00 - 27.01.2024 18:00","1456","0"
"27.01.2024 18:00 - 27.01.2024 19:00","2048","0"
"27.01.2024 19:00 - 27.01.2024 20:00","1154","0"
"27.01.2024 20:00 - 27.01.2024 21:00","859","0"
"27.01.2024 21:00 - 27.01.2024 22:00","743","0"
"27.01.2024 22:00 - 27.01.2024 23:00","1240","0"
"27.01.2024 23:00 - 28.01.2024 00:00","1255","0"
"28.01.2024 00:00 - 28.01.2024 01:00","649","0"
"28.01.2024 01:00 - 28.01.2024 02:00","350","0"
"28.01.2024 02:00 - 28.01.2024 03:00","0","565"
"28.01.2024 03:00 - 28.01.2024 04:00","0","676"
"28.01.2024 04:00 - 28.01.2024 05:00","0","582"
"28.01.2024 05:00 - 28.01.2024 06:00","0","602"
"28.01.2024 06:00 - 28.01.2024 07:00","0","611"
"28.01.2024 07:00 - 28.01.2024 08:00","0","404"
"28.01.2024 08:00 - 28.01.2024 09:00","350","0"
"28.01.2024 09:00 - 28.01.2024 10:00","474","0"
"28.01.2024 10:00 - 28.01.2024 11:00","0","1029"
"28.01.2024 11:00 - 28.01.2024 12:00","0","2379"
"28.01.2024 12:00 - 28.01.2024 13:00","0","2991"
"28.01.2024 13:00 - 28.01.2024 14:00","0","3195"
"28.01.2024 14:00 - 28.01.2024 15:00","0","3405"
"28.01.2024 15:00 - 28.01.2024 16:00","0","3328"
"28.01.2024 16:00 - 28.01.2024 17:00","0","2589"
"28.01.2024 17:00 - 28.01.2024 18:00","0","728"
"28.01.2024 18:00 - 28.01.2024 19:00","1165","0"
"28.01.2024 19:00 - 28.01.2024 20:00","1359","0"
"28.01.2024 20:00 - 28.01.2024 21:00","855","0"
"28.01.2024 21:00 - 28.01.2024 22:00","79","0"
"28.01.2024 22:00 - 28.01.2024 23:00","0","661"
"28.01.2024 23:00 - 29.01.2024 00:00","0","1046"
"29.01.2024 00:00 - 29.01.2024 01:00","0","1540"
"29.01.2024 01:00 - 29.01.2024 02:00","0","1668"
"29.01.2024 02:00 - 29.01.2024 03:00","0","1639"
"29.01.2024 03:00 - 29.01.2024 04:00","0","1629"
"29.01.2024 04:00 - 29.01.2024 05:00","0","1385"
"29.01.2024 05:00 - 29.01.2024 06:00","0","551"
"29.01.2024 06:00 - 29.01.2024 07:00","921","0"
"29.01.2024 07:00 - 29.01.2024 08:00","2086","0"
"29.01.2024 08:00 - 29.01.2024 09:00","2756","0"
"29.01.2024 09:00 - 29.01.2024 10:00","2134","0"
"29.01.2024 10:00 - 29.01.2024 11:00","915","0"
"29.01.2024 11:00 - 29.01.2024 12:00","0","589"
"29.01.2024 12:00 - 29.01.2024 13:00","0","958"
"29.01.2024 13:00 - 29.01.2024 14:00","0","540"
"29.01.2024 14:00 - 29.01.2024 15:00","0","243"
"29.01.2024 15:00 - 29.01.2024 16:00","231","0"
"29.01.2024 16:00 - 29.01.2024 17:00","809","0"
"29.01.2024 17:00 - 29.01.2024 18:00","1939","0"
"29.01.2024 18:00 - 29.01.2024 19:00","1944","0"
"29.01.2024 19:00 - 29.01.2024 20:00","1529","0"
"29.01.2024 20:00 - 29.01.2024 21:00","1367","0"
"29.01.2024 21:00 - 29.01.2024 22:00","1248","0"
"29.01.2024 22:00 - 29.01.2024 23:00","840","0"
"29.01.2024 23:00 - 30.01.2024 00:00","109","0"
"30.01.2024 00:00 - 30.01.2024 01:00","0","855"
"30.01.2024 01:00 - 30.01.2024 02:00","0","1130"
"30.01.2024 02:00 - 30.01.2024 03:00","0","975"
"30.01.2024 03:00 - 30.01.2024 04:00","0","1495"
"30.01.2024 04:00 - 30.01.2024 05:00","0","1676"
"30.01.2024 05:00 - 30.01.2024 06:00","0","514"
"30.01.2024 06:00 - 30.01.2024 07:00","698","0"
"30.01.2024 07:00 - 30.01.2024 08:00","1761","0"
"30.01.2024 08:00 - 30.01.2024 09:00","2645","0"
"30.01.2024 09:00 - 30.01.2024 10:00","1896","0"
"30.01.2024 10:00 - 30.01.2024 11:00","752","0"
"30.01.2024 11:00 - 30.01.2024 12:00","539","0"
"30.01.2024 12:00 - 30.01.2024 13:00","32","0"
"30.01.2024 13:00 - 30.01.2024 14:00","214","0"
"30.01.2024 14:00 - 30.01.2024 15:00","243","0"
"30.01.2024 15:00 - 30.01.2024 16:00","0","101"
"30.01.2024 16:00 - 30.01.2024 17:00","113","0"
"30.01.2024 17:00 - 30.01.2024 18:00","998","0"
"30.01.2024 18:00 - 30.01.2024 19:00","1639","0"
"30.01.2024 19:00 - 30.01.2024 20:00","1422","0"
"30.01.2024 20:00 - 30.01.2024 21:00","1273","0"
"30.01.2024 21:00 - 30.01.2024 22:00","1260","0"
"30.01.2024 22:00 - 30.01.2024 23:00","1154","0"
"30.01.2024 23:00 - 31.01.2024 00:00","79","0"
"31.01.2024 00:00 - 31.01.2024 01:00","289","0"
"31.01.2024 01:00 - 31.01.2024 02:00","763","0"
"31.01.2024 02:00 - 31.01.2024 03:00","740","0"
"31.01.2024 03:00 - 31.01.2024 04:00","840","0"
"31.01.2024 04:00 - 31.01.2024 05:00","918","0"
"31.01.2024 05:00 - 31.01.2024 06:00","1303","0"
"31.01.2024 06:00 - 31.01.2024 07:00","2564","0"
"31.01.2024 07:00 - 31.01.2024 08:00","2608","0"
"31.01.2024 08:00 - 31.01.2024 09:00","2513","0"
"31.01.2024 09:00 - 31.01.2024 10:00","2389","0"
"31.01.2024 10:00 - 31.01.2024 11:00","1986","0"
"31.01.2024 11:00 - 31.01.2024 12:00","847","0"
"31.01.2024 12:00 - 31.01.2024 13:00","0","116"
"31.01.2024 13:00 - 31.01.2024 14:00","0","705"
"31.01.2024 14:00 - 31.01.2024 15:00","0","1216"
"31.01.2024 15:00 - 31.01.2024 16:00","0","2135"
"31.01.2024 16:00 - 31.01.2024 17:00","0","1838"
"31.01.2024 17:00 - 31.01.2024 18:00","0","128"
"31.01.2024 18:00 - 31.01.2024 19:00","1169","0"
"31.01.2024 19:00 - 31.01.2024 20:00","1337","0"
"31.01.2024 20:00 - 31.01.2024 21:00","1341","0"
"31.01.2024 21:00 - 31.01.2024 22:00","1304","0"
"31.01.2024 22:00 - 31.01.2024 23:00","1108","0"
"31.01.2024 23:00 - 01.02.2024 00:00","164","0"
"01.02.2024 00:00 - 01.02.2024 01:00","0","367"
"01.02.2024 01:00 - 01.02.2024 02:00","0","1414"
"01.02.2024 02:00 - 01.02.2024 03:00","0","1767"
"01.02.2024 03:00 - 01.02.2024 04:00","0","2050"
"01.02.2024 04:00 - 01.02.2024 05:00","0","2415"
"01.02.2024 05:00 - 01.02.2024 06:00","0","1606"
"01.02.2024 06:00 - 01.02.2024 07:00","965","0"
"01.02.2024 07:00 - 01.02.2024 08:00","2437","0"
"01.02.2024 08:00 - 01.02.2024 09:00","2497","0"
"01.02.2024 09:00 - 01.02.2024 10:00","1847","0"
"01.02.2024 10:00 - 01.02.2024 11:00","0","836"
"01.02.2024 11:00 - 01.02.2024 12:00","0","2020"
"01.02.2024 12:00 - 01.02.2024 13:00","0","2942"
"01.02.2024 13:00 - 01.02.2024 14:00","0","3512"
"01.02.2024 14:00 - 01.02.2024 15:00","0","3718"
"01.02.2024 15:00 - 01.02.2024 16:00","0","3961"
"01.02.2024 16:00 - 01.02.2024 17:00","0","3782"
"01.02.2024 17:00 - 01.02.2024 18:00","0","1886"
"01.02.2024 18:00 - 01.02.2024 19:00","541","0"
"01.02.2024 19:00 - 01.02.2024 20:00","608","0"
"01.02.2024 20:00 - 01.02.2024 21:00","0","164"
"01.02.2024 21:00 - 01.02.2024 22:00","0","339"
"01.02.2024 22:00 - 01.02.2024 23:00","91","0"
"01.02.2024 23:00 - 02.02.2024 00:00","0","90"
"02.02.2024 00:00 - 02.02.2024 01:00","0","582"
"02.02.2024 01:00 - 02.02.2024 02:00","0","946"
"02.02.2024 02:00 - 02.02.2024 03:00","0","1325"
"02.02.2024 03:00 - 02.02.2024 04:00","0","1510"
"02.02.2024 04:00 - 02.02.2024 05:00","0","2386"
"02.02.2024 05:00 - 02.02.2024 06:00","0","1572"
"02.02.2024 06:00 - 02.02.2024 07:00","0","61"
"02.02.2024 07:00 - 02.02.2024 08:00","2047","0"
"02.02.2024 08:00 - 02.02.2024 09:00","2176","0"
"02.02.2024 09:00 - 02.02.2024 10:00","1216","0"
"02.02.2024 10:00 - 02.02.2024 11:00","0","1173"
"02.02.2024 11:00 - 02.02.2024 12:00","0","2442"
"02.02.2024 12:00 - 02.02.2024 13:00","0","2721"
"02.02.2024 13:00 - 02.02.2024 14:00","0","3212"
"02.02.2024 14:00 - 02.02.2024 15:00","0","3234"
"02.02.2024 15:00 - 02.02.2024 16:00","0","3440"
"02.02.2024 16:00 - 02.02.2024 17:00","0","3200"
"02.02.2024 17:00 - 02.02.2024 18:00","0","1202"
"02.02.2024 18:00 - 02.02.2024 19:00","0","49"
"02.02.2024 19:00 - 02.02.2024 20:00","0","200"
"02.02.2024 20:00 - 02.02.2024 21:00","0","364"
"02.02.2024 21:00 - 02.02.2024 22:00","0","253"
"02.02.2024 22:00 - 02.02.2024 23:00","0","861"
"02.02.2024 23:00 - 03.02.2024 00:00","0","1338"
"03.02.2024 00:00 - 03.02.2024 01:00","0","381"
"03.02.2024 01:00 - 03.02.2024 02:00","317","0"
"03.02.2024 02:00 - 03.02.2024 03:00","144","0"
"03.02.2024 03:00 - 03.02.2024 04:00","0","291"
"03.02.2024 04:00 - 03.02.2024 05:00","0","369"
"03.02.2024 05:00 - 03.02.2024 06:00","0","138"
"03.02.2024 06:00 - 03.02.2024 07:00","359","0"
"03.02.2024 07:00 - 03.02.2024 08:00","968","0"
"03.02.2024 08:00 - 03.02.2024 09:00","1862","0"
"03.02.2024 09:00 - 03.02.2024 10:00","1029","0"
"03.02.2024 10:00 - 03.02.2024 11:00","279","0"
"03.02.2024 11:00 - 03.02.2024 12:00","0","407"
"03.02.2024 12:00 - 03.02.2024 13:00","0","1706"
"03.02.2024 13:00 - 03.02.2024 14:00","0","2826"
"03.02.2024 14:00 - 03.02.2024 15:00","0","2735"
"03.02.2024 15:00 - 03.02.2024 16:00","0","2149"
"03.02.2024 16:00 - 03.02.2024 17:00","0","2038"
"03.02.2024 17:00 - 03.02.2024 18:00","0","709"
"03.02.2024 18:00 - 03.02.2024 19:00","882","0"
"03.02.2024 19:00 - 03.02.2024 20:00","1063","0"
"03.02.2024 20:00 - 03.02.2024 21:00","895","0"
"03.02.2024 21:00 - 03.02.2024 22:00","1013","0"
"03.02.2024 22:00 - 03.02.2024 23:00","1021","0"
"03.02.2024 23:00 - 04.02.2024 00:00","87","0"
"04.02.2024 00:00 - 04.02.2024 01:00","0","106"
"04.02.2024 01:00 - 04.02.2024 02:00","0","767"
"04.02.2024 02:00 - 04.02.2024 03:00","0","1061"
"04.02.2024 03:00 - 04.02.2024 04:00","0","1274"
"04.02.2024 04:00 - 04.02.2024 05:00","0","1236"
"04.02.2024 05:00 - 04.02.2024 06:00","0","1309"
"04.02.2024 06:00 - 04.02.2024 07:00","0","862"
"04.02.2024 07:00 - 04.02.2024 08:00","0","242"
"04.02.2024 08:00 - 04.02.2024 09:00","6","0"
"04.02.2024 09:00 - 04.02.2024 10:00","0","1886"
"04.02.2024 10:00 - 04.02.2024 11:00","0","2779"
"04.02.2024 11:00 - 04.02.2024 12:00","0","3748"
"04.02.2024 12:00 - 04.02.2024 13:00","0","4381"
"04.02.2024 13:00 - 04.02.2024 14:00","0","4513"
"04.02.2024 14:00 - 04.02.2024 15:00","0","4475"
"04.02.2024 15:00 - 04.02.2024 16:00","0","4076"
"04.02.2024 16:00 - 04.02.2024 17:00","0","4189"
"04.02.2024 17:00 - 04.02.2024 18:00","0","2817"
"04.02.2024 18:00 - 04.02.2024 19:00","90","0"
"04.02.2024 19:00 - 04.02.2024 20:00","1156","0"
"04.02.2024 20:00 - 04.02.2024 21:00","949","0"
"04.02.2024 21:00 - 04.02.2024 22:00","843","0"
"04.02.2024 22:00 - 04.02.2024 23:00","891","0"
"04.02.2024 23:00 - 05.02.2024 00:00","280","0"
"05.02.2024 00:00 - 05.02.2024 01:00","0","449"
"05.02.2024 01:00 - 05.02.2024 02:00","0","478"
"05.02.2024 02:00 - 05.02.2024 03:00","0","622"
"05.02.2024 03:00 - 05.02.2024 04:00","0","601"
"05.02.2024 04:00 - 05.02.2024 05:00","0","714"
"05.02.2024 05:00 - 05.02.2024 06:00","0","29"
"05.02.2024 06:00 - 05.02.2024 07:00","708","0"
"05.02.2024 07:00 - 05.02.2024 08:00","1809","0"
"05.02.2024 08:00 - 05.02.2024 09:00","2315","0"
"05.02.2024 09:00 - 05.02.2024 10:00","1722","0"
"05.02.2024 10:00 - 05.02.2024 11:00","487","0"
"05.02.2024 11:00 - 05.02.2024 12:00","0","348"
"05.02.2024 12:00 - 05.02.2024 13:00","0","1825"
"05.02.2024 13:00 - 05.02.2024 14:00","0","2810"
"05.02.2024 14:00 - 05.02.2024 15:00","0","2926"
"05.02.2024 15:00 - 05.02.2024 16:00","0","2395"
"05.02.2024 16:00 - 05.02.2024 17:00","0","1254"
"05.02.2024 17:00 - 05.02.2024 18:00","135","0"
"05.02.2024 18:00 - 05.02.2024 19:00","1259","0"
"05.02.2024 19:00 - 05.02.2024 20:00","1088","0"
"05.02.2024 20:00 - 05.02.2024 21:00","941","0"
"05.02.2024 21:00 - 05.02.2024 22:00","965","0"
"05.02.2024 22:00 - 05.02.2024 23:00","629","0"
"05.02.2024 23:00 - 06.02.2024 00:00","0","21"
"06.02.2024 00:00 - 06.02.2024 01:00","0","559"
"06.02.2024 01:00 - 06.02.2024 02:00","0","941"
"06.02.2024 02:00 - 06.02.2024 03:00","0","1488"
"06.02.2024 03:00 - 06.02.2024 04:00","0","1515"
"06.02.2024 04:00 - 06.02.2024 05:00","0","1623"
"06.02.2024 05:00 - 06.02.2024 06:00","0","1279"
"06.02.2024 06:00 - 06.02.2024 07:00","0","112"
"06.02.2024 07:00 - 06.02.2024 08:00","1040","0"
"06.02.2024 08:00 - 06.02.2024 09:00","2082","0"
"06.02.2024 09:00 - 06.02.2024 10:00","857","0"
"06.02.2024 10:00 - 06.02.2024 11:00","332","0"
"06.02.2024 11:00 - 06.02.2024 12:00","0","648"
"06.02.2024 12:00 - 06.02.2024 13:00","0","1449"
"06.02.2024 13:00 - 06.02.2024 14:00","0","2798"
"06.02.2024 14:00 - 06.02.2024 15:00","0","3564"
"06.02.2024 15:00 - 06.02.2024 16:00","0","3204"
"06.02.2024 16:00 - 06.02.2024 17:00","0","3367"
"06.02.2024 17:00 - 06.02.2024 18:00","0","1456"
"06.02.2024 18:00 - 06.02.2024 19:00","0","198"
"06.02.2024 19:00 - 06.02.2024 20:00","192","0"
"06.02.2024 20:00 - 06.02.2024 21:00","80","0"
"06.02.2024 21:00 - 06.02.2024 22:00","0","449"
"06.02.2024 22:00 - 06.02.2024 23:00","0","723"
"06.02.2024 23:00 - 07.02.2024 00:00","0","1607"
"07.02.2024 00:00 - 07.02.2024 01:00","0","2401"
"07.02.2024 01:00 - 07.02.2024 02:00","0","2054"
"07.02.2024 02:00 - 07.02.2024 03:00","0","2059"
"07.02.2024 03:00 - 07.02.2024 04:00","0","2392"
"07.02.2024 04:00 - 07.02.2024 05:00","0","2608"
"07.02.2024 05:00 - 07.02.2024 06:00","0","1979"
"07.02.2024 06:00 - 07.02.2024 07:00","0","1092"
"07.02.2024 07:00 - 07.02.2024 08:00","916","0"
"07.02.2024 08:00 - 07.02.2024 09:00","2074","0"
"07.02.2024 09:00 - 07.02.2024 10:00","1215","0"
"07.02.2024 10:00 - 07.02.2024 11:00","102","0"
"07.02.2024 11:00 - 07.02.2024 12:00","0","525"
"07.02.2024 12:00 - 07.02.2024 13:00","0","1363"
"07.02.2024 13:00 - 07.02.2024 14:00","0","1715"
"07.02.2024 14:00 - 07.02.2024 15:00","0","1927"
"07.02.2024 15:00 - 07.02.2024 16:00","0","2339"
"07.02.2024 16:00 - 07.02.2024 17:00","0","1688"
"07.02.2024 17:00 - 07.02.2024 18:00","0","664"
"07.02.2024 18:00 - 07.02.2024 19:00","566","0"
"07.02.2024 19:00 - 07.02.2024 20:00","1816","0"
"07.02.2024 20:00 - 07.02.2024 21:00","2077","0"
"07.02.2024 21:00 - 07.02.2024 22:00","1777","0"
"07.02.2024 22:00 - 07.02.2024 23:00","1348","0"
"07.02.2024 23:00 - 08.02.2024 00:00","640","0"
"08.02.2024 00:00 - 08.02.2024 01:00","822","0"
"08.02.2024 01:00 - 08.02.2024 02:00","783","0"
"08.02.2024 02:00 - 08.02.2024 03:00","685","0"
"08.02.2024 03:00 - 08.02.2024 04:00","132","0"
"08.02.2024 04:00 - 08.02.2024 05:00","471","0"
"08.02.2024 05:00 - 08.02.2024 06:00","1166","0"
"08.02.2024 06:00 - 08.02.2024 07:00","1914","0"
"08.02.2024 07:00 - 08.02.2024 08:00","2747","0"
"08.02.2024 08:00 - 08.02.2024 09:00","2998","0"
"08.02.2024 09:00 - 08.02.2024 10:00","1942","0"
"08.02.2024 10:00 - 08.02.2024 11:00","1048","0"
"08.02.2024 11:00 - 08.02.2024 12:00","428","0"
"08.02.2024 12:00 - 08.02.2024 13:00","0","576"
"08.02.2024 13:00 - 08.02.2024 14:00","0","1409"
"08.02.2024 14:00 - 08.02.2024 15:00","0","1086"
"08.02.2024 15:00 - 08.02.2024 16:00","0","822"
"08.02.2024 16:00 - 08.02.2024 17:00","0","491"
"08.02.2024 17:00 - 08.02.2024 18:00","244","0"
"08.02.2024 18:00 - 08.02.2024 19:00","575","0"
"08.02.2024 19:00 - 08.02.2024 20:00","886","0"
"08.02.2024 20:00 - 08.02.2024 21:00","575","0"
"08.02.2024 21:00 - 08.02.2024 22:00","0","110"
"08.02.2024 22:00 - 08.02.2024 23:00","0","720"
"08.02.2024 23:00 - 09.02.2024 00:00","0","1578"
"09.02.2024 00:00 - 09.02.2024 01:00","0","1528"
"09.02.2024 01:00 - 09.02.2024 02:00","0","1865"
"09.02.2024 02:00 - 09.02.2024 03:00","0","2202"
"09.02.2024 03:00 - 09.02.2024 04:00","0","2511"
"09.02.2024 04:00 - 09.02.2024 05:00","0","2494"
"09.02.2024 05:00 - 09.02.2024 06:00","0","2138"
"09.02.2024 06:00 - 09.02.2024 07:00","0","421"
"09.02.2024 07:00 - 09.02.2024 08:00","1337","0"
"09.02.2024 08:00 - 09.02.2024 09:00","1713","0"
"09.02.2024 09:00 - 09.02.2024 10:00","1416","0"
"09.02.2024 10:00 - 09.02.2024 11:00","1822","0"
"09.02.2024 11:00 - 09.02.2024 12:00","2040","0"
"09.02.2024 12:00 - 09.02.2024 13:00","1774","0"
"09.02.2024 13:00 - 09.02.2024 14:00","1939","0"
"09.02.2024 14:00 - 09.02.2024 15:00","1845","0"
"09.02.2024 15:00 - 09.02.2024 16:00","2462","0"
"09.02.2024 16:00 - 09.02.2024 17:00","2413","0"
"09.02.2024 17:00 - 09.02.2024 18:00","2202","0"
"09.02.2024 18:00 - 09.02.2024 19:00","2664","0"
"09.02.2024 19:00 - 09.02.2024 20:00","3181","0"
"09.02.2024 20:00 - 09.02.2024 21:00","3082","0"
"09.02.2024 21:00 - 09.02.2024 22:00","2536","0"
"09.02.2024 22:00 - 09.02.2024 23:00","1787","0"
"09.02.2024 23:00 - 10.02.2024 00:00","1146","0"
"10.02.2024 00:00 - 10.02.2024 01:00","1156","0"
"10.02.2024 01:00 - 10.02.2024 02:00","720","0"
"10.02.2024 02:00 - 10.02.2024 03:00","18","0"
"10.02.2024 03:00 - 10.02.2024 04:00","0","794"
"10.02.2024 04:00 - 10.02.2024 05:00","0","828"
"10.02.2024 05:00 - 10.02.2024 06:00","0","908"
"10.02.2024 06:00 - 10.02.2024 07:00","0","787"
"10.02.2024 07:00 - 10.02.2024 08:00","0","743"
"10.02.2024 08:00 - 10.02.2024 09:00","0","708"
"10.02.2024 09:00 - 10.02.2024 10:00","0","986"
"10.02.2024 10:00 - 10.02.2024 11:00","0","951"
"10.02.2024 11:00 - 10.02.2024 12:00","0","1051"
"10.02.2024 12:00 - 10.02.2024 13:00","0","1266"
"10.02.2024 13:00 - 10.02.2024 14:00","0","1449"
"10.02.2024 14:00 - 10.02.2024 15:00","0","1447"
"10.02.2024 15:00 - 10.02.2024 16:00","0","1552"
"10.02.2024 16:00 - 10.02.2024 17:00","0","1403"
"10.02.2024 17:00 - 10.02.2024 18:00","0","1040"
"10.02.2024 18:00 - 10.02.2024 19:00","0","648"
"10.02.2024 19:00 - 10.02.2024 20:00","0","142"
"10.02.2024 20:00 - 10.02.2024 21:00","431","0"
"10.02.2024 21:00 - 10.02.2024 22:00","800","0"
"10.02.2024 22:00 - 10.02.2024 23:00","0","316"
"10.02.2024 23:00 - 11.02.2024 00:00","0","1023"
"11.02.2024 00:00 - 11.02.2024 01:00","0","1526"
"11.02.2024 01:00 - 11.02.2024 02:00","0","1788"
"11.02.2024 02:00 - 11.02.2024 03:00","0","1775"
"11.02.2024 03:00 - 11.02.2024 04:00","0","1901"
"11.02.2024 04:00 - 11.02.2024 05:00","0","1476"
"11.02.2024 05:00 - 11.02.2024 06:00","0","1114"
"11.02.2024 06:00 - 11.02.2024 07:00","0","1125"
"11.02.2024 07:00 - 11.02.2024 08:00","0","1322"
"11.02.2024 08:00 - 11.02.2024 09:00","0","832"
"11.02.2024 09:00 - 11.02.2024 10:00","0","351"
"11.02.2024 10:00 - 11.02.2024 11:00","256","0"
"11.02.2024 11:00 - 11.02.2024 12:00","193","0"
"11.02.2024 12:00 - 11.02.2024 13:00","0","445"
"11.02.2024 13:00 - 11.02.2024 14:00","0","1082"
"11.02.2024 14:00 - 11.02.2024 15:00","0","1376"
"11.02.2024 15:00 - 11.02.2024 16:00","0","1460"
"11.02.2024 16:00 - 11.02.2024 17:00","0","1189"
"11.02.2024 17:00 - 11.02.2024 18:00","57","0"
"11.02.2024 18:00 - 11.02.2024 19:00","1561","0"
"11.02.2024 19:00 - 11.02.2024 20:00","2558","0"
"11.02.2024 20:00 - 11.02.2024 21:00","2774","0"
"11.02.2024 21:00 - 11.02.2024 22:00","1943","0"
"11.02.2024 22:00 - 11.02.2024 23:00","1359","0"
"11.02.2024 23:00 - 12.02.2024 00:00","212","0"
"12.02.2024 00:00 - 12.02.2024 01:00","0","311"
"12.02.2024 01:00 - 12.02.2024 02:00","0","571"
"12.02.2024 02:00 - 12.02.2024 03:00","0","657"
"12.02.2024 03:00 - 12.02.2024 04:00","0","659"
"12.02.2024 04:00 - 12.02.2024 05:00","0","552"
"12.02.2024 05:00 - 12.02.2024 06:00","0","363"
"12.02.2024 06:00 - 12.02.2024 07:00","0","345"
"12.02.2024 07:00 - 12.02.2024 08:00","0","478"
"12.02.2024 08:00 - 12.02.2024 09:00","0","655"
"12.02.2024 09:00 - 12.02.2024 10:00","0","1646"
"12.02.2024 10:00 - 12.02.2024 11:00","0","2434"
"12.02.2024 11:00 - 12.02.2024 12:00","0","2772"
"12.02.2024 12:00 - 12.02.2024 13:00","0","2955"
"12.02.2024 13:00 - 12.02.2024 14:00","0","3454"
"12.02.2024 14:00 - 12.02.2024 15:00","0","3988"
"12.02.2024 15:00 - 12.02.2024 16:00","0","4328"
"12.02.2024 16:00 - 12.02.2024 17:00","0","3773"
"12.02.2024 17:00 - 12.02.2024 18:00","0","3007"
"12.02.2024 18:00 - 12.02.2024 19:00","0","1131"
"12.02.2024 19:00 - 12.02.2024 20:00","1111","0"
"12.02.2024 20:00 - 12.02.2024 21:00","1649","0"
"12.02.2024 21:00 - 12.02.2024 22:00","1941","0"
"12.02.2024 22:00 - 12.02.2024 23:00","2001","0"
"12.02.2024 23:00 - 13.02.2024 00:00","1988","0"
"13.02.2024 00:00 - 13.02.2024 01:00","1088","0"
"13.02.2024 01:00 - 13.02.2024 02:00","265","0"
"13.02.2024 02:00 - 13.02.2024 03:00","34","0"
"13.02.2024 03:00 - 13.02.2024 04:00","147","0"
"13.02.2024 04:00 - 13.02.2024 05:00","289","0"
"13.02.2024 05:00 - 13.02.2024 06:00","749","0"
"13.02.2024 06:00 - 13.02.2024 07:00","1340","0"
"13.02.2024 07:00 - 13.02.2024 08:00","2361","0"
"13.02.2024 08:00 - 13.02.2024 09:00","2637","0"
"13.02.2024 09:00 - 13.02.2024 10:00","1639","0"
"13.02.2024 10:00 - 13.02.2024 11:00","1710","0"
"13.02.2024 11:00 - 13.02.2024 12:00","876","0"
"13.02.2024 12:00 - 13.02.2024 13:00","274","0"
"13.02.2024 13:00 - 13.02.2024 14:00","193","0"
"13.02.2024 14:00 - 13.02.2024 15:00","61","0"
"13.02.2024 15:00 - 13.02.2024 16:00","0","90"
"13.02.2024 16:00 - 13.02.2024 17:00","205","0"
"13.02.2024 17:00 - 13.02.2024 18:00","1346","0"
"13.02.2024 18:00 - 13.02.2024 19:00","2658","0"
"13.02.2024 19:00 - 13.02.2024 20:00","2730","0"
"13.02.2024 20:00 - 13.02.2024 21:00","2218","0"
"13.02.2024 21:00 - 13.02.2024 22:00","1623","0"
"13.02.2024 22:00 - 13.02.2024 23:00","1644","0"
"13.02.2024 23:00 - 14.02.2024 00:00","1867","0"
"14.02.2024 00:00 - 14.02.2024 01:00","1315","0"
"14.02.2024 01:00 - 14.02.2024 02:00","768","0"
"14.02.2024 02:00 - 14.02.2024 03:00","580","0"
"14.02.2024 03:00 - 14.02.2024 04:00","536","0"
"14.02.2024 04:00 - 14.02.2024 05:00","742","0"
"14.02.2024 05:00 - 14.02.2024 06:00","1295","0"
"14.02.2024 06:00 - 14.02.2024 07:00","2587","0"
"14.02.2024 07:00 - 14.02.2024 08:00","2946","0"
"14.02.2024 08:00 - 14.02.2024 09:00","2979","0"
"14.02.2024 09:00 - 14.02.2024 10:00","2963","0"
"14.02.2024 10:00 - 14.02.2024 11:00","2610","0"
"14.02.2024 11:00 - 14.02.2024 12:00","1210","0"
"14.02.2024 12:00 - 14.02.2024 13:00","977","0"
"14.02.2024 13:00 - 14.02.2024 14:00","256","0"
"14.02.2024 14:00 - 14.02.2024 15:00","0","63"
"14.02.2024 15:00 - 14.02.2024 16:00","188","0"
"14.02.2024 16:00 - 14.02.2024 17:00","165","0"
"14.02.2024 17:00 - 14.02.2024 18:00","1610","0"
"14.02.2024 18:00 - 14.02.2024 19:00","2513","0"
"14.02.2024 19:00 - 14.02.2024 20:00","2502","0"
"14.02.2024 20:00 - 14.02.2024 21:00","2867","0"
"14.02.2024 21:00 - 14.02.2024 22:00","2990","0"
"14.02.2024 22:00 - 14.02.2024 23:00","2931","0"
"14.02.2024 23:00 - 15.02.2024 00:00","2661","0"
"15.02.2024 00:00 - 15.02.2024 01:00","2105","0"
"15.02.2024 01:00 - 15.02.2024 02:00","1724","0"
"15.02.2024 02:00 - 15.02.2024 03:00","1642","0"
"15.02.2024 03:00 - 15.02.2024 04:00","1444","0"
"15.02.2024 04:00 - 15.02.2024 05:00","1239","0"
"15.02.2024 05:00 - 15.02.2024 06:00","1390","0"
"15.02.2024 06:00 - 15.02.2024 07:00","2155","0"
"15.02.2024 07:00 - 15.02.2024 08:00","2348","0"
"15.02.2024 08:00 - 15.02.2024 09:00","2343","0"
"15.02.2024 09:00 - 15.02.2024 10:00","1847","0"
"15.02.2024 10:00 - 15.02.2024 11:00","675","0"
"15.02.2024 11:00 - 15.02.2024 12:00","636","0"
"15.02.2024 12:00 - 15.02.2024 13:00","124","0"
"15.02.2024 13:00 - 15.02.2024 14:00","0","301"
"15.02.2024 14:00 - 15.02.2024 15:00","0","332"
"15.02.2024 15:00 - 15.02.2024 16:00","0","290"
"15.02.2024 16:00 - 15.02.2024 17:00","563","0"
"15.02.2024 17:00 - 15.02.2024 18:00","1960","0"
"15.02.2024 18:00 - 15.02.2024 19:00","2794","0"
"15.02.2024 19:00 - 15.02.2024 20:00","2990","0"
"15.02.2024 20:00 - 15.02.2024 21:00","2567","0"
"15.02.2024 21:00 - 15.02.2024 22:00","1957","0"
"15.02.2024 22:00 - 15.02.2024 23:00","1316","0"
"15.02.2024 23:00 - 16.02.2024 00:00","730","0"
"16.02.2024 00:00 - 16.02.2024 01:00","999","0"
"16.02.2024 01:00 - 16.02.2024 02:00","717","0"
"16.02.2024 02:00 - 16.02.2024 03:00","526","0"
"16.02.2024 03:00 - 16.02.2024 04:00","0","137"
"16.02.2024 04:00 - 16.02.2024 05:00","0","1066"
"16.02.2024 05:00 - 16.02.2024 06:00","0","292"
"16.02.2024 06:00 - 16.02.2024 07:00","767","0"
"16.02.2024 07:00 - 16.02.2024 08:00","1653","0"
"16.02.2024 08:00 - 16.02.2024 09:00","2149","0"
"16.02.2024 09:00 - 16.02.2024 10:00","1389","0"
"16.02.2024 10:00 - 16.02.2024 11:00","0","255"
"16.02.2024 11:00 - 16.02.2024 12:00","0","1224"
"16.02.2024 12:00 - 16.02.2024 13:00","0","2812"
"16.02.2024 13:00 - 16.02.2024 14:00","0","3131"
"16.02.2024 14:00 - 16.02.2024 15:00","0","3197"
"16.02.2024 15:00 - 16.02.2024 16:00","0","3389"
"16.02.2024 16:00 - 16.02.2024 17:00","0","2729"
"16.02.2024 17:00 - 16.02.2024 18:00","0","1754"
"16.02.2024 18:00 - 16.02.2024 19:00","0","130"
"16.02.2024 19:00 - 16.02.2024 20:00","1231","0"
"16.02.2024 20:00 - 16.02.2024 21:00","1508","0"
"16.02.2024 21:00 - 16.02.2024 22:00","1399","0"
"16.02.2024 22:00 - 16.02.2024 23:00","960","0"
"16.02.2024 23:00 - 17.02.2024 00:00","297","0"
"17.02.2024 00:00 - 17.02.2024 01:00","107","0"
"17.02.2024 01:00 - 17.02.2024 02:00","0","500"
"17.02.2024 02:00 - 17.02.2024 03:00","0","671"
"17.02.2024 03:00 - 17.02.2024 04:00","0","929"
"17.02.2024 04:00 - 17.02.2024 05:00","0","915"
"17.02.2024 05:00 - 17.02.2024 06:00","0","817"
"17.02.2024 06:00 - 17.02.2024 07:00","0","585"
"17.02.2024 07:00 - 17.02.2024 08:00","0","460"
"17.02.2024 08:00 - 17.02.2024 09:00","481","0"
"17.02.2024 09:00 - 17.02.2024 10:00","0","290"
"17.02.2024 10:00 - 17.02.2024 11:00","0","2231"
"17.02.2024 11:00 - 17.02.2024 12:00","0","3618"
"17.02.2024 12:00 - 17.02.2024 13:00","0","3756"
"17.02.2024 13:00 - 17.02.2024 14:00","0","3683"
"17.02.2024 14:00 - 17.02.2024 15:00","0","3632"
"17.02.2024 15:00 - 17.02.2024 16:00","0","3673"
"17.02.2024 16:00 - 17.02.2024 17:00","0","3240"
"17.02.2024 17:00 - 17.02.2024 18:00","0","1837"
"17.02.2024 18:00 - 17.02.2024 19:00","1378","0"
"17.02.2024 19:00 - 17.02.2024 20:00","2141","0"
"17.02.2024 20:00 - 17.02.2024 21:00","1617","0"
"17.02.2024 21:00 - 17.02.2024 22:00","1612","0"
"17.02.2024 22:00 - 17.02.2024 23:00","1864","0"
"17.02.2024 23:00 - 18.02.2024 00:00","2122","0"
"18.02.2024 00:00 - 18.02.2024 01:00","1583","0"
"18.02.2024 01:00 - 18.02.2024 02:00","758","0"
"18.02.2024 02:00 - 18.02.2024 03:00","0","99"
"18.02.2024 03:00 - 18.02.2024 04:00","0","696"
"18.02.2024 04:00 - 18.02.2024 05:00","0","1030"
"18.02.2024 05:00 - 18.02.2024 06:00","0","991"
"18.02.2024 06:00 - 18.02.2024 07:00","0","504"
"18.02.2024 07:00 - 18.02.2024 08:00","178","0"
"18.02.2024 08:00 - 18.02.2024 09:00","0","29"
"18.02.2024 09:00 - 18.02.2024 10:00","0","626"
"18.02.2024 10:00 - 18.02.2024 11:00","0","2365"
"18.02.2024 11:00 - 18.02.2024 12:00","0","3379"
"18.02.2024 12:00 - 18.02.2024 13:00","0","3915"
"18.02.2024 13:00 - 18.02.2024 14:00","0","4102"
"18.02.2024 14:00 - 18.02.2024 15:00","0","4146"
"18.02.2024 15:00 - 18.02.2024 16:00","0","4186"
"18.02.2024 16:00 - 18.02.2024 17:00","0","3993"
"18.02.2024 17:00 - 18.02.2024 18:00","0","2671"
"18.02.2024 18:00 - 18.02.2024 19:00","0","539"
"18.02.2024 19:00 - 18.02.2024 20:00","1224","0"
"18.02.2024 20:00 - 18.02.2024 21:00","1423","0"
"18.02.2024 21:00 - 18.02.2024 22:00","961","0"
"18.02.2024 22:00 - 18.02.2024 23:00","476","0"
"18.02.2024 23:00 - 19.02.2024 00:00","0","498"
"19.02.2024 00:00 - 19.02.2024 01:00","0","959"
"19.02.2024 01:00 - 19.02.2024 02:00","0","710"
"19.02.2024 02:00 - 19.02.2024 03:00","0","371"
"19.02.2024 03:00 - 19.02.2024 04:00","0","1404"
"19.02.2024 04:00 - 19.02.2024 05:00","0","1762"
"19.02.2024 05:00 - 19.02.2024 06:00","0","1202"
"19.02.2024 06:00 - 19.02.2024 07:00","0","65"
"19.02.2024 07:00 - 19.02.2024 08:00","2031","0"
"19.02.2024 08:00 - 19.02.2024 09:00","2023","0"
"19.02.2024 09:00 - 19.02.2024 10:00","0","67"
"19.02.2024 10:00 - 19.02.2024 11:00","0","2202"
"19.02.2024 11:00 - 19.02.2024 12:00","0","3673"
"19.02.2024 12:00 - 19.02.2024 13:00","0","4066"
"19.02.2024 13:00 - 19.02.2024 14:00","0","3792"
"19.02.2024 14:00 - 19.02.2024 15:00","0","4139"
"19.02.2024 15:00 - 19.02.2024 16:00","0","4303"
"19.02.2024 16:00 - 19.02.2024 17:00","0","3682"
"19.02.2024 17:00 - 19.02.2024 18:00","0","2662"
"19.02.2024 18:00 - 19.02.2024 19:00","0","503"
"19.02.2024 19:00 - 19.02.2024 20:00","1084","0"
"19.02.2024 20:00 - 19.02.2024 21:00","1303","0"
"19.02.2024 21:00 - 19.02.2024 22:00","1480","0"
"19.02.2024 22:00 - 19.02.2024 23:00","1171","0"
"19.02.2024 23:00 - 20.02.2024 00:00","1079","0"
"20.02.2024 00:00 - 20.02.2024 01:00","284","0"
"20.02.2024 01:00 - 20.02.2024 02:00","20","0"
"20.02.2024 02:00 - 20.02.2024 03:00","128","0"
"20.02.2024 03:00 - 20.02.2024 04:00","2","0"
"20.02.2024 04:00 - 20.02.2024 05:00","402","0"
"20.02.2024 05:00 - 20.02.2024 06:00","409","0"
"20.02.2024 06:00 - 20.02.2024 07:00","1303","0"
"20.02.2024 07:00 - 20.02.2024 08:00","1856","0"
"20.02.2024 08:00 - 20.02.2024 09:00","1955","0"
"20.02.2024 09:00 - 20.02.2024 10:00","211","0"
"20.02.2024 10:00 - 20.02.2024 11:00","0","1873"
"20.02.2024 11:00 - 20.02.2024 12:00","0","3315"
"20.02.2024 12:00 - 20.02.2024 13:00","0","3911"
"20.02.2024 13:00 - 20.02.2024 14:00","0","3843"
"20.02.2024 14:00 - 20.02.2024 15:00","0","3800"
"20.02.2024 15:00 - 20.02.2024 16:00","0","3812"
"20.02.2024 16:00 - 20.02.2024 17:00","0","3731"
"20.02.2024 17:00 - 20.02.2024 18:00","0","2380"
"20.02.2024 18:00 - 20.02.2024 19:00","708","0"
"20.02.2024 19:00 - 20.02.2024 20:00","828","0"
"20.02.2024 20:00 - 20.02.2024 21:00","238","0"
"20.02.2024 21:00 - 20.02.2024 22:00","525","0"
"20.02.2024 22:00 - 20.02.2024 23:00","836","0"
"20.02.2024 23:00 - 21.02.2024 00:00","861","0"
"21.02.2024 00:00 - 21.02.2024 01:00","1126","0"
"21.02.2024 01:00 - 21.02.2024 02:00","1440","0"
"21.02.2024 02:00 - 21.02.2024 03:00","1432","0"
"21.02.2024 03:00 - 21.02.2024 04:00","1214","0"
"21.02.2024 04:00 - 21.02.2024 05:00","1558","0"
"21.02.2024 05:00 - 21.02.2024 06:00","2228","0"
"21.02.2024 06:00 - 21.02.2024 07:00","2420","0"
"21.02.2024 07:00 - 21.02.2024 08:00","2642","0"
"21.02.2024 08:00 - 21.02.2024 09:00","2631","0"
"21.02.2024 09:00 - 21.02.2024 10:00","1414","0"
"21.02.2024 10:00 - 21.02.2024 11:00","0","904"
"21.02.2024 11:00 - 21.02.2024 12:00","0","2111"
"21.02.2024 12:00 - 21.02.2024 13:00","0","2246"
"21.02.2024 13:00 - 21.02.2024 14:00","0","1912"
"21.02.2024 14:00 - 21.02.2024 15:00","0","2040"
"21.02.2024 15:00 - 21.02.2024 16:00","0","2175"
"21.02.2024 16:00 - 21.02.2024 17:00","0","1875"
"21.02.2024 17:00 - 21.02.2024 18:00","0","939"
"21.02.2024 18:00 - 21.02.2024 19:00","1034","0"
"21.02.2024 19:00 - 21.02.2024 20:00","2196","0"
"21.02.2024 20:00 - 21.02.2024 21:00","2020","0"
"21.02.2024 21:00 - 21.02.2024 22:00","1612","0"
"21.02.2024 22:00 - 21.02.2024 23:00","927","0"
"21.02.2024 23:00 - 22.02.2024 00:00","379","0"
"22.02.2024 00:00 - 22.02.2024 01:00","561","0"
"22.02.2024 01:00 - 22.02.2024 02:00","757","0"
"22.02.2024 02:00 - 22.02.2024 03:00","736","0"
"22.02.2024 03:00 - 22.02.2024 04:00","979","0"
"22.02.2024 04:00 - 22.02.2024 05:00","1397","0"
"22.02.2024 05:00 - 22.02.2024 06:00","1698","0"
"22.02.2024 06:00 - 22.02.2024 07:00","2103","0"
"22.02.2024 07:00 - 22.02.2024 08:00","2492","0"
"22.02.2024 08:00 - 22.02.2024 09:00","2066","0"
"22.02.2024 09:00 - 22.02.2024 10:00","816","0"
"22.02.2024 10:00 - 22.02.2024 11:00","0","380"
"22.02.2024 11:00 - 22.02.2024 12:00","0","1053"
"22.02.2024 12:00 - 22.02.2024 13:00","0","2053"
"22.02.2024 13:00 - 22.02.2024 14:00","0","2187"
"22.02.2024 14:00 - 22.02.2024 15:00","0","2099"
"22.02.2024 15:00 - 22.02.2024 16:00","0","2229"
"22.02.2024 16:00 - 22.02.2024 17:00","0","2381"
"22.02.2024 17:00 - 22.02.2024 18:00","0","1425"
"22.02.2024 18:00 - 22.02.2024 19:00","0","708"
"22.02.2024 19:00 - 22.02.2024 20:00","232","0"
"22.02.2024 20:00 - 22.02.2024 21:00","762","0"
"22.02.2024 21:00 - 22.02.2024 22:00","917","0"
"22.02.2024 22:00 - 22.02.2024 23:00","0","153"
"22.02.2024 23:00 - 23.02.2024 00:00","0","959"
"23.02.2024 00:00 - 23.02.2024 01:00","0","443"
"23.02.2024 01:00 - 23.02.2024 02:00","0","1020"
"23.02.2024 02:00 - 23.02.2024 03:00","0","1066"
"23.02.2024 03:00 - 23.02.2024 04:00","0","782"
"23.02.2024 04:00 - 23.02.2024 05:00","0","685"
"23.02.2024 05:00 - 23.02.2024 06:00","0","518"
"23.02.2024 06:00 - 23.02.2024 07:00","0","161"
"23.02.2024 07:00 - 23.02.2024 08:00","479","0"
"23.02.2024 08:00 - 23.02.2024 09:00","613","0"
"23.02.2024 09:00 - 23.02.2024 10:00","0","1060"
"23.02.2024 10:00 - 23.02.2024 11:00","0","1797"
"23.02.2024 11:00 - 23.02.2024 12:00","0","1825"
"23.02.2024 12:00 - 23.02.2024 13:00","0","1661"
"23.02.2024 13:00 - 23.02.2024 14:00","0","1441"
"23.02.2024 14:00 - 23.02.2024 15:00","0","1354"
"23.02.2024 15:00 - 23.02.2024 16:00","0","1313"
"23.02.2024 16:00 - 23.02.2024 17:00","0","1535"
"23.02.2024 17:00 - 23.02.2024 18:00","0","1718"
"23.02.2024 18:00 - 23.02.2024 19:00","0","1514"
"23.02.2024 19:00 - 23.02.2024 20:00","129","0"
"23.02.2024 20:00 - 23.02.2024 21:00","1158","0"
"23.02.2024 21:00 - 23.02.2024 22:00","1360","0"
"23.02.2024 22:00 - 23.02.2024 23:00","501","0"
"23.02.2024 23:00 - 24.02.2024 00:00","0","795"
"24.02.2024 00:00 - 24.02.2024 01:00","0","606"
"24.02.2024 01:00 - 24.02.2024 02:00","0","684"
"24.02.2024 02:00 - 24.02.2024 03:00","0","741"
"24.02.2024 03:00 - 24.02.2024 04:00","0","548"
"24.02.2024 04:00 - 24.02.2024 05:00","0","245"
"24.02.2024 05:00 - 24.02.2024 06:00","0","103"
"24.02.2024 06:00 - 24.02.2024 07:00","337","0"
"24.02.2024 07:00 - 24.02.2024 08:00","954","0"
"24.02.2024 08:00 - 24.02.2024 09:00","1013","0"
"24.02.2024 09:00 - 24.02.2024 10:00","0","377"
"24.02.2024 10:00 - 24.02.2024 11:00","0","1443"
"24.02.2024 11:00 - 24.02.2024 12:00","0","1817"
"24.02.2024 12:00 - 24.02.2024 13:00","0","2008"
"24.02.2024 13:00 - 24.02.2024 14:00","0","2103"
"24.02.2024 14:00 - 24.02.2024 15:00","0","2157"
"24.02.2024 15:00 - 24.02.2024 16:00","0","2225"
"24.02.2024 16:00 - 24.02.2024 17:00","0","1983"
"24.02.2024 17:00 - 24.02.2024 18:00","0","1696"
"24.02.2024 18:00 - 24.02.2024 19:00","0","432"
"24.02.2024 19:00 - 24.02.2024 20:00","1607","0"
"24.02.2024 20:00 - 24.02.2024 21:00","2246","0"
"24.02.2024 21:00 - 24.02.2024 22:00","2416","0"
"24.02.2024 22:00 - 24.02.2024 23:00","1782","0"
"24.02.2024 23:00 - 25.02.2024 00:00","1088","0"
"25.02.2024 00:00 - 25.02.2024 01:00","481","0"
"25.02.2024 01:00 - 25.02.2024 02:00","253","0"
"25.02.2024 02:00 - 25.02.2024 03:00","289","0"
"25.02.2024 03:00 - 25.02.2024 04:00","541","0"
"25.02.2024 04:00 - 25.02.2024 05:00","827","0"
"25.02.2024 05:00 - 25.02.2024 06:00","961","0"
"25.02.2024 06:00 - 25.02.2024 07:00","1114","0"
"25.02.2024 07:00 - 25.02.2024 08:00","1051","0"
"25.02.2024 08:00 - 25.02.2024 09:00","912","0"
"25.02.2024 09:00 - 25.02.2024 10:00","546","0"
"25.02.2024 10:00 - 25.02.2024 11:00","625","0"
"25.02.2024 11:00 - 25.02.2024 12:00","604","0"
"25.02.2024 12:00 - 25.02.2024 13:00","425","0"
"25.02.2024 13:00 - 25.02.2024 14:00","0","42"
"25.02.2024 14:00 - 25.02.2024 15:00","48","0"
"25.02.2024 15:00 - 25.02.2024 16:00","217","0"
"25.02.2024 16:00 - 25.02.2024 17:00","263","0"
"25.02.2024 17:00 - 25.02.2024 18:00","467","0"
"25.02.2024 18:00 - 25.02.2024 19:00","749","0"
"25.02.2024 19:00 - 25.02.2024 20:00","908","0"
"25.02.2024 20:00 - 25.02.2024 21:00","1155","0"
"25.02.2024 21:00 - 25.02.2024 22:00","1213","0"
"25.02.2024 22:00 - 25.02.2024 23:00","794","0"
"25.02.2024 23:00 - 26.02.2024 00:00","0","527"
"26.02.2024 00:00 - 26.02.2024 01:00","0","497"
"26.02.2024 01:00 - 26.02.2024 02:00","349","0"
"26.02.2024 02:00 - 26.02.2024 03:00","706","0"
"26.02.2024 03:00 - 26.02.2024 04:00","694","0"
"26.02.2024 04:00 - 26.02.2024 05:00","1090","0"
"26.02.2024 05:00 - 26.02.2024 06:00","1589","0"
"26.02.2024 06:00 - 26.02.2024 07:00","1657","0"
"26.02.2024 07:00 - 26.02.2024 08:00","2928","0"
"26.02.2024 08:00 - 26.02.2024 09:00","2912","0"
"26.02.2024 09:00 - 26.02.2024 10:00","1505","0"
"26.02.2024 10:00 - 26.02.2024 11:00","475","0"
"26.02.2024 11:00 - 26.02.2024 12:00","189","0"
"26.02.2024 12:00 - 26.02.2024 13:00","0","212"
"26.02.2024 13:00 - 26.02.2024 14:00","0","122"
"26.02.2024 14:00 - 26.02.2024 15:00","0","158"
"26.02.2024 15:00 - 26.02.2024 16:00","0","410"
"26.02.2024 16:00 - 26.02.2024 17:00","0","316"
"26.02.2024 17:00 - 26.02.2024 18:00","0","380"
"26.02.2024 18:00 - 26.02.2024 19:00","0","11"
"26.02.2024 19:00 - 26.02.2024 20:00","429","0"
"26.02.2024 20:00 - 26.02.2024 21:00","941","0"
"26.02.2024 21:00 - 26.02.2024 22:00","278","0"
"26.02.2024 22:00 - 26.02.2024 23:00","0","617"
"26.02.2024 23:00 - 27.02.2024 00:00","0","718"
"27.02.2024 00:00 - 27.02.2024 01:00","556","0"
"27.02.2024 01:00 - 27.02.2024 02:00","662","0"
"27.02.2024 02:00 - 27.02.2024 03:00","654","0"
"27.02.2024 03:00 - 27.02.2024 04:00","659","0"
"27.02.2024 04:00 - 27.02.2024 05:00","883","0"
"27.02.2024 05:00 - 27.02.2024 06:00","1016","0"
"27.02.2024 06:00 - 27.02.2024 07:00","1759","0"
"27.02.2024 07:00 - 27.02.2024 08:00","2263","0"
"27.02.2024 08:00 - 27.02.2024 09:00","2177","0"
"27.02.2024 09:00 - 27.02.2024 10:00","722","0"
"27.02.2024 10:00 - 27.02.2024 11:00","0","557"
"27.02.2024 11:00 - 27.02.2024 12:00","0","1250"
"27.02.2024 12:00 - 27.02.2024 13:00","0","1273"
"27.02.2024 13:00 - 27.02.2024 14:00","0","1243"
"27.02.2024 14:00 - 27.02.2024 15:00","0","1258"
"27.02.2024 15:00 - 27.02.2024 16:00","0","1058"
"27.02.2024 16:00 - 27.02.2024 17:00","0","1092"
"27.02.2024 17:00 - 27.02.2024 18:00","0","909"
"27.02.2024 18:00 - 27.02.2024 19:00","0","0"
"27.02.2024 19:00 - 27.02.2024 20:00","1672","0"
"27.02.2024 20:00 - 27.02.2024 21:00","2256","0"
"27.02.2024 21:00 - 27.02.2024 22:00","2301","0"
"27.02.2024 22:00 - 27.02.2024 23:00","1597","0"
"27.02.2024 23:00 - 28.02.2024 00:00","1453","0"
"28.02.2024 00:00 - 28.02.2024 01:00","865","0"
"28.02.2024 01:00 - 28.02.2024 02:00","181","0"
"28.02.2024 02:00 - 28.02.2024 03:00","0","69"
"28.02.2024 03:00 - 28.02.2024 04:00","48","0"
"28.02.2024 04:00 - 28.02.2024 05:00","77","0"
"28.02.2024 05:00 - 28.02.2024 06:00","120","0"
"28.02.2024 06:00 - 28.02.2024 07:00","1007","0"
"28.02.2024 07:00 - 28.02.2024 08:00","2094","0"
"28.02.2024 08:00 - 28.02.2024 09:00","2032","0"
"28.02.2024 09:00 - 28.02.2024 10:00","0","201"
"28.02.2024 10:00 - 28.02.2024 11:00","0","2317"
"28.02.2024 11:00 - 28.02.2024 12:00","0","2484"
"28.02.2024 12:00 - 28.02.2024 13:00","0","2642"
"28.02.2024 13:00 - 28.02.2024 14:00","0","2782"
"28.02.2024 14:00 - 28.02.2024 15:00","0","2789"
"28.02.2024 15:00 - 28.02.2024 16:00","0","2950"
"28.02.2024 16:00 - 28.02.2024 17:00","0","2793"
"28.02.2024 17:00 - 28.02.2024 18:00","0","1556"
"28.02.2024 18:00 - 28.02.2024 19:00","1055","0"
"28.02.2024 19:00 - 28.02.2024 20:00","1950","0"
"28.02.2024 20:00 - 28.02.2024 21:00","2002","0"
"28.02.2024 21:00 - 28.02.2024 22:00","2063","0"
"28.02.2024 22:00 - 28.02.2024 23:00","1972","0"
"28.02.2024 23:00 - 29.02.2024 00:00","1686","0"
"29.02.2024 00:00 - 29.02.2024 01:00","1546","0"
"29.02.2024 01:00 - 29.02.2024 02:00","1178","0"
"29.02.2024 02:00 - 29.02.2024 03:00","802","0"
"29.02.2024 03:00 - 29.02.2024 04:00","583","0"
"29.02.2024 04:00 - 29.02.2024 05:00","795","0"
"29.02.2024 05:00 - 29.02.2024 06:00","1088","0"
"29.02.2024 06:00 - 29.02.2024 07:00","1176","0"
"29.02.2024 07:00 - 29.02.2024 08:00","1872","0"
"29.02.2024 08:00 - 29.02.2024 09:00","1972","0"
"29.02.2024 09:00 - 29.02.2024 10:00","1066","0"
"29.02.2024 10:00 - 29.02.2024 11:00","0","940"
"29.02.2024 11:00 - 29.02.2024 12:00","0","1167"
"29.02.2024 12:00 - 29.02.2024 13:00","0","1067"
"29.02.2024 13:00 - 29.02.2024 14:00","0","637"
"29.02.2024 14:00 - 29.02.2024 15:00","0","763"
"29.02.2024 15:00 - 29.02.2024 16:00","0","986"
"29.02.2024 16:00 - 29.02.2024 17:00","0","929"
"29.02.2024 17:00 - 29.02.2024 18:00","0","101"
"29.02.2024 18:00 - 29.02.2024 19:00","247","0"
"29.02.2024 19:00 - 29.02.2024 20:00","738","0"
"29.02.2024 20:00 - 29.02.2024 21:00","1324","0"
"29.02.2024 21:00 - 29.02.2024 22:00","890","0"
"29.02.2024 22:00 - 29.02.2024 23:00","307","0"
"29.02.2024 23:00 - 01.03.2024 00:00","0","487"
"01.03.2024 00:00 - 01.03.2024 01:00","400","0"
"01.03.2024 01:00 - 01.03.2024 02:00","551","0"
"01.03.2024 02:00 - 01.03.2024 03:00","264","0"
"01.03.2024 03:00 - 01.03.2024 04:00","46","0"
"01.03.2024 04:00 - 01.03.2024 05:00","141","0"
"01.03.2024 05:00 - 01.03.2024 06:00","647","0"
"01.03.2024 06:00 - 01.03.2024 07:00","1949","0"
"01.03.2024 07:00 - 01.03.2024 08:00","2009","0"
"01.03.2024 08:00 - 01.03.2024 09:00","1377","0"
"01.03.2024 09:00 - 01.03.2024 10:00","0","559"
"01.03.2024 10:00 - 01.03.2024 11:00","0","1756"
"01.03.2024 11:00 - 01.03.2024 12:00","0","2590"
"01.03.2024 12:00 - 01.03.2024 13:00","0","2781"
"01.03.2024 13:00 - 01.03.2024 14:00","0","2519"
"01.03.2024 14:00 - 01.03.2024 15:00","0","2458"
"01.03.2024 15:00 - 01.03.2024 16:00","0","2669"
"01.03.2024 16:00 - 01.03.2024 17:00","0","2467"
"01.03.2024 17:00 - 01.03.2024 18:00","0","1836"
"01.03.2024 18:00 - 01.03.2024 19:00","0","311"
"01.03.2024 19:00 - 01.03.2024 20:00","827","0"
"01.03.2024 20:00 - 01.03.2024 21:00","1330","0"
"01.03.2024 21:00 - 01.03.2024 22:00","1516","0"
"01.03.2024 22:00 - 01.03.2024 23:00","1150","0"
"01.03.2024 23:00 - 02.03.2024 00:00","803","0"
"02.03.2024 00:00 - 02.03.2024 01:00","799","0"
"02.03.2024 01:00 - 02.03.2024 02:00","870","0"
"02.03.2024 02:00 - 02.03.2024 03:00","765","0"
"02.03.2024 03:00 - 02.03.2024 04:00","751","0"
"02.03.2024 04:00 - 02.03.2024 05:00","837","0"
"02.03.2024 05:00 - 02.03.2024 06:00","889","0"
"02.03.2024 06:00 - 02.03.2024 07:00","1424","0"
"02.03.2024 07:00 - 02.03.2024 08:00","2024","0"
"02.03.2024 08:00 - 02.03.2024 09:00","2446","0"
"02.03.2024 09:00 - 02.03.2024 10:00","1893","0"
"02.03.2024 10:00 - 02.03.2024 11:00","1256","0"
"02.03.2024 11:00 - 02.03.2024 12:00","319","0"
"02.03.2024 12:00 - 02.03.2024 13:00","0","386"
"02.03.2024 13:00 - 02.03.2024 14:00","0","424"
"02.03.2024 14:00 - 02.03.2024 15:00","0","119"
"02.03.2024 15:00 - 02.03.2024 16:00","1","0"
"02.03.2024 16:00 - 02.03.2024 17:00","345","0"
"02.03.2024 17:00 - 02.03.2024 18:00","1248","0"
"02.03.2024 18:00 - 02.03.2024 19:00","1612","0"
"02.03.2024 19:00 - 02.03.2024 20:00","2642","0"
"02.03.2024 20:00 - 02.03.2024 21:00","2771","0"
"02.03.2024 21:00 - 02.03.2024 22:00","2757","0"
"02.03.2024 22:00 - 02.03.2024 23:00","2637","0"
"02.03.2024 23:00 - 03.03.2024 00:00","1629","0"
"03.03.2024 00:00 - 03.03.2024 01:00","1033","0"
"03.03.2024 01:00 - 03.03.2024 02:00","101","0"
"03.03.2024 02:00 - 03.03.2024 03:00","0","278"
"03.03.2024 03:00 - 03.03.2024 04:00","182","0"
"03.03.2024 04:00 - 03.03.2024 05:00","441","0"
"03.03.2024 05:00 - 03.03.2024 06:00","252","0"
"03.03.2024 06:00 - 03.03.2024 07:00","764","0"
"03.03.2024 07:00 - 03.03.2024 08:00","747","0"
"03.03.2024 08:00 - 03.03.2024 09:00","0","43"
"03.03.2024 09:00 - 03.03.2024 10:00","0","1179"
"03.03.2024 10:00 - 03.03.2024 11:00","0","2392"
"03.03.2024 11:00 - 03.03.2024 12:00","0","2623"
"03.03.2024 12:00 - 03.03.2024 13:00","0","2719"
"03.03.2024 13:00 - 03.03.2024 14:00","0","2708"
"03.03.2024 14:00 - 03.03.2024 15:00","0","3250"
"03.03.2024 15:00 - 03.03.2024 16:00","0","2972"
"03.03.2024 16:00 - 03.03.2024 17:00","0","2570"
"03.03.2024 17:00 - 03.03.2024 18:00","0","2579"
"03.03.2024 18:00 - 03.03.2024 19:00","44","0"
"03.03.2024 19:00 - 03.03.2024 20:00","2229","0"
"03.03.2024 20:00 - 03.03.2024 21:00","2299","0"
"03.03.2024 21:00 - 03.03.2024 22:00","2401","0"
"03.03.2024 22:00 - 03.03.2024 23:00","2810","0"
"03.03.2024 23:00 - 04.03.2024 00:00","2602","0"
"04.03.2024 00:00 - 04.03.2024 01:00","2114","0"
"04.03.2024 01:00 - 04.03.2024 02:00","1094","0"
"04.03.2024 02:00 - 04.03.2024 03:00","1092","0"
"04.03.2024 03:00 - 04.03.2024 04:00","1504","0"
"04.03.2024 04:00 - 04.03.2024 05:00","1632","0"
"04.03.2024 05:00 - 04.03.2024 06:00","1762","0"
"04.03.2024 06:00 - 04.03.2024 07:00","1923","0"
"04.03.2024 07:00 - 04.03.2024 08:00","2401","0"
"04.03.2024 08:00 - 04.03.2024 09:00","2650","0"
"04.03.2024 09:00 - 04.03.2024 10:00","2518","0"
"04.03.2024 10:00 - 04.03.2024 11:00","1980","0"
"04.03.2024 11:00 - 04.03.2024 12:00","310","0"
"04.03.2024 12:00 - 04.03.2024 13:00","0","306"
"04.03.2024 13:00 - 04.03.2024 14:00","126","0"
"04.03.2024 14:00 - 04.03.2024 15:00","511","0"
"04.03.2024 15:00 - 04.03.2024 16:00","0","54"
"04.03.2024 16:00 - 04.03.2024 17:00","36","0"
"04.03.2024 17:00 - 04.03.2024 18:00","39","0"
"04.03.2024 18:00 - 04.03.2024 19:00","1339","0"
"04.03.2024 19:00 - 04.03.2024 20:00","2525","0"
"04.03.2024 20:00 - 04.03.2024 21:00","2347","0"
"04.03.2024 21:00 - 04.03.2024 22:00","2180","0"
"04.03.2024 22:00 - 04.03.2024 23:00","1929","0"
"04.03.2024 23:00 - 05.03.2024 00:00","1288","0"
"05.03.2024 00:00 - 05.03.2024 01:00","1508","0"
"05.03.2024 01:00 - 05.03.2024 02:00","1208","0"
"05.03.2024 02:00 - 05.03.2024 03:00","1374","0"
"05.03.2024 03:00 - 05.03.2024 04:00","1516","0"
"05.03.2024 04:00 - 05.03.2024 05:00","1613","0"
"05.03.2024 05:00 - 05.03.2024 06:00","1789","0"
"05.03.2024 06:00 - 05.03.2024 07:00","2305","0"
"05.03.2024 07:00 - 05.03.2024 08:00","2929","0"
"05.03.2024 08:00 - 05.03.2024 09:00","2695","0"
"05.03.2024 09:00 - 05.03.2024 10:00","1680","0"
"05.03.2024 10:00 - 05.03.2024 11:00","382","0"
"05.03.2024 11:00 - 05.03.2024 12:00","0","868"
"05.03.2024 12:00 - 05.03.2024 13:00","0","1615"
"05.03.2024 13:00 - 05.03.2024 14:00","0","2026"
"05.03.2024 14:00 - 05.03.2024 15:00","0","2339"
"05.03.2024 15:00 - 05.03.2024 16:00","0","2450"
"05.03.2024 16:00 - 05.03.2024 17:00","0","1525"
"05.03.2024 17:00 - 05.03.2024 18:00","620","0"
"05.03.2024 18:00 - 05.03.2024 19:00","1574","0"
"05.03.2024 19:00 - 05.03.2024 20:00","1509","0"
"05.03.2024 20:00 - 05.03.2024 21:00","1018","0"
"05.03.2024 21:00 - 05.03.2024 22:00","946","0"
"05.03.2024 22:00 - 05.03.2024 23:00","1302","0"
"05.03.2024 23:00 - 06.03.2024 00:00","2020","0"
"06.03.2024 00:00 - 06.03.2024 01:00","2395","0"
"06.03.2024 01:00 - 06.03.2024 02:00","2634","0"
"06.03.2024 02:00 - 06.03.2024 03:00","2646","0"
"06.03.2024 03:00 - 06.03.2024 04:00","2571","0"
"06.03.2024 04:00 - 06.03.2024 05:00","2537","0"
"06.03.2024 05:00 - 06.03.2024 06:00","2614","0"
"06.03.2024 06:00 - 06.03.2024 07:00","2967","0"
"06.03.2024 07:00 - 06.03.2024 08:00","2986","0"
"06.03.2024 08:00 - 06.03.2024 09:00","2796","0"
"06.03.2024 09:00 - 06.03.2024 10:00","1846","0"
"06.03.2024 10:00 - 06.03.2024 11:00","591","0"
"06.03.2024 11:00 - 06.03.2024 12:00","0","813"
"06.03.2024 12:00 - 06.03.2024 13:00","0","1626"
"06.03.2024 13:00 - 06.03.2024 14:00","0","1370"
"06.03.2024 14:00 - 06.03.2024 15:00","0","1295"
"06.03.2024 15:00 - 06.03.2024 16:00","0","1507"
"06.03.2024 16:00 - 06.03.2024 17:00","0","896"
"06.03.2024 17:00 - 06.03.2024 18:00","715","0"
"06.03.2024 18:00 - 06.03.2024 19:00","2607","0"
"06.03.2024 19:00 - 06.03.2024 20:00","3176","0"
"06.03.2024 20:00 - 06.03.2024 21:00","3038","0"
"06.03.2024 21:00 - 06.03.2024 22:00","3181","0"
"06.03.2024 22:00 - 06.03.2024 23:00","3182","0"
"06.03.2024 23:00 - 07.03.2024 00:00","2971","0"
"07.03.2024 00:00 - 07.03.2024 01:00","2592","0"
"07.03.2024 01:00 - 07.03.2024 02:00","2112","0"
"07.03.2024 02:00 - 07.03.2024 03:00","1784","0"
"07.03.2024 03:00 - 07.03.2024 04:00","1626","0"
"07.03.2024 04:00 - 07.03.2024 05:00","1691","0"
"07.03.2024 05:00 - 07.03.2024 06:00","1577","0"
"07.03.2024 06:00 - 07.03.2024 07:00","1755","0"
"07.03.2024 07:00 - 07.03.2024 08:00","2249","0"
"07.03.2024 08:00 - 07.03.2024 09:00","2493","0"
"07.03.2024 09:00 - 07.03.2024 10:00","1624","0"
"07.03.2024 10:00 - 07.03.2024 11:00","68","0"
"07.03.2024 11:00 - 07.03.2024 12:00","0","490"
"07.03.2024 12:00 - 07.03.2024 13:00","0","623"
"07.03.2024 13:00 - 07.03.2024 14:00","0","775"
"07.03.2024 14:00 - 07.03.2024 15:00","0","821"
"07.03.2024 15:00 - 07.03.2024 16:00","0","990"
"07.03.2024 16:00 - 07.03.2024 17:00","0","1098"
"07.03.2024 17:00 - 07.03.2024 18:00","0","1250"
"07.03.2024 18:00 - 07.03.2024 19:00","0","612"
"07.03.2024 19:00 - 07.03.2024 20:00","88","0"
"07.03.2024 20:00 - 07.03.2024 21:00","649","0"
"07.03.2024 21:00 - 07.03.2024 22:00","977","0"
"07.03.2024 22:00 - 07.03.2024 23:00","831","0"
"07.03.2024 23:00 - 08.03.2024 00:00","0","177"
"08.03.2024 00:00 - 08.03.2024 01:00","664","0"
"08.03.2024 01:00 - 08.03.2024 02:00","814","0"
"08.03.2024 02:00 - 08.03.2024 03:00","883","0"
"08.03.2024 03:00 - 08.03.2024 04:00","1135","0"
"08.03.2024 04:00 - 08.03.2024 05:00","1368","0"
"08.03.2024 05:00 - 08.03.2024 06:00","1834","0"
"08.03.2024 06:00 - 08.03.2024 07:00","2451","0"
"08.03.2024 07:00 - 08.03.2024 08:00","2628","0"
"08.03.2024 08:00 - 08.03.2024 09:00","2571","0"
"08.03.2024 09:00 - 08.03.2024 10:00","1730","0"
"08.03.2024 10:00 - 08.03.2024 11:00","555","0"
"08.03.2024 11:00 - 08.03.2024 12:00","0","658"
"08.03.2024 12:00 - 08.03.2024 13:00","0","1151"
"08.03.2024 13:00 - 08.03.2024 14:00","0","1576"
"08.03.2024 14:00 - 08.03.2024 15:00","0","1710"
"08.03.2024 15:00 - 08.03.2024 16:00","0","1800"
"08.03.2024 16:00 - 08.03.2024 17:00","0","1805"
"08.03.2024 17:00 - 08.03.2024 18:00","53","0"
"08.03.2024 18:00 - 08.03.2024 19:00","1076","0"
"08.03.2024 19:00 - 08.03.2024 20:00","1543","0"
"08.03.2024 20:00 - 08.03.2024 21:00","1558","0"
"08.03.2024 21:00 - 08.03.2024 22:00","1890","0"
"08.03.2024 22:00 - 08.03.2024 23:00","1879","0"
"08.03.2024 23:00 - 09.03.2024 00:00","2010","0"
"09.03.2024 00:00 - 09.03.2024 01:00","1542","0"
"09.03.2024 01:00 - 09.03.2024 02:00","768","0"
"09.03.2024 02:00 - 09.03.2024 03:00","290","0"
"09.03.2024 03:00 - 09.03.2024 04:00","14","0"
"09.03.2024 04:00 - 09.03.2024 05:00","0","91"
"09.03.2024 05:00 - 09.03.2024 06:00","0","98"
"09.03.2024 06:00 - 09.03.2024 07:00","243","0"
"09.03.2024 07:00 - 09.03.2024 08:00","537","0"
"09.03.2024 08:00 - 09.03.2024 09:00","1116","0"
"09.03.2024 09:00 - 09.03.2024 10:00","1758","0"
"09.03.2024 10:00 - 09.03.2024 11:00","2792","0"
"09.03.2024 11:00 - 09.03.2024 12:00","2397","0"
"09.03.2024 12:00 - 09.03.2024 13:00","1795","0"
"09.03.2024 13:00 - 09.03.2024 14:00","1244","0"
"09.03.2024 14:00 - 09.03.2024 15:00","1340","0"
"09.03.2024 15:00 - 09.03.2024 16:00","0","11"
"09.03.2024 16:00 - 09.03.2024 17:00","0","791"
"09.03.2024 17:00 - 09.03.2024 18:00","0","565"
"09.03.2024 18:00 - 09.03.2024 19:00","811","0"
"09.03.2024 19:00 - 09.03.2024 20:00","1552","0"
"09.03.2024 20:00 - 09.03.2024 21:00","2119","0"
"09.03.2024 21:00 - 09.03.2024 22:00","2604","0"
"09.03.2024 22:00 - 09.03.2024 23:00","1877","0"
"09.03.2024 23:00 - 10.03.2024 00:00","1758","0"
"10.03.2024 00:00 - 10.03.2024 01:00","1149","0"
"10.03.2024 01:00 - 10.03.2024 02:00","761","0"
"10.03.2024 02:00 - 10.03.2024 03:00","569","0"
"10.03.2024 03:00 - 10.03.2024 04:00","118","0"
"10.03.2024 04:00 - 10.03.2024 05:00","433","0"
"10.03.2024 05:00 - 10.03.2024 06:00","663","0"
"10.03.2024 06:00 - 10.03.2024 07:00","721","0"
"10.03.2024 07:00 - 10.03.2024 08:00","859","0"
"10.03.2024 08:00 - 10.03.2024 09:00","503","0"
"10.03.2024 09:00 - 10.03.2024 10:00","14","0"
"10.03.2024 10:00 - 10.03.2024 11:00","140","0"
"10.03.2024 11:00 - 10.03.2024 12:00","0","45"
"10.03.2024 12:00 - 10.03.2024 13:00","0","579"
"10.03.2024 13:00 - 10.03.2024 14:00","0","426"
"10.03.2024 14:00 - 10.03.2024 15:00","0","324"
"10.03.2024 15:00 - 10.03.2024 16:00","0","325"
"10.03.2024 16:00 - 10.03.2024 17:00","0","143"
"10.03.2024 17:00 - 10.03.2024 18:00","0","35"
"10.03.2024 18:00 - 10.03.2024 19:00","669","0"
"10.03.2024 19:00 - 10.03.2024 20:00","2517","0"
"10.03.2024 20:00 - 10.03.2024 21:00","2644","0"
"10.03.2024 21:00 - 10.03.2024 22:00","2135","0"
"10.03.2024 22:00 - 10.03.2024 23:00","2104","0"
"10.03.2024 23:00 - 11.03.2024 00:00","2405","0"
"11.03.2024 00:00 - 11.03.2024 01:00","1978","0"
"11.03.2024 01:00 - 11.03.2024 02:00","1621","0"
"11.03.2024 02:00 - 11.03.2024 03:00","707","0"
"11.03.2024 03:00 - 11.03.2024 04:00","381","0"
"11.03.2024 04:00 - 11.03.2024 05:00","459","0"
"11.03.2024 05:00 - 11.03.2024 06:00","760","0"
"11.03.2024 06:00 - 11.03.2024 07:00","1980","0"
"11.03.2024 07:00 - 11.03.2024 08:00","2846","0"
"11.03.2024 08:00 - 11.03.2024 09:00","2777","0"
"11.03.2024 09:00 - 11.03.2024 10:00","633","0"
"11.03.2024 10:00 - 11.03.2024 11:00","0","1417"
"11.03.2024 11:00 - 11.03.2024 12:00","0","2568"
"11.03.2024 12:00 - 11.03.2024 13:00","0","3190"
"11.03.2024 13:00 - 11.03.2024 14:00","0","3004"
"11.03.2024 14:00 - 11.03.2024 15:00","0","2517"
"11.03.2024 15:00 - 11.03.2024 16:00","0","2277"
"11.03.2024 16:00 - 11.03.2024 17:00","0","2057"
"11.03.2024 17:00 - 11.03.2024 18:00","0","1181"
"11.03.2024 18:00 - 11.03.2024 19:00","542","0"
"11.03.2024 19:00 - 11.03.2024 20:00","1413","0"
"11.03.2024 20:00 - 11.03.2024 21:00","1122","0"
"11.03.2024 21:00 - 11.03.2024 22:00","1186","0"
"11.03.2024 22:00 - 11.03.2024 23:00","1601","0"
"11.03.2024 23:00 - 12.03.2024 00:00","2010","0"
"12.03.2024 00:00 - 12.03.2024 01:00","2113","0"
"12.03.2024 01:00 - 12.03.2024 02:00","1873","0"
"12.03.2024 02:00 - 12.03.2024 03:00","1808","0"
"12.03.2024 03:00 - 12.03.2024 04:00","2011","0"
"12.03.2024 04:00 - 12.03.2024 05:00","2493","0"
"12.03.2024 05:00 - 12.03.2024 06:00","2799","0"
"12.03.2024 06:00 - 12.03.2024 07:00","2435","0"
"12.03.2024 07:00 - 12.03.2024 08:00","2259","0"
"12.03.2024 08:00 - 12.03.2024 09:00","2139","0"
"12.03.2024 09:00 - 12.03.2024 10:00","1874","0"
"12.03.2024 10:00 - 12.03.2024 11:00","0","513"
"12.03.2024 11:00 - 12.03.2024 12:00","0","1667"
"12.03.2024 12:00 - 12.03.2024 13:00","0","1444"
"12.03.2024 13:00 - 12.03.2024 14:00","0","1632"
"12.03.2024 14:00 - 12.03.2024 15:00","0","1908"
"12.03.2024 15:00 - 12.03.2024 16:00","0","2222"
"12.03.2024 16:00 - 12.03.2024 17:00","0","1870"
"12.03.2024 17:00 - 12.03.2024 18:00","91","0"
"12.03.2024 18:00 - 12.03.2024 19:00","2204","0"
"12.03.2024 19:00 - 12.03.2024 20:00","2187","0"
"12.03.2024 20:00 - 12.03.2024 21:00","1632","0"
"12.03.2024 21:00 - 12.03.2024 22:00","1698","0"
"12.03.2024 22:00 - 12.03.2024 23:00","2512","0"
"12.03.2024 23:00 - 13.03.2024 00:00","3094","0"
"13.03.2024 00:00 - 13.03.2024 01:00","2947","0"
"13.03.2024 01:00 - 13.03.2024 02:00","2871","0"
"13.03.2024 02:00 - 13.03.2024 03:00","2869","0"
"13.03.2024 03:00 - 13.03.2024 04:00","2743","0"
"13.03.2024 04:00 - 13.03.2024 05:00","2772","0"
"13.03.2024 05:00 - 13.03.2024 06:00","2776","0"
"13.03.2024 06:00 - 13.03.2024 07:00","2883","0"
"13.03.2024 07:00 - 13.03.2024 08:00","2801","0"
"13.03.2024 08:00 - 13.03.2024 09:00","2654","0"
"13.03.2024 09:00 - 13.03.2024 10:00","2213","0"
"13.03.2024 10:00 - 13.03.2024 11:00","1362","0"
"13.03.2024 11:00 - 13.03.2024 12:00","370","0"
"13.03.2024 12:00 - 13.03.2024 13:00","0","26"
"13.03.2024 13:00 - 13.03.2024 14:00","0","36"
"13.03.2024 14:00 - 13.03.2024 15:00","0","538"
"13.03.2024 15:00 - 13.03.2024 16:00","0","1062"
"13.03.2024 16:00 - 13.03.2024 17:00","0","1295"
"13.03.2024 17:00 - 13.03.2024 18:00","0","70"
"13.03.2024 18:00 - 13.03.2024 19:00","2068","0"
"13.03.2024 19:00 - 13.03.2024 20:00","2636","0"
"13.03.2024 20:00 - 13.03.2024 21:00","2103","0"
"13.03.2024 21:00 - 13.03.2024 22:00","2165","0"
"13.03.2024 22:00 - 13.03.2024 23:00","2263","0"
"13.03.2024 23:00 - 14.03.2024 00:00","2842","0"
"14.03.2024 00:00 - 14.03.2024 01:00","2671","0"
"14.03.2024 01:00 - 14.03.2024 02:00","2695","0"
"14.03.2024 02:00 - 14.03.2024 03:00","2752","0"
"14.03.2024 03:00 - 14.03.2024 04:00","2785","0"
"14.03.2024 04:00 - 14.03.2024 05:00","2752","0"
"14.03.2024 05:00 - 14.03.2024 06:00","2418","0"
"14.03.2024 06:00 - 14.03.2024 07:00","2564","0"
"14.03.2024 07:00 - 14.03.2024 08:00","2659","0"
"14.03.2024 08:00 - 14.03.2024 09:00","2298","0"
"14.03.2024 09:00 - 14.03.2024 10:00","1598","0"
"14.03.2024 10:00 - 14.03.2024 11:00","392","0"
"14.03.2024 11:00 - 14.03.2024 12:00","0","341"
"14.03.2024 12:00 - 14.03.2024 13:00","0","1244"
"14.03.2024 13:00 - 14.03.2024 14:00","0","1794"
"14.03.2024 14:00 - 14.03.2024 15:00","0","1768"
"14.03.2024 15:00 - 14.03.2024 16:00","0","2073"
"14.03.2024 16:00 - 14.03.2024 17:00","0","1995"
"14.03.2024 17:00 - 14.03.2024 18:00","0","494"
"14.03.2024 18:00 - 14.03.2024 19:00","1520","0"
"14.03.2024 19:00 - 14.03.2024 20:00","1804","0"
"14.03.2024 20:00 - 14.03.2024 21:00","1313","0"
"14.03.2024 21:00 - 14.03.2024 22:00","1727","0"
"14.03.2024 22:00 - 14.03.2024 23:00","1805","0"
"14.03.2024 23:00 - 15.03.2024 00:00","1887","0"
"15.03.2024 00:00 - 15.03.2024 01:00","1669","0"
"15.03.2024 01:00 - 15.03.2024 02:00","1354","0"
"15.03.2024 02:00 - 15.03.2024 03:00","1112","0"
"15.03.2024 03:00 - 15.03.2024 04:00","882","0"
"15.03.2024 04:00 - 15.03.2024 05:00","1045","0"
"15.03.2024 05:00 - 15.03.2024 06:00","1121","0"
"15.03.2024 06:00 - 15.03.2024 07:00","1744","0"
"15.03.2024 07:00 - 15.03.2024 08:00","2300","0"
"15.03.2024 08:00 - 15.03.2024 09:00","1803","0"
"15.03.2024 09:00 - 15.03.2024 10:00","711","0"
"15.03.2024 10:00 - 15.03.2024 11:00","0","957"
"15.03.2024 11:00 - 15.03.2024 12:00","0","1657"
"15.03.2024 12:00 - 15.03.2024 13:00","0","2246"
"15.03.2024 13:00 - 15.03.2024 14:00","0","2110"
"15.03.2024 14:00 - 15.03.2024 15:00","0","2193"
"15.03.2024 15:00 - 15.03.2024 16:00","0","2405"
"15.03.2024 16:00 - 15.03.2024 17:00","0","1865"
"15.03.2024 17:00 - 15.03.2024 18:00","0","590"
"15.03.2024 18:00 - 15.03.2024 19:00","1307","0"
"15.03.2024 19:00 - 15.03.2024 20:00","1773","0"
"15.03.2024 20:00 - 15.03.2024 21:00","1432","0"
"15.03.2024 21:00 - 15.03.2024 22:00","1406","0"
"15.03.2024 22:00 - 15.03.2024 23:00","1607","0"
"15.03.2024 23:00 - 16.03.2024 00:00","1519","0"
"16.03.2024 00:00 - 16.03.2024 01:00","2015","0"
"16.03.2024 01:00 - 16.03.2024 02:00","2400","0"
"16.03.2024 02:00 - 16.03.2024 03:00","2681","0"
"16.03.2024 03:00 - 16.03.2024 04:00","2786","0"
"16.03.2024 04:00 - 16.03.2024 05:00","2680","0"
"16.03.2024 05:00 - 16.03.2024 06:00","2723","0"
"16.03.2024 06:00 - 16.03.2024 07:00","2703","0"
"16.03.2024 07:00 - 16.03.2024 08:00","2828","0"
"16.03.2024 08:00 - 16.03.2024 09:00","2685","0"
"16.03.2024 09:00 - 16.03.2024 10:00","803","0"
"16.03.2024 10:00 - 16.03.2024 11:00","0","918"
"16.03.2024 11:00 - 16.03.2024 12:00","0","1708"
"16.03.2024 12:00 - 16.03.2024 13:00","0","1986"
"16.03.2024 13:00 - 16.03.2024 14:00","0","2167"
"16.03.2024 14:00 - 16.03.2024 15:00","0","2414"
"16.03.2024 15:00 - 16.03.2024 16:00","0","2087"
"16.03.2024 16:00 - 16.03.2024 17:00","0","1898"
"16.03.2024 17:00 - 16.03.2024 18:00","0","780"
"16.03.2024 18:00 - 16.03.2024 19:00","939","0"
"16.03.2024 19:00 - 16.03.2024 20:00","2559","0"
"16.03.2024 20:00 - 16.03.2024 21:00","2729","0"
"16.03.2024 21:00 - 16.03.2024 22:00","2663","0"
"16.03.2024 22:00 - 16.03.2024 23:00","2659","0"
"16.03.2024 23:00 - 17.03.2024 00:00","1685","0"
"17.03.2024 00:00 - 17.03.2024 01:00","1176","0"
"17.03.2024 01:00 - 17.03.2024 02:00","1051","0"
"17.03.2024 02:00 - 17.03.2024 03:00","605","0"
"17.03.2024 03:00 - 17.03.2024 04:00","739","0"
"17.03.2024 04:00 - 17.03.2024 05:00","956","0"
"17.03.2024 05:00 - 17.03.2024 06:00","823","0"
"17.03.2024 06:00 - 17.03.2024 07:00","525","0"
"17.03.2024 07:00 - 17.03.2024 08:00","387","0"
"17.03.2024 08:00 - 17.03.2024 09:00","0","470"
"17.03.2024 09:00 - 17.03.2024 10:00","0","963"
"17.03.2024 10:00 - 17.03.2024 11:00","0","1726"
"17.03.2024 11:00 - 17.03.2024 12:00","0","2358"
"17.03.2024 12:00 - 17.03.2024 13:00","0","2787"
"17.03.2024 13:00 - 17.03.2024 14:00","0","2841"
"17.03.2024 14:00 - 17.03.2024 15:00","0","2658"
"17.03.2024 15:00 - 17.03.2024 16:00","0","2284"
"17.03.2024 16:00 - 17.03.2024 17:00","0","1905"
"17.03.2024 17:00 - 17.03.2024 18:00","0","718"
"17.03.2024 18:00 - 17.03.2024 19:00","1073","0"
"17.03.2024 19:00 - 17.03.2024 20:00","2520","0"
"17.03.2024 20:00 - 17.03.2024 21:00","2330","0"
"17.03.2024 21:00 - 17.03.2024 22:00","1683","0"
"17.03.2024 22:00 - 17.03.2024 23:00","2062","0"
"17.03.2024 23:00 - 18.03.2024 00:00","1840","0"
"18.03.2024 00:00 - 18.03.2024 01:00","2261","0"
"18.03.2024 01:00 - 18.03.2024 02:00","2490","0"
"18.03.2024 02:00 - 18.03.2024 03:00","2240","0"
"18.03.2024 03:00 - 18.03.2024 04:00","2008","0"
"18.03.2024 04:00 - 18.03.2024 05:00","1765","0"
"18.03.2024 05:00 - 18.03.2024 06:00","2358","0"
"18.03.2024 06:00 - 18.03.2024 07:00","2608","0"
"18.03.2024 07:00 - 18.03.2024 08:00","2668","0"
"18.03.2024 08:00 - 18.03.2024 09:00","2646","0"
"18.03.2024 09:00 - 18.03.2024 10:00","1595","0"
"18.03.2024 10:00 - 18.03.2024 11:00","971","0"
"18.03.2024 11:00 - 18.03.2024 12:00","0","18"
"18.03.2024 12:00 - 18.03.2024 13:00","301","0"
"18.03.2024 13:00 - 18.03.2024 14:00","360","0"
"18.03.2024 14:00 - 18.03.2024 15:00","0","96"
"18.03.2024 15:00 - 18.03.2024 16:00","17","0"
"18.03.2024 16:00 - 18.03.2024 17:00","205","0"
"18.03.2024 17:00 - 18.03.2024 18:00","539","0"
"18.03.2024 18:00 - 18.03.2024 19:00","1344","0"
"18.03.2024 19:00 - 18.03.2024 20:00","1484","0"
"18.03.2024 20:00 - 18.03.2024 21:00","1438","0"
"18.03.2024 21:00 - 18.03.2024 22:00","1132","0"
"18.03.2024 22:00 - 18.03.2024 23:00","1006","0"
"18.03.2024 23:00 - 19.03.2024 00:00","1362","0"
"19.03.2024 00:00 - 19.03.2024 01:00","982","0"
"19.03.2024 01:00 - 19.03.2024 02:00","580","0"
"19.03.2024 02:00 - 19.03.2024 03:00","626","0"
"19.03.2024 03:00 - 19.03.2024 04:00","573","0"
"19.03.2024 04:00 - 19.03.2024 05:00","524","0"
"19.03.2024 05:00 - 19.03.2024 06:00","741","0"
"19.03.2024 06:00 - 19.03.2024 07:00","1389","0"
"19.03.2024 07:00 - 19.03.2024 08:00","1994","0"
"19.03.2024 08:00 - 19.03.2024 09:00","1856","0"
"19.03.2024 09:00 - 19.03.2024 10:00","546","0"
"19.03.2024 10:00 - 19.03.2024 11:00","0","853"
"19.03.2024 11:00 - 19.03.2024 12:00","0","1849"
"19.03.2024 12:00 - 19.03.2024 13:00","0","2973"
"19.03.2024 13:00 - 19.03.2024 14:00","0","3065"
"19.03.2024 14:00 - 19.03.2024 15:00","0","3006"
"19.03.2024 15:00 - 19.03.2024 16:00","0","3119"
"19.03.2024 16:00 - 19.03.2024 17:00","0","2311"
"19.03.2024 17:00 - 19.03.2024 18:00","0","1135"
"19.03.2024 18:00 - 19.03.2024 19:00","662","0"
"19.03.2024 19:00 - 19.03.2024 20:00","1731","0"
"19.03.2024 20:00 - 19.03.2024 21:00","1238","0"
"19.03.2024 21:00 - 19.03.2024 22:00","661","0"
"19.03.2024 22:00 - 19.03.2024 23:00","613","0"
"19.03.2024 23:00 - 20.03.2024 00:00","293","0"
"20.03.2024 00:00 - 20.03.2024 01:00","441","0"
"20.03.2024 01:00 - 20.03.2024 02:00","468","0"
"20.03.2024 02:00 - 20.03.2024 03:00","315","0"
"20.03.2024 03:00 - 20.03.2024 04:00","297","0"
"20.03.2024 04:00 - 20.03.2024 05:00","255","0"
"20.03.2024 05:00 - 20.03.2024 06:00","332","0"
"20.03.2024 06:00 - 20.03.2024 07:00","1009","0"
"20.03.2024 07:00 - 20.03.2024 08:00","1820","0"
"20.03.2024 08:00 - 20.03.2024 09:00","1902","0"
"20.03.2024 09:00 - 20.03.2024 10:00","1307","0"
"20.03.2024 10:00 - 20.03.2024 11:00","0","370"
"20.03.2024 11:00 - 20.03.2024 12:00","0","1630"
"20.03.2024 12:00 - 20.03.2024 13:00","0","2193"
"20.03.2024 13:00 - 20.03.2024 14:00","0","2239"
"20.03.2024 14:00 - 20.03.2024 15:00","0","2006"
"20.03.2024 15:00 - 20.03.2024 16:00","0","1811"
"20.03.2024 16:00 - 20.03.2024 17:00","0","827"
"20.03.2024 17:00 - 20.03.2024 18:00","0","28"
"20.03.2024 18:00 - 20.03.2024 19:00","1303","0"
"20.03.2024 19:00 - 20.03.2024 20:00","1987","0"
"20.03.2024 20:00 - 20.03.2024 21:00","1631","0"
"20.03.2024 21:00 - 20.03.2024 22:00","934","0"
"20.03.2024 22:00 - 20.03.2024 23:00","538","0"
"20.03.2024 23:00 - 21.03.2024 00:00","662","0"
"21.03.2024 00:00 - 21.03.2024 01:00","489","0"
"21.03.2024 01:00 - 21.03.2024 02:00","953","0"
"21.03.2024 02:00 - 21.03.2024 03:00","1183","0"
"21.03.2024 03:00 - 21.03.2024 04:00","1188","0"
"21.03.2024 04:00 - 21.03.2024 05:00","1538","0"
"21.03.2024 05:00 - 21.03.2024 06:00","1769","0"
"21.03.2024 06:00 - 21.03.2024 07:00","1618","0"
"21.03.2024 07:00 - 21.03.2024 08:00","2171","0"
"21.03.2024 08:00 - 21.03.2024 09:00","2186","0"
"21.03.2024 09:00 - 21.03.2024 10:00","1328","0"
"21.03.2024 10:00 - 21.03.2024 11:00","356","0"
"21.03.2024 11:00 - 21.03.2024 12:00","0","881"
"21.03.2024 12:00 - 21.03.2024 13:00","0","1562"
"21.03.2024 13:00 - 21.03.2024 14:00","0","2016"
"21.03.2024 14:00 - 21.03.2024 15:00","0","2429"
"21.03.2024 15:00 - 21.03.2024 16:00","0","2182"
"21.03.2024 16:00 - 21.03.2024 17:00","0","1713"
"21.03.2024 17:00 - 21.03.2024 18:00","0","668"
"21.03.2024 18:00 - 21.03.2024 19:00","524","0"
"21.03.2024 19:00 - 21.03.2024 20:00","2676","0"
"21.03.2024 20:00 - 21.03.2024 21:00","3043","0"
"21.03.2024 21:00 - 21.03.2024 22:00","3257","0"
"21.03.2024 22:00 - 21.03.2024 23:00","3185","0"
"21.03.2024 23:00 - 22.03.2024 00:00","2814","0"
"22.03.2024 00:00 - 22.03.2024 01:00","2826","0"
"22.03.2024 01:00 - 22.03.2024 02:00","2945","0"
"22.03.2024 02:00 - 22.03.2024 03:00","3029","0"
"22.03.2024 03:00 - 22.03.2024 04:00","3053","0"
"22.03.2024 04:00 - 22.03.2024 05:00","3018","0"
"22.03.2024 05:00 - 22.03.2024 06:00","2901","0"
"22.03.2024 06:00 - 22.03.2024 07:00","2765","0"
"22.03.2024 07:00 - 22.03.2024 08:00","2799","0"
"22.03.2024 08:00 - 22.03.2024 09:00","2424","0"
"22.03.2024 09:00 - 22.03.2024 10:00","1338","0"
"22.03.2024 10:00 - 22.03.2024 11:00","452","0"
"22.03.2024 11:00 - 22.03.2024 12:00","0","315"
"22.03.2024 12:00 - 22.03.2024 13:00","0","375"
"22.03.2024 13:00 - 22.03.2024 14:00","0","523"
"22.03.2024 14:00 - 22.03.2024 15:00","0","784"
"22.03.2024 15:00 - 22.03.2024 16:00","0","359"
"22.03.2024 16:00 - 22.03.2024 17:00","210","0"
"22.03.2024 17:00 - 22.03.2024 18:00","976","0"
"22.03.2024 18:00 - 22.03.2024 19:00","2183","0"
"22.03.2024 19:00 - 22.03.2024 20:00","2796","0"
"22.03.2024 20:00 - 22.03.2024 21:00","2771","0"
"22.03.2024 21:00 - 22.03.2024 22:00","2741","0"
"22.03.2024 22:00 - 22.03.2024 23:00","1991","0"
"22.03.2024 23:00 - 23.03.2024 00:00","1765","0"
"23.03.2024 00:00 - 23.03.2024 01:00","230","0"
"23.03.2024 01:00 - 23.03.2024 02:00","0","118"
"23.03.2024 02:00 - 23.03.2024 03:00","0","319"
"23.03.2024 03:00 - 23.03.2024 04:00","0","168"
"23.03.2024 04:00 - 23.03.2024 05:00","111","0"
"23.03.2024 05:00 - 23.03.2024 06:00","207","0"
"23.03.2024 06:00 - 23.03.2024 07:00","405","0"
"23.03.2024 07:00 - 23.03.2024 08:00","424","0"
"23.03.2024 08:00 - 23.03.2024 09:00","267","0"
"23.03.2024 09:00 - 23.03.2024 10:00","0","587"
"23.03.2024 10:00 - 23.03.2024 11:00","0","1206"
"23.03.2024 11:00 - 23.03.2024 12:00","0","988"
"23.03.2024 12:00 - 23.03.2024 13:00","0","1237"
"23.03.2024 13:00 - 23.03.2024 14:00","0","1570"
"23.03.2024 14:00 - 23.03.2024 15:00","0","1671"
"23.03.2024 15:00 - 23.03.2024 16:00","0","1751"
"23.03.2024 16:00 - 23.03.2024 17:00","0","1334"
"23.03.2024 17:00 - 23.03.2024 18:00","0","682"
"23.03.2024 18:00 - 23.03.2024 19:00","689","0"
"23.03.2024 19:00 - 23.03.2024 20:00","1401","0"
"23.03.2024 20:00 - 23.03.2024 21:00","2014","0"
"23.03.2024 21:00 - 23.03.2024 22:00","2327","0"
"23.03.2024 22:00 - 23.03.2024 23:00","1766","0"
"23.03.2024 23:00 - 24.03.2024 00:00","1813","0"
"24.03.2024 00:00 - 24.03.2024 01:00","1039","0"
"24.03.2024 01:00 - 24.03.2024 02:00","907","0"
"24.03.2024 02:00 - 24.03.2024 03:00","840","0"
"24.03.2024 03:00 - 24.03.2024 04:00","721","0"
"24.03.2024 04:00 - 24.03.2024 05:00","773","0"
"24.03.2024 05:00 - 24.03.2024 06:00","779","0"
"24.03.2024 06:00 - 24.03.2024 07:00","950","0"
"24.03.2024 07:00 - 24.03.2024 08:00","769","0"
"24.03.2024 08:00 - 24.03.2024 09:00","404","0"
"24.03.2024 09:00 - 24.03.2024 10:00","0","586"
"24.03.2024 10:00 - 24.03.2024 11:00","0","1023"
"24.03.2024 11:00 - 24.03.2024 12:00","0","1384"
"24.03.2024 12:00 - 24.03.2024 13:00","0","1635"
"24.03.2024 13:00 - 24.03.2024 14:00","0","1930"
"24.03.2024 14:00 - 24.03.2024 15:00","0","1914"
"24.03.2024 15:00 - 24.03.2024 16:00","0","958"
"24.03.2024 16:00 - 24.03.2024 17:00","0","397"
"24.03.2024 17:00 - 24.03.2024 18:00","0","54"
"24.03.2024 18:00 - 24.03.2024 19:00","836","0"
"24.03.2024 19:00 - 24.03.2024 20:00","1836","0"
"24.03.2024 20:00 - 24.03.2024 21:00","2413","0"
"24.03.2024 21:00 - 24.03.2024 22:00","2571","0"
"24.03.2024 22:00 - 24.03.2024 23:00","2489","0"
"24.03.2024 23:00 - 25.03.2024 00:00","2503","0"
"25.03.2024 00:00 - 25.03.2024 01:00","2216","0"
"25.03.2024 01:00 - 25.03.2024 02:00","1585","0"
"25.03.2024 02:00 - 25.03.2024 03:00","1349","0"
"25.03.2024 03:00 - 25.03.2024 04:00","1247","0"
"25.03.2024 04:00 - 25.03.2024 05:00","1287","0"
"25.03.2024 05:00 - 25.03.2024 06:00","2042","0"
"25.03.2024 06:00 - 25.03.2024 07:00","2651","0"
"25.03.2024 07:00 - 25.03.2024 08:00","2730","0"
"25.03.2024 08:00 - 25.03.2024 09:00","2635","0"
"25.03.2024 09:00 - 25.03.2024 10:00","2770","0"
"25.03.2024 10:00 - 25.03.2024 11:00","2760","0"
"25.03.2024 11:00 - 25.03.2024 12:00","2814","0"
"25.03.2024 12:00 - 25.03.2024 13:00","2453","0"
"25.03.2024 13:00 - 25.03.2024 14:00","2280","0"
"25.03.2024 14:00 - 25.03.2024 15:00","1567","0"
"25.03.2024 15:00 - 25.03.2024 16:00","1431","0"
"25.03.2024 16:00 - 25.03.2024 17:00","1345","0"
"25.03.2024 17:00 - 25.03.2024 18:00","1250","0"
"25.03.2024 18:00 - 25.03.2024 19:00","2014","0"
"25.03.2024 19:00 - 25.03.2024 20:00","2683","0"
"25.03.2024 20:00 - 25.03.2024 21:00","2874","0"
"25.03.2024 21:00 - 25.03.2024 22:00","2606","0"
"25.03.2024 22:00 - 25.03.2024 23:00","1409","0"
"25.03.2024 23:00 - 26.03.2024 00:00","1107","0"
"26.03.2024 00:00 - 26.03.2024 01:00","965","0"
"26.03.2024 01:00 - 26.03.2024 02:00","668","0"
"26.03.2024 02:00 - 26.03.2024 03:00","235","0"
"26.03.2024 03:00 - 26.03.2024 04:00","0","470"
"26.03.2024 04:00 - 26.03.2024 05:00","0","106"
"26.03.2024 05:00 - 26.03.2024 06:00","114","0"
"26.03.2024 06:00 - 26.03.2024 07:00","933","0"
"26.03.2024 07:00 - 26.03.2024 08:00","1559","0"
"26.03.2024 08:00 - 26.03.2024 09:00","1438","0"
"26.03.2024 09:00 - 26.03.2024 10:00","153","0"
"26.03.2024 10:00 - 26.03.2024 11:00","0","635"
"26.03.2024 11:00 - 26.03.2024 12:00","0","2011"
"26.03.2024 12:00 - 26.03.2024 13:00","0","2207"
"26.03.2024 13:00 - 26.03.2024 14:00","0","2161"
"26.03.2024 14:00 - 26.03.2024 15:00","0","2628"
"26.03.2024 15:00 - 26.03.2024 16:00","0","2661"
"26.03.2024 16:00 - 26.03.2024 17:00","0","1735"
"26.03.2024 17:00 - 26.03.2024 18:00","0","139"
"26.03.2024 18:00 - 26.03.2024 19:00","1324","0"
"26.03.2024 19:00 - 26.03.2024 20:00","2029","0"
"26.03.2024 20:00 - 26.03.2024 21:00","2052","0"
"26.03.2024 21:00 - 26.03.2024 22:00","2173","0"
"26.03.2024 22:00 - 26.03.2024 23:00","2137","0"
"26.03.2024 23:00 - 27.03.2024 00:00","1802","0"
"27.03.2024 00:00 - 27.03.2024 01:00","2047","0"
"27.03.2024 01:00 - 27.03.2024 02:00","2168","0"
"27.03.2024 02:00 - 27.03.2024 03:00","1917","0"
"27.03.2024 03:00 - 27.03.2024 04:00","889","0"
"27.03.2024 04:00 - 27.03.2024 05:00","703","0"
"27.03.2024 05:00 - 27.03.2024 06:00","958","0"
"27.03.2024 06:00 - 27.03.2024 07:00","1838","0"
"27.03.2024 07:00 - 27.03.2024 08:00","2287","0"
"27.03.2024 08:00 - 27.03.2024 09:00","2161","0"
"27.03.2024 09:00 - 27.03.2024 10:00","1244","0"
"27.03.2024 10:00 - 27.03.2024 11:00","0","19"
"27.03.2024 11:00 - 27.03.2024 12:00","0","710"
"27.03.2024 12:00 - 27.03.2024 13:00","0","966"
"27.03.2024 13:00 - 27.03.2024 14:00","0","923"
"27.03.2024 14:00 - 27.03.2024 15:00","0","1222"
"27.03.2024 15:00 - 27.03.2024 16:00","0","1111"
"27.03.2024 16:00 - 27.03.2024 17:00","0","732"
"27.03.2024 17:00 - 27.03.2024 18:00","0","17"
"27.03.2024 18:00 - 27.03.2024 19:00","1485","0"
"27.03.2024 19:00 - 27.03.2024 20:00","2513","0"
"27.03.2024 20:00 - 27.03.2024 21:00","2282","0"
"27.03.2024 21:00 - 27.03.2024 22:00","2106","0"
"27.03.2024 22:00 - 27.03.2024 23:00","1856","0"
"27.03.2024 23:00 - 28.03.2024 00:00","708","0"
"28.03.2024 00:00 - 28.03.2024 01:00","73","0"
"28.03.2024 01:00 - 28.03.2024 02:00","0","709"
"28.03.2024 02:00 - 28.03.2024 03:00","0","832"
"28.03.2024 03:00 - 28.03.2024 04:00","0","1051"
"28.03.2024 04:00 - 28.03.2024 05:00","0","1190"
"28.03.2024 05:00 - 28.03.2024 06:00","0","845"
"28.03.2024 06:00 - 28.03.2024 07:00","179","0"
"28.03.2024 07:00 - 28.03.2024 08:00","501","0"
"28.03.2024 08:00 - 28.03.2024 09:00","199","0"
"28.03.2024 09:00 - 28.03.2024 10:00","0","415"
"28.03.2024 10:00 - 28.03.2024 11:00","0","920"
"28.03.2024 11:00 - 28.03.2024 12:00","0","1326"
"28.03.2024 12:00 - 28.03.2024 13:00","0","1580"
"28.03.2024 13:00 - 28.03.2024 14:00","0","1595"
"28.03.2024 14:00 - 28.03.2024 15:00","0","1510"
"28.03.2024 15:00 - 28.03.2024 16:00","0","1467"
"28.03.2024 16:00 - 28.03.2024 17:00","0","1202"
"28.03.2024 17:00 - 28.03.2024 18:00","0","240"
"28.03.2024 18:00 - 28.03.2024 19:00","1762","0"
"28.03.2024 19:00 - 28.03.2024 20:00","2099","0"
"28.03.2024 20:00 - 28.03.2024 21:00","1660","0"
"28.03.2024 21:00 - 28.03.2024 22:00","1553","0"
"28.03.2024 22:00 - 28.03.2024 23:00","1144","0"
"28.03.2024 23:00 - 29.03.2024 00:00","1028","0"
"29.03.2024 00:00 - 29.03.2024 01:00","722","0"
"29.03.2024 01:00 - 29.03.2024 02:00","323","0"
"29.03.2024 02:00 - 29.03.2024 03:00","0","16"
"29.03.2024 03:00 - 29.03.2024 04:00","0","734"
"29.03.2024 04:00 - 29.03.2024 05:00","0","574"
"29.03.2024 05:00 - 29.03.2024 06:00","102","0"
"29.03.2024 06:00 - 29.03.2024 07:00","593","0"
"29.03.2024 07:00 - 29.03.2024 08:00","610","0"
"29.03.2024 08:00 - 29.03.2024 09:00","25","0"
"29.03.2024 09:00 - 29.03.2024 10:00","0","617"
"29.03.2024 10:00 - 29.03.2024 11:00","0","450"
"29.03.2024 11:00 - 29.03.2024 12:00","0","329"
"29.03.2024 12:00 - 29.03.2024 13:00","0","432"
"29.03.2024 13:00 - 29.03.2024 14:00","0","820"
"29.03.2024 14:00 - 29.03.2024 15:00","0","941"
"29.03.2024 15:00 - 29.03.2024 16:00","0","1337"
"29.03.2024 16:00 - 29.03.2024 17:00","0","1611"
"29.03.2024 17:00 - 29.03.2024 18:00","0","1717"
"29.03.2024 18:00 - 29.03.2024 19:00","0","55"
"29.03.2024 19:00 - 29.03.2024 20:00","1511","0"
"29.03.2024 20:00 - 29.03.2024 21:00","1757","0"
"29.03.2024 21:00 - 29.03.2024 22:00","1868","0"
"29.03.2024 22:00 - 29.03.2024 23:00","2271","0"
"29.03.2024 23:00 - 30.03.2024 00:00","2433","0"
"30.03.2024 00:00 - 30.03.2024 01:00","2943","0"
"30.03.2024 01:00 - 30.03.2024 02:00","2494","0"
"30.03.2024 02:00 - 30.03.2024 03:00","1990","0"
"30.03.2024 03:00 - 30.03.2024 04:00","1283","0"
"30.03.2024 04:00 - 30.03.2024 05:00","1325","0"
"30.03.2024 05:00 - 30.03.2024 06:00","1587","0"
"30.03.2024 06:00 - 30.03.2024 07:00","2106","0"
"30.03.2024 07:00 - 30.03.2024 08:00","2214","0"
"30.03.2024 08:00 - 30.03.2024 09:00","1485","0"
"30.03.2024 09:00 - 30.03.2024 10:00","627","0"
"30.03.2024 10:00 - 30.03.2024 11:00","0","339"
"30.03.2024 11:00 - 30.03.2024 12:00","0","903"
"30.03.2024 12:00 - 30.03.2024 13:00","0","794"
"30.03.2024 13:00 - 30.03.2024 14:00","0","362"
"30.03.2024 14:00 - 30.03.2024 15:00","0","227"
"30.03.2024 15:00 - 30.03.2024 16:00","0","470"
"30.03.2024 16:00 - 30.03.2024 17:00","0","545"
"30.03.2024 17:00 - 30.03.2024 18:00","144","0"
"30.03.2024 18:00 - 30.03.2024 19:00","1058","0"
"30.03.2024 19:00 - 30.03.2024 20:00","1996","0"
"30.03.2024 20:00 - 30.03.2024 21:00","1973","0"
"30.03.2024 21:00 - 30.03.2024 22:00","1912","0"
"30.03.2024 22:00 - 30.03.2024 23:00","1720","0"
"30.03.2024 23:00 - 31.03.2024 00:00","1115","0"
"31.03.2024 00:00 - 31.03.2024 01:00","833","0"
"31.03.2024 01:00 - 31.03.2024 02:00","68","0"
"31.03.2024 02:00 - 31.03.2024 03:00","",""
"31.03.2024 03:00 - 31.03.2024 04:00","0","830"
"31.03.2024 04:00 - 31.03.2024 05:00","0","1259"
"31.03.2024 05:00 - 31.03.2024 06:00","0","1051"
"31.03.2024 06:00 - 31.03.2024 07:00","0","665"
"31.03.2024 07:00 - 31.03.2024 08:00","0","486"
"31.03.2024 08:00 - 31.03.2024 09:00","0","137"
"31.03.2024 09:00 - 31.03.2024 10:00","0","132"
"31.03.2024 10:00 - 31.03.2024 11:00","489","0"
"31.03.2024 11:00 - 31.03.2024 12:00","951","0"
"31.03.2024 12:00 - 31.03.2024 13:00","1","0"
"31.03.2024 13:00 - 31.03.2024 14:00","0","781"
"31.03.2024 14:00 - 31.03.2024 15:00","0","796"
"31.03.2024 15:00 - 31.03.2024 16:00","0","971"
"31.03.2024 16:00 - 31.03.2024 17:00","0","515"
"31.03.2024 17:00 - 31.03.2024 18:00","0","1084"
"31.03.2024 18:00 - 31.03.2024 19:00","0","997"
"31.03.2024 19:00 - 31.03.2024 20:00","0","676"
"31.03.2024 20:00 - 31.03.2024 21:00","1175","0"
"31.03.2024 21:00 - 31.03.2024 22:00","2054","0"
"31.03.2024 22:00 - 31.03.2024 23:00","2089","0"
"31.03.2024 23:00 - 01.04.2024 00:00","2362","0"
"01.04.2024 00:00 - 01.04.2024 01:00","1954","0"
"01.04.2024 01:00 - 01.04.2024 02:00","805","0"
"01.04.2024 02:00 - 01.04.2024 03:00","219","0"
"01.04.2024 03:00 - 01.04.2024 04:00","88","0"
"01.04.2024 04:00 - 01.04.2024 05:00","312","0"
"01.04.2024 05:00 - 01.04.2024 06:00","561","0"
"01.04.2024 06:00 - 01.04.2024 07:00","1281","0"
"01.04.2024 07:00 - 01.04.2024 08:00","2222","0"
"01.04.2024 08:00 - 01.04.2024 09:00","2363","0"
"01.04.2024 09:00 - 01.04.2024 10:00","721","0"
"01.04.2024 10:00 - 01.04.2024 11:00","0","172"
"01.04.2024 11:00 - 01.04.2024 12:00","0","842"
"01.04.2024 12:00 - 01.04.2024 13:00","0","1095"
"01.04.2024 13:00 - 01.04.2024 14:00","0","1157"
"01.04.2024 14:00 - 01.04.2024 15:00","0","1119"
"01.04.2024 15:00 - 01.04.2024 16:00","0","1019"
"01.04.2024 16:00 - 01.04.2024 17:00","0","1139"
"01.04.2024 17:00 - 01.04.2024 18:00","0","1080"
"01.04.2024 18:00 - 01.04.2024 19:00","0","1034"
"01.04.2024 19:00 - 01.04.2024 20:00","27","0"
"01.04.2024 20:00 - 01.04.2024 21:00","1656","0"
"01.04.2024 21:00 - 01.04.2024 22:00","2525","0"
"01.04.2024 22:00 - 01.04.2024 23:00","2663","0"
"01.04.2024 23:00 - 02.04.2024 00:00","2275","0"
"02.04.2024 00:00 - 02.04.2024 01:00","2195","0"
"02.04.2024 01:00 - 02.04.2024 02:00","2093","0"
"02.04.2024 02:00 - 02.04.2024 03:00","2338","0"
"02.04.2024 03:00 - 02.04.2024 04:00","2180","0"
"02.04.2024 04:00 - 02.04.2024 05:00","2620","0"
"02.04.2024 05:00 - 02.04.2024 06:00","2922","0"
"02.04.2024 06:00 - 02.04.2024 07:00","2525","0"
"02.04.2024 07:00 - 02.04.2024 08:00","2337","0"
"02.04.2024 08:00 - 02.04.2024 09:00","2333","0"
"02.04.2024 09:00 - 02.04.2024 10:00","2232","0"
"02.04.2024 10:00 - 02.04.2024 11:00","2206","0"
"02.04.2024 11:00 - 02.04.2024 12:00","1322","0"
"02.04.2024 12:00 - 02.04.2024 13:00","1006","0"
"02.04.2024 13:00 - 02.04.2024 14:00","762","0"
"02.04.2024 14:00 - 02.04.2024 15:00","96","0"
"02.04.2024 15:00 - 02.04.2024 16:00","0","444"
"02.04.2024 16:00 - 02.04.2024 17:00","0","329"
"02.04.2024 17:00 - 02.04.2024 18:00","1058","0"
"02.04.2024 18:00 - 02.04.2024 19:00","2030","0"
"02.04.2024 19:00 - 02.04.2024 20:00","1853","0"
"02.04.2024 20:00 - 02.04.2024 21:00","2163","0"
"02.04.2024 21:00 - 02.04.2024 22:00","2234","0"
"02.04.2024 22:00 - 02.04.2024 23:00","2178","0"
"02.04.2024 23:00 - 03.04.2024 00:00","1465","0"
"03.04.2024 00:00 - 03.04.2024 01:00","1350","0"
"03.04.2024 01:00 - 03.04.2024 02:00","1530","0"
"03.04.2024 02:00 - 03.04.2024 03:00","1293","0"
"03.04.2024 03:00 - 03.04.2024 04:00","1332","0"
"03.04.2024 04:00 - 03.04.2024 05:00","1152","0"
"03.04.2024 05:00 - 03.04.2024 06:00","1442","0"
"03.04.2024 06:00 - 03.04.2024 07:00","1825","0"
"03.04.2024 07:00 - 03.04.2024 08:00","2197","0"
"03.04.2024 08:00 - 03.04.2024 09:00","2306","0"
"03.04.2024 09:00 - 03.04.2024 10:00","1648","0"
"03.04.2024 10:00 - 03.04.2024 11:00","927","0"
"03.04.2024 11:00 - 03.04.2024 12:00","74","0"
"03.04.2024 12:00 - 03.04.2024 13:00","0","1427"
"03.04.2024 13:00 - 03.04.2024 14:00","0","1361"
"03.04.2024 14:00 - 03.04.2024 15:00","0","1227"
"03.04.2024 15:00 - 03.04.2024 16:00","0","1519"
"03.04.2024 16:00 - 03.04.2024 17:00","0","1646"
"03.04.2024 17:00 - 03.04.2024 18:00","0","1286"
"03.04.2024 18:00 - 03.04.2024 19:00","0","457"
"03.04.2024 19:00 - 03.04.2024 20:00","0","413"
"03.04.2024 20:00 - 03.04.2024 21:00","1080","0"
"03.04.2024 21:00 - 03.04.2024 22:00","1330","0"
"03.04.2024 22:00 - 03.04.2024 23:00","914","0"
"03.04.2024 23:00 - 04.04.2024 00:00","656","0"
"04.04.2024 00:00 - 04.04.2024 01:00","719","0"
"04.04.2024 01:00 - 04.04.2024 02:00","910","0"
"04.04.2024 02:00 - 04.04.2024 03:00","1174","0"
"04.04.2024 03:00 - 04.04.2024 04:00","1031","0"
"04.04.2024 04:00 - 04.04.2024 05:00","920","0"
"04.04.2024 05:00 - 04.04.2024 06:00","1947","0"
"04.04.2024 06:00 - 04.04.2024 07:00","2387","0"
"04.04.2024 07:00 - 04.04.2024 08:00","2307","0"
"04.04.2024 08:00 - 04.04.2024 09:00","2491","0"
"04.04.2024 09:00 - 04.04.2024 10:00","1929","0"
"04.04.2024 10:00 - 04.04.2024 11:00","250","0"
"04.04.2024 11:00 - 04.04.2024 12:00","0","846"
"04.04.2024 12:00 - 04.04.2024 13:00","0","1080"
"04.04.2024 13:00 - 04.04.2024 14:00","0","1045"
"04.04.2024 14:00 - 04.04.2024 15:00","0","1098"
"04.04.2024 15:00 - 04.04.2024 16:00","0","1138"
"04.04.2024 16:00 - 04.04.2024 17:00","0","1070"
"04.04.2024 17:00 - 04.04.2024 18:00","0","739"
"04.04.2024 18:00 - 04.04.2024 19:00","0","289"
"04.04.2024 19:00 - 04.04.2024 20:00","962","0"
"04.04.2024 20:00 - 04.04.2024 21:00","1819","0"
"04.04.2024 21:00 - 04.04.2024 22:00","2150","0"
"04.04.2024 22:00 - 04.04.2024 23:00","2091","0"
"04.04.2024 23:00 - 05.04.2024 00:00","1736","0"
"05.04.2024 00:00 - 05.04.2024 01:00","1911","0"
"05.04.2024 01:00 - 05.04.2024 02:00","2287","0"
"05.04.2024 02:00 - 05.04.2024 03:00","2229","0"
"05.04.2024 03:00 - 05.04.2024 04:00","1524","0"
"05.04.2024 04:00 - 05.04.2024 05:00","1183","0"
"05.04.2024 05:00 - 05.04.2024 06:00","1777","0"
"05.04.2024 06:00 - 05.04.2024 07:00","2110","0"
"05.04.2024 07:00 - 05.04.2024 08:00","2466","0"
"05.04.2024 08:00 - 05.04.2024 09:00","2662","0"
"05.04.2024 09:00 - 05.04.2024 10:00","1656","0"
"05.04.2024 10:00 - 05.04.2024 11:00","446","0"
"05.04.2024 11:00 - 05.04.2024 12:00","0","104"
"05.04.2024 12:00 - 05.04.2024 13:00","0","283"
"05.04.2024 13:00 - 05.04.2024 14:00","0","1451"
"05.04.2024 14:00 - 05.04.2024 15:00","0","1940"
"05.04.2024 15:00 - 05.04.2024 16:00","0","2747"
"05.04.2024 16:00 - 05.04.2024 17:00","0","2327"
"05.04.2024 17:00 - 05.04.2024 18:00","0","1036"
"05.04.2024 18:00 - 05.04.2024 19:00","261","0"
"05.04.2024 19:00 - 05.04.2024 20:00","827","0"
"05.04.2024 20:00 - 05.04.2024 21:00","1755","0"
"05.04.2024 21:00 - 05.04.2024 22:00","2398","0"
"05.04.2024 22:00 - 05.04.2024 23:00","2643","0"
"05.04.2024 23:00 - 06.04.2024 00:00","2625","0"
"06.04.2024 00:00 - 06.04.2024 01:00","2292","0"
"06.04.2024 01:00 - 06.04.2024 02:00","1905","0"
"06.04.2024 02:00 - 06.04.2024 03:00","2022","0"
"06.04.2024 03:00 - 06.04.2024 04:00","643","0"
"06.04.2024 04:00 - 06.04.2024 05:00","0","319"
"06.04.2024 05:00 - 06.04.2024 06:00","0","615"
"06.04.2024 06:00 - 06.04.2024 07:00","0","177"
"06.04.2024 07:00 - 06.04.2024 08:00","244","0"
"06.04.2024 08:00 - 06.04.2024 09:00","660","0"
"06.04.2024 09:00 - 06.04.2024 10:00","0","836"
"06.04.2024 10:00 - 06.04.2024 11:00","0","1266"
"06.04.2024 11:00 - 06.04.2024 12:00","0","1214"
"06.04.2024 12:00 - 06.04.2024 13:00","0","1288"
"06.04.2024 13:00 - 06.04.2024 14:00","0","2098"
"06.04.2024 14:00 - 06.04.2024 15:00","0","2804"
"06.04.2024 15:00 - 06.04.2024 16:00","0","2886"
"06.04.2024 16:00 - 06.04.2024 17:00","0","2701"
"06.04.2024 17:00 - 06.04.2024 18:00","0","1746"
"06.04.2024 18:00 - 06.04.2024 19:00","0","1485"
"06.04.2024 19:00 - 06.04.2024 20:00","0","75"
"06.04.2024 20:00 - 06.04.2024 21:00","1169","0"
"06.04.2024 21:00 - 06.04.2024 22:00","1492","0"
"06.04.2024 22:00 - 06.04.2024 23:00","1797","0"
"06.04.2024 23:00 - 07.04.2024 00:00","1551","0"
"07.04.2024 00:00 - 07.04.2024 01:00","1082","0"
"07.04.2024 01:00 - 07.04.2024 02:00","826","0"
"07.04.2024 02:00 - 07.04.2024 03:00","231","0"
"07.04.2024 03:00 - 07.04.2024 04:00","0","657"
"07.04.2024 04:00 - 07.04.2024 05:00","0","1291"
"07.04.2024 05:00 - 07.04.2024 06:00","0","900"
"07.04.2024 06:00 - 07.04.2024 07:00","0","654"
"07.04.2024 07:00 - 07.04.2024 08:00","0","640"
"07.04.2024 08:00 - 07.04.2024 09:00","0","498"
"07.04.2024 09:00 - 07.04.2024 10:00","0","552"
"07.04.2024 10:00 - 07.04.2024 11:00","0","400"
"07.04.2024 11:00 - 07.04.2024 12:00","0","607"
"07.04.2024 12:00 - 07.04.2024 13:00","0","1468"
"07.04.2024 13:00 - 07.04.2024 14:00","0","1977"
"07.04.2024 14:00 - 07.04.2024 15:00","0","2283"
"07.04.2024 15:00 - 07.04.2024 16:00","0","2490"
"07.04.2024 16:00 - 07.04.2024 17:00","0","2556"
"07.04.2024 17:00 - 07.04.2024 18:00","0","518"
"07.04.2024 18:00 - 07.04.2024 19:00","432","0"
"07.04.2024 19:00 - 07.04.2024 20:00","1161","0"
"07.04.2024 20:00 - 07.04.2024 21:00","2114","0"
"07.04.2024 21:00 - 07.04.2024 22:00","2474","0"
"07.04.2024 22:00 - 07.04.2024 23:00","2571","0"
"07.04.2024 23:00 - 08.04.2024 00:00","2591","0"
"08.04.2024 00:00 - 08.04.2024 01:00","2634","0"
"08.04.2024 01:00 - 08.04.2024 02:00","1888","0"
"08.04.2024 02:00 - 08.04.2024 03:00","1598","0"
"08.04.2024 03:00 - 08.04.2024 04:00","1091","0"
"08.04.2024 04:00 - 08.04.2024 05:00","1218","0"
"08.04.2024 05:00 - 08.04.2024 06:00","1465","0"
"08.04.2024 06:00 - 08.04.2024 07:00","2320","0"
"08.04.2024 07:00 - 08.04.2024 08:00","2626","0"
"08.04.2024 08:00 - 08.04.2024 09:00","2674","0"
"08.04.2024 09:00 - 08.04.2024 10:00","1826","0"
"08.04.2024 10:00 - 08.04.2024 11:00","613","0"
"08.04.2024 11:00 - 08.04.2024 12:00","0","37"
"08.04.2024 12:00 - 08.04.2024 13:00","0","8"
"08.04.2024 13:00 - 08.04.2024 14:00","0","1230"
"08.04.2024 14:00 - 08.04.2024 15:00","0","1764"
"08.04.2024 15:00 - 08.04.2024 16:00","0","2147"
"08.04.2024 16:00 - 08.04.2024 17:00","0","1251"
"08.04.2024 17:00 - 08.04.2024 18:00","0","1167"
"08.04.2024 18:00 - 08.04.2024 19:00","0","394"
"08.04.2024 19:00 - 08.04.2024 20:00","1107","0"
"08.04.2024 20:00 - 08.04.2024 21:00","2226","0"
"08.04.2024 21:00 - 08.04.2024 22:00","1857","0"
"08.04.2024 22:00 - 08.04.2024 23:00","1393","0"
"08.04.2024 23:00 - 09.04.2024 00:00","469","0"
"09.04.2024 00:00 - 09.04.2024 01:00","0","498"
"09.04.2024 01:00 - 09.04.2024 02:00","0","488"
"09.04.2024 02:00 - 09.04.2024 03:00","713","0"
"09.04.2024 03:00 - 09.04.2024 04:00","178","0"
"09.04.2024 04:00 - 09.04.2024 05:00","0","291"
"09.04.2024 05:00 - 09.04.2024 06:00","217","0"
"09.04.2024 06:00 - 09.04.2024 07:00","414","0"
"09.04.2024 07:00 - 09.04.2024 08:00","1725","0"
"09.04.2024 08:00 - 09.04.2024 09:00","1459","0"
"09.04.2024 09:00 - 09.04.2024 10:00","0","625"
"09.04.2024 10:00 - 09.04.2024 11:00","0","2496"
"09.04.2024 11:00 - 09.04.2024 12:00","0","1819"
"09.04.2024 12:00 - 09.04.2024 13:00","0","1363"
"09.04.2024 13:00 - 09.04.2024 14:00","0","1577"
"09.04.2024 14:00 - 09.04.2024 15:00","0","1672"
"09.04.2024 15:00 - 09.04.2024 16:00","0","2095"
"09.04.2024 16:00 - 09.04.2024 17:00","0","1235"
"09.04.2024 17:00 - 09.04.2024 18:00","0","862"
"09.04.2024 18:00 - 09.04.2024 19:00","0","1713"
"09.04.2024 19:00 - 09.04.2024 20:00","0","855"
"09.04.2024 20:00 - 09.04.2024 21:00","923","0"
"09.04.2024 21:00 - 09.04.2024 22:00","1265","0"
"09.04.2024 22:00 - 09.04.2024 23:00","1430","0"
"09.04.2024 23:00 - 10.04.2024 00:00","1455","0"
"10.04.2024 00:00 - 10.04.2024 01:00","1429","0"
"10.04.2024 01:00 - 10.04.2024 02:00","1602","0"
"10.04.2024 02:00 - 10.04.2024 03:00","1085","0"
"10.04.2024 03:00 - 10.04.2024 04:00","896","0"
"10.04.2024 04:00 - 10.04.2024 05:00","1055","0"
"10.04.2024 05:00 - 10.04.2024 06:00","1273","0"
"10.04.2024 06:00 - 10.04.2024 07:00","1919","0"
"10.04.2024 07:00 - 10.04.2024 08:00","2521","0"
"10.04.2024 08:00 - 10.04.2024 09:00","2634","0"
"10.04.2024 09:00 - 10.04.2024 10:00","816","0"
"10.04.2024 10:00 - 10.04.2024 11:00","0","897"
"10.04.2024 11:00 - 10.04.2024 12:00","0","1467"
"10.04.2024 12:00 - 10.04.2024 13:00","0","2023"
"10.04.2024 13:00 - 10.04.2024 14:00","0","2204"
"10.04.2024 14:00 - 10.04.2024 15:00","0","2339"
"10.04.2024 15:00 - 10.04.2024 16:00","0","2617"
"10.04.2024 16:00 - 10.04.2024 17:00","0","2068"
"10.04.2024 17:00 - 10.04.2024 18:00","0","1929"
"10.04.2024 18:00 - 10.04.2024 19:00","0","1616"
"10.04.2024 19:00 - 10.04.2024 20:00","0","898"
"10.04.2024 20:00 - 10.04.2024 21:00","695","0"
"10.04.2024 21:00 - 10.04.2024 22:00","1173","0"
"10.04.2024 22:00 - 10.04.2024 23:00","1194","0"
"10.04.2024 23:00 - 11.04.2024 00:00","752","0"
"11.04.2024 00:00 - 11.04.2024 01:00","797","0"
"11.04.2024 01:00 - 11.04.2024 02:00","660","0"
"11.04.2024 02:00 - 11.04.2024 03:00","583","0"
"11.04.2024 03:00 - 11.04.2024 04:00","524","0"
"11.04.2024 04:00 - 11.04.2024 05:00","301","0"
"11.04.2024 05:00 - 11.04.2024 06:00","1350","0"
"11.04.2024 06:00 - 11.04.2024 07:00","2212","0"
"11.04.2024 07:00 - 11.04.2024 08:00","2507","0"
"11.04.2024 08:00 - 11.04.2024 09:00","2483","0"
"11.04.2024 09:00 - 11.04.2024 10:00","612","0"
"11.04.2024 10:00 - 11.04.2024 11:00","0","963"
"11.04.2024 11:00 - 11.04.2024 12:00","0","1842"
"11.04.2024 12:00 - 11.04.2024 13:00","0","2199"
"11.04.2024 13:00 - 11.04.2024 14:00","0","2153"
"11.04.2024 14:00 - 11.04.2024 15:00","0","2231"
"11.04.2024 15:00 - 11.04.2024 16:00","0","2215"
"11.04.2024 16:00 - 11.04.2024 17:00","0","2068"
"11.04.2024 17:00 - 11.04.2024 18:00","0","1833"
"11.04.2024 18:00 - 11.04.2024 19:00","0","1344"
"11.04.2024 19:00 - 11.04.2024 20:00","728","0"
"11.04.2024 20:00 - 11.04.2024 21:00","1873","0"
"11.04.2024 21:00 - 11.04.2024 22:00","1892","0"
"11.04.2024 22:00 - 11.04.2024 23:00","2134","0"
"11.04.2024 23:00 - 12.04.2024 00:00","2397","0"
"12.04.2024 00:00 - 12.04.2024 01:00","2139","0"
"12.04.2024 01:00 - 12.04.2024 02:00","2193","0"
"12.04.2024 02:00 - 12.04.2024 03:00","2532","0"
"12.04.2024 03:00 - 12.04.2024 04:00","2823","0"
"12.04.2024 04:00 - 12.04.2024 05:00","3121","0"
"12.04.2024 05:00 - 12.04.2024 06:00","3218","0"
"12.04.2024 06:00 - 12.04.2024 07:00","3016","0"
"12.04.2024 07:00 - 12.04.2024 08:00","2941","0"
"12.04.2024 08:00 - 12.04.2024 09:00","2677","0"
"12.04.2024 09:00 - 12.04.2024 10:00","2297","0"
"12.04.2024 10:00 - 12.04.2024 11:00","367","0"
"12.04.2024 11:00 - 12.04.2024 12:00","0","878"
"12.04.2024 12:00 - 12.04.2024 13:00","0","1687"
"12.04.2024 13:00 - 12.04.2024 14:00","0","2133"
"12.04.2024 14:00 - 12.04.2024 15:00","0","2622"
"12.04.2024 15:00 - 12.04.2024 16:00","0","2891"
"12.04.2024 16:00 - 12.04.2024 17:00","0","2528"
"12.04.2024 17:00 - 12.04.2024 18:00","0","1701"
"12.04.2024 18:00 - 12.04.2024 19:00","0","873"
"12.04.2024 19:00 - 12.04.2024 20:00","564","0"
"12.04.2024 20:00 - 12.04.2024 21:00","1285","0"
"12.04.2024 21:00 - 12.04.2024 22:00","1425","0"
"12.04.2024 22:00 - 12.04.2024 23:00","1318","0"
"12.04.2024 23:00 - 13.04.2024 00:00","1281","0"
"13.04.2024 00:00 - 13.04.2024 01:00","1224","0"
"13.04.2024 01:00 - 13.04.2024 02:00","1470","0"
"13.04.2024 02:00 - 13.04.2024 03:00","1810","0"
"13.04.2024 03:00 - 13.04.2024 04:00","1433","0"
"13.04.2024 04:00 - 13.04.2024 05:00","1299","0"
"13.04.2024 05:00 - 13.04.2024 06:00","1325","0"
"13.04.2024 06:00 - 13.04.2024 07:00","1639","0"
"13.04.2024 07:00 - 13.04.2024 08:00","1595","0"
"13.04.2024 08:00 - 13.04.2024 09:00","1685","0"
"13.04.2024 09:00 - 13.04.2024 10:00","0","291"
"13.04.2024 10:00 - 13.04.2024 11:00","0","1517"
"13.04.2024 11:00 - 13.04.2024 12:00","0","2383"
"13.04.2024 12:00 - 13.04.2024 13:00","0","2661"
"13.04.2024 13:00 - 13.04.2024 14:00","0","3307"
"13.04.2024 14:00 - 13.04.2024 15:00","0","3503"
"13.04.2024 15:00 - 13.04.2024 16:00","0","3493"
"13.04.2024 16:00 - 13.04.2024 17:00","0","3515"
"13.04.2024 17:00 - 13.04.2024 18:00","0","3485"
"13.04.2024 18:00 - 13.04.2024 19:00","0","2856"
"13.04.2024 19:00 - 13.04.2024 20:00","80","0"
"13.04.2024 20:00 - 13.04.2024 21:00","1376","0"
"13.04.2024 21:00 - 13.04.2024 22:00","912","0"
"13.04.2024 22:00 - 13.04.2024 23:00","609","0"
"13.04.2024 23:00 - 14.04.2024 00:00","546","0"
"14.04.2024 00:00 - 14.04.2024 01:00","821","0"
"14.04.2024 01:00 - 14.04.2024 02:00","252","0"
"14.04.2024 02:00 - 14.04.2024 03:00","107","0"
"14.04.2024 03:00 - 14.04.2024 04:00","55","0"
"14.04.2024 04:00 - 14.04.2024 05:00","118","0"
"14.04.2024 05:00 - 14.04.2024 06:00","935","0"
"14.04.2024 06:00 - 14.04.2024 07:00","1464","0"
"14.04.2024 07:00 - 14.04.2024 08:00","1476","0"
"14.04.2024 08:00 - 14.04.2024 09:00","298","0"
"14.04.2024 09:00 - 14.04.2024 10:00","0","2555"
"14.04.2024 10:00 - 14.04.2024 11:00","0","4034"
"14.04.2024 11:00 - 14.04.2024 12:00","0","4276"
"14.04.2024 12:00 - 14.04.2024 13:00","0","4216"
"14.04.2024 13:00 - 14.04.2024 14:00","0","4260"
"14.04.2024 14:00 - 14.04.2024 15:00","0","4245"
"14.04.2024 15:00 - 14.04.2024 16:00","0","4006"
"14.04.2024 16:00 - 14.04.2024 17:00","0","3894"
"14.04.2024 17:00 - 14.04.2024 18:00","0","3134"
"14.04.2024 18:00 - 14.04.2024 19:00","0","2594"
"14.04.2024 19:00 - 14.04.2024 20:00","0","89"
"14.04.2024 20:00 - 14.04.2024 21:00","1573","0"
"14.04.2024 21:00 - 14.04.2024 22:00","2186","0"
"14.04.2024 22:00 - 14.04.2024 23:00","2410","0"
"14.04.2024 23:00 - 15.04.2024 00:00","2165","0"
"15.04.2024 00:00 - 15.04.2024 01:00","2419","0"
"15.04.2024 01:00 - 15.04.2024 02:00","1853","0"
"15.04.2024 02:00 - 15.04.2024 03:00","1025","0"
"15.04.2024 03:00 - 15.04.2024 04:00","320","0"
"15.04.2024 04:00 - 15.04.2024 05:00","0","282"
"15.04.2024 05:00 - 15.04.2024 06:00","0","119"
"15.04.2024 06:00 - 15.04.2024 07:00","0","83"
"15.04.2024 07:00 - 15.04.2024 08:00","1912","0"
"15.04.2024 08:00 - 15.04.2024 09:00","2673","0"
"15.04.2024 09:00 - 15.04.2024 10:00","885","0"
"15.04.2024 10:00 - 15.04.2024 11:00","0","792"
"15.04.2024 11:00 - 15.04.2024 12:00","0","2227"
"15.04.2024 12:00 - 15.04.2024 13:00","0","2262"
"15.04.2024 13:00 - 15.04.2024 14:00","0","1985"
"15.04.2024 14:00 - 15.04.2024 15:00","0","2215"
"15.04.2024 15:00 - 15.04.2024 16:00","0","2022"
"15.04.2024 16:00 - 15.04.2024 17:00","0","1980"
"15.04.2024 17:00 - 15.04.2024 18:00","0","1355"
"15.04.2024 18:00 - 15.04.2024 19:00","0","862"
"15.04.2024 19:00 - 15.04.2024 20:00","0","10"
"15.04.2024 20:00 - 15.04.2024 21:00","1194","0"
"15.04.2024 21:00 - 15.04.2024 22:00","1294","0"
"15.04.2024 22:00 - 15.04.2024 23:00","1024","0"
"15.04.2024 23:00 - 16.04.2024 00:00","740","0"
"16.04.2024 00:00 - 16.04.2024 01:00","0","360"
"16.04.2024 01:00 - 16.04.2024 02:00","0","1148"
"16.04.2024 02:00 - 16.04.2024 03:00","0","1494"
"16.04.2024 03:00 - 16.04.2024 04:00","0","922"
"16.04.2024 04:00 - 16.04.2024 05:00","0","1017"
"16.04.2024 05:00 - 16.04.2024 06:00","0","1297"
"16.04.2024 06:00 - 16.04.2024 07:00","0","521"
"16.04.2024 07:00 - 16.04.2024 08:00","1735","0"
"16.04.2024 08:00 - 16.04.2024 09:00","1879","0"
"16.04.2024 09:00 - 16.04.2024 10:00","0","891"
"16.04.2024 10:00 - 16.04.2024 11:00","0","2019"
"16.04.2024 11:00 - 16.04.2024 12:00","0","2846"
"16.04.2024 12:00 - 16.04.2024 13:00","0","3020"
"16.04.2024 13:00 - 16.04.2024 14:00","0","2899"
"16.04.2024 14:00 - 16.04.2024 15:00","0","2352"
"16.04.2024 15:00 - 16.04.2024 16:00","0","2092"
"16.04.2024 16:00 - 16.04.2024 17:00","0","2139"
"16.04.2024 17:00 - 16.04.2024 18:00","0","2080"
"16.04.2024 18:00 - 16.04.2024 19:00","0","2153"
"16.04.2024 19:00 - 16.04.2024 20:00","0","1045"
"16.04.2024 20:00 - 16.04.2024 21:00","802","0"
"16.04.2024 21:00 - 16.04.2024 22:00","1375","0"
"16.04.2024 22:00 - 16.04.2024 23:00","1276","0"
"16.04.2024 23:00 - 17.04.2024 00:00","777","0"
"17.04.2024 00:00 - 17.04.2024 01:00","659","0"
"17.04.2024 01:00 - 17.04.2024 02:00","645","0"
"17.04.2024 02:00 - 17.04.2024 03:00","1111","0"
"17.04.2024 03:00 - 17.04.2024 04:00","1774","0"
"17.04.2024 04:00 - 17.04.2024 05:00","1973","0"
"17.04.2024 05:00 - 17.04.2024 06:00","2183","0"
"17.04.2024 06:00 - 17.04.2024 07:00","2426","0"
"17.04.2024 07:00 - 17.04.2024 08:00","2346","0"
"17.04.2024 08:00 - 17.04.2024 09:00","2376","0"
"17.04.2024 09:00 - 17.04.2024 10:00","1210","0"
"17.04.2024 10:00 - 17.04.2024 11:00","0","437"
"17.04.2024 11:00 - 17.04.2024 12:00","0","1557"
"17.04.2024 12:00 - 17.04.2024 13:00","0","1911"
"17.04.2024 13:00 - 17.04.2024 14:00","0","2202"
"17.04.2024 14:00 - 17.04.2024 15:00","0","2375"
"17.04.2024 15:00 - 17.04.2024 16:00","0","2801"
"17.04.2024 16:00 - 17.04.2024 17:00","0","3089"
"17.04.2024 17:00 - 17.04.2024 18:00","0","2952"
"17.04.2024 18:00 - 17.04.2024 19:00","0","2136"
"17.04.2024 19:00 - 17.04.2024 20:00","0","500"
"17.04.2024 20:00 - 17.04.2024 21:00","773","0"
"17.04.2024 21:00 - 17.04.2024 22:00","1390","0"
"17.04.2024 22:00 - 17.04.2024 23:00","1654","0"
"17.04.2024 23:00 - 18.04.2024 00:00","953","0"
"18.04.2024 00:00 - 18.04.2024 01:00","844","0"
"18.04.2024 01:00 - 18.04.2024 02:00","933","0"
"18.04.2024 02:00 - 18.04.2024 03:00","780","0"
"18.04.2024 03:00 - 18.04.2024 04:00","813","0"
"18.04.2024 04:00 - 18.04.2024 05:00","1024","0"
"18.04.2024 05:00 - 18.04.2024 06:00","1617","0"
"18.04.2024 06:00 - 18.04.2024 07:00","2039","0"
"18.04.2024 07:00 - 18.04.2024 08:00","2355","0"
"18.04.2024 08:00 - 18.04.2024 09:00","1963","0"
"18.04.2024 09:00 - 18.04.2024 10:00","396","0"
"18.04.2024 10:00 - 18.04.2024 11:00","0","928"
"18.04.2024 11:00 - 18.04.2024 12:00","0","1612"
"18.04.2024 12:00 - 18.04.2024 13:00","0","1814"
"18.04.2024 13:00 - 18.04.2024 14:00","0","1842"
"18.04.2024 14:00 - 18.04.2024 15:00","0","2225"
"18.04.2024 15:00 - 18.04.2024 16:00","0","2579"
"18.04.2024 16:00 - 18.04.2024 17:00","0","2751"
"18.04.2024 17:00 - 18.04.2024 18:00","0","2833"
"18.04.2024 18:00 - 18.04.2024 19:00","0","3131"
"18.04.2024 19:00 - 18.04.2024 20:00","0","1574"
"18.04.2024 20:00 - 18.04.2024 21:00","115","0"
"18.04.2024 21:00 - 18.04.2024 22:00","1250","0"
"18.04.2024 22:00 - 18.04.2024 23:00","1385","0"
"18.04.2024 23:00 - 19.04.2024 00:00","1328","0"
"19.04.2024 00:00 - 19.04.2024 01:00","1596","0"
"19.04.2024 01:00 - 19.04.2024 02:00","1719","0"
"19.04.2024 02:00 - 19.04.2024 03:00","1963","0"
"19.04.2024 03:00 - 19.04.2024 04:00","2165","0"
"19.04.2024 04:00 - 19.04.2024 05:00","2134","0"
"19.04.2024 05:00 - 19.04.2024 06:00","2200","0"
"19.04.2024 06:00 - 19.04.2024 07:00","2193","0"
"19.04.2024 07:00 - 19.04.2024 08:00","2620","0"
"19.04.2024 08:00 - 19.04.2024 09:00","1585","0"
"19.04.2024 09:00 - 19.04.2024 10:00","1900","0"
"19.04.2024 10:00 - 19.04.2024 11:00","1532","0"
"19.04.2024 11:00 - 19.04.2024 12:00","0","25"
"19.04.2024 12:00 - 19.04.2024 13:00","0","1049"
"19.04.2024 13:00 - 19.04.2024 14:00","0","1791"
"19.04.2024 14:00 - 19.04.2024 15:00","0","2676"
"19.04.2024 15:00 - 19.04.2024 16:00","0","3529"
"19.04.2024 16:00 - 19.04.2024 17:00","0","3665"
"19.04.2024 17:00 - 19.04.2024 18:00","0","2216"
"19.04.2024 18:00 - 19.04.2024 19:00","304","0"
"19.04.2024 19:00 - 19.04.2024 20:00","1306","0"
"19.04.2024 20:00 - 19.04.2024 21:00","1132","0"
"19.04.2024 21:00 - 19.04.2024 22:00","1108","0"
"19.04.2024 22:00 - 19.04.2024 23:00","1348","0"
"19.04.2024 23:00 - 20.04.2024 00:00","1513","0"
"20.04.2024 00:00 - 20.04.2024 01:00","885","0"
"20.04.2024 01:00 - 20.04.2024 02:00","99","0"
"20.04.2024 02:00 - 20.04.2024 03:00","0","80"
"20.04.2024 03:00 - 20.04.2024 04:00","19","0"
"20.04.2024 04:00 - 20.04.2024 05:00","78","0"
"20.04.2024 05:00 - 20.04.2024 06:00","369","0"
"20.04.2024 06:00 - 20.04.2024 07:00","661","0"
"20.04.2024 07:00 - 20.04.2024 08:00","1235","0"
"20.04.2024 08:00 - 20.04.2024 09:00","1135","0"
"20.04.2024 09:00 - 20.04.2024 10:00","0","258"
"20.04.2024 10:00 - 20.04.2024 11:00","0","1802"
"20.04.2024 11:00 - 20.04.2024 12:00","0","2381"
"20.04.2024 12:00 - 20.04.2024 13:00","0","2980"
"20.04.2024 13:00 - 20.04.2024 14:00","0","3354"
"20.04.2024 14:00 - 20.04.2024 15:00","0","3421"
"20.04.2024 15:00 - 20.04.2024 16:00","0","3449"
"20.04.2024 16:00 - 20.04.2024 17:00","0","3593"
"20.04.2024 17:00 - 20.04.2024 18:00","0","3523"
"20.04.2024 18:00 - 20.04.2024 19:00","0","3614"
"20.04.2024 19:00 - 20.04.2024 20:00","0","2363"
"20.04.2024 20:00 - 20.04.2024 21:00","0","683"
"20.04.2024 21:00 - 20.04.2024 22:00","90","0"
"20.04.2024 22:00 - 20.04.2024 23:00","194","0"
"20.04.2024 23:00 - 21.04.2024 00:00","0","260"
"21.04.2024 00:00 - 21.04.2024 01:00","0","1157"
"21.04.2024 01:00 - 21.04.2024 02:00","0","983"
"21.04.2024 02:00 - 21.04.2024 03:00","0","609"
"21.04.2024 03:00 - 21.04.2024 04:00","0","458"
"21.04.2024 04:00 - 21.04.2024 05:00","0","226"
"21.04.2024 05:00 - 21.04.2024 06:00","143","0"
"21.04.2024 06:00 - 21.04.2024 07:00","927","0"
"21.04.2024 07:00 - 21.04.2024 08:00","1474","0"
"21.04.2024 08:00 - 21.04.2024 09:00","449","0"
"21.04.2024 09:00 - 21.04.2024 10:00","0","1191"
"21.04.2024 10:00 - 21.04.2024 11:00","0","1933"
"21.04.2024 11:00 - 21.04.2024 12:00","0","2129"
"21.04.2024 12:00 - 21.04.2024 13:00","0","2849"
"21.04.2024 13:00 - 21.04.2024 14:00","0","3158"
"21.04.2024 14:00 - 21.04.2024 15:00","0","3197"
"21.04.2024 15:00 - 21.04.2024 16:00","0","3360"
"21.04.2024 16:00 - 21.04.2024 17:00","0","3739"
"21.04.2024 17:00 - 21.04.2024 18:00","0","3776"
"21.04.2024 18:00 - 21.04.2024 19:00","0","3352"
"21.04.2024 19:00 - 21.04.2024 20:00","0","2904"
"21.04.2024 20:00 - 21.04.2024 21:00","0","1157"
"21.04.2024 21:00 - 21.04.2024 22:00","0","129"
"21.04.2024 22:00 - 21.04.2024 23:00","0","441"
"21.04.2024 23:00 - 22.04.2024 00:00","0","794"
"22.04.2024 00:00 - 22.04.2024 01:00","0","1305"
"22.04.2024 01:00 - 22.04.2024 02:00","0","1289"
"22.04.2024 02:00 - 22.04.2024 03:00","0","1169"
"22.04.2024 03:00 - 22.04.2024 04:00","0","1223"
"22.04.2024 04:00 - 22.04.2024 05:00","0","968"
"22.04.2024 05:00 - 22.04.2024 06:00","0","793"
"22.04.2024 06:00 - 22.04.2024 07:00","0","706"
"22.04.2024 07:00 - 22.04.2024 08:00","0","74"
"22.04.2024 08:00 - 22.04.2024 09:00","0","358"
"22.04.2024 09:00 - 22.04.2024 10:00","0","1391"
"22.04.2024 10:00 - 22.04.2024 11:00","0","2082"
"22.04.2024 11:00 - 22.04.2024 12:00","0","2709"
"22.04.2024 12:00 - 22.04.2024 13:00","0","2888"
"22.04.2024 13:00 - 22.04.2024 14:00","0","2327"
"22.04.2024 14:00 - 22.04.2024 15:00","0","2855"
"22.04.2024 15:00 - 22.04.2024 16:00","0","3430"
"22.04.2024 16:00 - 22.04.2024 17:00","0","3244"
"22.04.2024 17:00 - 22.04.2024 18:00","0","3109"
"22.04.2024 18:00 - 22.04.2024 19:00","0","2946"
"22.04.2024 19:00 - 22.04.2024 20:00","0","2749"
"22.04.2024 20:00 - 22.04.2024 21:00","0","1778"
"22.04.2024 21:00 - 22.04.2024 22:00","0","854"
"22.04.2024 22:00 - 22.04.2024 23:00","0","721"
"22.04.2024 23:00 - 23.04.2024 00:00","0","839"
"23.04.2024 00:00 - 23.04.2024 01:00","146","0"
"23.04.2024 01:00 - 23.04.2024 02:00","684","0"
"23.04.2024 02:00 - 23.04.2024 03:00","629","0"
"23.04.2024 03:00 - 23.04.2024 04:00","775","0"
"23.04.2024 04:00 - 23.04.2024 05:00","980","0"
"23.04.2024 05:00 - 23.04.2024 06:00","907","0"
"23.04.2024 06:00 - 23.04.2024 07:00","1787","0"
"23.04.2024 07:00 - 23.04.2024 08:00","2097","0"
"23.04.2024 08:00 - 23.04.2024 09:00","1587","0"
"23.04.2024 09:00 - 23.04.2024 10:00","0","444"
"23.04.2024 10:00 - 23.04.2024 11:00","0","2197"
"23.04.2024 11:00 - 23.04.2024 12:00","0","2711"
"23.04.2024 12:00 - 23.04.2024 13:00","0","3062"
"23.04.2024 13:00 - 23.04.2024 14:00","0","2896"
"23.04.2024 14:00 - 23.04.2024 15:00","0","2869"
"23.04.2024 15:00 - 23.04.2024 16:00","0","2987"
"23.04.2024 16:00 - 23.04.2024 17:00","0","2754"
"23.04.2024 17:00 - 23.04.2024 18:00","0","2704"
"23.04.2024 18:00 - 23.04.2024 19:00","0","2451"
"23.04.2024 19:00 - 23.04.2024 20:00","0","1658"
"23.04.2024 20:00 - 23.04.2024 21:00","92","0"
"23.04.2024 21:00 - 23.04.2024 22:00","733","0"
"23.04.2024 22:00 - 23.04.2024 23:00","331","0"
"23.04.2024 23:00 - 24.04.2024 00:00","268","0"
"24.04.2024 00:00 - 24.04.2024 01:00","0","12"
"24.04.2024 01:00 - 24.04.2024 02:00","409","0"
"24.04.2024 02:00 - 24.04.2024 03:00","293","0"
"24.04.2024 03:00 - 24.04.2024 04:00","396","0"
"24.04.2024 04:00 - 24.04.2024 05:00","448","0"
"24.04.2024 05:00 - 24.04.2024 06:00","787","0"
"24.04.2024 06:00 - 24.04.2024 07:00","1062","0"
"24.04.2024 07:00 - 24.04.2024 08:00","1196","0"
"24.04.2024 08:00 - 24.04.2024 09:00","783","0"
"24.04.2024 09:00 - 24.04.2024 10:00","0","697"
"24.04.2024 10:00 - 24.04.2024 11:00","0","2620"
"24.04.2024 11:00 - 24.04.2024 12:00","0","3701"
"24.04.2024 12:00 - 24.04.2024 13:00","0","3771"
"24.04.2024 13:00 - 24.04.2024 14:00","0","3672"
"24.04.2024 14:00 - 24.04.2024 15:00","0","3850"
"24.04.2024 15:00 - 24.04.2024 16:00","0","3954"
"24.04.2024 16:00 - 24.04.2024 17:00","0","3761"
"24.04.2024 17:00 - 24.04.2024 18:00","0","3906"
"24.04.2024 18:00 - 24.04.2024 19:00","0","2324"
"24.04.2024 19:00 - 24.04.2024 20:00","0","406"
"24.04.2024 20:00 - 24.04.2024 21:00","830","0"
"24.04.2024 21:00 - 24.04.2024 22:00","1930","0"
"24.04.2024 22:00 - 24.04.2024 23:00","2391","0"
"24.04.2024 23:00 - 25.04.2024 00:00","1865","0"
"25.04.2024 00:00 - 25.04.2024 01:00","1179","0"
"25.04.2024 01:00 - 25.04.2024 02:00","653","0"
"25.04.2024 02:00 - 25.04.2024 03:00","602","0"
"25.04.2024 03:00 - 25.04.2024 04:00","820","0"
"25.04.2024 04:00 - 25.04.2024 05:00","1058","0"
"25.04.2024 05:00 - 25.04.2024 06:00","1294","0"
"25.04.2024 06:00 - 25.04.2024 07:00","2259","0"
"25.04.2024 07:00 - 25.04.2024 08:00","2808","0"
"25.04.2024 08:00 - 25.04.2024 09:00","2643","0"
"25.04.2024 09:00 - 25.04.2024 10:00","2210","0"
"25.04.2024 10:00 - 25.04.2024 11:00","1712","0"
"25.04.2024 11:00 - 25.04.2024 12:00","1384","0"
"25.04.2024 12:00 - 25.04.2024 13:00","1245","0"
"25.04.2024 13:00 - 25.04.2024 14:00","855","0"
"25.04.2024 14:00 - 25.04.2024 15:00","512","0"
"25.04.2024 15:00 - 25.04.2024 16:00","53","0"
"25.04.2024 16:00 - 25.04.2024 17:00","0","151"
"25.04.2024 17:00 - 25.04.2024 18:00","203","0"
"25.04.2024 18:00 - 25.04.2024 19:00","1083","0"
"25.04.2024 19:00 - 25.04.2024 20:00","1705","0"
"25.04.2024 20:00 - 25.04.2024 21:00","2393","0"
"25.04.2024 21:00 - 25.04.2024 22:00","2597","0"
"25.04.2024 22:00 - 25.04.2024 23:00","2717","0"
"25.04.2024 23:00 - 26.04.2024 00:00","2462","0"
"26.04.2024 00:00 - 26.04.2024 01:00","2011","0"
"26.04.2024 01:00 - 26.04.2024 02:00","2091","0"
"26.04.2024 02:00 - 26.04.2024 03:00","2223","0"
"26.04.2024 03:00 - 26.04.2024 04:00","1790","0"
"26.04.2024 04:00 - 26.04.2024 05:00","2043","0"
"26.04.2024 05:00 - 26.04.2024 06:00","2392","0"
"26.04.2024 06:00 - 26.04.2024 07:00","2502","0"
"26.04.2024 07:00 - 26.04.2024 08:00","2285","0"
"26.04.2024 08:00 - 26.04.2024 09:00","1817","0"
"26.04.2024 09:00 - 26.04.2024 10:00","1255","0"
"26.04.2024 10:00 - 26.04.2024 11:00","0","198"
"26.04.2024 11:00 - 26.04.2024 12:00","0","1519"
"26.04.2024 12:00 - 26.04.2024 13:00","0","1966"
"26.04.2024 13:00 - 26.04.2024 14:00","0","2101"
"26.04.2024 14:00 - 26.04.2024 15:00","0","2296"
"26.04.2024 15:00 - 26.04.2024 16:00","0","1671"
"26.04.2024 16:00 - 26.04.2024 17:00","0","1644"
"26.04.2024 17:00 - 26.04.2024 18:00","0","1260"
"26.04.2024 18:00 - 26.04.2024 19:00","0","537"
"26.04.2024 19:00 - 26.04.2024 20:00","485","0"
"26.04.2024 20:00 - 26.04.2024 21:00","1591","0"
"26.04.2024 21:00 - 26.04.2024 22:00","1945","0"
"26.04.2024 22:00 - 26.04.2024 23:00","1942","0"
"26.04.2024 23:00 - 27.04.2024 00:00","1961","0"
"27.04.2024 00:00 - 27.04.2024 01:00","2421","0"
"27.04.2024 01:00 - 27.04.2024 02:00","1992","0"
"27.04.2024 02:00 - 27.04.2024 03:00","1299","0"
"27.04.2024 03:00 - 27.04.2024 04:00","1187","0"
"27.04.2024 04:00 - 27.04.2024 05:00","1211","0"
"27.04.2024 05:00 - 27.04.2024 06:00","1046","0"
"27.04.2024 06:00 - 27.04.2024 07:00","1316","0"
"27.04.2024 07:00 - 27.04.2024 08:00","1812","0"
"27.04.2024 08:00 - 27.04.2024 09:00","1139","0"
"27.04.2024 09:00 - 27.04.2024 10:00","113","0"
"27.04.2024 10:00 - 27.04.2024 11:00","0","1046"
"27.04.2024 11:00 - 27.04.2024 12:00","0","1246"
"27.04.2024 12:00 - 27.04.2024 13:00","0","1711"
"27.04.2024 13:00 - 27.04.2024 14:00","0","2080"
"27.04.2024 14:00 - 27.04.2024 15:00","0","2006"
"27.04.2024 15:00 - 27.04.2024 16:00","0","1626"
"27.04.2024 16:00 - 27.04.2024 17:00","0","1583"
"27.04.2024 17:00 - 27.04.2024 18:00","0","1522"
"27.04.2024 18:00 - 27.04.2024 19:00","0","1760"
"27.04.2024 19:00 - 27.04.2024 20:00","0","605"
"27.04.2024 20:00 - 27.04.2024 21:00","1603","0"
"27.04.2024 21:00 - 27.04.2024 22:00","1912","0"
"27.04.2024 22:00 - 27.04.2024 23:00","1501","0"
"27.04.2024 23:00 - 28.04.2024 00:00","1482","0"
"28.04.2024 00:00 - 28.04.2024 01:00","958","0"
"28.04.2024 01:00 - 28.04.2024 02:00","34","0"
"28.04.2024 02:00 - 28.04.2024 03:00","0","513"
"28.04.2024 03:00 - 28.04.2024 04:00","0","815"
"28.04.2024 04:00 - 28.04.2024 05:00","0","869"
"28.04.2024 05:00 - 28.04.2024 06:00","0","590"
"28.04.2024 06:00 - 28.04.2024 07:00","0","38"
"28.04.2024 07:00 - 28.04.2024 08:00","182","0"
"28.04.2024 08:00 - 28.04.2024 09:00","0","706"
"28.04.2024 09:00 - 28.04.2024 10:00","0","2361"
"28.04.2024 10:00 - 28.04.2024 11:00","0","3344"
"28.04.2024 11:00 - 28.04.2024 12:00","0","3908"
"28.04.2024 12:00 - 28.04.2024 13:00","0","4087"
"28.04.2024 13:00 - 28.04.2024 14:00","0","4006"
"28.04.2024 14:00 - 28.04.2024 15:00","0","3697"
"28.04.2024 15:00 - 28.04.2024 16:00","0","3493"
"28.04.2024 16:00 - 28.04.2024 17:00","0","2876"
"28.04.2024 17:00 - 28.04.2024 18:00","0","2680"
"28.04.2024 18:00 - 28.04.2024 19:00","0","1072"
"28.04.2024 19:00 - 28.04.2024 20:00","493","0"
"28.04.2024 20:00 - 28.04.2024 21:00","2042","0"
"28.04.2024 21:00 - 28.04.2024 22:00","2368","0"
"28.04.2024 22:00 - 28.04.2024 23:00","2497","0"
"28.04.2024 23:00 - 29.04.2024 00:00","2248","0"
"29.04.2024 00:00 - 29.04.2024 01:00","1885","0"
"29.04.2024 01:00 - 29.04.2024 02:00","1099","0"
"29.04.2024 02:00 - 29.04.2024 03:00","506","0"
"29.04.2024 03:00 - 29.04.2024 04:00","535","0"
"29.04.2024 04:00 - 29.04.2024 05:00","520","0"
"29.04.2024 05:00 - 29.04.2024 06:00","209","0"
"29.04.2024 06:00 - 29.04.2024 07:00","607","0"
"29.04.2024 07:00 - 29.04.2024 08:00","1997","0"
"29.04.2024 08:00 - 29.04.2024 09:00","1628","0"
"29.04.2024 09:00 - 29.04.2024 10:00","737","0"
"29.04.2024 10:00 - 29.04.2024 11:00","0","340"
"29.04.2024 11:00 - 29.04.2024 12:00","0","937"
"29.04.2024 12:00 - 29.04.2024 13:00","0","926"
"29.04.2024 13:00 - 29.04.2024 14:00","0","315"
"29.04.2024 14:00 - 29.04.2024 15:00","0","472"
"29.04.2024 15:00 - 29.04.2024 16:00","0","784"
"29.04.2024 16:00 - 29.04.2024 17:00","0","193"
"29.04.2024 17:00 - 29.04.2024 18:00","1090","0"
"29.04.2024 18:00 - 29.04.2024 19:00","596","0"
"29.04.2024 19:00 - 29.04.2024 20:00","1559","0"
"29.04.2024 20:00 - 29.04.2024 21:00","2082","0"
"29.04.2024 21:00 - 29.04.2024 22:00","2003","0"
"29.04.2024 22:00 - 29.04.2024 23:00","1333","0"
"29.04.2024 23:00 - 30.04.2024 00:00","1135","0"
"30.04.2024 00:00 - 30.04.2024 01:00","922","0"
"30.04.2024 01:00 - 30.04.2024 02:00","616","0"
"30.04.2024 02:00 - 30.04.2024 03:00","401","0"
"30.04.2024 03:00 - 30.04.2024 04:00","215","0"
"30.04.2024 04:00 - 30.04.2024 05:00","87","0"
"30.04.2024 05:00 - 30.04.2024 06:00","369","0"
"30.04.2024 06:00 - 30.04.2024 07:00","857","0"
"30.04.2024 07:00 - 30.04.2024 08:00","1789","0"
"30.04.2024 08:00 - 30.04.2024 09:00","1151","0"
"30.04.2024 09:00 - 30.04.2024 10:00","0","441"
"30.04.2024 10:00 - 30.04.2024 11:00","0","1670"
"30.04.2024 11:00 - 30.04.2024 12:00","0","3265"
"30.04.2024 12:00 - 30.04.2024 13:00","0","3575"
"30.04.2024 13:00 - 30.04.2024 14:00","0","3434"
"30.04.2024 14:00 - 30.04.2024 15:00","0","3218"
"30.04.2024 15:00 - 30.04.2024 16:00","0","3067"
"30.04.2024 16:00 - 30.04.2024 17:00","0","2383"
"30.04.2024 17:00 - 30.04.2024 18:00","0","2003"
"30.04.2024 18:00 - 30.04.2024 19:00","0","996"
"30.04.2024 19:00 - 30.04.2024 20:00","647","0"
"30.04.2024 20:00 - 30.04.2024 21:00","998","0"
"30.04.2024 21:00 - 30.04.2024 22:00","1289","0"
"30.04.2024 22:00 - 30.04.2024 23:00","1085","0"
"30.04.2024 23:00 - 01.05.2024 00:00","480","0"
"01.05.2024 00:00 - 01.05.2024 01:00","0","123"
"01.05.2024 01:00 - 01.05.2024 02:00","0","580"
"01.05.2024 02:00 - 01.05.2024 03:00","0","355"
"01.05.2024 03:00 - 01.05.2024 04:00","0","1203"
"01.05.2024 04:00 - 01.05.2024 05:00","0","1590"
"01.05.2024 05:00 - 01.05.2024 06:00","0","1509"
"01.05.2024 06:00 - 01.05.2024 07:00","0","1595"
"01.05.2024 07:00 - 01.05.2024 08:00","0","1446"
"01.05.2024 08:00 - 01.05.2024 09:00","0","2221"
"01.05.2024 09:00 - 01.05.2024 10:00","0","2492"
"01.05.2024 10:00 - 01.05.2024 11:00","0","2618"
"01.05.2024 11:00 - 01.05.2024 12:00","0","2692"
"01.05.2024 12:00 - 01.05.2024 13:00","0","2561"
"01.05.2024 13:00 - 01.05.2024 14:00","0","2352"
"01.05.2024 14:00 - 01.05.2024 15:00","0","1993"
"01.05.2024 15:00 - 01.05.2024 16:00","0","1668"
"01.05.2024 16:00 - 01.05.2024 17:00","0","1563"
"01.05.2024 17:00 - 01.05.2024 18:00","0","1568"
"01.05.2024 18:00 - 01.05.2024 19:00","0","1223"
"01.05.2024 19:00 - 01.05.2024 20:00","0","1187"
"01.05.2024 20:00 - 01.05.2024 21:00","0","1180"
"01.05.2024 21:00 - 01.05.2024 22:00","0","288"
"01.05.2024 22:00 - 01.05.2024 23:00","0","430"
"01.05.2024 23:00 - 02.05.2024 00:00","0","626"
"02.05.2024 00:00 - 02.05.2024 01:00","0","1848"
"02.05.2024 01:00 - 02.05.2024 02:00","0","2840"
"02.05.2024 02:00 - 02.05.2024 03:00","0","2972"
"02.05.2024 03:00 - 02.05.2024 04:00","0","3215"
"02.05.2024 04:00 - 02.05.2024 05:00","0","3188"
"02.05.2024 05:00 - 02.05.2024 06:00","0","3071"
"02.05.2024 06:00 - 02.05.2024 07:00","0","2248"
"02.05.2024 07:00 - 02.05.2024 08:00","0","1017"
"02.05.2024 08:00 - 02.05.2024 09:00","0","1437"
"02.05.2024 09:00 - 02.05.2024 10:00","0","2661"
"02.05.2024 10:00 - 02.05.2024 11:00","0","3418"
"02.05.2024 11:00 - 02.05.2024 12:00","0","3674"
"02.05.2024 12:00 - 02.05.2024 13:00","0","3912"
"02.05.2024 13:00 - 02.05.2024 14:00","0","3609"
"02.05.2024 14:00 - 02.05.2024 15:00","0","3737"
"02.05.2024 15:00 - 02.05.2024 16:00","0","3157"
"02.05.2024 16:00 - 02.05.2024 17:00","0","3029"
"02.05.2024 17:00 - 02.05.2024 18:00","0","3132"
"02.05.2024 18:00 - 02.05.2024 19:00","0","2687"
"02.05.2024 19:00 - 02.05.2024 20:00","0","2467"
"02.05.2024 20:00 - 02.05.2024 21:00","0","1661"
"02.05.2024 21:00 - 02.05.2024 22:00","0","9"
"02.05.2024 22:00 - 02.05.2024 23:00","727","0"
"02.05.2024 23:00 - 03.05.2024 00:00","136","0"
"03.05.2024 00:00 - 03.05.2024 01:00","0","881"
"03.05.2024 01:00 - 03.05.2024 02:00","0","1408"
"03.05.2024 02:00 - 03.05.2024 03:00","0","1490"
"03.05.2024 03:00 - 03.05.2024 04:00","0","1402"
"03.05.2024 04:00 - 03.05.2024 05:00","0","1807"
"03.05.2024 05:00 - 03.05.2024 06:00","0","1428"
"03.05.2024 06:00 - 03.05.2024 07:00","0","975"
"03.05.2024 07:00 - 03.05.2024 08:00","510","0"
"03.05.2024 08:00 - 03.05.2024 09:00","0","17"
"03.05.2024 09:00 - 03.05.2024 10:00","0","1580"
"03.05.2024 10:00 - 03.05.2024 11:00","0","2790"
"03.05.2024 11:00 - 03.05.2024 12:00","0","3121"
"03.05.2024 12:00 - 03.05.2024 13:00","0","3037"
"03.05.2024 13:00 - 03.05.2024 14:00","0","3080"
"03.05.2024 14:00 - 03.05.2024 15:00","0","3196"
"03.05.2024 15:00 - 03.05.2024 16:00","0","3101"
"03.05.2024 16:00 - 03.05.2024 17:00","0","3173"
"03.05.2024 17:00 - 03.05.2024 18:00","0","2973"
"03.05.2024 18:00 - 03.05.2024 19:00","0","2840"
"03.05.2024 19:00 - 03.05.2024 20:00","0","1747"
"03.05.2024 20:00 - 03.05.2024 21:00","0","236"
"03.05.2024 21:00 - 03.05.2024 22:00","935","0"
"03.05.2024 22:00 - 03.05.2024 23:00","1400","0"
"03.05.2024 23:00 - 04.05.2024 00:00","903","0"
"04.05.2024 00:00 - 04.05.2024 01:00","260","0"
"04.05.2024 01:00 - 04.05.2024 02:00","0","138"
"04.05.2024 02:00 - 04.05.2024 03:00","0","491"
"04.05.2024 03:00 - 04.05.2024 04:00","0","999"
"04.05.2024 04:00 - 04.05.2024 05:00","0","1239"
"04.05.2024 05:00 - 04.05.2024 06:00","0","984"
"04.05.2024 06:00 - 04.05.2024 07:00","0","439"
"04.05.2024 07:00 - 04.05.2024 08:00","20","0"
"04.05.2024 08:00 - 04.05.2024 09:00","0","604"
"04.05.2024 09:00 - 04.05.2024 10:00","0","1679"
"04.05.2024 10:00 - 04.05.2024 11:00","0","1944"
"04.05.2024 11:00 - 04.05.2024 12:00","0","2046"
"04.05.2024 12:00 - 04.05.2024 13:00","0","2032"
"04.05.2024 13:00 - 04.05.2024 14:00","0","2133"
"04.05.2024 14:00 - 04.05.2024 15:00","0","2070"
"04.05.2024 15:00 - 04.05.2024 16:00","0","2318"
"04.05.2024 16:00 - 04.05.2024 17:00","0","2370"
"04.05.2024 17:00 - 04.05.2024 18:00","0","2321"
"04.05.2024 18:00 - 04.05.2024 19:00","0","2083"
"04.05.2024 19:00 - 04.05.2024 20:00","0","2489"
"04.05.2024 20:00 - 04.05.2024 21:00","0","1701"
"04.05.2024 21:00 - 04.05.2024 22:00","0","733"
"04.05.2024 22:00 - 04.05.2024 23:00","0","364"
"04.05.2024 23:00 - 05.05.2024 00:00","0","463"
"05.05.2024 00:00 - 05.05.2024 01:00","275","0"
"05.05.2024 01:00 - 05.05.2024 02:00","329","0"
"05.05.2024 02:00 - 05.05.2024 03:00","282","0"
"05.05.2024 03:00 - 05.05.2024 04:00","238","0"
"05.05.2024 04:00 - 05.05.2024 05:00","361","0"
"05.05.2024 05:00 - 05.05.2024 06:00","518","0"
"05.05.2024 06:00 - 05.05.2024 07:00","1078","0"
"05.05.2024 07:00 - 05.05.2024 08:00","1032","0"
"05.05.2024 08:00 - 05.05.2024 09:00","54","0"
"05.05.2024 09:00 - 05.05.2024 10:00","0","1047"
"05.05.2024 10:00 - 05.05.2024 11:00","0","1588"
"05.05.2024 11:00 - 05.05.2024 12:00","0","1924"
"05.05.2024 12:00 - 05.05.2024 13:00","0","2257"
"05.05.2024 13:00 - 05.05.2024 14:00","0","2589"
"05.05.2024 14:00 - 05.05.2024 15:00","0","2817"
"05.05.2024 15:00 - 05.05.2024 16:00","0","2249"
"05.05.2024 16:00 - 05.05.2024 17:00","0","1654"
"05.05.2024 17:00 - 05.05.2024 18:00","0","1115"
"05.05.2024 18:00 - 05.05.2024 19:00","0","926"
"05.05.2024 19:00 - 05.05.2024 20:00","0","1057"
"05.05.2024 20:00 - 05.05.2024 21:00","0","111"
"05.05.2024 21:00 - 05.05.2024 22:00","1678","0"
"05.05.2024 22:00 - 05.05.2024 23:00","1807","0"
"05.05.2024 23:00 - 06.05.2024 00:00","1149","0"
"06.05.2024 00:00 - 06.05.2024 01:00","1122","0"
"06.05.2024 01:00 - 06.05.2024 02:00","153","0"
"06.05.2024 02:00 - 06.05.2024 03:00","0","369"
"06.05.2024 03:00 - 06.05.2024 04:00","0","394"
"06.05.2024 04:00 - 06.05.2024 05:00","0","436"
"06.05.2024 05:00 - 06.05.2024 06:00","0","345"
"06.05.2024 06:00 - 06.05.2024 07:00","114","0"
"06.05.2024 07:00 - 06.05.2024 08:00","1254","0"
"06.05.2024 08:00 - 06.05.2024 09:00","1699","0"
"06.05.2024 09:00 - 06.05.2024 10:00","1123","0"
"06.05.2024 10:00 - 06.05.2024 11:00","0","312"
"06.05.2024 11:00 - 06.05.2024 12:00","0","465"
"06.05.2024 12:00 - 06.05.2024 13:00","0","1069"
"06.05.2024 13:00 - 06.05.2024 14:00","0","1955"
"06.05.2024 14:00 - 06.05.2024 15:00","0","2235"
"06.05.2024 15:00 - 06.05.2024 16:00","0","2425"
"06.05.2024 16:00 - 06.05.2024 17:00","0","2634"
"06.05.2024 17:00 - 06.05.2024 18:00","0","2346"
"06.05.2024 18:00 - 06.05.2024 19:00","0","2068"
"06.05.2024 19:00 - 06.05.2024 20:00","0","1530"
"06.05.2024 20:00 - 06.05.2024 21:00","0","450"
"06.05.2024 21:00 - 06.05.2024 22:00","453","0"
"06.05.2024 22:00 - 06.05.2024 23:00","1084","0"
"06.05.2024 23:00 - 07.05.2024 00:00","1110","0"
"07.05.2024 00:00 - 07.05.2024 01:00","899","0"
"07.05.2024 01:00 - 07.05.2024 02:00","981","0"
"07.05.2024 02:00 - 07.05.2024 03:00","1173","0"
"07.05.2024 03:00 - 07.05.2024 04:00","474","0"
"07.05.2024 04:00 - 07.05.2024 05:00","0","86"
"07.05.2024 05:00 - 07.05.2024 06:00","457","0"
"07.05.2024 06:00 - 07.05.2024 07:00","1140","0"
"07.05.2024 07:00 - 07.05.2024 08:00","1826","0"
"07.05.2024 08:00 - 07.05.2024 09:00","1108","0"
"07.05.2024 09:00 - 07.05.2024 10:00","0","1933"
"07.05.2024 10:00 - 07.05.2024 11:00","0","3395"
"07.05.2024 11:00 - 07.05.2024 12:00","0","3339"
"07.05.2024 12:00 - 07.05.2024 13:00","0","3136"
"07.05.2024 13:00 - 07.05.2024 14:00","0","3068"
"07.05.2024 14:00 - 07.05.2024 15:00","0","3199"
"07.05.2024 15:00 - 07.05.2024 16:00","0","3123"
"07.05.2024 16:00 - 07.05.2024 17:00","0","3193"
"07.05.2024 17:00 - 07.05.2024 18:00","0","3520"
"07.05.2024 18:00 - 07.05.2024 19:00","0","3379"
"07.05.2024 19:00 - 07.05.2024 20:00","0","3212"
"07.05.2024 20:00 - 07.05.2024 21:00","0","3050"
"07.05.2024 21:00 - 07.05.2024 22:00","0","2209"
"07.05.2024 22:00 - 07.05.2024 23:00","0","2193"
"07.05.2024 23:00 - 08.05.2024 00:00","0","2207"
"08.05.2024 00:00 - 08.05.2024 01:00","0","1534"
"08.05.2024 01:00 - 08.05.2024 02:00","0","1118"
"08.05.2024 02:00 - 08.05.2024 03:00","0","749"
"08.05.2024 03:00 - 08.05.2024 04:00","0","534"
"08.05.2024 04:00 - 08.05.2024 05:00","0","486"
"08.05.2024 05:00 - 08.05.2024 06:00","0","288"
"08.05.2024 06:00 - 08.05.2024 07:00","471","0"
"08.05.2024 07:00 - 08.05.2024 08:00","518","0"
"08.05.2024 08:00 - 08.05.2024 09:00","0","235"
"08.05.2024 09:00 - 08.05.2024 10:00","0","675"
"08.05.2024 10:00 - 08.05.2024 11:00","0","1202"
"08.05.2024 11:00 - 08.05.2024 12:00","0","1470"
"08.05.2024 12:00 - 08.05.2024 13:00","0","1656"
"08.05.2024 13:00 - 08.05.2024 14:00","0","1893"
"08.05.2024 14:00 - 08.05.2024 15:00","0","2286"
"08.05.2024 15:00 - 08.05.2024 16:00","0","2482"
"08.05.2024 16:00 - 08.05.2024 17:00","0","2701"
"08.05.2024 17:00 - 08.05.2024 18:00","0","2936"
"08.05.2024 18:00 - 08.05.2024 19:00","0","3137"
"08.05.2024 19:00 - 08.05.2024 20:00","0","3098"
"08.05.2024 20:00 - 08.05.2024 21:00","0","2311"
"08.05.2024 21:00 - 08.05.2024 22:00","0","1232"
"08.05.2024 22:00 - 08.05.2024 23:00","0","1129"
"08.05.2024 23:00 - 09.05.2024 00:00","0","1223"
"09.05.2024 00:00 - 09.05.2024 01:00","0","1814"
"09.05.2024 01:00 - 09.05.2024 02:00","0","1979"
"09.05.2024 02:00 - 09.05.2024 03:00","0","1654"
"09.05.2024 03:00 - 09.05.2024 04:00","0","1252"
"09.05.2024 04:00 - 09.05.2024 05:00","0","627"
"09.05.2024 05:00 - 09.05.2024 06:00","0","295"
"09.05.2024 06:00 - 09.05.2024 07:00","3","0"
"09.05.2024 07:00 - 09.05.2024 08:00","777","0"
"09.05.2024 08:00 - 09.05.2024 09:00","0","600"
"09.05.2024 09:00 - 09.05.2024 10:00","0","2213"
"09.05.2024 10:00 - 09.05.2024 11:00","0","2648"
"09.05.2024 11:00 - 09.05.2024 12:00","0","3215"
"09.05.2024 12:00 - 09.05.2024 13:00","0","3456"
"09.05.2024 13:00 - 09.05.2024 14:00","0","3119"
"09.05.2024 14:00 - 09.05.2024 15:00","0","2911"
"09.05.2024 15:00 - 09.05.2024 16:00","0","2921"
"09.05.2024 16:00 - 09.05.2024 17:00","0","2823"
"09.05.2024 17:00 - 09.05.2024 18:00","0","2955"
"09.05.2024 18:00 - 09.05.2024 19:00","0","2984"
"09.05.2024 19:00 - 09.05.2024 20:00","0","3126"
"09.05.2024 20:00 - 09.05.2024 21:00","0","1957"
"09.05.2024 21:00 - 09.05.2024 22:00","0","865"
"09.05.2024 22:00 - 09.05.2024 23:00","0","722"
"09.05.2024 23:00 - 10.05.2024 00:00","0","1228"
"10.05.2024 00:00 - 10.05.2024 01:00","0","1767"
"10.05.2024 01:00 - 10.05.2024 02:00","0","2096"
"10.05.2024 02:00 - 10.05.2024 03:00","0","2098"
"10.05.2024 03:00 - 10.05.2024 04:00","0","2106"
"10.05.2024 04:00 - 10.05.2024 05:00","0","2105"
"10.05.2024 05:00 - 10.05.2024 06:00","0","2004"
"10.05.2024 06:00 - 10.05.2024 07:00","0","1474"
"10.05.2024 07:00 - 10.05.2024 08:00","0","813"
"10.05.2024 08:00 - 10.05.2024 09:00","0","1950"
"10.05.2024 09:00 - 10.05.2024 10:00","0","3378"
"10.05.2024 10:00 - 10.05.2024 11:00","0","3194"
"10.05.2024 11:00 - 10.05.2024 12:00","0","3036"
"10.05.2024 12:00 - 10.05.2024 13:00","0","2655"
"10.05.2024 13:00 - 10.05.2024 14:00","0","2510"
"10.05.2024 14:00 - 10.05.2024 15:00","0","2512"
"10.05.2024 15:00 - 10.05.2024 16:00","0","2472"
"10.05.2024 16:00 - 10.05.2024 17:00","0","2504"
"10.05.2024 17:00 - 10.05.2024 18:00","0","2512"
"10.05.2024 18:00 - 10.05.2024 19:00","0","2516"
"10.05.2024 19:00 - 10.05.2024 20:00","0","2521"
"10.05.2024 20:00 - 10.05.2024 21:00","0","2597"
"10.05.2024 21:00 - 10.05.2024 22:00","0","1827"
"10.05.2024 22:00 - 10.05.2024 23:00","0","1660"
"10.05.2024 23:00 - 11.05.2024 00:00","0","1755"
"11.05.2024 00:00 - 11.05.2024 01:00","0","2015"
"11.05.2024 01:00 - 11.05.2024 02:00","0","2327"
"11.05.2024 02:00 - 11.05.2024 03:00","0","2435"
"11.05.2024 03:00 - 11.05.2024 04:00","0","2551"
"11.05.2024 04:00 - 11.05.2024 05:00","0","2398"
"11.05.2024 05:00 - 11.05.2024 06:00","0","1931"
"11.05.2024 06:00 - 11.05.2024 07:00","0","1224"
"11.05.2024 07:00 - 11.05.2024 08:00","0","1116"
"11.05.2024 08:00 - 11.05.2024 09:00","0","2042"
"11.05.2024 09:00 - 11.05.2024 10:00","0","3073"
"11.05.2024 10:00 - 11.05.2024 11:00","0","3077"
"11.05.2024 11:00 - 11.05.2024 12:00","0","3007"
"11.05.2024 12:00 - 11.05.2024 13:00","0","3024"
"11.05.2024 13:00 - 11.05.2024 14:00","0","3027"
"11.05.2024 14:00 - 11.05.2024 15:00","0","2702"
"11.05.2024 15:00 - 11.05.2024 16:00","0","2377"
"11.05.2024 16:00 - 11.05.2024 17:00","0","2442"
"11.05.2024 17:00 - 11.05.2024 18:00","0","1981"
"11.05.2024 18:00 - 11.05.2024 19:00","0","1902"
"11.05.2024 19:00 - 11.05.2024 20:00","0","1220"
"11.05.2024 20:00 - 11.05.2024 21:00","0","529"
"11.05.2024 21:00 - 11.05.2024 22:00","0","143"
"11.05.2024 22:00 - 11.05.2024 23:00","0","414"
"11.05.2024 23:00 - 12.05.2024 00:00","0","433"
"12.05.2024 00:00 - 12.05.2024 01:00","0","1102"
"12.05.2024 01:00 - 12.05.2024 02:00","0","1243"
"12.05.2024 02:00 - 12.05.2024 03:00","0","1548"
"12.05.2024 03:00 - 12.05.2024 04:00","0","1525"
"12.05.2024 04:00 - 12.05.2024 05:00","0","1366"
"12.05.2024 05:00 - 12.05.2024 06:00","0","1337"
"12.05.2024 06:00 - 12.05.2024 07:00","0","629"
"12.05.2024 07:00 - 12.05.2024 08:00","0","799"
"12.05.2024 08:00 - 12.05.2024 09:00","0","2169"
"12.05.2024 09:00 - 12.05.2024 10:00","0","2611"
"12.05.2024 10:00 - 12.05.2024 11:00","0","2608"
"12.05.2024 11:00 - 12.05.2024 12:00","0","2495"
"12.05.2024 12:00 - 12.05.2024 13:00","0","2286"
"12.05.2024 13:00 - 12.05.2024 14:00","0","1988"
"12.05.2024 14:00 - 12.05.2024 15:00","0","2184"
"12.05.2024 15:00 - 12.05.2024 16:00","0","2163"
"12.05.2024 16:00 - 12.05.2024 17:00","0","2136"
"12.05.2024 17:00 - 12.05.2024 18:00","0","2036"
"12.05.2024 18:00 - 12.05.2024 19:00","0","1075"
"12.05.2024 19:00 - 12.05.2024 20:00","0","471"
"12.05.2024 20:00 - 12.05.2024 21:00","146","0"
"12.05.2024 21:00 - 12.05.2024 22:00","781","0"
"12.05.2024 22:00 - 12.05.2024 23:00","227","0"
"12.05.2024 23:00 - 13.05.2024 00:00","0","75"
"13.05.2024 00:00 - 13.05.2024 01:00","0","822"
"13.05.2024 01:00 - 13.05.2024 02:00","0","1196"
"13.05.2024 02:00 - 13.05.2024 03:00","0","969"
"13.05.2024 03:00 - 13.05.2024 04:00","0","1311"
"13.05.2024 04:00 - 13.05.2024 05:00","0","1553"
"13.05.2024 05:00 - 13.05.2024 06:00","0","1216"
"13.05.2024 06:00 - 13.05.2024 07:00","0","902"
"13.05.2024 07:00 - 13.05.2024 08:00","171","0"
"13.05.2024 08:00 - 13.05.2024 09:00","469","0"
"13.05.2024 09:00 - 13.05.2024 10:00","0","1029"
"13.05.2024 10:00 - 13.05.2024 11:00","0","2891"
"13.05.2024 11:00 - 13.05.2024 12:00","0","3088"
"13.05.2024 12:00 - 13.05.2024 13:00","0","3020"
"13.05.2024 13:00 - 13.05.2024 14:00","0","2957"
"13.05.2024 14:00 - 13.05.2024 15:00","0","3062"
"13.05.2024 15:00 - 13.05.2024 16:00","0","3050"
"13.05.2024 16:00 - 13.05.2024 17:00","0","3004"
"13.05.2024 17:00 - 13.05.2024 18:00","0","2439"
"13.05.2024 18:00 - 13.05.2024 19:00","0","1916"
"13.05.2024 19:00 - 13.05.2024 20:00","0","1297"
"13.05.2024 20:00 - 13.05.2024 21:00","0","534"
"13.05.2024 21:00 - 13.05.2024 22:00","388","0"
"13.05.2024 22:00 - 13.05.2024 23:00","730","0"
"13.05.2024 23:00 - 14.05.2024 00:00","509","0"
"14.05.2024 00:00 - 14.05.2024 01:00","0","395"
"14.05.2024 01:00 - 14.05.2024 02:00","0","1132"
"14.05.2024 02:00 - 14.05.2024 03:00","0","898"
"14.05.2024 03:00 - 14.05.2024 04:00","0","949"
"14.05.2024 04:00 - 14.05.2024 05:00","0","973"
"14.05.2024 05:00 - 14.05.2024 06:00","0","1058"
"14.05.2024 06:00 - 14.05.2024 07:00","0","751"
"14.05.2024 07:00 - 14.05.2024 08:00","0","235"
"14.05.2024 08:00 - 14.05.2024 09:00","0","581"
"14.05.2024 09:00 - 14.05.2024 10:00","0","1667"
"14.05.2024 10:00 - 14.05.2024 11:00","0","2312"
"14.05.2024 11:00 - 14.05.2024 12:00","0","2770"
"14.05.2024 12:00 - 14.05.2024 13:00","0","2694"
"14.05.2024 13:00 - 14.05.2024 14:00","0","2350"
"14.05.2024 14:00 - 14.05.2024 15:00","0","1999"
"14.05.2024 15:00 - 14.05.2024 16:00","0","1913"
"14.05.2024 16:00 - 14.05.2024 17:00","0","1809"
"14.05.2024 17:00 - 14.05.2024 18:00","0","1648"
"14.05.2024 18:00 - 14.05.2024 19:00","0","1851"
"14.05.2024 19:00 - 14.05.2024 20:00","0","1524"
"14.05.2024 20:00 - 14.05.2024 21:00","0","231"
"14.05.2024 21:00 - 14.05.2024 22:00","686","0"
"14.05.2024 22:00 - 14.05.2024 23:00","681","0"
"14.05.2024 23:00 - 15.05.2024 00:00","211","0"
"15.05.2024 00:00 - 15.05.2024 01:00","0","165"
"15.05.2024 01:00 - 15.05.2024 02:00","0","809"
"15.05.2024 02:00 - 15.05.2024 03:00","0","1036"
"15.05.2024 03:00 - 15.05.2024 04:00","0","1258"
"15.05.2024 04:00 - 15.05.2024 05:00","0","1218"
"15.05.2024 05:00 - 15.05.2024 06:00","0","1074"
"15.05.2024 06:00 - 15.05.2024 07:00","0","190"
"15.05.2024 07:00 - 15.05.2024 08:00","464","0"
"15.05.2024 08:00 - 15.05.2024 09:00","0","156"
"15.05.2024 09:00 - 15.05.2024 10:00","0","1918"
"15.05.2024 10:00 - 15.05.2024 11:00","0","2452"
"15.05.2024 11:00 - 15.05.2024 12:00","0","2889"
"15.05.2024 12:00 - 15.05.2024 13:00","0","2823"
"15.05.2024 13:00 - 15.05.2024 14:00","0","2760"
"15.05.2024 14:00 - 15.05.2024 15:00","0","2618"
"15.05.2024 15:00 - 15.05.2024 16:00","0","2497"
"15.05.2024 16:00 - 15.05.2024 17:00","0","2463"
"15.05.2024 17:00 - 15.05.2024 18:00","0","2402"
"15.05.2024 18:00 - 15.05.2024 19:00","0","2284"
"15.05.2024 19:00 - 15.05.2024 20:00","0","1850"
"15.05.2024 20:00 - 15.05.2024 21:00","0","1015"
"15.05.2024 21:00 - 15.05.2024 22:00","187","0"
"15.05.2024 22:00 - 15.05.2024 23:00","4","0"
"15.05.2024 23:00 - 16.05.2024 00:00","128","0"
"16.05.2024 00:00 - 16.05.2024 01:00","637","0"
"16.05.2024 01:00 - 16.05.2024 02:00","0","170"
"16.05.2024 02:00 - 16.05.2024 03:00","0","641"
"16.05.2024 03:00 - 16.05.2024 04:00","0","1062"
"16.05.2024 04:00 - 16.05.2024 05:00","0","1338"
"16.05.2024 05:00 - 16.05.2024 06:00","0","1419"
"16.05.2024 06:00 - 16.05.2024 07:00","0","758"
"16.05.2024 07:00 - 16.05.2024 08:00","0","85"
"16.05.2024 08:00 - 16.05.2024 09:00","0","375"
"16.05.2024 09:00 - 16.05.2024 10:00","0","2115"
"16.05.2024 10:00 - 16.05.2024 11:00","0","2963"
"16.05.2024 11:00 - 16.05.2024 12:00","0","2688"
"16.05.2024 12:00 - 16.05.2024 13:00","0","2626"
"16.05.2024 13:00 - 16.05.2024 14:00","0","2691"
"16.05.2024 14:00 - 16.05.2024 15:00","0","2604"
"16.05.2024 15:00 - 16.05.2024 16:00","0","2702"
"16.05.2024 16:00 - 16.05.2024 17:00","0","2597"
"16.05.2024 17:00 - 16.05.2024 18:00","0","2680"
"16.05.2024 18:00 - 16.05.2024 19:00","0","2331"
"16.05.2024 19:00 - 16.05.2024 20:00","0","1242"
"16.05.2024 20:00 - 16.05.2024 21:00","399","0"
"16.05.2024 21:00 - 16.05.2024 22:00","1801","0"
"16.05.2024 22:00 - 16.05.2024 23:00","1776","0"
"16.05.2024 23:00 - 17.05.2024 00:00","1461","0"
"17.05.2024 00:00 - 17.05.2024 01:00","1216","0"
"17.05.2024 01:00 - 17.05.2024 02:00","709","0"
"17.05.2024 02:00 - 17.05.2024 03:00","550","0"
"17.05.2024 03:00 - 17.05.2024 04:00","349","0"
"17.05.2024 04:00 - 17.05.2024 05:00","399","0"
"17.05.2024 05:00 - 17.05.2024 06:00","355","0"
"17.05.2024 06:00 - 17.05.2024 07:00","866","0"
"17.05.2024 07:00 - 17.05.2024 08:00","1439","0"
"17.05.2024 08:00 - 17.05.2024 09:00","1197","0"
"17.05.2024 09:00 - 17.05.2024 10:00","0","952"
"17.05.2024 10:00 - 17.05.2024 11:00","0","2421"
"17.05.2024 11:00 - 17.05.2024 12:00","0","2814"
"17.05.2024 12:00 - 17.05.2024 13:00","0","2947"
"17.05.2024 13:00 - 17.05.2024 14:00","0","2838"
"17.05.2024 14:00 - 17.05.2024 15:00","0","2774"
"17.05.2024 15:00 - 17.05.2024 16:00","0","2890"
"17.05.2024 16:00 - 17.05.2024 17:00","0","2641"
"17.05.2024 17:00 - 17.05.2024 18:00","0","2175"
"17.05.2024 18:00 - 17.05.2024 19:00","0","1962"
"17.05.2024 19:00 - 17.05.2024 20:00","0","1622"
"17.05.2024 20:00 - 17.05.2024 21:00","0","441"
"17.05.2024 21:00 - 17.05.2024 22:00","800","0"
"17.05.2024 22:00 - 17.05.2024 23:00","965","0"
"17.05.2024 23:00 - 18.05.2024 00:00","825","0"
"18.05.2024 00:00 - 18.05.2024 01:00","901","0"
"18.05.2024 01:00 - 18.05.2024 02:00","532","0"
"18.05.2024 02:00 - 18.05.2024 03:00","112","0"
"18.05.2024 03:00 - 18.05.2024 04:00","0","158"
"18.05.2024 04:00 - 18.05.2024 05:00","0","356"
"18.05.2024 05:00 - 18.05.2024 06:00","0","193"
"18.05.2024 06:00 - 18.05.2024 07:00","324","0"
"18.05.2024 07:00 - 18.05.2024 08:00","209","0"
"18.05.2024 08:00 - 18.05.2024 09:00","0","737"
"18.05.2024 09:00 - 18.05.2024 10:00","0","2009"
"18.05.2024 10:00 - 18.05.2024 11:00","0","2907"
"18.05.2024 11:00 - 18.05.2024 12:00","0","3517"
"18.05.2024 12:00 - 18.05.2024 13:00","0","3437"
"18.05.2024 13:00 - 18.05.2024 14:00","0","3428"
"18.05.2024 14:00 - 18.05.2024 15:00","0","3209"
"18.05.2024 15:00 - 18.05.2024 16:00","0","2959"
"18.05.2024 16:00 - 18.05.2024 17:00","0","2469"
"18.05.2024 17:00 - 18.05.2024 18:00","0","2192"
"18.05.2024 18:00 - 18.05.2024 19:00","0","2132"
"18.05.2024 19:00 - 18.05.2024 20:00","0","1870"
"18.05.2024 20:00 - 18.05.2024 21:00","0","1114"
"18.05.2024 21:00 - 18.05.2024 22:00","0","1"
"18.05.2024 22:00 - 18.05.2024 23:00","525","0"
"18.05.2024 23:00 - 19.05.2024 00:00","248","0"
"19.05.2024 00:00 - 19.05.2024 01:00","0","101"
"19.05.2024 01:00 - 19.05.2024 02:00","0","476"
"19.05.2024 02:00 - 19.05.2024 03:00","0","986"
"19.05.2024 03:00 - 19.05.2024 04:00","0","777"
"19.05.2024 04:00 - 19.05.2024 05:00","0","1012"
"19.05.2024 05:00 - 19.05.2024 06:00","0","990"
"19.05.2024 06:00 - 19.05.2024 07:00","0","702"
"19.05.2024 07:00 - 19.05.2024 08:00","0","1017"
"19.05.2024 08:00 - 19.05.2024 09:00","0","1840"
"19.05.2024 09:00 - 19.05.2024 10:00","0","2528"
"19.05.2024 10:00 - 19.05.2024 11:00","0","2780"
"19.05.2024 11:00 - 19.05.2024 12:00","0","2719"
"19.05.2024 12:00 - 19.05.2024 13:00","0","2823"
"19.05.2024 13:00 - 19.05.2024 14:00","0","2746"
"19.05.2024 14:00 - 19.05.2024 15:00","0","2656"
"19.05.2024 15:00 - 19.05.2024 16:00","0","2388"
"19.05.2024 16:00 - 19.05.2024 17:00","0","2096"
"19.05.2024 17:00 - 19.05.2024 18:00","0","1719"
"19.05.2024 18:00 - 19.05.2024 19:00","0","1263"
"19.05.2024 19:00 - 19.05.2024 20:00","0","1206"
"19.05.2024 20:00 - 19.05.2024 21:00","0","923"
"19.05.2024 21:00 - 19.05.2024 22:00","185","0"
"19.05.2024 22:00 - 19.05.2024 23:00","759","0"
"19.05.2024 23:00 - 20.05.2024 00:00","866","0"
"20.05.2024 00:00 - 20.05.2024 01:00","341","0"
"20.05.2024 01:00 - 20.05.2024 02:00","0","517"
"20.05.2024 02:00 - 20.05.2024 03:00","0","1189"
"20.05.2024 03:00 - 20.05.2024 04:00","0","1469"
"20.05.2024 04:00 - 20.05.2024 05:00","0","1510"
"20.05.2024 05:00 - 20.05.2024 06:00","0","1136"
"20.05.2024 06:00 - 20.05.2024 07:00","0","315"
"20.05.2024 07:00 - 20.05.2024 08:00","441","0"
"20.05.2024 08:00 - 20.05.2024 09:00","0","213"
"20.05.2024 09:00 - 20.05.2024 10:00","0","2255"
"20.05.2024 10:00 - 20.05.2024 11:00","0","3142"
"20.05.2024 11:00 - 20.05.2024 12:00","0","3398"
"20.05.2024 12:00 - 20.05.2024 13:00","0","3455"
"20.05.2024 13:00 - 20.05.2024 14:00","0","3359"
"20.05.2024 14:00 - 20.05.2024 15:00","0","3473"
"20.05.2024 15:00 - 20.05.2024 16:00","0","3757"
"20.05.2024 16:00 - 20.05.2024 17:00","0","3256"
"20.05.2024 17:00 - 20.05.2024 18:00","0","2591"
"20.05.2024 18:00 - 20.05.2024 19:00","0","1721"
"20.05.2024 19:00 - 20.05.2024 20:00","0","1363"
"20.05.2024 20:00 - 20.05.2024 21:00","0","692"
"20.05.2024 21:00 - 20.05.2024 22:00","239","0"
"20.05.2024 22:00 - 20.05.2024 23:00","274","0"
"20.05.2024 23:00 - 21.05.2024 00:00","232","0"
"21.05.2024 00:00 - 21.05.2024 01:00","274","0"
"21.05.2024 01:00 - 21.05.2024 02:00","0","63"
"21.05.2024 02:00 - 21.05.2024 03:00","0","473"
"21.05.2024 03:00 - 21.05.2024 04:00","0","528"
"21.05.2024 04:00 - 21.05.2024 05:00","0","676"
"21.05.2024 05:00 - 21.05.2024 06:00","0","853"
"21.05.2024 06:00 - 21.05.2024 07:00","0","702"
"21.05.2024 07:00 - 21.05.2024 08:00","334","0"
"21.05.2024 08:00 - 21.05.2024 09:00","116","0"
"21.05.2024 09:00 - 21.05.2024 10:00","0","1994"
"21.05.2024 10:00 - 21.05.2024 11:00","0","2961"
"21.05.2024 11:00 - 21.05.2024 12:00","0","3387"
"21.05.2024 12:00 - 21.05.2024 13:00","0","3530"
"21.05.2024 13:00 - 21.05.2024 14:00","0","3370"
"21.05.2024 14:00 - 21.05.2024 15:00","0","3532"
"21.05.2024 15:00 - 21.05.2024 16:00","0","3203"
"21.05.2024 16:00 - 21.05.2024 17:00","0","2845"
"21.05.2024 17:00 - 21.05.2024 18:00","0","2602"
"21.05.2024 18:00 - 21.05.2024 19:00","0","2347"
"21.05.2024 19:00 - 21.05.2024 20:00","0","2176"
"21.05.2024 20:00 - 21.05.2024 21:00","0","1202"
"21.05.2024 21:00 - 21.05.2024 22:00","0","219"
"21.05.2024 22:00 - 21.05.2024 23:00","0","195"
"21.05.2024 23:00 - 22.05.2024 00:00","0","1330"
"22.05.2024 00:00 - 22.05.2024 01:00","0","1197"
"22.05.2024 01:00 - 22.05.2024 02:00","0","1361"
"22.05.2024 02:00 - 22.05.2024 03:00","0","1382"
"22.05.2024 03:00 - 22.05.2024 04:00","0","1350"
"22.05.2024 04:00 - 22.05.2024 05:00","0","1540"
"22.05.2024 05:00 - 22.05.2024 06:00","0","1481"
"22.05.2024 06:00 - 22.05.2024 07:00","0","1283"
"22.05.2024 07:00 - 22.05.2024 08:00","0","564"
"22.05.2024 08:00 - 22.05.2024 09:00","0","1020"
"22.05.2024 09:00 - 22.05.2024 10:00","0","3075"
"22.05.2024 10:00 - 22.05.2024 11:00","0","3653"
"22.05.2024 11:00 - 22.05.2024 12:00","0","3745"
"22.05.2024 12:00 - 22.05.2024 13:00","0","3686"
"22.05.2024 13:00 - 22.05.2024 14:00","0","3673"
"22.05.2024 14:00 - 22.05.2024 15:00","0","3761"
"22.05.2024 15:00 - 22.05.2024 16:00","0","3513"
"22.05.2024 16:00 - 22.05.2024 17:00","0","3331"
"22.05.2024 17:00 - 22.05.2024 18:00","0","3042"
"22.05.2024 18:00 - 22.05.2024 19:00","0","2225"
"22.05.2024 19:00 - 22.05.2024 20:00","0","2017"
"22.05.2024 20:00 - 22.05.2024 21:00","0","816"
"22.05.2024 21:00 - 22.05.2024 22:00","154","0"
"22.05.2024 22:00 - 22.05.2024 23:00","237","0"
"22.05.2024 23:00 - 23.05.2024 00:00","0","425"
"23.05.2024 00:00 - 23.05.2024 01:00","0","645"
"23.05.2024 01:00 - 23.05.2024 02:00","0","931"
"23.05.2024 02:00 - 23.05.2024 03:00","0","897"
"23.05.2024 03:00 - 23.05.2024 04:00","0","461"
"23.05.2024 04:00 - 23.05.2024 05:00","0","521"
"23.05.2024 05:00 - 23.05.2024 06:00","0","350"
"23.05.2024 06:00 - 23.05.2024 07:00","0","43"
"23.05.2024 07:00 - 23.05.2024 08:00","701","0"
"23.05.2024 08:00 - 23.05.2024 09:00","131","0"
"23.05.2024 09:00 - 23.05.2024 10:00","0","1477"
"23.05.2024 10:00 - 23.05.2024 11:00","0","2334"
"23.05.2024 11:00 - 23.05.2024 12:00","0","2736"
"23.05.2024 12:00 - 23.05.2024 13:00","0","3069"
"23.05.2024 13:00 - 23.05.2024 14:00","0","3144"
"23.05.2024 14:00 - 23.05.2024 15:00","0","3341"
"23.05.2024 15:00 - 23.05.2024 16:00","0","3409"
"23.05.2024 16:00 - 23.05.2024 17:00","0","3299"
"23.05.2024 17:00 - 23.05.2024 18:00","0","3291"
"23.05.2024 18:00 - 23.05.2024 19:00","0","3201"
"23.05.2024 19:00 - 23.05.2024 20:00","0","2460"
"23.05.2024 20:00 - 23.05.2024 21:00","0","1462"
"23.05.2024 21:00 - 23.05.2024 22:00","0","332"
"23.05.2024 22:00 - 23.05.2024 23:00","0","99"
"23.05.2024 23:00 - 24.05.2024 00:00","0","131"
"24.05.2024 00:00 - 24.05.2024 01:00","0","428"
"24.05.2024 01:00 - 24.05.2024 02:00","0","1341"
"24.05.2024 02:00 - 24.05.2024 03:00","0","1725"
"24.05.2024 03:00 - 24.05.2024 04:00","0","2111"
"24.05.2024 04:00 - 24.05.2024 05:00","0","2198"
"24.05.2024 05:00 - 24.05.2024 06:00","0","1686"
"24.05.2024 06:00 - 24.05.2024 07:00","0","670"
"24.05.2024 07:00 - 24.05.2024 08:00","391","0"
"24.05.2024 08:00 - 24.05.2024 09:00","0","604"
"24.05.2024 09:00 - 24.05.2024 10:00","0","2421"
"24.05.2024 10:00 - 24.05.2024 11:00","0","3100"
"24.05.2024 11:00 - 24.05.2024 12:00","0","3181"
"24.05.2024 12:00 - 24.05.2024 13:00","0","3199"
"24.05.2024 13:00 - 24.05.2024 14:00","0","3229"
"24.05.2024 14:00 - 24.05.2024 15:00","0","3195"
"24.05.2024 15:00 - 24.05.2024 16:00","0","3121"
"24.05.2024 16:00 - 24.05.2024 17:00","0","3019"
"24.05.2024 17:00 - 24.05.2024 18:00","0","3390"
"24.05.2024 18:00 - 24.05.2024 19:00","0","3443"
"24.05.2024 19:00 - 24.05.2024 20:00","0","2715"
"24.05.2024 20:00 - 24.05.2024 21:00","0","1645"
"24.05.2024 21:00 - 24.05.2024 22:00","91","0"
"24.05.2024 22:00 - 24.05.2024 23:00","501","0"
"24.05.2024 23:00 - 25.05.2024 00:00","751","0"
"25.05.2024 00:00 - 25.05.2024 01:00","327","0"
"25.05.2024 01:00 - 25.05.2024 02:00","0","624"
"25.05.2024 02:00 - 25.05.2024 03:00","0","1084"
"25.05.2024 03:00 - 25.05.2024 04:00","0","1495"
"25.05.2024 04:00 - 25.05.2024 05:00","0","1681"
"25.05.2024 05:00 - 25.05.2024 06:00","0","1737"
"25.05.2024 06:00 - 25.05.2024 07:00","0","1739"
"25.05.2024 07:00 - 25.05.2024 08:00","0","1907"
"25.05.2024 08:00 - 25.05.2024 09:00","0","2304"
"25.05.2024 09:00 - 25.05.2024 10:00","0","3053"
"25.05.2024 10:00 - 25.05.2024 11:00","0","3133"
"25.05.2024 11:00 - 25.05.2024 12:00","0","3412"
"25.05.2024 12:00 - 25.05.2024 13:00","0","3464"
"25.05.2024 13:00 - 25.05.2024 14:00","0","3167"
"25.05.2024 14:00 - 25.05.2024 15:00","0","3215"
"25.05.2024 15:00 - 25.05.2024 16:00","0","2926"
"25.05.2024 16:00 - 25.05.2024 17:00","0","2513"
"25.05.2024 17:00 - 25.05.2024 18:00","0","2077"
"25.05.2024 18:00 - 25.05.2024 19:00","0","2166"
"25.05.2024 19:00 - 25.05.2024 20:00","0","2019"
"25.05.2024 20:00 - 25.05.2024 21:00","0","1927"
"25.05.2024 21:00 - 25.05.2024 22:00","0","503"
"25.05.2024 22:00 - 25.05.2024 23:00","0","99"
"25.05.2024 23:00 - 26.05.2024 00:00","0","26"
"26.05.2024 00:00 - 26.05.2024 01:00","0","1386"
"26.05.2024 01:00 - 26.05.2024 02:00","0","1822"
"26.05.2024 02:00 - 26.05.2024 03:00","0","1783"
"26.05.2024 03:00 - 26.05.2024 04:00","0","1684"
"26.05.2024 04:00 - 26.05.2024 05:00","0","1737"
"26.05.2024 05:00 - 26.05.2024 06:00","0","1413"
"26.05.2024 06:00 - 26.05.2024 07:00","0","838"
"26.05.2024 07:00 - 26.05.2024 08:00","0","1240"
"26.05.2024 08:00 - 26.05.2024 09:00","0","2320"
"26.05.2024 09:00 - 26.05.2024 10:00","0","3040"
"26.05.2024 10:00 - 26.05.2024 11:00","0","2921"
"26.05.2024 11:00 - 26.05.2024 12:00","0","2728"
"26.05.2024 12:00 - 26.05.2024 13:00","0","2687"
"26.05.2024 13:00 - 26.05.2024 14:00","0","2575"
"26.05.2024 14:00 - 26.05.2024 15:00","0","2465"
"26.05.2024 15:00 - 26.05.2024 16:00","0","2251"
"26.05.2024 16:00 - 26.05.2024 17:00","0","1816"
"26.05.2024 17:00 - 26.05.2024 18:00","0","1569"
"26.05.2024 18:00 - 26.05.2024 19:00","0","1155"
"26.05.2024 19:00 - 26.05.2024 20:00","0","1007"
"26.05.2024 20:00 - 26.05.2024 21:00","0","748"
"26.05.2024 21:00 - 26.05.2024 22:00","0","1087"
"26.05.2024 22:00 - 26.05.2024 23:00","0","1091"
"26.05.2024 23:00 - 27.05.2024 00:00","0","1370"
"27.05.2024 00:00 - 27.05.2024 01:00","0","1679"
"27.05.2024 01:00 - 27.05.2024 02:00","0","1763"
"27.05.2024 02:00 - 27.05.2024 03:00","0","1876"
"27.05.2024 03:00 - 27.05.2024 04:00","0","2240"
"27.05.2024 04:00 - 27.05.2024 05:00","0","2097"
"27.05.2024 05:00 - 27.05.2024 06:00","0","1551"
"27.05.2024 06:00 - 27.05.2024 07:00","0","478"
"27.05.2024 07:00 - 27.05.2024 08:00","169","0"
"27.05.2024 08:00 - 27.05.2024 09:00","0","780"
"27.05.2024 09:00 - 27.05.2024 10:00","0","2009"
"27.05.2024 10:00 - 27.05.2024 11:00","0","2069"
"27.05.2024 11:00 - 27.05.2024 12:00","0","2223"
"27.05.2024 12:00 - 27.05.2024 13:00","0","1941"
"27.05.2024 13:00 - 27.05.2024 14:00","0","1992"
"27.05.2024 14:00 - 27.05.2024 15:00","0","1970"
"27.05.2024 15:00 - 27.05.2024 16:00","0","1944"
"27.05.2024 16:00 - 27.05.2024 17:00","0","1993"
"27.05.2024 17:00 - 27.05.2024 18:00","0","1889"
"27.05.2024 18:00 - 27.05.2024 19:00","0","1747"
"27.05.2024 19:00 - 27.05.2024 20:00","0","2010"
"27.05.2024 20:00 - 27.05.2024 21:00","0","1728"
"27.05.2024 21:00 - 27.05.2024 22:00","0","1049"
"27.05.2024 22:00 - 27.05.2024 23:00","0","1402"
"27.05.2024 23:00 - 28.05.2024 00:00","0","1645"
"28.05.2024 00:00 - 28.05.2024 01:00","0","1872"
"28.05.2024 01:00 - 28.05.2024 02:00","0","1812"
"28.05.2024 02:00 - 28.05.2024 03:00","0","1891"
"28.05.2024 03:00 - 28.05.2024 04:00","0","1882"
"28.05.2024 04:00 - 28.05.2024 05:00","0","1732"
"28.05.2024 05:00 - 28.05.2024 06:00","0","1599"
"28.05.2024 06:00 - 28.05.2024 07:00","0","582"
"28.05.2024 07:00 - 28.05.2024 08:00","168","0"
"28.05.2024 08:00 - 28.05.2024 09:00","0","1132"
"28.05.2024 09:00 - 28.05.2024 10:00","0","2479"
"28.05.2024 10:00 - 28.05.2024 11:00","0","3181"
"28.05.2024 11:00 - 28.05.2024 12:00","0","3176"
"28.05.2024 12:00 - 28.05.2024 13:00","0","2912"
"28.05.2024 13:00 - 28.05.2024 14:00","0","2858"
"28.05.2024 14:00 - 28.05.2024 15:00","0","2899"
"28.05.2024 15:00 - 28.05.2024 16:00","0","3206"
"28.05.2024 16:00 - 28.05.2024 17:00","0","3225"
"28.05.2024 17:00 - 28.05.2024 18:00","0","3318"
"28.05.2024 18:00 - 28.05.2024 19:00","0","3346"
"28.05.2024 19:00 - 28.05.2024 20:00","0","2696"
"28.05.2024 20:00 - 28.05.2024 21:00","0","1710"
"28.05.2024 21:00 - 28.05.2024 22:00","0","237"
"28.05.2024 22:00 - 28.05.2024 23:00","0","664"
"28.05.2024 23:00 - 29.05.2024 00:00","0","1297"
"29.05.2024 00:00 - 29.05.2024 01:00","0","1152"
"29.05.2024 01:00 - 29.05.2024 02:00","0","1484"
"29.05.2024 02:00 - 29.05.2024 03:00","0","1844"
"29.05.2024 03:00 - 29.05.2024 04:00","0","1824"
"29.05.2024 04:00 - 29.05.2024 05:00","0","1566"
"29.05.2024 05:00 - 29.05.2024 06:00","0","1202"
"29.05.2024 06:00 - 29.05.2024 07:00","0","581"
"29.05.2024 07:00 - 29.05.2024 08:00","93","0"
"29.05.2024 08:00 - 29.05.2024 09:00","0","997"
"29.05.2024 09:00 - 29.05.2024 10:00","0","2553"
"29.05.2024 10:00 - 29.05.2024 11:00","0","3116"
"29.05.2024 11:00 - 29.05.2024 12:00","0","3237"
"29.05.2024 12:00 - 29.05.2024 13:00","0","3534"
"29.05.2024 13:00 - 29.05.2024 14:00","0","3309"
"29.05.2024 14:00 - 29.05.2024 15:00","0","3101"
"29.05.2024 15:00 - 29.05.2024 16:00","0","2910"
"29.05.2024 16:00 - 29.05.2024 17:00","0","2788"
"29.05.2024 17:00 - 29.05.2024 18:00","0","2782"
"29.05.2024 18:00 - 29.05.2024 19:00","0","2786"
"29.05.2024 19:00 - 29.05.2024 20:00","0","2494"
"29.05.2024 20:00 - 29.05.2024 21:00","0","1873"
"29.05.2024 21:00 - 29.05.2024 22:00","0","826"
"29.05.2024 22:00 - 29.05.2024 23:00","0","673"
"29.05.2024 23:00 - 30.05.2024 00:00","0","1193"
"30.05.2024 00:00 - 30.05.2024 01:00","0","1697"
"30.05.2024 01:00 - 30.05.2024 02:00","0","1402"
"30.05.2024 02:00 - 30.05.2024 03:00","0","1358"
"30.05.2024 03:00 - 30.05.2024 04:00","0","1205"
"30.05.2024 04:00 - 30.05.2024 05:00","0","1261"
"30.05.2024 05:00 - 30.05.2024 06:00","0","976"
"30.05.2024 06:00 - 30.05.2024 07:00","0","540"
"30.05.2024 07:00 - 30.05.2024 08:00","0","97"
"30.05.2024 08:00 - 30.05.2024 09:00","0","791"
"30.05.2024 09:00 - 30.05.2024 10:00","0","1771"
"30.05.2024 10:00 - 30.05.2024 11:00","0","2325"
"30.05.2024 11:00 - 30.05.2024 12:00","0","2768"
"30.05.2024 12:00 - 30.05.2024 13:00","0","2865"
"30.05.2024 13:00 - 30.05.2024 14:00","0","3001"
"30.05.2024 14:00 - 30.05.2024 15:00","0","2798"
"30.05.2024 15:00 - 30.05.2024 16:00","0","2808"
"30.05.2024 16:00 - 30.05.2024 17:00","0","2741"
"30.05.2024 17:00 - 30.05.2024 18:00","0","2717"
"30.05.2024 18:00 - 30.05.2024 19:00","0","2304"
"30.05.2024 19:00 - 30.05.2024 20:00","0","2581"
"30.05.2024 20:00 - 30.05.2024 21:00","0","1812"
"30.05.2024 21:00 - 30.05.2024 22:00","0","1039"
"30.05.2024 22:00 - 30.05.2024 23:00","0","660"
"30.05.2024 23:00 - 31.05.2024 00:00","0","1412"
"31.05.2024 00:00 - 31.05.2024 01:00","0","1609"
"31.05.2024 01:00 - 31.05.2024 02:00","0","1104"
"31.05.2024 02:00 - 31.05.2024 03:00","0","724"
"31.05.2024 03:00 - 31.05.2024 04:00","0","798"
"31.05.2024 04:00 - 31.05.2024 05:00","0","734"
"31.05.2024 05:00 - 31.05.2024 06:00","0","173"
"31.05.2024 06:00 - 31.05.2024 07:00","148","0"
"31.05.2024 07:00 - 31.05.2024 08:00","343","0"
"31.05.2024 08:00 - 31.05.2024 09:00","0","594"
"31.05.2024 09:00 - 31.05.2024 10:00","0","1389"
"31.05.2024 10:00 - 31.05.2024 11:00","0","1815"
"31.05.2024 11:00 - 31.05.2024 12:00","0","1668"
"31.05.2024 12:00 - 31.05.2024 13:00","0","1809"
"31.05.2024 13:00 - 31.05.2024 14:00","0","1694"
"31.05.2024 14:00 - 31.05.2024 15:00","0","1840"
"31.05.2024 15:00 - 31.05.2024 16:00","0","1882"
"31.05.2024 16:00 - 31.05.2024 17:00","0","1987"
"31.05.2024 17:00 - 31.05.2024 18:00","0","2462"
"31.05.2024 18:00 - 31.05.2024 19:00","0","2629"
"31.05.2024 19:00 - 31.05.2024 20:00","0","2607"
"31.05.2024 20:00 - 31.05.2024 21:00","0","2220"
"31.05.2024 21:00 - 31.05.2024 22:00","0","1548"
"31.05.2024 22:00 - 31.05.2024 23:00","0","1374"
"31.05.2024 23:00 - 01.06.2024 00:00","0","1040"
"01.06.2024 00:00 - 01.06.2024 01:00","0","928"
"01.06.2024 01:00 - 01.06.2024 02:00","0","981"
"01.06.2024 02:00 - 01.06.2024 03:00","0","538"
"01.06.2024 03:00 - 01.06.2024 04:00","0","303"
"01.06.2024 04:00 - 01.06.2024 05:00","0","220"
"01.06.2024 05:00 - 01.06.2024 06:00","0","65"
"01.06.2024 06:00 - 01.06.2024 07:00","149","0"
"01.06.2024 07:00 - 01.06.2024 08:00","411","0"
"01.06.2024 08:00 - 01.06.2024 09:00","0","330"
"01.06.2024 09:00 - 01.06.2024 10:00","0","887"
"01.06.2024 10:00 - 01.06.2024 11:00","0","1416"
"01.06.2024 11:00 - 01.06.2024 12:00","0","1957"
"01.06.2024 12:00 - 01.06.2024 13:00","0","1930"
"01.06.2024 13:00 - 01.06.2024 14:00","0","2064"
"01.06.2024 14:00 - 01.06.2024 15:00","0","2145"
"01.06.2024 15:00 - 01.06.2024 16:00","0","2136"
"01.06.2024 16:00 - 01.06.2024 17:00","0","2335"
"01.06.2024 17:00 - 01.06.2024 18:00","0","2129"
"01.06.2024 18:00 - 01.06.2024 19:00","0","2021"
"01.06.2024 19:00 - 01.06.2024 20:00","0","1947"
"01.06.2024 20:00 - 01.06.2024 21:00","0","1816"
"01.06.2024 21:00 - 01.06.2024 22:00","0","1086"
"01.06.2024 22:00 - 01.06.2024 23:00","0","677"
"01.06.2024 23:00 - 02.06.2024 00:00","0","559"
"02.06.2024 00:00 - 02.06.2024 01:00","0","573"
"02.06.2024 01:00 - 02.06.2024 02:00","0","529"
"02.06.2024 02:00 - 02.06.2024 03:00","0","582"
"02.06.2024 03:00 - 02.06.2024 04:00","0","429"
"02.06.2024 04:00 - 02.06.2024 05:00","0","179"
"02.06.2024 05:00 - 02.06.2024 06:00","207","0"
"02.06.2024 06:00 - 02.06.2024 07:00","431","0"
"02.06.2024 07:00 - 02.06.2024 08:00","522","0"
"02.06.2024 08:00 - 02.06.2024 09:00","0","328"
"02.06.2024 09:00 - 02.06.2024 10:00","0","1055"
"02.06.2024 10:00 - 02.06.2024 11:00","0","2000"
"02.06.2024 11:00 - 02.06.2024 12:00","0","2364"
"02.06.2024 12:00 - 02.06.2024 13:00","0","1789"
"02.06.2024 13:00 - 02.06.2024 14:00","0","2160"
"02.06.2024 14:00 - 02.06.2024 15:00","0","2240"
"02.06.2024 15:00 - 02.06.2024 16:00","0","2028"
"02.06.2024 16:00 - 02.06.2024 17:00","0","1911"
"02.06.2024 17:00 - 02.06.2024 18:00","0","1826"
"02.06.2024 18:00 - 02.06.2024 19:00","0","1977"
"02.06.2024 19:00 - 02.06.2024 20:00","0","2145"
"02.06.2024 20:00 - 02.06.2024 21:00","0","1673"
"02.06.2024 21:00 - 02.06.2024 22:00","0","1225"
"02.06.2024 22:00 - 02.06.2024 23:00","0","1107"
"02.06.2024 23:00 - 03.06.2024 00:00","0","892"
"03.06.2024 00:00 - 03.06.2024 01:00","0","1823"
"03.06.2024 01:00 - 03.06.2024 02:00","0","2091"
"03.06.2024 02:00 - 03.06.2024 03:00","0","1945"
"03.06.2024 03:00 - 03.06.2024 04:00","0","2213"
"03.06.2024 04:00 - 03.06.2024 05:00","0","1792"
"03.06.2024 05:00 - 03.06.2024 06:00","0","1489"
"03.06.2024 06:00 - 03.06.2024 07:00","126","0"
"03.06.2024 07:00 - 03.06.2024 08:00","782","0"
"03.06.2024 08:00 - 03.06.2024 09:00","603","0"
"03.06.2024 09:00 - 03.06.2024 10:00","0","1263"
"03.06.2024 10:00 - 03.06.2024 11:00","0","2197"
"03.06.2024 11:00 - 03.06.2024 12:00","0","2171"
"03.06.2024 12:00 - 03.06.2024 13:00","0","2169"
"03.06.2024 13:00 - 03.06.2024 14:00","0","2145"
"03.06.2024 14:00 - 03.06.2024 15:00","0","2055"
"03.06.2024 15:00 - 03.06.2024 16:00","0","2621"
"03.06.2024 16:00 - 03.06.2024 17:00","0","2830"
"03.06.2024 17:00 - 03.06.2024 18:00","0","2587"
"03.06.2024 18:00 - 03.06.2024 19:00","0","2181"
"03.06.2024 19:00 - 03.06.2024 20:00","0","1384"
"03.06.2024 20:00 - 03.06.2024 21:00","0","1217"
"03.06.2024 21:00 - 03.06.2024 22:00","0","658"
"03.06.2024 22:00 - 03.06.2024 23:00","0","1001"
"03.06.2024 23:00 - 04.06.2024 00:00","0","1156"
"04.06.2024 00:00 - 04.06.2024 01:00","0","1062"
"04.06.2024 01:00 - 04.06.2024 02:00","0","1069"
"04.06.2024 02:00 - 04.06.2024 03:00","0","959"
"04.06.2024 03:00 - 04.06.2024 04:00","0","1098"
"04.06.2024 04:00 - 04.06.2024 05:00","0","977"
"04.06.2024 05:00 - 04.06.2024 06:00","0","795"
"04.06.2024 06:00 - 04.06.2024 07:00","0","177"
"04.06.2024 07:00 - 04.06.2024 08:00","516","0"
"04.06.2024 08:00 - 04.06.2024 09:00","0","143"
"04.06.2024 09:00 - 04.06.2024 10:00","0","1478"
"04.06.2024 10:00 - 04.06.2024 11:00","0","2509"
"04.06.2024 11:00 - 04.06.2024 12:00","0","2528"
"04.06.2024 12:00 - 04.06.2024 13:00","0","2461"
"04.06.2024 13:00 - 04.06.2024 14:00","0","2299"
"04.06.2024 14:00 - 04.06.2024 15:00","0","2392"
"04.06.2024 15:00 - 04.06.2024 16:00","0","2509"
"04.06.2024 16:00 - 04.06.2024 17:00","0","2568"
"04.06.2024 17:00 - 04.06.2024 18:00","0","2299"
"04.06.2024 18:00 - 04.06.2024 19:00","0","2354"
"04.06.2024 19:00 - 04.06.2024 20:00","0","1918"
"04.06.2024 20:00 - 04.06.2024 21:00","0","668"
"04.06.2024 21:00 - 04.06.2024 22:00","0","158"
"04.06.2024 22:00 - 04.06.2024 23:00","0","72"
"04.06.2024 23:00 - 05.06.2024 00:00","0","178"
"05.06.2024 00:00 - 05.06.2024 01:00","0","140"
"05.06.2024 01:00 - 05.06.2024 02:00","0","354"
"05.06.2024 02:00 - 05.06.2024 03:00","0","846"
"05.06.2024 03:00 - 05.06.2024 04:00","0","905"
"05.06.2024 04:00 - 05.06.2024 05:00","0","406"
"05.06.2024 05:00 - 05.06.2024 06:00","0","279"
"05.06.2024 06:00 - 05.06.2024 07:00","73","0"
"05.06.2024 07:00 - 05.06.2024 08:00","460","0"
"05.06.2024 08:00 - 05.06.2024 09:00","0","745"
"05.06.2024 09:00 - 05.06.2024 10:00","0","2488"
"05.06.2024 10:00 - 05.06.2024 11:00","0","3076"
"05.06.2024 11:00 - 05.06.2024 12:00","0","3059"
"05.06.2024 12:00 - 05.06.2024 13:00","0","2987"
"05.06.2024 13:00 - 05.06.2024 14:00","0","2914"
"05.06.2024 14:00 - 05.06.2024 15:00","0","2759"
"05.06.2024 15:00 - 05.06.2024 16:00","0","3223"
"05.06.2024 16:00 - 05.06.2024 17:00","0","3493"
"05.06.2024 17:00 - 05.06.2024 18:00","0","3065"
"05.06.2024 18:00 - 05.06.2024 19:00","0","2622"
"05.06.2024 19:00 - 05.06.2024 20:00","0","1830"
"05.06.2024 20:00 - 05.06.2024 21:00","0","879"
"05.06.2024 21:00 - 05.06.2024 22:00","0","192"
"05.06.2024 22:00 - 05.06.2024 23:00","0","230"
"05.06.2024 23:00 - 06.06.2024 00:00","0","834"
"06.06.2024 00:00 - 06.06.2024 01:00","0","2063"
"06.06.2024 01:00 - 06.06.2024 02:00","0","2387"
"06.06.2024 02:00 - 06.06.2024 03:00","0","2164"
"06.06.2024 03:00 - 06.06.2024 04:00","0","2099"
"06.06.2024 04:00 - 06.06.2024 05:00","0","1905"
"06.06.2024 05:00 - 06.06.2024 06:00","0","1932"
"06.06.2024 06:00 - 06.06.2024 07:00","0","979"
"06.06.2024 07:00 - 06.06.2024 08:00","0","821"
"06.06.2024 08:00 - 06.06.2024 09:00","0","2525"
"06.06.2024 09:00 - 06.06.2024 10:00","0","3457"
"06.06.2024 10:00 - 06.06.2024 11:00","0","4027"
"06.06.2024 11:00 - 06.06.2024 12:00","0","4014"
"06.06.2024 12:00 - 06.06.2024 13:00","0","3672"
"06.06.2024 13:00 - 06.06.2024 14:00","0","3549"
"06.06.2024 14:00 - 06.06.2024 15:00","0","3676"
"06.06.2024 15:00 - 06.06.2024 16:00","0","3854"
"06.06.2024 16:00 - 06.06.2024 17:00","0","3798"
"06.06.2024 17:00 - 06.06.2024 18:00","0","3501"
"06.06.2024 18:00 - 06.06.2024 19:00","0","3224"
"06.06.2024 19:00 - 06.06.2024 20:00","0","3061"
"06.06.2024 20:00 - 06.06.2024 21:00","0","2151"
"06.06.2024 21:00 - 06.06.2024 22:00","0","1096"
"06.06.2024 22:00 - 06.06.2024 23:00","0","1348"
"06.06.2024 23:00 - 07.06.2024 00:00","0","1965"
"07.06.2024 00:00 - 07.06.2024 01:00","0","2231"
"07.06.2024 01:00 - 07.06.2024 02:00","0","2138"
"07.06.2024 02:00 - 07.06.2024 03:00","0","1948"
"07.06.2024 03:00 - 07.06.2024 04:00","0","1714"
"07.06.2024 04:00 - 07.06.2024 05:00","0","1621"
"07.06.2024 05:00 - 07.06.2024 06:00","0","1500"
"07.06.2024 06:00 - 07.06.2024 07:00","0","811"
"07.06.2024 07:00 - 07.06.2024 08:00","0","18"
"07.06.2024 08:00 - 07.06.2024 09:00","0","11"
"07.06.2024 09:00 - 07.06.2024 10:00","0","864"
"07.06.2024 10:00 - 07.06.2024 11:00","0","1820"
"07.06.2024 11:00 - 07.06.2024 12:00","0","2891"
"07.06.2024 12:00 - 07.06.2024 13:00","0","3457"
"07.06.2024 13:00 - 07.06.2024 14:00","0","3515"
"07.06.2024 14:00 - 07.06.2024 15:00","0","3725"
"07.06.2024 15:00 - 07.06.2024 16:00","0","3722"
"07.06.2024 16:00 - 07.06.2024 17:00","0","3717"
"07.06.2024 17:00 - 07.06.2024 18:00","0","4063"
"07.06.2024 18:00 - 07.06.2024 19:00","0","3747"
"07.06.2024 19:00 - 07.06.2024 20:00","0","3390"
"07.06.2024 20:00 - 07.06.2024 21:00","0","3009"
"07.06.2024 21:00 - 07.06.2024 22:00","0","2134"
"07.06.2024 22:00 - 07.06.2024 23:00","0","1948"
"07.06.2024 23:00 - 08.06.2024 00:00","0","1531"
"08.06.2024 00:00 - 08.06.2024 01:00","0","1721"
"08.06.2024 01:00 - 08.06.2024 02:00","0","1264"
"08.06.2024 02:00 - 08.06.2024 03:00","0","1049"
"08.06.2024 03:00 - 08.06.2024 04:00","0","1205"
"08.06.2024 04:00 - 08.06.2024 05:00","0","1266"
"08.06.2024 05:00 - 08.06.2024 06:00","0","1232"
"08.06.2024 06:00 - 08.06.2024 07:00","0","1061"
"08.06.2024 07:00 - 08.06.2024 08:00","0","893"
"08.06.2024 08:00 - 08.06.2024 09:00","0","1193"
"08.06.2024 09:00 - 08.06.2024 10:00","0","1776"
"08.06.2024 10:00 - 08.06.2024 11:00","0","2393"
"08.06.2024 11:00 - 08.06.2024 12:00","0","2437"
"08.06.2024 12:00 - 08.06.2024 13:00","0","2320"
"08.06.2024 13:00 - 08.06.2024 14:00","0","2621"
"08.06.2024 14:00 - 08.06.2024 15:00","0","2818"
"08.06.2024 15:00 - 08.06.2024 16:00","0","3026"
"08.06.2024 16:00 - 08.06.2024 17:00","0","3431"
"08.06.2024 17:00 - 08.06.2024 18:00","0","3361"
"08.06.2024 18:00 - 08.06.2024 19:00","0","2836"
"08.06.2024 19:00 - 08.06.2024 20:00","0","2638"
"08.06.2024 20:00 - 08.06.2024 21:00","0","2202"
"08.06.2024 21:00 - 08.06.2024 22:00","0","1850"
"08.06.2024 22:00 - 08.06.2024 23:00","0","1910"
"08.06.2024 23:00 - 09.06.2024 00:00","0","2341"
"09.06.2024 00:00 - 09.06.2024 01:00","0","2456"
"09.06.2024 01:00 - 09.06.2024 02:00","0","2721"
"09.06.2024 02:00 - 09.06.2024 03:00","0","2958"
"09.06.2024 03:00 - 09.06.2024 04:00","0","3012"
"09.06.2024 04:00 - 09.06.2024 05:00","0","2787"
"09.06.2024 05:00 - 09.06.2024 06:00","0","2679"
"09.06.2024 06:00 - 09.06.2024 07:00","0","2702"
"09.06.2024 07:00 - 09.06.2024 08:00","0","3396"
"09.06.2024 08:00 - 09.06.2024 09:00","0","3793"
"09.06.2024 09:00 - 09.06.2024 10:00","0","4028"
"09.06.2024 10:00 - 09.06.2024 11:00","0","3951"
"09.06.2024 11:00 - 09.06.2024 12:00","0","3953"
"09.06.2024 12:00 - 09.06.2024 13:00","0","4043"
"09.06.2024 13:00 - 09.06.2024 14:00","0","4316"
"09.06.2024 14:00 - 09.06.2024 15:00","0","4047"
"09.06.2024 15:00 - 09.06.2024 16:00","0","4036"
"09.06.2024 16:00 - 09.06.2024 17:00","0","3603"
"09.06.2024 17:00 - 09.06.2024 18:00","0","3457"
"09.06.2024 18:00 - 09.06.2024 19:00","0","3227"
"09.06.2024 19:00 - 09.06.2024 20:00","0","3043"
"09.06.2024 20:00 - 09.06.2024 21:00","0","3019"
"09.06.2024 21:00 - 09.06.2024 22:00","0","2563"
"09.06.2024 22:00 - 09.06.2024 23:00","0","2261"
"09.06.2024 23:00 - 10.06.2024 00:00","0","2321"
"10.06.2024 00:00 - 10.06.2024 01:00","0","2485"
"10.06.2024 01:00 - 10.06.2024 02:00","0","2610"
"10.06.2024 02:00 - 10.06.2024 03:00","0","2709"
"10.06.2024 03:00 - 10.06.2024 04:00","0","2480"
"10.06.2024 04:00 - 10.06.2024 05:00","0","2411"
"10.06.2024 05:00 - 10.06.2024 06:00","0","2195"
"10.06.2024 06:00 - 10.06.2024 07:00","0","1856"
"10.06.2024 07:00 - 10.06.2024 08:00","0","1699"
"10.06.2024 08:00 - 10.06.2024 09:00","0","1653"
"10.06.2024 09:00 - 10.06.2024 10:00","0","1622"
"10.06.2024 10:00 - 10.06.2024 11:00","0","2005"
"10.06.2024 11:00 - 10.06.2024 12:00","0","2508"
"10.06.2024 12:00 - 10.06.2024 13:00","0","2633"
"10.06.2024 13:00 - 10.06.2024 14:00","0","2684"
"10.06.2024 14:00 - 10.06.2024 15:00","0","2551"
"10.06.2024 15:00 - 10.06.2024 16:00","0","2486"
"10.06.2024 16:00 - 10.06.2024 17:00","0","2395"
"10.06.2024 17:00 - 10.06.2024 18:00","0","2299"
"10.06.2024 18:00 - 10.06.2024 19:00","0","2241"
"10.06.2024 19:00 - 10.06.2024 20:00","0","2041"
"10.06.2024 20:00 - 10.06.2024 21:00","0","1955"
"10.06.2024 21:00 - 10.06.2024 22:00","0","1249"
"10.06.2024 22:00 - 10.06.2024 23:00","0","1215"
"10.06.2024 23:00 - 11.06.2024 00:00","0","1360"
"11.06.2024 00:00 - 11.06.2024 01:00","0","1490"
"11.06.2024 01:00 - 11.06.2024 02:00","0","1764"
"11.06.2024 02:00 - 11.06.2024 03:00","0","1708"
"11.06.2024 03:00 - 11.06.2024 04:00","0","1644"
"11.06.2024 04:00 - 11.06.2024 05:00","0","1562"
"11.06.2024 05:00 - 11.06.2024 06:00","0","1501"
"11.06.2024 06:00 - 11.06.2024 07:00","0","922"
"11.06.2024 07:00 - 11.06.2024 08:00","0","329"
"11.06.2024 08:00 - 11.06.2024 09:00","0","1076"
"11.06.2024 09:00 - 11.06.2024 10:00","0","2047"
"11.06.2024 10:00 - 11.06.2024 11:00","0","2838"
"11.06.2024 11:00 - 11.06.2024 12:00","0","3140"
"11.06.2024 12:00 - 11.06.2024 13:00","0","3222"
"11.06.2024 13:00 - 11.06.2024 14:00","0","3201"
"11.06.2024 14:00 - 11.06.2024 15:00","0","3194"
"11.06.2024 15:00 - 11.06.2024 16:00","0","3029"
"11.06.2024 16:00 - 11.06.2024 17:00","0","3001"
"11.06.2024 17:00 - 11.06.2024 18:00","0","2992"
"11.06.2024 18:00 - 11.06.2024 19:00","0","2995"
"11.06.2024 19:00 - 11.06.2024 20:00","0","2892"
"11.06.2024 20:00 - 11.06.2024 21:00","0","2456"
"11.06.2024 21:00 - 11.06.2024 22:00","0","1718"
"11.06.2024 22:00 - 11.06.2024 23:00","0","1679"
"11.06.2024 23:00 - 12.06.2024 00:00","0","1512"
"12.06.2024 00:00 - 12.06.2024 01:00","0","1739"
"12.06.2024 01:00 - 12.06.2024 02:00","0","2082"
"12.06.2024 02:00 - 12.06.2024 03:00","0","2271"
"12.06.2024 03:00 - 12.06.2024 04:00","0","2269"
"12.06.2024 04:00 - 12.06.2024 05:00","0","2198"
"12.06.2024 05:00 - 12.06.2024 06:00","0","1900"
"12.06.2024 06:00 - 12.06.2024 07:00","0","1365"
"12.06.2024 07:00 - 12.06.2024 08:00","0","714"
"12.06.2024 08:00 - 12.06.2024 09:00","0","1913"
"12.06.2024 09:00 - 12.06.2024 10:00","0","2844"
"12.06.2024 10:00 - 12.06.2024 11:00","0","2964"
"12.06.2024 11:00 - 12.06.2024 12:00","0","3120"
"12.06.2024 12:00 - 12.06.2024 13:00","0","3164"
"12.06.2024 13:00 - 12.06.2024 14:00","0","3130"
"12.06.2024 14:00 - 12.06.2024 15:00","0","3117"
"12.06.2024 15:00 - 12.06.2024 16:00","0","3018"
"12.06.2024 16:00 - 12.06.2024 17:00","0","2961"
"12.06.2024 17:00 - 12.06.2024 18:00","0","2983"
"12.06.2024 18:00 - 12.06.2024 19:00","0","2939"
"12.06.2024 19:00 - 12.06.2024 20:00","0","2955"
"12.06.2024 20:00 - 12.06.2024 21:00","0","2420"
"12.06.2024 21:00 - 12.06.2024 22:00","0","1436"
"12.06.2024 22:00 - 12.06.2024 23:00","0","1241"
"12.06.2024 23:00 - 13.06.2024 00:00","0","1678"
"13.06.2024 00:00 - 13.06.2024 01:00","0","1738"
"13.06.2024 01:00 - 13.06.2024 02:00","0","1627"
"13.06.2024 02:00 - 13.06.2024 03:00","0","1495"
"13.06.2024 03:00 - 13.06.2024 04:00","0","1236"
"13.06.2024 04:00 - 13.06.2024 05:00","0","1055"
"13.06.2024 05:00 - 13.06.2024 06:00","0","1282"
"13.06.2024 06:00 - 13.06.2024 07:00","0","930"
"13.06.2024 07:00 - 13.06.2024 08:00","0","483"
"13.06.2024 08:00 - 13.06.2024 09:00","0","1579"
"13.06.2024 09:00 - 13.06.2024 10:00","0","2867"
"13.06.2024 10:00 - 13.06.2024 11:00","0","2987"
"13.06.2024 11:00 - 13.06.2024 12:00","0","3113"
"13.06.2024 12:00 - 13.06.2024 13:00","0","3164"
"13.06.2024 13:00 - 13.06.2024 14:00","0","3161"
"13.06.2024 14:00 - 13.06.2024 15:00","0","2750"
"13.06.2024 15:00 - 13.06.2024 16:00","0","2448"
"13.06.2024 16:00 - 13.06.2024 17:00","0","2530"
"13.06.2024 17:00 - 13.06.2024 18:00","0","2936"
"13.06.2024 18:00 - 13.06.2024 19:00","0","3256"
"13.06.2024 19:00 - 13.06.2024 20:00","0","2971"
"13.06.2024 20:00 - 13.06.2024 21:00","0","2139"
"13.06.2024 21:00 - 13.06.2024 22:00","0","1194"
"13.06.2024 22:00 - 13.06.2024 23:00","0","1101"
"13.06.2024 23:00 - 14.06.2024 00:00","0","1334"
"14.06.2024 00:00 - 14.06.2024 01:00","0","1682"
"14.06.2024 01:00 - 14.06.2024 02:00","0","1810"
"14.06.2024 02:00 - 14.06.2024 03:00","0","1953"
"14.06.2024 03:00 - 14.06.2024 04:00","0","1984"
"14.06.2024 04:00 - 14.06.2024 05:00","0","2039"
"14.06.2024 05:00 - 14.06.2024 06:00","0","1652"
"14.06.2024 06:00 - 14.06.2024 07:00","0","1111"
"14.06.2024 07:00 - 14.06.2024 08:00","0","1157"
"14.06.2024 08:00 - 14.06.2024 09:00","0","1406"
"14.06.2024 09:00 - 14.06.2024 10:00","0","2929"
"14.06.2024 10:00 - 14.06.2024 11:00","0","3377"
"14.06.2024 11:00 - 14.06.2024 12:00","0","3551"
"14.06.2024 12:00 - 14.06.2024 13:00","0","3860"
"14.06.2024 13:00 - 14.06.2024 14:00","0","3719"
"14.06.2024 14:00 - 14.06.2024 15:00","0","3664"
"14.06.2024 15:00 - 14.06.2024 16:00","0","3660"
"14.06.2024 16:00 - 14.06.2024 17:00","0","3216"
"14.06.2024 17:00 - 14.06.2024 18:00","0","3107"
"14.06.2024 18:00 - 14.06.2024 19:00","0","2826"
"14.06.2024 19:00 - 14.06.2024 20:00","0","2495"
"14.06.2024 20:00 - 14.06.2024 21:00","0","2256"
"14.06.2024 21:00 - 14.06.2024 22:00","0","1317"
"14.06.2024 22:00 - 14.06.2024 23:00","0","866"
"14.06.2024 23:00 - 15.06.2024 00:00","0","1527"
"15.06.2024 00:00 - 15.06.2024 01:00","0","1214"
"15.06.2024 01:00 - 15.06.2024 02:00","0","1429"
"15.06.2024 02:00 - 15.06.2024 03:00","0","1513"
"15.06.2024 03:00 - 15.06.2024 04:00","0","1453"
"15.06.2024 04:00 - 15.06.2024 05:00","0","1232"
"15.06.2024 05:00 - 15.06.2024 06:00","0","1138"
"15.06.2024 06:00 - 15.06.2024 07:00","0","960"
"15.06.2024 07:00 - 15.06.2024 08:00","0","965"
"15.06.2024 08:00 - 15.06.2024 09:00","0","1733"
"15.06.2024 09:00 - 15.06.2024 10:00","0","2338"
"15.06.2024 10:00 - 15.06.2024 11:00","0","2092"
"15.06.2024 11:00 - 15.06.2024 12:00","0","1843"
"15.06.2024 12:00 - 15.06.2024 13:00","0","2407"
"15.06.2024 13:00 - 15.06.2024 14:00","0","2390"
"15.06.2024 14:00 - 15.06.2024 15:00","0","2301"
"15.06.2024 15:00 - 15.06.2024 16:00","0","2065"
"15.06.2024 16:00 - 15.06.2024 17:00","0","1898"
"15.06.2024 17:00 - 15.06.2024 18:00","0","1742"
"15.06.2024 18:00 - 15.06.2024 19:00","0","1597"
"15.06.2024 19:00 - 15.06.2024 20:00","0","1416"
"15.06.2024 20:00 - 15.06.2024 21:00","0","1454"
"15.06.2024 21:00 - 15.06.2024 22:00","0","561"
"15.06.2024 22:00 - 15.06.2024 23:00","0","330"
"15.06.2024 23:00 - 16.06.2024 00:00","0","549"
"16.06.2024 00:00 - 16.06.2024 01:00","0","1097"
"16.06.2024 01:00 - 16.06.2024 02:00","0","1580"
"16.06.2024 02:00 - 16.06.2024 03:00","0","1394"
"16.06.2024 03:00 - 16.06.2024 04:00","0","1451"
"16.06.2024 04:00 - 16.06.2024 05:00","0","1209"
"16.06.2024 05:00 - 16.06.2024 06:00","0","1082"
"16.06.2024 06:00 - 16.06.2024 07:00","0","909"
"16.06.2024 07:00 - 16.06.2024 08:00","0","1542"
"16.06.2024 08:00 - 16.06.2024 09:00","0","1750"
"16.06.2024 09:00 - 16.06.2024 10:00","0","2327"
"16.06.2024 10:00 - 16.06.2024 11:00","0","2575"
"16.06.2024 11:00 - 16.06.2024 12:00","0","2655"
"16.06.2024 12:00 - 16.06.2024 13:00","0","2497"
"16.06.2024 13:00 - 16.06.2024 14:00","0","2464"
"16.06.2024 14:00 - 16.06.2024 15:00","0","2404"
"16.06.2024 15:00 - 16.06.2024 16:00","0","2466"
"16.06.2024 16:00 - 16.06.2024 17:00","0","2268"
"16.06.2024 17:00 - 16.06.2024 18:00","0","1691"
"16.06.2024 18:00 - 16.06.2024 19:00","0","1666"
"16.06.2024 19:00 - 16.06.2024 20:00","0","1976"
"16.06.2024 20:00 - 16.06.2024 21:00","0","1743"
"16.06.2024 21:00 - 16.06.2024 22:00","0","1338"
"16.06.2024 22:00 - 16.06.2024 23:00","0","897"
"16.06.2024 23:00 - 17.06.2024 00:00","0","786"
"17.06.2024 00:00 - 17.06.2024 01:00","0","960"
"17.06.2024 01:00 - 17.06.2024 02:00","0","1501"
"17.06.2024 02:00 - 17.06.2024 03:00","0","1730"
"17.06.2024 03:00 - 17.06.2024 04:00","0","1836"
"17.06.2024 04:00 - 17.06.2024 05:00","0","2089"
"17.06.2024 05:00 - 17.06.2024 06:00","0","2000"
"17.06.2024 06:00 - 17.06.2024 07:00","0","1120"
"17.06.2024 07:00 - 17.06.2024 08:00","0","813"
"17.06.2024 08:00 - 17.06.2024 09:00","0","1050"
"17.06.2024 09:00 - 17.06.2024 10:00","0","2246"
"17.06.2024 10:00 - 17.06.2024 11:00","0","2870"
"17.06.2024 11:00 - 17.06.2024 12:00","0","2505"
"17.06.2024 12:00 - 17.06.2024 13:00","0","2400"
"17.06.2024 13:00 - 17.06.2024 14:00","0","2276"
"17.06.2024 14:00 - 17.06.2024 15:00","0","2418"
"17.06.2024 15:00 - 17.06.2024 16:00","0","3354"
"17.06.2024 16:00 - 17.06.2024 17:00","0","3630"
"17.06.2024 17:00 - 17.06.2024 18:00","0","3800"
"17.06.2024 18:00 - 17.06.2024 19:00","0","3945"
"17.06.2024 19:00 - 17.06.2024 20:00","0","3541"
"17.06.2024 20:00 - 17.06.2024 21:00","0","2973"
"17.06.2024 21:00 - 17.06.2024 22:00","0","2126"
"17.06.2024 22:00 - 17.06.2024 23:00","0","1807"
"17.06.2024 23:00 - 18.06.2024 00:00","0","1674"
"18.06.2024 00:00 - 18.06.2024 01:00","0","2231"
"18.06.2024 01:00 - 18.06.2024 02:00","0","2628"
"18.06.2024 02:00 - 18.06.2024 03:00","0","2064"
"18.06.2024 03:00 - 18.06.2024 04:00","0","2104"
"18.06.2024 04:00 - 18.06.2024 05:00","0","2015"
"18.06.2024 05:00 - 18.06.2024 06:00","0","1776"
"18.06.2024 06:00 - 18.06.2024 07:00","0","1487"
"18.06.2024 07:00 - 18.06.2024 08:00","0","1153"
"18.06.2024 08:00 - 18.06.2024 09:00","0","1508"
"18.06.2024 09:00 - 18.06.2024 10:00","0","2376"
"18.06.2024 10:00 - 18.06.2024 11:00","0","3305"
"18.06.2024 11:00 - 18.06.2024 12:00","0","3413"
"18.06.2024 12:00 - 18.06.2024 13:00","0","3582"
"18.06.2024 13:00 - 18.06.2024 14:00","0","3911"
"18.06.2024 14:00 - 18.06.2024 15:00","0","3897"
"18.06.2024 15:00 - 18.06.2024 16:00","0","3437"
"18.06.2024 16:00 - 18.06.2024 17:00","0","3516"
"18.06.2024 17:00 - 18.06.2024 18:00","0","3508"
"18.06.2024 18:00 - 18.06.2024 19:00","0","2620"
"18.06.2024 19:00 - 18.06.2024 20:00","0","2542"
"18.06.2024 20:00 - 18.06.2024 21:00","0","2265"
"18.06.2024 21:00 - 18.06.2024 22:00","0","1569"
"18.06.2024 22:00 - 18.06.2024 23:00","0","1288"
"18.06.2024 23:00 - 19.06.2024 00:00","0","2070"
"19.06.2024 00:00 - 19.06.2024 01:00","0","2136"
"19.06.2024 01:00 - 19.06.2024 02:00","0","2106"
"19.06.2024 02:00 - 19.06.2024 03:00","0","2423"
"19.06.2024 03:00 - 19.06.2024 04:00","0","2511"
"19.06.2024 04:00 - 19.06.2024 05:00","0","2376"
"19.06.2024 05:00 - 19.06.2024 06:00","0","2061"
"19.06.2024 06:00 - 19.06.2024 07:00","0","1520"
"19.06.2024 07:00 - 19.06.2024 08:00","0","1073"
"19.06.2024 08:00 - 19.06.2024 09:00","0","1931"
"19.06.2024 09:00 - 19.06.2024 10:00","0","3051"
"19.06.2024 10:00 - 19.06.2024 11:00","0","3332"
"19.06.2024 11:00 - 19.06.2024 12:00","0","3466"
"19.06.2024 12:00 - 19.06.2024 13:00","0","3612"
"19.06.2024 13:00 - 19.06.2024 14:00","0","3474"
"19.06.2024 14:00 - 19.06.2024 15:00","0","3464"
"19.06.2024 15:00 - 19.06.2024 16:00","0","3314"
"19.06.2024 16:00 - 19.06.2024 17:00","0","3344"
"19.06.2024 17:00 - 19.06.2024 18:00","0","3135"
"19.06.2024 18:00 - 19.06.2024 19:00","0","3112"
"19.06.2024 19:00 - 19.06.2024 20:00","0","2714"
"19.06.2024 20:00 - 19.06.2024 21:00","0","2653"
"19.06.2024 21:00 - 19.06.2024 22:00","0","1468"
"19.06.2024 22:00 - 19.06.2024 23:00","0","915"
"19.06.2024 23:00 - 20.06.2024 00:00","0","1935"
"20.06.2024 00:00 - 20.06.2024 01:00","0","2295"
"20.06.2024 01:00 - 20.06.2024 02:00","0","2933"
"20.06.2024 02:00 - 20.06.2024 03:00","0","2879"
"20.06.2024 03:00 - 20.06.2024 04:00","0","2953"
"20.06.2024 04:00 - 20.06.2024 05:00","0","2887"
"20.06.2024 05:00 - 20.06.2024 06:00","0","2617"
"20.06.2024 06:00 - 20.06.2024 07:00","0","1926"
"20.06.2024 07:00 - 20.06.2024 08:00","0","1237"
"20.06.2024 08:00 - 20.06.2024 09:00","0","1436"
"20.06.2024 09:00 - 20.06.2024 10:00","0","2493"
"20.06.2024 10:00 - 20.06.2024 11:00","0","3229"
"20.06.2024 11:00 - 20.06.2024 12:00","0","3308"
"20.06.2024 12:00 - 20.06.2024 13:00","0","3774"
"20.06.2024 13:00 - 20.06.2024 14:00","0","3709"
"20.06.2024 14:00 - 20.06.2024 15:00","0","3379"
"20.06.2024 15:00 - 20.06.2024 16:00","0","3226"
"20.06.2024 16:00 - 20.06.2024 17:00","0","3100"
"20.06.2024 17:00 - 20.06.2024 18:00","0","3073"
"20.06.2024 18:00 - 20.06.2024 19:00","0","2580"
"20.06.2024 19:00 - 20.06.2024 20:00","0","2142"
"20.06.2024 20:00 - 20.06.2024 21:00","0","1099"
"20.06.2024 21:00 - 20.06.2024 22:00","38","0"
"20.06.2024 22:00 - 20.06.2024 23:00","0","72"
"20.06.2024 23:00 - 21.06.2024 00:00","0","452"
"21.06.2024 00:00 - 21.06.2024 01:00","0","1310"
"21.06.2024 01:00 - 21.06.2024 02:00","0","1725"
"21.06.2024 02:00 - 21.06.2024 03:00","0","1836"
"21.06.2024 03:00 - 21.06.2024 04:00","0","1887"
"21.06.2024 04:00 - 21.06.2024 05:00","0","1891"
"21.06.2024 05:00 - 21.06.2024 06:00","0","1506"
"21.06.2024 06:00 - 21.06.2024 07:00","0","1623"
"21.06.2024 07:00 - 21.06.2024 08:00","0","548"
"21.06.2024 08:00 - 21.06.2024 09:00","0","814"
"21.06.2024 09:00 - 21.06.2024 10:00","0","2296"
"21.06.2024 10:00 - 21.06.2024 11:00","0","3070"
"21.06.2024 11:00 - 21.06.2024 12:00","0","3279"
"21.06.2024 12:00 - 21.06.2024 13:00","0","3263"
"21.06.2024 13:00 - 21.06.2024 14:00","0","3207"
"21.06.2024 14:00 - 21.06.2024 15:00","0","3695"
"21.06.2024 15:00 - 21.06.2024 16:00","0","3803"
"21.06.2024 16:00 - 21.06.2024 17:00","0","3652"
"21.06.2024 17:00 - 21.06.2024 18:00","0","3662"
"21.06.2024 18:00 - 21.06.2024 19:00","0","3148"
"21.06.2024 19:00 - 21.06.2024 20:00","0","2614"
"21.06.2024 20:00 - 21.06.2024 21:00","0","2425"
"21.06.2024 21:00 - 21.06.2024 22:00","0","1145"
"21.06.2024 22:00 - 21.06.2024 23:00","0","445"
"21.06.2024 23:00 - 22.06.2024 00:00","0","573"
"22.06.2024 00:00 - 22.06.2024 01:00","0","946"
"22.06.2024 01:00 - 22.06.2024 02:00","0","1827"
"22.06.2024 02:00 - 22.06.2024 03:00","0","2076"
"22.06.2024 03:00 - 22.06.2024 04:00","0","1877"
"22.06.2024 04:00 - 22.06.2024 05:00","0","1773"
"22.06.2024 05:00 - 22.06.2024 06:00","0","1784"
"22.06.2024 06:00 - 22.06.2024 07:00","0","1713"
"22.06.2024 07:00 - 22.06.2024 08:00","0","1729"
"22.06.2024 08:00 - 22.06.2024 09:00","0","2769"
"22.06.2024 09:00 - 22.06.2024 10:00","0","2983"
"22.06.2024 10:00 - 22.06.2024 11:00","0","2754"
"22.06.2024 11:00 - 22.06.2024 12:00","0","3092"
"22.06.2024 12:00 - 22.06.2024 13:00","0","3018"
"22.06.2024 13:00 - 22.06.2024 14:00","0","2833"
"22.06.2024 14:00 - 22.06.2024 15:00","0","2635"
"22.06.2024 15:00 - 22.06.2024 16:00","0","2683"
"22.06.2024 16:00 - 22.06.2024 17:00","0","2663"
"22.06.2024 17:00 - 22.06.2024 18:00","0","2772"
"22.06.2024 18:00 - 22.06.2024 19:00","0","2934"
"22.06.2024 19:00 - 22.06.2024 20:00","0","2778"
"22.06.2024 20:00 - 22.06.2024 21:00","0","2609"
"22.06.2024 21:00 - 22.06.2024 22:00","0","1586"
"22.06.2024 22:00 - 22.06.2024 23:00","0","683"
"22.06.2024 23:00 - 23.06.2024 00:00","0","198"
"23.06.2024 00:00 - 23.06.2024 01:00","0","296"
"23.06.2024 01:00 - 23.06.2024 02:00","0","991"
"23.06.2024 02:00 - 23.06.2024 03:00","0","1136"
"23.06.2024 03:00 - 23.06.2024 04:00","0","1118"
"23.06.2024 04:00 - 23.06.2024 05:00","0","908"
"23.06.2024 05:00 - 23.06.2024 06:00","0","965"
"23.06.2024 06:00 - 23.06.2024 07:00","0","880"
"23.06.2024 07:00 - 23.06.2024 08:00","0","1048"
"23.06.2024 08:00 - 23.06.2024 09:00","0","1616"
"23.06.2024 09:00 - 23.06.2024 10:00","0","1977"
"23.06.2024 10:00 - 23.06.2024 11:00","0","2182"
"23.06.2024 11:00 - 23.06.2024 12:00","0","2592"
"23.06.2024 12:00 - 23.06.2024 13:00","0","2659"
"23.06.2024 13:00 - 23.06.2024 14:00","0","2922"
"23.06.2024 14:00 - 23.06.2024 15:00","0","2950"
"23.06.2024 15:00 - 23.06.2024 16:00","0","2513"
"23.06.2024 16:00 - 23.06.2024 17:00","0","2516"
"23.06.2024 17:00 - 23.06.2024 18:00","0","2447"
"23.06.2024 18:00 - 23.06.2024 19:00","0","2562"
"23.06.2024 19:00 - 23.06.2024 20:00","0","2851"
"23.06.2024 20:00 - 23.06.2024 21:00","0","2835"
"23.06.2024 21:00 - 23.06.2024 22:00","0","2389"
"23.06.2024 22:00 - 23.06.2024 23:00","0","1791"
"23.06.2024 23:00 - 24.06.2024 00:00","0","1569"
"24.06.2024 00:00 - 24.06.2024 01:00","0","2206"
"24.06.2024 01:00 - 24.06.2024 02:00","0","2390"
"24.06.2024 02:00 - 24.06.2024 03:00","0","2387"
"24.06.2024 03:00 - 24.06.2024 04:00","0","2450"
"24.06.2024 04:00 - 24.06.2024 05:00","0","2515"
"24.06.2024 05:00 - 24.06.2024 06:00","0","2128"
"24.06.2024 06:00 - 24.06.2024 07:00","0","1068"
"24.06.2024 07:00 - 24.06.2024 08:00","0","638"
"24.06.2024 08:00 - 24.06.2024 09:00","0","1554"
"24.06.2024 09:00 - 24.06.2024 10:00","0","3209"
"24.06.2024 10:00 - 24.06.2024 11:00","0","3620"
"24.06.2024 11:00 - 24.06.2024 12:00","0","3316"
"24.06.2024 12:00 - 24.06.2024 13:00","0","3214"
"24.06.2024 13:00 - 24.06.2024 14:00","0","3204"
"24.06.2024 14:00 - 24.06.2024 15:00","0","3200"
"24.06.2024 15:00 - 24.06.2024 16:00","0","2271"
"24.06.2024 16:00 - 24.06.2024 17:00","0","1850"
"24.06.2024 17:00 - 24.06.2024 18:00","0","1849"
"24.06.2024 18:00 - 24.06.2024 19:00","0","2439"
"24.06.2024 19:00 - 24.06.2024 20:00","0","2894"
"24.06.2024 20:00 - 24.06.2024 21:00","0","2522"
"24.06.2024 21:00 - 24.06.2024 22:00","0","1379"
"24.06.2024 22:00 - 24.06.2024 23:00","0","1017"
"24.06.2024 23:00 - 25.06.2024 00:00","0","947"
"25.06.2024 00:00 - 25.06.2024 01:00","0","1827"
"25.06.2024 01:00 - 25.06.2024 02:00","0","2128"
"25.06.2024 02:00 - 25.06.2024 03:00","0","1978"
"25.06.2024 03:00 - 25.06.2024 04:00","0","1988"
"25.06.2024 04:00 - 25.06.2024 05:00","0","1839"
"25.06.2024 05:00 - 25.06.2024 06:00","0","2039"
"25.06.2024 06:00 - 25.06.2024 07:00","0","1701"
"25.06.2024 07:00 - 25.06.2024 08:00","0","1082"
"25.06.2024 08:00 - 25.06.2024 09:00","0","1678"
"25.06.2024 09:00 - 25.06.2024 10:00","0","2979"
"25.06.2024 10:00 - 25.06.2024 11:00","0","3547"
"25.06.2024 11:00 - 25.06.2024 12:00","0","3707"
"25.06.2024 12:00 - 25.06.2024 13:00","0","3761"
"25.06.2024 13:00 - 25.06.2024 14:00","0","3599"
"25.06.2024 14:00 - 25.06.2024 15:00","0","3366"
"25.06.2024 15:00 - 25.06.2024 16:00","0","3323"
"25.06.2024 16:00 - 25.06.2024 17:00","0","3157"
"25.06.2024 17:00 - 25.06.2024 18:00","0","3243"
"25.06.2024 18:00 - 25.06.2024 19:00","0","2802"
"25.06.2024 19:00 - 25.06.2024 20:00","0","2612"
"25.06.2024 20:00 - 25.06.2024 21:00","0","1847"
"25.06.2024 21:00 - 25.06.2024 22:00","0","944"
"25.06.2024 22:00 - 25.06.2024 23:00","0","975"
"25.06.2024 23:00 - 26.06.2024 00:00","0","1661"
"26.06.2024 00:00 - 26.06.2024 01:00","0","1939"
"26.06.2024 01:00 - 26.06.2024 02:00","0","2157"
"26.06.2024 02:00 - 26.06.2024 03:00","0","2454"
"26.06.2024 03:00 - 26.06.2024 04:00","0","2436"
"26.06.2024 04:00 - 26.06.2024 05:00","0","2378"
"26.06.2024 05:00 - 26.06.2024 06:00","0","2479"
"26.06.2024 06:00 - 26.06.2024 07:00","0","2507"
"26.06.2024 07:00 - 26.06.2024 08:00","0","1620"
"26.06.2024 08:00 - 26.06.2024 09:00","0","1942"
"26.06.2024 09:00 - 26.06.2024 10:00","0","3226"
"26.06.2024 10:00 - 26.06.2024 11:00","0","3580"
"26.06.2024 11:00 - 26.06.2024 12:00","0","3935"
"26.06.2024 12:00 - 26.06.2024 13:00","0","3556"
"26.06.2024 13:00 - 26.06.2024 14:00","0","3312"
"26.06.2024 14:00 - 26.06.2024 15:00","0","3381"
"26.06.2024 15:00 - 26.06.2024 16:00","0","3546"
"26.06.2024 16:00 - 26.06.2024 17:00","0","3475"
"26.06.2024 17:00 - 26.06.2024 18:00","0","3527"
"26.06.2024 18:00 - 26.06.2024 19:00","0","3673"
"26.06.2024 19:00 - 26.06.2024 20:00","0","2941"
"26.06.2024 20:00 - 26.06.2024 21:00","0","1852"
"26.06.2024 21:00 - 26.06.2024 22:00","0","1090"
"26.06.2024 22:00 - 26.06.2024 23:00","0","1051"
"26.06.2024 23:00 - 27.06.2024 00:00","0","1129"
"27.06.2024 00:00 - 27.06.2024 01:00","0","1956"
"27.06.2024 01:00 - 27.06.2024 02:00","0","2265"
"27.06.2024 02:00 - 27.06.2024 03:00","0","1997"
"27.06.2024 03:00 - 27.06.2024 04:00","0","1684"
"27.06.2024 04:00 - 27.06.2024 05:00","0","1593"
"27.06.2024 05:00 - 27.06.2024 06:00","0","1547"
"27.06.2024 06:00 - 27.06.2024 07:00","0","1211"
"27.06.2024 07:00 - 27.06.2024 08:00","0","786"
"27.06.2024 08:00 - 27.06.2024 09:00","0","1082"
"27.06.2024 09:00 - 27.06.2024 10:00","0","2203"
"27.06.2024 10:00 - 27.06.2024 11:00","0","2985"
"27.06.2024 11:00 - 27.06.2024 12:00","0","3416"
"27.06.2024 12:00 - 27.06.2024 13:00","0","3584"
"27.06.2024 13:00 - 27.06.2024 14:00","0","3412"
"27.06.2024 14:00 - 27.06.2024 15:00","0","3871"
"27.06.2024 15:00 - 27.06.2024 16:00","0","4089"
"27.06.2024 16:00 - 27.06.2024 17:00","0","4025"
"27.06.2024 17:00 - 27.06.2024 18:00","0","4067"
"27.06.2024 18:00 - 27.06.2024 19:00","0","3951"
"27.06.2024 19:00 - 27.06.2024 20:00","0","3963"
"27.06.2024 20:00 - 27.06.2024 21:00","0","3477"
"27.06.2024 21:00 - 27.06.2024 22:00","0","3017"
"27.06.2024 22:00 - 27.06.2024 23:00","0","2947"
"27.06.2024 23:00 - 28.06.2024 00:00","0","2938"
"28.06.2024 00:00 - 28.06.2024 01:00","0","2787"
"28.06.2024 01:00 - 28.06.2024 02:00","0","2490"
"28.06.2024 02:00 - 28.06.2024 03:00","0","2355"
"28.06.2024 03:00 - 28.06.2024 04:00","0","2468"
"28.06.2024 04:00 - 28.06.2024 05:00","0","2503"
"28.06.2024 05:00 - 28.06.2024 06:00","0","2399"
"28.06.2024 06:00 - 28.06.2024 07:00","0","2097"
"28.06.2024 07:00 - 28.06.2024 08:00","0","1850"
"28.06.2024 08:00 - 28.06.2024 09:00","0","2094"
"28.06.2024 09:00 - 28.06.2024 10:00","0","3070"
"28.06.2024 10:00 - 28.06.2024 11:00","0","3563"
"28.06.2024 11:00 - 28.06.2024 12:00","0","3695"
"28.06.2024 12:00 - 28.06.2024 13:00","0","3883"
"28.06.2024 13:00 - 28.06.2024 14:00","0","3643"
"28.06.2024 14:00 - 28.06.2024 15:00","0","3934"
"28.06.2024 15:00 - 28.06.2024 16:00","0","4405"
"28.06.2024 16:00 - 28.06.2024 17:00","0","4220"
"28.06.2024 17:00 - 28.06.2024 18:00","0","4240"
"28.06.2024 18:00 - 28.06.2024 19:00","0","4030"
"28.06.2024 19:00 - 28.06.2024 20:00","0","3786"
"28.06.2024 20:00 - 28.06.2024 21:00","0","3894"
"28.06.2024 21:00 - 28.06.2024 22:00","0","2855"
"28.06.2024 22:00 - 28.06.2024 23:00","0","2402"
"28.06.2024 23:00 - 29.06.2024 00:00","0","1993"
"29.06.2024 00:00 - 29.06.2024 01:00","0","2509"
"29.06.2024 01:00 - 29.06.2024 02:00","0","2757"
"29.06.2024 02:00 - 29.06.2024 03:00","0","2939"
"29.06.2024 03:00 - 29.06.2024 04:00","0","2843"
"29.06.2024 04:00 - 29.06.2024 05:00","0","2473"
"29.06.2024 05:00 - 29.06.2024 06:00","0","2533"
"29.06.2024 06:00 - 29.06.2024 07:00","0","2501"
"29.06.2024 07:00 - 29.06.2024 08:00","0","2393"
"29.06.2024 08:00 - 29.06.2024 09:00","0","2429"
"29.06.2024 09:00 - 29.06.2024 10:00","0","2866"
"29.06.2024 10:00 - 29.06.2024 11:00","0","3362"
"29.06.2024 11:00 - 29.06.2024 12:00","0","3631"
"29.06.2024 12:00 - 29.06.2024 13:00","0","3747"
"29.06.2024 13:00 - 29.06.2024 14:00","0","3593"
"29.06.2024 14:00 - 29.06.2024 15:00","0","3280"
"29.06.2024 15:00 - 29.06.2024 16:00","0","3175"
"29.06.2024 16:00 - 29.06.2024 17:00","0","2838"
"29.06.2024 17:00 - 29.06.2024 18:00","0","2234"
"29.06.2024 18:00 - 29.06.2024 19:00","0","1837"
"29.06.2024 19:00 - 29.06.2024 20:00","0","1980"
"29.06.2024 20:00 - 29.06.2024 21:00","0","1571"
"29.06.2024 21:00 - 29.06.2024 22:00","0","772"
"29.06.2024 22:00 - 29.06.2024 23:00","0","423"
"29.06.2024 23:00 - 30.06.2024 00:00","0","433"
"30.06.2024 00:00 - 30.06.2024 01:00","0","703"
"30.06.2024 01:00 - 30.06.2024 02:00","0","1077"
"30.06.2024 02:00 - 30.06.2024 03:00","0","1160"
"30.06.2024 03:00 - 30.06.2024 04:00","0","1264"
"30.06.2024 04:00 - 30.06.2024 05:00","0","1372"
"30.06.2024 05:00 - 30.06.2024 06:00","0","1469"
"30.06.2024 06:00 - 30.06.2024 07:00","0","1826"
"30.06.2024 07:00 - 30.06.2024 08:00","0","2174"
"30.06.2024 08:00 - 30.06.2024 09:00","0","2832"
"30.06.2024 09:00 - 30.06.2024 10:00","0","3023"
"30.06.2024 10:00 - 30.06.2024 11:00","0","3568"
"30.06.2024 11:00 - 30.06.2024 12:00","0","3513"
"30.06.2024 12:00 - 30.06.2024 13:00","0","3674"
"30.06.2024 13:00 - 30.06.2024 14:00","0","3522"
"30.06.2024 14:00 - 30.06.2024 15:00","0","3487"
"30.06.2024 15:00 - 30.06.2024 16:00","0","3094"
"30.06.2024 16:00 - 30.06.2024 17:00","0","2918"
"30.06.2024 17:00 - 30.06.2024 18:00","0","2975"
"30.06.2024 18:00 - 30.06.2024 19:00","0","2997"
"30.06.2024 19:00 - 30.06.2024 20:00","0","3173"
"30.06.2024 20:00 - 30.06.2024 21:00","0","2754"
"30.06.2024 21:00 - 30.06.2024 22:00","0","1632"
"30.06.2024 22:00 - 30.06.2024 23:00","0","1480"
"30.06.2024 23:00 - 01.07.2024 00:00","0","1641"
"01.07.2024 00:00 - 01.07.2024 01:00","0","1446"
"01.07.2024 01:00 - 01.07.2024 02:00","0","2082"
"01.07.2024 02:00 - 01.07.2024 03:00","0","2311"
"01.07.2024 03:00 - 01.07.2024 04:00","0","2273"
"01.07.2024 04:00 - 01.07.2024 05:00","0","2555"
"01.07.2024 05:00 - 01.07.2024 06:00","0","2462"
"01.07.2024 06:00 - 01.07.2024 07:00","0","2149"
"01.07.2024 07:00 - 01.07.2024 08:00","0","1124"
"01.07.2024 08:00 - 01.07.2024 09:00","0","1337"
"01.07.2024 09:00 - 01.07.2024 10:00","0","2796"
"01.07.2024 10:00 - 01.07.2024 11:00","0","3649"
"01.07.2024 11:00 - 01.07.2024 12:00","0","3478"
"01.07.2024 12:00 - 01.07.2024 13:00","0","3387"
"01.07.2024 13:00 - 01.07.2024 14:00","0","3383"
"01.07.2024 14:00 - 01.07.2024 15:00","0","3386"
"01.07.2024 15:00 - 01.07.2024 16:00","0","3635"
"01.07.2024 16:00 - 01.07.2024 17:00","0","3915"
"01.07.2024 17:00 - 01.07.2024 18:00","0","3910"
"01.07.2024 18:00 - 01.07.2024 19:00","0","3915"
"01.07.2024 19:00 - 01.07.2024 20:00","0","3916"
"01.07.2024 20:00 - 01.07.2024 21:00","0","3276"
"01.07.2024 21:00 - 01.07.2024 22:00","0","2559"
"01.07.2024 22:00 - 01.07.2024 23:00","0","2155"
"01.07.2024 23:00 - 02.07.2024 00:00","0","1871"
"02.07.2024 00:00 - 02.07.2024 01:00","0","2257"
"02.07.2024 01:00 - 02.07.2024 02:00","0","2719"
"02.07.2024 02:00 - 02.07.2024 03:00","0","2985"
"02.07.2024 03:00 - 02.07.2024 04:00","0","3007"
"02.07.2024 04:00 - 02.07.2024 05:00","0","2822"
"02.07.2024 05:00 - 02.07.2024 06:00","0","2798"
"02.07.2024 06:00 - 02.07.2024 07:00","0","2475"
"02.07.2024 07:00 - 02.07.2024 08:00","0","988"
"02.07.2024 08:00 - 02.07.2024 09:00","0","1499"
"02.07.2024 09:00 - 02.07.2024 10:00","0","3248"
"02.07.2024 10:00 - 02.07.2024 11:00","0","4006"
"02.07.2024 11:00 - 02.07.2024 12:00","0","3858"
"02.07.2024 12:00 - 02.07.2024 13:00","0","3834"
"02.07.2024 13:00 - 02.07.2024 14:00","0","3831"
"02.07.2024 14:00 - 02.07.2024 15:00","0","3842"
"02.07.2024 15:00 - 02.07.2024 16:00","0","3359"
"02.07.2024 16:00 - 02.07.2024 17:00","0","3211"
"02.07.2024 17:00 - 02.07.2024 18:00","0","3214"
"02.07.2024 18:00 - 02.07.2024 19:00","0","3997"
"02.07.2024 19:00 - 02.07.2024 20:00","0","4213"
"02.07.2024 20:00 - 02.07.2024 21:00","0","3337"
"02.07.2024 21:00 - 02.07.2024 22:00","0","2323"
"02.07.2024 22:00 - 02.07.2024 23:00","0","1761"
"02.07.2024 23:00 - 03.07.2024 00:00","0","1809"
"03.07.2024 00:00 - 03.07.2024 01:00","0","1931"
"03.07.2024 01:00 - 03.07.2024 02:00","0","2326"
"03.07.2024 02:00 - 03.07.2024 03:00","0","2443"
"03.07.2024 03:00 - 03.07.2024 04:00","0","2543"
"03.07.2024 04:00 - 03.07.2024 05:00","0","2524"
"03.07.2024 05:00 - 03.07.2024 06:00","0","2495"
"03.07.2024 06:00 - 03.07.2024 07:00","0","2296"
"03.07.2024 07:00 - 03.07.2024 08:00","0","1208"
"03.07.2024 08:00 - 03.07.2024 09:00","0","1131"
"03.07.2024 09:00 - 03.07.2024 10:00","0","2449"
"03.07.2024 10:00 - 03.07.2024 11:00","0","3813"
"03.07.2024 11:00 - 03.07.2024 12:00","0","3724"
"03.07.2024 12:00 - 03.07.2024 13:00","0","3769"
"03.07.2024 13:00 - 03.07.2024 14:00","0","3879"
"03.07.2024 14:00 - 03.07.2024 15:00","0","3854"
"03.07.2024 15:00 - 03.07.2024 16:00","0","3695"
"03.07.2024 16:00 - 03.07.2024 17:00","0","3570"
"03.07.2024 17:00 - 03.07.2024 18:00","0","3531"
"03.07.2024 18:00 - 03.07.2024 19:00","0","4150"
"03.07.2024 19:00 - 03.07.2024 20:00","0","4270"
"03.07.2024 20:00 - 03.07.2024 21:00","0","3670"
"03.07.2024 21:00 - 03.07.2024 22:00","0","2355"
"03.07.2024 22:00 - 03.07.2024 23:00","0","1970"
"03.07.2024 23:00 - 04.07.2024 00:00","0","2342"
"04.07.2024 00:00 - 04.07.2024 01:00","0","2721"
"04.07.2024 01:00 - 04.07.2024 02:00","0","2861"
"04.07.2024 02:00 - 04.07.2024 03:00","0","2366"
"04.07.2024 03:00 - 04.07.2024 04:00","0","2313"
"04.07.2024 04:00 - 04.07.2024 05:00","0","2348"
"04.07.2024 05:00 - 04.07.2024 06:00","0","2150"
"04.07.2024 06:00 - 04.07.2024 07:00","0","1701"
"04.07.2024 07:00 - 04.07.2024 08:00","0","927"
"04.07.2024 08:00 - 04.07.2024 09:00","0","1968"
"04.07.2024 09:00 - 04.07.2024 10:00","0","2682"
"04.07.2024 10:00 - 04.07.2024 11:00","0","2805"
"04.07.2024 11:00 - 04.07.2024 12:00","0","2820"
"04.07.2024 12:00 - 04.07.2024 13:00","0","2801"
"04.07.2024 13:00 - 04.07.2024 14:00","0","2824"
"04.07.2024 14:00 - 04.07.2024 15:00","0","3760"
"04.07.2024 15:00 - 04.07.2024 16:00","0","4075"
"04.07.2024 16:00 - 04.07.2024 17:00","0","3991"
"04.07.2024 17:00 - 04.07.2024 18:00","0","3968"
"04.07.2024 18:00 - 04.07.2024 19:00","0","4041"
"04.07.2024 19:00 - 04.07.2024 20:00","0","4091"
"04.07.2024 20:00 - 04.07.2024 21:00","0","2965"
"04.07.2024 21:00 - 04.07.2024 22:00","0","2578"
"04.07.2024 22:00 - 04.07.2024 23:00","0","2535"
"04.07.2024 23:00 - 05.07.2024 00:00","0","2723"
"05.07.2024 00:00 - 05.07.2024 01:00","0","2639"
"05.07.2024 01:00 - 05.07.2024 02:00","0","2611"
"05.07.2024 02:00 - 05.07.2024 03:00","0","2453"
"05.07.2024 03:00 - 05.07.2024 04:00","0","2241"
"05.07.2024 04:00 - 05.07.2024 05:00","0","2188"
"05.07.2024 05:00 - 05.07.2024 06:00","0","1980"
"05.07.2024 06:00 - 05.07.2024 07:00","0","1513"
"05.07.2024 07:00 - 05.07.2024 08:00","0","1103"
"05.07.2024 08:00 - 05.07.2024 09:00","0","1899"
"05.07.2024 09:00 - 05.07.2024 10:00","0","3197"
"05.07.2024 10:00 - 05.07.2024 11:00","0","3665"
"05.07.2024 11:00 - 05.07.2024 12:00","0","3952"
"05.07.2024 12:00 - 05.07.2024 13:00","0","4083"
"05.07.2024 13:00 - 05.07.2024 14:00","0","3698"
"05.07.2024 14:00 - 05.07.2024 15:00","0","4194"
"05.07.2024 15:00 - 05.07.2024 16:00","0","4179"
"05.07.2024 16:00 - 05.07.2024 17:00","0","4054"
"05.07.2024 17:00 - 05.07.2024 18:00","0","3859"
"05.07.2024 18:00 - 05.07.2024 19:00","0","3570"
"05.07.2024 19:00 - 05.07.2024 20:00","0","2828"
"05.07.2024 20:00 - 05.07.2024 21:00","0","2274"
"05.07.2024 21:00 - 05.07.2024 22:00","0","714"
"05.07.2024 22:00 - 05.07.2024 23:00","0","479"
"05.07.2024 23:00 - 06.07.2024 00:00","0","794"
"06.07.2024 00:00 - 06.07.2024 01:00","0","744"
"06.07.2024 01:00 - 06.07.2024 02:00","0","435"
"06.07.2024 02:00 - 06.07.2024 03:00","64","0"
"06.07.2024 03:00 - 06.07.2024 04:00","0","81"
"06.07.2024 04:00 - 06.07.2024 05:00","29","0"
"06.07.2024 05:00 - 06.07.2024 06:00","0","97"
"06.07.2024 06:00 - 06.07.2024 07:00","0","352"
"06.07.2024 07:00 - 06.07.2024 08:00","0","610"
"06.07.2024 08:00 - 06.07.2024 09:00","0","1206"
"06.07.2024 09:00 - 06.07.2024 10:00","0","1930"
"06.07.2024 10:00 - 06.07.2024 11:00","0","2135"
"06.07.2024 11:00 - 06.07.2024 12:00","0","2197"
"06.07.2024 12:00 - 06.07.2024 13:00","0","2111"
"06.07.2024 13:00 - 06.07.2024 14:00","0","2246"
"06.07.2024 14:00 - 06.07.2024 15:00","0","2010"
"06.07.2024 15:00 - 06.07.2024 16:00","0","1727"
"06.07.2024 16:00 - 06.07.2024 17:00","0","1660"
"06.07.2024 17:00 - 06.07.2024 18:00","0","1406"
"06.07.2024 18:00 - 06.07.2024 19:00","0","1337"
"06.07.2024 19:00 - 06.07.2024 20:00","0","1202"
"06.07.2024 20:00 - 06.07.2024 21:00","0","1583"
"06.07.2024 21:00 - 06.07.2024 22:00","0","1152"
"06.07.2024 22:00 - 06.07.2024 23:00","0","770"
"06.07.2024 23:00 - 07.07.2024 00:00","0","1179"
"07.07.2024 00:00 - 07.07.2024 01:00","0","1427"
"07.07.2024 01:00 - 07.07.2024 02:00","0","1400"
"07.07.2024 02:00 - 07.07.2024 03:00","0","1483"
"07.07.2024 03:00 - 07.07.2024 04:00","0","1443"
"07.07.2024 04:00 - 07.07.2024 05:00","0","1147"
"07.07.2024 05:00 - 07.07.2024 06:00","0","906"
"07.07.2024 06:00 - 07.07.2024 07:00","0","745"
"07.07.2024 07:00 - 07.07.2024 08:00","0","801"
"07.07.2024 08:00 - 07.07.2024 09:00","0","1585"
"07.07.2024 09:00 - 07.07.2024 10:00","0","2378"
"07.07.2024 10:00 - 07.07.2024 11:00","0","2591"
"07.07.2024 11:00 - 07.07.2024 12:00","0","2719"
"07.07.2024 12:00 - 07.07.2024 13:00","0","2713"
"07.07.2024 13:00 - 07.07.2024 14:00","0","2759"
"07.07.2024 14:00 - 07.07.2024 15:00","0","2462"
"07.07.2024 15:00 - 07.07.2024 16:00","0","2302"
"07.07.2024 16:00 - 07.07.2024 17:00","0","1995"
"07.07.2024 17:00 - 07.07.2024 18:00","0","1897"
"07.07.2024 18:00 - 07.07.2024 19:00","0","1404"
"07.07.2024 19:00 - 07.07.2024 20:00","0","1131"
"07.07.2024 20:00 - 07.07.2024 21:00","0","1348"
"07.07.2024 21:00 - 07.07.2024 22:00","0","167"
"07.07.2024 22:00 - 07.07.2024 23:00","450","0"
"07.07.2024 23:00 - 08.07.2024 00:00","57","0"
"08.07.2024 00:00 - 08.07.2024 01:00","0","692"
"08.07.2024 01:00 - 08.07.2024 02:00","0","1105"
"08.07.2024 02:00 - 08.07.2024 03:00","0","1035"
"08.07.2024 03:00 - 08.07.2024 04:00","0","978"
"08.07.2024 04:00 - 08.07.2024 05:00","0","1066"
"08.07.2024 05:00 - 08.07.2024 06:00","0","1094"
"08.07.2024 06:00 - 08.07.2024 07:00","0","1071"
"08.07.2024 07:00 - 08.07.2024 08:00","0","722"
"08.07.2024 08:00 - 08.07.2024 09:00","0","1132"
"08.07.2024 09:00 - 08.07.2024 10:00","0","2735"
"08.07.2024 10:00 - 08.07.2024 11:00","0","3843"
"08.07.2024 11:00 - 08.07.2024 12:00","0","3899"
"08.07.2024 12:00 - 08.07.2024 13:00","0","3675"
"08.07.2024 13:00 - 08.07.2024 14:00","0","3313"
"08.07.2024 14:00 - 08.07.2024 15:00","0","3298"
"08.07.2024 15:00 - 08.07.2024 16:00","0","3386"
"08.07.2024 16:00 - 08.07.2024 17:00","0","3382"
"08.07.2024 17:00 - 08.07.2024 18:00","0","2922"
"08.07.2024 18:00 - 08.07.2024 19:00","0","2735"
"08.07.2024 19:00 - 08.07.2024 20:00","0","2483"
"08.07.2024 20:00 - 08.07.2024 21:00","0","2243"
"08.07.2024 21:00 - 08.07.2024 22:00","0","1631"
"08.07.2024 22:00 - 08.07.2024 23:00","0","1530"
"08.07.2024 23:00 - 09.07.2024 00:00","0","2017"
"09.07.2024 00:00 - 09.07.2024 01:00","0","2224"
"09.07.2024 01:00 - 09.07.2024 02:00","0","2459"
"09.07.2024 02:00 - 09.07.2024 03:00","0","2427"
"09.07.2024 03:00 - 09.07.2024 04:00","0","2368"
"09.07.2024 04:00 - 09.07.2024 05:00","0","2806"
"09.07.2024 05:00 - 09.07.2024 06:00","0","3284"
"09.07.2024 06:00 - 09.07.2024 07:00","0","2644"
"09.07.2024 07:00 - 09.07.2024 08:00","0","1793"
"09.07.2024 08:00 - 09.07.2024 09:00","0","2732"
"09.07.2024 09:00 - 09.07.2024 10:00","0","3700"
"09.07.2024 10:00 - 09.07.2024 11:00","0","4214"
"09.07.2024 11:00 - 09.07.2024 12:00","0","4259"
"09.07.2024 12:00 - 09.07.2024 13:00","0","4201"
"09.07.2024 13:00 - 09.07.2024 14:00","0","4115"
"09.07.2024 14:00 - 09.07.2024 15:00","0","3832"
"09.07.2024 15:00 - 09.07.2024 16:00","0","3690"
"09.07.2024 16:00 - 09.07.2024 17:00","0","3432"
"09.07.2024 17:00 - 09.07.2024 18:00","0","3675"
"09.07.2024 18:00 - 09.07.2024 19:00","0","3490"
"09.07.2024 19:00 - 09.07.2024 20:00","0","3105"
"09.07.2024 20:00 - 09.07.2024 21:00","0","2151"
"09.07.2024 21:00 - 09.07.2024 22:00","0","1053"
"09.07.2024 22:00 - 09.07.2024 23:00","0","452"
"09.07.2024 23:00 - 10.07.2024 00:00","0","1167"
"10.07.2024 00:00 - 10.07.2024 01:00","0","1579"
"10.07.2024 01:00 - 10.07.2024 02:00","0","1742"
"10.07.2024 02:00 - 10.07.2024 03:00","0","1458"
"10.07.2024 03:00 - 10.07.2024 04:00","0","1413"
"10.07.2024 04:00 - 10.07.2024 05:00","0","1563"
"10.07.2024 05:00 - 10.07.2024 06:00","0","1410"
"10.07.2024 06:00 - 10.07.2024 07:00","0","1510"
"10.07.2024 07:00 - 10.07.2024 08:00","0","1376"
"10.07.2024 08:00 - 10.07.2024 09:00","0","2158"
"10.07.2024 09:00 - 10.07.2024 10:00","0","3280"
"10.07.2024 10:00 - 10.07.2024 11:00","0","3824"
"10.07.2024 11:00 - 10.07.2024 12:00","0","3894"
"10.07.2024 12:00 - 10.07.2024 13:00","0","3959"
"10.07.2024 13:00 - 10.07.2024 14:00","0","3875"
"10.07.2024 14:00 - 10.07.2024 15:00","0","3810"
"10.07.2024 15:00 - 10.07.2024 16:00","0","3700"
"10.07.2024 16:00 - 10.07.2024 17:00","0","3873"
"10.07.2024 17:00 - 10.07.2024 18:00","0","3790"
"10.07.2024 18:00 - 10.07.2024 19:00","0","3266"
"10.07.2024 19:00 - 10.07.2024 20:00","0","2667"
"10.07.2024 20:00 - 10.07.2024 21:00","0","2126"
"10.07.2024 21:00 - 10.07.2024 22:00","0","1005"
"10.07.2024 22:00 - 10.07.2024 23:00","0","499"
"10.07.2024 23:00 - 11.07.2024 00:00","0","848"
"11.07.2024 00:00 - 11.07.2024 01:00","0","1581"
"11.07.2024 01:00 - 11.07.2024 02:00","0","1841"
"11.07.2024 02:00 - 11.07.2024 03:00","0","1706"
"11.07.2024 03:00 - 11.07.2024 04:00","0","1581"
"11.07.2024 04:00 - 11.07.2024 05:00","0","1340"
"11.07.2024 05:00 - 11.07.2024 06:00","0","1281"
"11.07.2024 06:00 - 11.07.2024 07:00","0","1121"
"11.07.2024 07:00 - 11.07.2024 08:00","0","998"
"11.07.2024 08:00 - 11.07.2024 09:00","0","1498"
"11.07.2024 09:00 - 11.07.2024 10:00","0","2926"
"11.07.2024 10:00 - 11.07.2024 11:00","0","3352"
"11.07.2024 11:00 - 11.07.2024 12:00","0","3601"
"11.07.2024 12:00 - 11.07.2024 13:00","0","3787"
"11.07.2024 13:00 - 11.07.2024 14:00","0","3376"
"11.07.2024 14:00 - 11.07.2024 15:00","0","3444"
"11.07.2024 15:00 - 11.07.2024 16:00","0","3379"
"11.07.2024 16:00 - 11.07.2024 17:00","0","3485"
"11.07.2024 17:00 - 11.07.2024 18:00","0","3251"
"11.07.2024 18:00 - 11.07.2024 19:00","0","2946"
"11.07.2024 19:00 - 11.07.2024 20:00","0","2775"
"11.07.2024 20:00 - 11.07.2024 21:00","0","1967"
"11.07.2024 21:00 - 11.07.2024 22:00","0","983"
"11.07.2024 22:00 - 11.07.2024 23:00","0","875"
"11.07.2024 23:00 - 12.07.2024 00:00","0","1474"
"12.07.2024 00:00 - 12.07.2024 01:00","0","1705"
"12.07.2024 01:00 - 12.07.2024 02:00","0","2263"
"12.07.2024 02:00 - 12.07.2024 03:00","0","2184"
"12.07.2024 03:00 - 12.07.2024 04:00","0","1852"
"12.07.2024 04:00 - 12.07.2024 05:00","0","1997"
"12.07.2024 05:00 - 12.07.2024 06:00","0","2029"
"12.07.2024 06:00 - 12.07.2024 07:00","0","2025"
"12.07.2024 07:00 - 12.07.2024 08:00","0","1860"
"12.07.2024 08:00 - 12.07.2024 09:00","0","1987"
"12.07.2024 09:00 - 12.07.2024 10:00","0","2888"
"12.07.2024 10:00 - 12.07.2024 11:00","0","2825"
"12.07.2024 11:00 - 12.07.2024 12:00","0","2818"
"12.07.2024 12:00 - 12.07.2024 13:00","0","2567"
"12.07.2024 13:00 - 12.07.2024 14:00","0","2491"
"12.07.2024 14:00 - 12.07.2024 15:00","0","2494"
"12.07.2024 15:00 - 12.07.2024 16:00","0","2793"
"12.07.2024 16:00 - 12.07.2024 17:00","0","2853"
"12.07.2024 17:00 - 12.07.2024 18:00","0","2705"
"12.07.2024 18:00 - 12.07.2024 19:00","0","2520"
"12.07.2024 19:00 - 12.07.2024 20:00","0","2922"
"12.07.2024 20:00 - 12.07.2024 21:00","0","2752"
"12.07.2024 21:00 - 12.07.2024 22:00","0","2169"
"12.07.2024 22:00 - 12.07.2024 23:00","0","2171"
"12.07.2024 23:00 - 13.07.2024 00:00","0","2582"
"13.07.2024 00:00 - 13.07.2024 01:00","0","2731"
"13.07.2024 01:00 - 13.07.2024 02:00","0","2396"
"13.07.2024 02:00 - 13.07.2024 03:00","0","2526"
"13.07.2024 03:00 - 13.07.2024 04:00","0","2651"
"13.07.2024 04:00 - 13.07.2024 05:00","0","2628"
"13.07.2024 05:00 - 13.07.2024 06:00","0","2708"
"13.07.2024 06:00 - 13.07.2024 07:00","0","2685"
"13.07.2024 07:00 - 13.07.2024 08:00","0","2732"
"13.07.2024 08:00 - 13.07.2024 09:00","0","2857"
"13.07.2024 09:00 - 13.07.2024 10:00","0","3251"
"13.07.2024 10:00 - 13.07.2024 11:00","0","3078"
"13.07.2024 11:00 - 13.07.2024 12:00","0","3357"
"13.07.2024 12:00 - 13.07.2024 13:00","0","3232"
"13.07.2024 13:00 - 13.07.2024 14:00","0","2987"
"13.07.2024 14:00 - 13.07.2024 15:00","0","2799"
"13.07.2024 15:00 - 13.07.2024 16:00","0","2724"
"13.07.2024 16:00 - 13.07.2024 17:00","0","2546"
"13.07.2024 17:00 - 13.07.2024 18:00","0","2415"
"13.07.2024 18:00 - 13.07.2024 19:00","0","2131"
"13.07.2024 19:00 - 13.07.2024 20:00","0","2256"
"13.07.2024 20:00 - 13.07.2024 21:00","0","2501"
"13.07.2024 21:00 - 13.07.2024 22:00","0","1307"
"13.07.2024 22:00 - 13.07.2024 23:00","0","864"
"13.07.2024 23:00 - 14.07.2024 00:00","0","902"
"14.07.2024 00:00 - 14.07.2024 01:00","0","1163"
"14.07.2024 01:00 - 14.07.2024 02:00","0","1342"
"14.07.2024 02:00 - 14.07.2024 03:00","0","1493"
"14.07.2024 03:00 - 14.07.2024 04:00","0","1662"
"14.07.2024 04:00 - 14.07.2024 05:00","0","1856"
"14.07.2024 05:00 - 14.07.2024 06:00","0","2054"
"14.07.2024 06:00 - 14.07.2024 07:00","0","2139"
"14.07.2024 07:00 - 14.07.2024 08:00","0","2449"
"14.07.2024 08:00 - 14.07.2024 09:00","0","3269"
"14.07.2024 09:00 - 14.07.2024 10:00","0","3616"
"14.07.2024 10:00 - 14.07.2024 11:00","0","3555"
"14.07.2024 11:00 - 14.07.2024 12:00","0","3138"
"14.07.2024 12:00 - 14.07.2024 13:00","0","3013"
"14.07.2024 13:00 - 14.07.2024 14:00","0","3002"
"14.07.2024 14:00 - 14.07.2024 15:00","0","3034"
"14.07.2024 15:00 - 14.07.2024 16:00","0","2823"
"14.07.2024 16:00 - 14.07.2024 17:00","0","2553"
"14.07.2024 17:00 - 14.07.2024 18:00","0","2342"
"14.07.2024 18:00 - 14.07.2024 19:00","0","2072"
"14.07.2024 19:00 - 14.07.2024 20:00","0","2424"
"14.07.2024 20:00 - 14.07.2024 21:00","0","1948"
"14.07.2024 21:00 - 14.07.2024 22:00","0","1238"
"14.07.2024 22:00 - 14.07.2024 23:00","0","963"
"14.07.2024 23:00 - 15.07.2024 00:00","0","846"
"15.07.2024 00:00 - 15.07.2024 01:00","0","1240"
"15.07.2024 01:00 - 15.07.2024 02:00","0","1645"
"15.07.2024 02:00 - 15.07.2024 03:00","0","1862"
"15.07.2024 03:00 - 15.07.2024 04:00","0","1943"
"15.07.2024 04:00 - 15.07.2024 05:00","0","2157"
"15.07.2024 05:00 - 15.07.2024 06:00","0","2141"
"15.07.2024 06:00 - 15.07.2024 07:00","0","1744"
"15.07.2024 07:00 - 15.07.2024 08:00","0","1353"
"15.07.2024 08:00 - 15.07.2024 09:00","0","1913"
"15.07.2024 09:00 - 15.07.2024 10:00","0","3106"
"15.07.2024 10:00 - 15.07.2024 11:00","0","3300"
"15.07.2024 11:00 - 15.07.2024 12:00","0","3200"
"15.07.2024 12:00 - 15.07.2024 13:00","0","3205"
"15.07.2024 13:00 - 15.07.2024 14:00","0","3223"
"15.07.2024 14:00 - 15.07.2024 15:00","0","3107"
"15.07.2024 15:00 - 15.07.2024 16:00","0","3093"
"15.07.2024 16:00 - 15.07.2024 17:00","0","3041"
"15.07.2024 17:00 - 15.07.2024 18:00","0","2885"
"15.07.2024 18:00 - 15.07.2024 19:00","0","2631"
"15.07.2024 19:00 - 15.07.2024 20:00","0","2738"
"15.07.2024 20:00 - 15.07.2024 21:00","0","2346"
"15.07.2024 21:00 - 15.07.2024 22:00","0","1295"
"15.07.2024 22:00 - 15.07.2024 23:00","0","1354"
"15.07.2024 23:00 - 16.07.2024 00:00","0","2277"
"16.07.2024 00:00 - 16.07.2024 01:00","0","2150"
"16.07.2024 01:00 - 16.07.2024 02:00","0","1879"
"16.07.2024 02:00 - 16.07.2024 03:00","0","1794"
"16.07.2024 03:00 - 16.07.2024 04:00","0","1687"
"16.07.2024 04:00 - 16.07.2024 05:00","0","1619"
"16.07.2024 05:00 - 16.07.2024 06:00","0","1511"
"16.07.2024 06:00 - 16.07.2024 07:00","0","1066"
"16.07.2024 07:00 - 16.07.2024 08:00","0","629"
"16.07.2024 08:00 - 16.07.2024 09:00","0","1141"
"16.07.2024 09:00 - 16.07.2024 10:00","0","2699"
"16.07.2024 10:00 - 16.07.2024 11:00","0","3462"
"16.07.2024 11:00 - 16.07.2024 12:00","0","3423"
"16.07.2024 12:00 - 16.07.2024 13:00","0","3425"
"16.07.2024 13:00 - 16.07.2024 14:00","0","3150"
"16.07.2024 14:00 - 16.07.2024 15:00","0","3364"
"16.07.2024 15:00 - 16.07.2024 16:00","0","3603"
"16.07.2024 16:00 - 16.07.2024 17:00","0","3443"
"16.07.2024 17:00 - 16.07.2024 18:00","0","3171"
"16.07.2024 18:00 - 16.07.2024 19:00","0","3098"
"16.07.2024 19:00 - 16.07.2024 20:00","0","3110"
"16.07.2024 20:00 - 16.07.2024 21:00","0","2502"
"16.07.2024 21:00 - 16.07.2024 22:00","0","1617"
"16.07.2024 22:00 - 16.07.2024 23:00","0","1644"
"16.07.2024 23:00 - 17.07.2024 00:00","0","2132"
"17.07.2024 00:00 - 17.07.2024 01:00","0","2422"
"17.07.2024 01:00 - 17.07.2024 02:00","0","2700"
"17.07.2024 02:00 - 17.07.2024 03:00","0","2724"
"17.07.2024 03:00 - 17.07.2024 04:00","0","2606"
"17.07.2024 04:00 - 17.07.2024 05:00","0","2479"
"17.07.2024 05:00 - 17.07.2024 06:00","0","2245"
"17.07.2024 06:00 - 17.07.2024 07:00","0","1503"
"17.07.2024 07:00 - 17.07.2024 08:00","0","1222"
"17.07.2024 08:00 - 17.07.2024 09:00","0","1484"
"17.07.2024 09:00 - 17.07.2024 10:00","0","2845"
"17.07.2024 10:00 - 17.07.2024 11:00","0","3125"
"17.07.2024 11:00 - 17.07.2024 12:00","0","3326"
"17.07.2024 12:00 - 17.07.2024 13:00","0","3461"
"17.07.2024 13:00 - 17.07.2024 14:00","0","3384"
"17.07.2024 14:00 - 17.07.2024 15:00","0","3388"
"17.07.2024 15:00 - 17.07.2024 16:00","0","3413"
"17.07.2024 16:00 - 17.07.2024 17:00","0","3464"
"17.07.2024 17:00 - 17.07.2024 18:00","0","3414"
"17.07.2024 18:00 - 17.07.2024 19:00","0","2809"
"17.07.2024 19:00 - 17.07.2024 20:00","0","2374"
"17.07.2024 20:00 - 17.07.2024 21:00","0","1782"
"17.07.2024 21:00 - 17.07.2024 22:00","0","959"
"17.07.2024 22:00 - 17.07.2024 23:00","0","1270"
"17.07.2024 23:00 - 18.07.2024 00:00","0","1754"
"18.07.2024 00:00 - 18.07.2024 01:00","0","1755"
"18.07.2024 01:00 - 18.07.2024 02:00","0","1805"
"18.07.2024 02:00 - 18.07.2024 03:00","0","1962"
"18.07.2024 03:00 - 18.07.2024 04:00","0","2056"
"18.07.2024 04:00 - 18.07.2024 05:00","0","2095"
"18.07.2024 05:00 - 18.07.2024 06:00","0","1936"
"18.07.2024 06:00 - 18.07.2024 07:00","0","1271"
"18.07.2024 07:00 - 18.07.2024 08:00","0","1105"
"18.07.2024 08:00 - 18.07.2024 09:00","0","1719"
"18.07.2024 09:00 - 18.07.2024 10:00","0","2784"
"18.07.2024 10:00 - 18.07.2024 11:00","0","3146"
"18.07.2024 11:00 - 18.07.2024 12:00","0","3176"
"18.07.2024 12:00 - 18.07.2024 13:00","0","3100"
"18.07.2024 13:00 - 18.07.2024 14:00","0","2887"
"18.07.2024 14:00 - 18.07.2024 15:00","0","2802"
"18.07.2024 15:00 - 18.07.2024 16:00","0","2714"
"18.07.2024 16:00 - 18.07.2024 17:00","0","2472"
"18.07.2024 17:00 - 18.07.2024 18:00","0","1952"
"18.07.2024 18:00 - 18.07.2024 19:00","0","1661"
"18.07.2024 19:00 - 18.07.2024 20:00","0","1267"
"18.07.2024 20:00 - 18.07.2024 21:00","0","442"
"18.07.2024 21:00 - 18.07.2024 22:00","0","312"
"18.07.2024 22:00 - 18.07.2024 23:00","0","636"
"18.07.2024 23:00 - 19.07.2024 00:00","0","1126"
"19.07.2024 00:00 - 19.07.2024 01:00","0","1235"
"19.07.2024 01:00 - 19.07.2024 02:00","0","1185"
"19.07.2024 02:00 - 19.07.2024 03:00","0","1231"
"19.07.2024 03:00 - 19.07.2024 04:00","0","1212"
"19.07.2024 04:00 - 19.07.2024 05:00","0","1250"
"19.07.2024 05:00 - 19.07.2024 06:00","0","977"
"19.07.2024 06:00 - 19.07.2024 07:00","0","711"
"19.07.2024 07:00 - 19.07.2024 08:00","0","251"
"19.07.2024 08:00 - 19.07.2024 09:00","0","995"
"19.07.2024 09:00 - 19.07.2024 10:00","0","2041"
"19.07.2024 10:00 - 19.07.2024 11:00","0","2469"
"19.07.2024 11:00 - 19.07.2024 12:00","0","2598"
"19.07.2024 12:00 - 19.07.2024 13:00","0","2606"
"19.07.2024 13:00 - 19.07.2024 14:00","0","2699"
"19.07.2024 14:00 - 19.07.2024 15:00","0","2800"
"19.07.2024 15:00 - 19.07.2024 16:00","0","3029"
"19.07.2024 16:00 - 19.07.2024 17:00","0","3081"
"19.07.2024 17:00 - 19.07.2024 18:00","0","2621"
"19.07.2024 18:00 - 19.07.2024 19:00","0","1902"
"19.07.2024 19:00 - 19.07.2024 20:00","0","1835"
"19.07.2024 20:00 - 19.07.2024 21:00","0","910"
"19.07.2024 21:00 - 19.07.2024 22:00","0","188"
"19.07.2024 22:00 - 19.07.2024 23:00","0","167"
"19.07.2024 23:00 - 20.07.2024 00:00","0","632"
"20.07.2024 00:00 - 20.07.2024 01:00","674","0"
"20.07.2024 01:00 - 20.07.2024 02:00","744","0"
"20.07.2024 02:00 - 20.07.2024 03:00","179","0"
"20.07.2024 03:00 - 20.07.2024 04:00","74","0"
"20.07.2024 04:00 - 20.07.2024 05:00","178","0"
"20.07.2024 05:00 - 20.07.2024 06:00","368","0"
"20.07.2024 06:00 - 20.07.2024 07:00","480","0"
"20.07.2024 07:00 - 20.07.2024 08:00","103","0"
"20.07.2024 08:00 - 20.07.2024 09:00","0","652"
"20.07.2024 09:00 - 20.07.2024 10:00","0","1603"
"20.07.2024 10:00 - 20.07.2024 11:00","0","2045"
"20.07.2024 11:00 - 20.07.2024 12:00","0","2659"
"20.07.2024 12:00 - 20.07.2024 13:00","0","2652"
"20.07.2024 13:00 - 20.07.2024 14:00","0","2646"
"20.07.2024 14:00 - 20.07.2024 15:00","0","2381"
"20.07.2024 15:00 - 20.07.2024 16:00","0","2072"
"20.07.2024 16:00 - 20.07.2024 17:00","0","2004"
"20.07.2024 17:00 - 20.07.2024 18:00","0","1598"
"20.07.2024 18:00 - 20.07.2024 19:00","0","1786"
"20.07.2024 19:00 - 20.07.2024 20:00","0","1084"
"20.07.2024 20:00 - 20.07.2024 21:00","0","511"
"20.07.2024 21:00 - 20.07.2024 22:00","0","534"
"20.07.2024 22:00 - 20.07.2024 23:00","0","546"
"20.07.2024 23:00 - 21.07.2024 00:00","0","408"
"21.07.2024 00:00 - 21.07.2024 01:00","0","1129"
"21.07.2024 01:00 - 21.07.2024 02:00","0","1628"
"21.07.2024 02:00 - 21.07.2024 03:00","0","1852"
"21.07.2024 03:00 - 21.07.2024 04:00","0","1954"
"21.07.2024 04:00 - 21.07.2024 05:00","0","2182"
"21.07.2024 05:00 - 21.07.2024 06:00","0","2298"
"21.07.2024 06:00 - 21.07.2024 07:00","0","2243"
"21.07.2024 07:00 - 21.07.2024 08:00","0","2095"
"21.07.2024 08:00 - 21.07.2024 09:00","0","2041"
"21.07.2024 09:00 - 21.07.2024 10:00","0","2522"
"21.07.2024 10:00 - 21.07.2024 11:00","0","2521"
"21.07.2024 11:00 - 21.07.2024 12:00","0","2445"
"21.07.2024 12:00 - 21.07.2024 13:00","0","2485"
"21.07.2024 13:00 - 21.07.2024 14:00","0","2331"
"21.07.2024 14:00 - 21.07.2024 15:00","0","2109"
"21.07.2024 15:00 - 21.07.2024 16:00","0","2049"
"21.07.2024 16:00 - 21.07.2024 17:00","0","1918"
"21.07.2024 17:00 - 21.07.2024 18:00","0","2015"
"21.07.2024 18:00 - 21.07.2024 19:00","0","2264"
"21.07.2024 19:00 - 21.07.2024 20:00","0","2584"
"21.07.2024 20:00 - 21.07.2024 21:00","0","2665"
"21.07.2024 21:00 - 21.07.2024 22:00","0","1509"
"21.07.2024 22:00 - 21.07.2024 23:00","0","1229"
"21.07.2024 23:00 - 22.07.2024 00:00","0","1372"
"22.07.2024 00:00 - 22.07.2024 01:00","0","1612"
"22.07.2024 01:00 - 22.07.2024 02:00","0","1941"
"22.07.2024 02:00 - 22.07.2024 03:00","0","2037"
"22.07.2024 03:00 - 22.07.2024 04:00","0","2205"
"22.07.2024 04:00 - 22.07.2024 05:00","0","2183"
"22.07.2024 05:00 - 22.07.2024 06:00","0","1970"
"22.07.2024 06:00 - 22.07.2024 07:00","0","825"
"22.07.2024 07:00 - 22.07.2024 08:00","0","178"
"22.07.2024 08:00 - 22.07.2024 09:00","0","773"
"22.07.2024 09:00 - 22.07.2024 10:00","0","1723"
"22.07.2024 10:00 - 22.07.2024 11:00","0","2779"
"22.07.2024 11:00 - 22.07.2024 12:00","0","2283"
"22.07.2024 12:00 - 22.07.2024 13:00","0","2258"
"22.07.2024 13:00 - 22.07.2024 14:00","0","2707"
"22.07.2024 14:00 - 22.07.2024 15:00","0","2692"
"22.07.2024 15:00 - 22.07.2024 16:00","0","2949"
"22.07.2024 16:00 - 22.07.2024 17:00","0","3122"
"22.07.2024 17:00 - 22.07.2024 18:00","0","3548"
"22.07.2024 18:00 - 22.07.2024 19:00","0","3811"
"22.07.2024 19:00 - 22.07.2024 20:00","0","3380"
"22.07.2024 20:00 - 22.07.2024 21:00","0","2653"
"22.07.2024 21:00 - 22.07.2024 22:00","0","1730"
"22.07.2024 22:00 - 22.07.2024 23:00","0","1601"
"22.07.2024 23:00 - 23.07.2024 00:00","0","1890"
"23.07.2024 00:00 - 23.07.2024 01:00","0","2086"
"23.07.2024 01:00 - 23.07.2024 02:00","0","2429"
"23.07.2024 02:00 - 23.07.2024 03:00","0","2344"
"23.07.2024 03:00 - 23.07.2024 04:00","0","2081"
"23.07.2024 04:00 - 23.07.2024 05:00","0","1997"
"23.07.2024 05:00 - 23.07.2024 06:00","0","1525"
"23.07.2024 06:00 - 23.07.2024 07:00","0","1384"
"23.07.2024 07:00 - 23.07.2024 08:00","0","904"
"23.07.2024 08:00 - 23.07.2024 09:00","0","1418"
"23.07.2024 09:00 - 23.07.2024 10:00","0","3169"
"23.07.2024 10:00 - 23.07.2024 11:00","0","3568"
"23.07.2024 11:00 - 23.07.2024 12:00","0","3570"
"23.07.2024 12:00 - 23.07.2024 13:00","0","3600"
"23.07.2024 13:00 - 23.07.2024 14:00","0","3607"
"23.07.2024 14:00 - 23.07.2024 15:00","0","3609"
"23.07.2024 15:00 - 23.07.2024 16:00","0","3620"
"23.07.2024 16:00 - 23.07.2024 17:00","0","3688"
"23.07.2024 17:00 - 23.07.2024 18:00","0","3646"
"23.07.2024 18:00 - 23.07.2024 19:00","0","3614"
"23.07.2024 19:00 - 23.07.2024 20:00","0","3216"
"23.07.2024 20:00 - 23.07.2024 21:00","0","2278"
"23.07.2024 21:00 - 23.07.2024 22:00","0","1654"
"23.07.2024 22:00 - 23.07.2024 23:00","0","2081"
"23.07.2024 23:00 - 24.07.2024 00:00","0","2085"
"24.07.2024 00:00 - 24.07.2024 01:00","0","2649"
"24.07.2024 01:00 - 24.07.2024 02:00","0","2863"
"24.07.2024 02:00 - 24.07.2024 03:00","0","2602"
"24.07.2024 03:00 - 24.07.2024 04:00","0","2509"
"24.07.2024 04:00 - 24.07.2024 05:00","0","2530"
"24.07.2024 05:00 - 24.07.2024 06:00","0","2163"
"24.07.2024 06:00 - 24.07.2024 07:00","0","1575"
"24.07.2024 07:00 - 24.07.2024 08:00","0","1442"
"24.07.2024 08:00 - 24.07.2024 09:00","0","2039"
"24.07.2024 09:00 - 24.07.2024 10:00","0","3050"
"24.07.2024 10:00 - 24.07.2024 11:00","0","3830"
"24.07.2024 11:00 - 24.07.2024 12:00","0","3881"
"24.07.2024 12:00 - 24.07.2024 13:00","0","3714"
"24.07.2024 13:00 - 24.07.2024 14:00","0","3416"
"24.07.2024 14:00 - 24.07.2024 15:00","0","3461"
"24.07.2024 15:00 - 24.07.2024 16:00","0","3587"
"24.07.2024 16:00 - 24.07.2024 17:00","0","3550"
"24.07.2024 17:00 - 24.07.2024 18:00","0","3462"
"24.07.2024 18:00 - 24.07.2024 19:00","0","3512"
"24.07.2024 19:00 - 24.07.2024 20:00","0","2953"
"24.07.2024 20:00 - 24.07.2024 21:00","0","2234"
"24.07.2024 21:00 - 24.07.2024 22:00","0","1890"
"24.07.2024 22:00 - 24.07.2024 23:00","0","1973"
"24.07.2024 23:00 - 25.07.2024 00:00","0","2208"
"25.07.2024 00:00 - 25.07.2024 01:00","0","2154"
"25.07.2024 01:00 - 25.07.2024 02:00","0","1982"
"25.07.2024 02:00 - 25.07.2024 03:00","0","1947"
"25.07.2024 03:00 - 25.07.2024 04:00","0","1862"
"25.07.2024 04:00 - 25.07.2024 05:00","0","1817"
"25.07.2024 05:00 - 25.07.2024 06:00","0","1761"
"25.07.2024 06:00 - 25.07.2024 07:00","0","1482"
"25.07.2024 07:00 - 25.07.2024 08:00","0","1202"
"25.07.2024 08:00 - 25.07.2024 09:00","0","1891"
"25.07.2024 09:00 - 25.07.2024 10:00","0","3407"
"25.07.2024 10:00 - 25.07.2024 11:00","0","3782"
"25.07.2024 11:00 - 25.07.2024 12:00","0","3620"
"25.07.2024 12:00 - 25.07.2024 13:00","0","3664"
"25.07.2024 13:00 - 25.07.2024 14:00","0","3462"
"25.07.2024 14:00 - 25.07.2024 15:00","0","3321"
"25.07.2024 15:00 - 25.07.2024 16:00","0","3192"
"25.07.2024 16:00 - 25.07.2024 17:00","0","3075"
"25.07.2024 17:00 - 25.07.2024 18:00","0","3032"
"25.07.2024 18:00 - 25.07.2024 19:00","0","2981"
"25.07.2024 19:00 - 25.07.2024 20:00","0","2333"
"25.07.2024 20:00 - 25.07.2024 21:00","0","2001"
"25.07.2024 21:00 - 25.07.2024 22:00","0","1209"
"25.07.2024 22:00 - 25.07.2024 23:00","0","1118"
"25.07.2024 23:00 - 26.07.2024 00:00","0","1302"
"26.07.2024 00:00 - 26.07.2024 01:00","0","1118"
"26.07.2024 01:00 - 26.07.2024 02:00","0","912"
"26.07.2024 02:00 - 26.07.2024 03:00","0","776"
"26.07.2024 03:00 - 26.07.2024 04:00","0","671"
"26.07.2024 04:00 - 26.07.2024 05:00","0","715"
"26.07.2024 05:00 - 26.07.2024 06:00","0","669"
"26.07.2024 06:00 - 26.07.2024 07:00","0","793"
"26.07.2024 07:00 - 26.07.2024 08:00","0","276"
"26.07.2024 08:00 - 26.07.2024 09:00","0","743"
"26.07.2024 09:00 - 26.07.2024 10:00","0","1961"
"26.07.2024 10:00 - 26.07.2024 11:00","0","2388"
"26.07.2024 11:00 - 26.07.2024 12:00","0","2413"
"26.07.2024 12:00 - 26.07.2024 13:00","0","2523"
"26.07.2024 13:00 - 26.07.2024 14:00","0","2509"
"26.07.2024 14:00 - 26.07.2024 15:00","0","2716"
"26.07.2024 15:00 - 26.07.2024 16:00","0","2943"
"26.07.2024 16:00 - 26.07.2024 17:00","0","2951"
"26.07.2024 17:00 - 26.07.2024 18:00","0","2945"
"26.07.2024 18:00 - 26.07.2024 19:00","0","2404"
"26.07.2024 19:00 - 26.07.2024 20:00","0","1619"
"26.07.2024 20:00 - 26.07.2024 21:00","0","1092"
"26.07.2024 21:00 - 26.07.2024 22:00","0","636"
"26.07.2024 22:00 - 26.07.2024 23:00","0","790"
"26.07.2024 23:00 - 27.07.2024 00:00","0","677"
"27.07.2024 00:00 - 27.07.2024 01:00","0","992"
"27.07.2024 01:00 - 27.07.2024 02:00","0","946"
"27.07.2024 02:00 - 27.07.2024 03:00","0","799"
"27.07.2024 03:00 - 27.07.2024 04:00","0","727"
"27.07.2024 04:00 - 27.07.2024 05:00","0","602"
"27.07.2024 05:00 - 27.07.2024 06:00","0","720"
"27.07.2024 06:00 - 27.07.2024 07:00","0","963"
"27.07.2024 07:00 - 27.07.2024 08:00","0","1051"
"27.07.2024 08:00 - 27.07.2024 09:00","0","1655"
"27.07.2024 09:00 - 27.07.2024 10:00","0","2194"
"27.07.2024 10:00 - 27.07.2024 11:00","0","2674"
"27.07.2024 11:00 - 27.07.2024 12:00","0","2878"
"27.07.2024 12:00 - 27.07.2024 13:00","0","2828"
"27.07.2024 13:00 - 27.07.2024 14:00","0","2671"
"27.07.2024 14:00 - 27.07.2024 15:00","0","2315"
"27.07.2024 15:00 - 27.07.2024 16:00","0","2079"
"27.07.2024 16:00 - 27.07.2024 17:00","0","2043"
"27.07.2024 17:00 - 27.07.2024 18:00","0","1933"
"27.07.2024 18:00 - 27.07.2024 19:00","0","1877"
"27.07.2024 19:00 - 27.07.2024 20:00","0","2416"
"27.07.2024 20:00 - 27.07.2024 21:00","0","2100"
"27.07.2024 21:00 - 27.07.2024 22:00","0","1586"
"27.07.2024 22:00 - 27.07.2024 23:00","0","1629"
"27.07.2024 23:00 - 28.07.2024 00:00","0","1700"
"28.07.2024 00:00 - 28.07.2024 01:00","0","1664"
"28.07.2024 01:00 - 28.07.2024 02:00","0","1607"
"28.07.2024 02:00 - 28.07.2024 03:00","0","1596"
"28.07.2024 03:00 - 28.07.2024 04:00","0","1690"
"28.07.2024 04:00 - 28.07.2024 05:00","0","1792"
"28.07.2024 05:00 - 28.07.2024 06:00","0","1700"
"28.07.2024 06:00 - 28.07.2024 07:00","0","1713"
"28.07.2024 07:00 - 28.07.2024 08:00","0","1714"
"28.07.2024 08:00 - 28.07.2024 09:00","0","2495"
"28.07.2024 09:00 - 28.07.2024 10:00","0","2951"
"28.07.2024 10:00 - 28.07.2024 11:00","0","3176"
"28.07.2024 11:00 - 28.07.2024 12:00","0","3017"
"28.07.2024 12:00 - 28.07.2024 13:00","0","3033"
"28.07.2024 13:00 - 28.07.2024 14:00","0","2972"
"28.07.2024 14:00 - 28.07.2024 15:00","0","2865"
"28.07.2024 15:00 - 28.07.2024 16:00","0","2855"
"28.07.2024 16:00 - 28.07.2024 17:00","0","2784"
"28.07.2024 17:00 - 28.07.2024 18:00","0","2566"
"28.07.2024 18:00 - 28.07.2024 19:00","0","2683"
"28.07.2024 19:00 - 28.07.2024 20:00","0","2794"
"28.07.2024 20:00 - 28.07.2024 21:00","0","2395"
"28.07.2024 21:00 - 28.07.2024 22:00","0","1873"
"28.07.2024 22:00 - 28.07.2024 23:00","0","1400"
"28.07.2024 23:00 - 29.07.2024 00:00","0","1533"
"29.07.2024 00:00 - 29.07.2024 01:00","0","1562"
"29.07.2024 01:00 - 29.07.2024 02:00","0","1792"
"29.07.2024 02:00 - 29.07.2024 03:00","0","2116"
"29.07.2024 03:00 - 29.07.2024 04:00","0","2026"
"29.07.2024 04:00 - 29.07.2024 05:00","0","1864"
"29.07.2024 05:00 - 29.07.2024 06:00","0","1284"
"29.07.2024 06:00 - 29.07.2024 07:00","0","884"
"29.07.2024 07:00 - 29.07.2024 08:00","0","860"
"29.07.2024 08:00 - 29.07.2024 09:00","0","697"
"29.07.2024 09:00 - 29.07.2024 10:00","0","1940"
"29.07.2024 10:00 - 29.07.2024 11:00","0","2413"
"29.07.2024 11:00 - 29.07.2024 12:00","0","2964"
"29.07.2024 12:00 - 29.07.2024 13:00","0","3009"
"29.07.2024 13:00 - 29.07.2024 14:00","0","2241"
"29.07.2024 14:00 - 29.07.2024 15:00","0","1669"
"29.07.2024 15:00 - 29.07.2024 16:00","0","1928"
"29.07.2024 16:00 - 29.07.2024 17:00","0","2284"
"29.07.2024 17:00 - 29.07.2024 18:00","0","2330"
"29.07.2024 18:00 - 29.07.2024 19:00","0","2425"
"29.07.2024 19:00 - 29.07.2024 20:00","0","2337"
"29.07.2024 20:00 - 29.07.2024 21:00","0","1618"
"29.07.2024 21:00 - 29.07.2024 22:00","0","768"
"29.07.2024 22:00 - 29.07.2024 23:00","0","761"
"29.07.2024 23:00 - 30.07.2024 00:00","0","1278"
"30.07.2024 00:00 - 30.07.2024 01:00","0","1260"
"30.07.2024 01:00 - 30.07.2024 02:00","0","1349"
"30.07.2024 02:00 - 30.07.2024 03:00","0","1308"
"30.07.2024 03:00 - 30.07.2024 04:00","0","1263"
"30.07.2024 04:00 - 30.07.2024 05:00","0","1121"
"30.07.2024 05:00 - 30.07.2024 06:00","0","1042"
"30.07.2024 06:00 - 30.07.2024 07:00","0","1022"
"30.07.2024 07:00 - 30.07.2024 08:00","0","667"
"30.07.2024 08:00 - 30.07.2024 09:00","0","1226"
"30.07.2024 09:00 - 30.07.2024 10:00","0","2400"
"30.07.2024 10:00 - 30.07.2024 11:00","0","3274"
"30.07.2024 11:00 - 30.07.2024 12:00","0","3716"
"30.07.2024 12:00 - 30.07.2024 13:00","0","3828"
"30.07.2024 13:00 - 30.07.2024 14:00","0","3676"
"30.07.2024 14:00 - 30.07.2024 15:00","0","3789"
"30.07.2024 15:00 - 30.07.2024 16:00","0","3838"
"30.07.2024 16:00 - 30.07.2024 17:00","0","3902"
"30.07.2024 17:00 - 30.07.2024 18:00","0","3515"
"30.07.2024 18:00 - 30.07.2024 19:00","0","3249"
"30.07.2024 19:00 - 30.07.2024 20:00","0","3178"
"30.07.2024 20:00 - 30.07.2024 21:00","0","2724"
"30.07.2024 21:00 - 30.07.2024 22:00","0","1805"
"30.07.2024 22:00 - 30.07.2024 23:00","0","1673"
"30.07.2024 23:00 - 31.07.2024 00:00","0","2318"
"31.07.2024 00:00 - 31.07.2024 01:00","0","2608"
"31.07.2024 01:00 - 31.07.2024 02:00","0","2357"
"31.07.2024 02:00 - 31.07.2024 03:00","0","2190"
"31.07.2024 03:00 - 31.07.2024 04:00","0","1965"
"31.07.2024 04:00 - 31.07.2024 05:00","0","1895"
"31.07.2024 05:00 - 31.07.2024 06:00","0","1825"
"31.07.2024 06:00 - 31.07.2024 07:00","0","1669"
"31.07.2024 07:00 - 31.07.2024 08:00","0","1600"
"31.07.2024 08:00 - 31.07.2024 09:00","0","2422"
"31.07.2024 09:00 - 31.07.2024 10:00","0","2973"
"31.07.2024 10:00 - 31.07.2024 11:00","0","3294"
"31.07.2024 11:00 - 31.07.2024 12:00","0","3250"
"31.07.2024 12:00 - 31.07.2024 13:00","0","3355"
"31.07.2024 13:00 - 31.07.2024 14:00","0","3108"
"31.07.2024 14:00 - 31.07.2024 15:00","0","3020"
"31.07.2024 15:00 - 31.07.2024 16:00","0","2844"
"31.07.2024 16:00 - 31.07.2024 17:00","0","3355"
"31.07.2024 17:00 - 31.07.2024 18:00","0","3303"
"31.07.2024 18:00 - 31.07.2024 19:00","0","2759"
"31.07.2024 19:00 - 31.07.2024 20:00","0","2555"
"31.07.2024 20:00 - 31.07.2024 21:00","0","1790"
"31.07.2024 21:00 - 31.07.2024 22:00","0","862"
"31.07.2024 22:00 - 31.07.2024 23:00","0","1031"
"31.07.2024 23:00 - 01.08.2024 00:00","0","1678"
"01.08.2024 00:00 - 01.08.2024 01:00","0","1732"
"01.08.2024 01:00 - 01.08.2024 02:00","0","1679"
"01.08.2024 02:00 - 01.08.2024 03:00","0","1888"
"01.08.2024 03:00 - 01.08.2024 04:00","0","1828"
"01.08.2024 04:00 - 01.08.2024 05:00","0","1906"
"01.08.2024 05:00 - 01.08.2024 06:00","0","1862"
"01.08.2024 06:00 - 01.08.2024 07:00","0","1636"
"01.08.2024 07:00 - 01.08.2024 08:00","0","1059"
"01.08.2024 08:00 - 01.08.2024 09:00","0","1500"
"01.08.2024 09:00 - 01.08.2024 10:00","0","2532"
"01.08.2024 10:00 - 01.08.2024 11:00","0","2906"
"01.08.2024 11:00 - 01.08.2024 12:00","0","3355"
"01.08.2024 12:00 - 01.08.2024 13:00","0","3035"
"01.08.2024 13:00 - 01.08.2024 14:00","0","2368"
"01.08.2024 14:00 - 01.08.2024 15:00","0","2310"
"01.08.2024 15:00 - 01.08.2024 16:00","0","2941"
"01.08.2024 16:00 - 01.08.2024 17:00","0","3270"
"01.08.2024 17:00 - 01.08.2024 18:00","0","3040"
"01.08.2024 18:00 - 01.08.2024 19:00","0","2757"
"01.08.2024 19:00 - 01.08.2024 20:00","0","2298"
"01.08.2024 20:00 - 01.08.2024 21:00","0","1946"
"01.08.2024 21:00 - 01.08.2024 22:00","0","813"
"01.08.2024 22:00 - 01.08.2024 23:00","0","661"
"01.08.2024 23:00 - 02.08.2024 00:00","0","1110"
"02.08.2024 00:00 - 02.08.2024 01:00","0","1113"
"02.08.2024 01:00 - 02.08.2024 02:00","0","949"
"02.08.2024 02:00 - 02.08.2024 03:00","0","1018"
"02.08.2024 03:00 - 02.08.2024 04:00","0","1022"
"02.08.2024 04:00 - 02.08.2024 05:00","0","1073"
"02.08.2024 05:00 - 02.08.2024 06:00","0","938"
"02.08.2024 06:00 - 02.08.2024 07:00","0","651"
"02.08.2024 07:00 - 02.08.2024 08:00","0","256"
"02.08.2024 08:00 - 02.08.2024 09:00","0","1053"
"02.08.2024 09:00 - 02.08.2024 10:00","0","2264"
"02.08.2024 10:00 - 02.08.2024 11:00","0","2838"
"02.08.2024 11:00 - 02.08.2024 12:00","0","3022"
"02.08.2024 12:00 - 02.08.2024 13:00","0","2993"
"02.08.2024 13:00 - 02.08.2024 14:00","0","2900"
"02.08.2024 14:00 - 02.08.2024 15:00","0","2481"
"02.08.2024 15:00 - 02.08.2024 16:00","0","2309"
"02.08.2024 16:00 - 02.08.2024 17:00","0","2377"
"02.08.2024 17:00 - 02.08.2024 18:00","0","2509"
"02.08.2024 18:00 - 02.08.2024 19:00","0","2182"
"02.08.2024 19:00 - 02.08.2024 20:00","0","1963"
"02.08.2024 20:00 - 02.08.2024 21:00","0","1793"
"02.08.2024 21:00 - 02.08.2024 22:00","0","1272"
"02.08.2024 22:00 - 02.08.2024 23:00","0","1241"
"02.08.2024 23:00 - 03.08.2024 00:00","0","1589"
"03.08.2024 00:00 - 03.08.2024 01:00","0","1992"
"03.08.2024 01:00 - 03.08.2024 02:00","0","1971"
"03.08.2024 02:00 - 03.08.2024 03:00","0","1955"
"03.08.2024 03:00 - 03.08.2024 04:00","0","1992"
"03.08.2024 04:00 - 03.08.2024 05:00","0","1824"
"03.08.2024 05:00 - 03.08.2024 06:00","0","1417"
"03.08.2024 06:00 - 03.08.2024 07:00","0","1032"
"03.08.2024 07:00 - 03.08.2024 08:00","0","1015"
"03.08.2024 08:00 - 03.08.2024 09:00","0","1837"
"03.08.2024 09:00 - 03.08.2024 10:00","0","2828"
"03.08.2024 10:00 - 03.08.2024 11:00","0","2839"
"03.08.2024 11:00 - 03.08.2024 12:00","0","2899"
"03.08.2024 12:00 - 03.08.2024 13:00","0","3059"
"03.08.2024 13:00 - 03.08.2024 14:00","0","2986"
"03.08.2024 14:00 - 03.08.2024 15:00","0","2727"
"03.08.2024 15:00 - 03.08.2024 16:00","0","2677"
"03.08.2024 16:00 - 03.08.2024 17:00","0","2503"
"03.08.2024 17:00 - 03.08.2024 18:00","0","2537"
"03.08.2024 18:00 - 03.08.2024 19:00","0","2511"
"03.08.2024 19:00 - 03.08.2024 20:00","0","2691"
"03.08.2024 20:00 - 03.08.2024 21:00","0","1780"
"03.08.2024 21:00 - 03.08.2024 22:00","0","1020"
"03.08.2024 22:00 - 03.08.2024 23:00","0","1378"
"03.08.2024 23:00 - 04.08.2024 00:00","0","1810"
"04.08.2024 00:00 - 04.08.2024 01:00","0","1988"
"04.08.2024 01:00 - 04.08.2024 02:00","0","2072"
"04.08.2024 02:00 - 04.08.2024 03:00","0","2157"
"04.08.2024 03:00 - 04.08.2024 04:00","0","1970"
"04.08.2024 04:00 - 04.08.2024 05:00","0","1854"
"04.08.2024 05:00 - 04.08.2024 06:00","0","1704"
"04.08.2024 06:00 - 04.08.2024 07:00","0","1570"
"04.08.2024 07:00 - 04.08.2024 08:00","0","1523"
"04.08.2024 08:00 - 04.08.2024 09:00","0","2070"
"04.08.2024 09:00 - 04.08.2024 10:00","0","2870"
"04.08.2024 10:00 - 04.08.2024 11:00","0","2908"
"04.08.2024 11:00 - 04.08.2024 12:00","0","2700"
"04.08.2024 12:00 - 04.08.2024 13:00","0","2674"
"04.08.2024 13:00 - 04.08.2024 14:00","0","2666"
"04.08.2024 14:00 - 04.08.2024 15:00","0","2243"
"04.08.2024 15:00 - 04.08.2024 16:00","0","2085"
"04.08.2024 16:00 - 04.08.2024 17:00","0","2038"
"04.08.2024 17:00 - 04.08.2024 18:00","0","1946"
"04.08.2024 18:00 - 04.08.2024 19:00","0","1877"
"04.08.2024 19:00 - 04.08.2024 20:00","0","2308"
"04.08.2024 20:00 - 04.08.2024 21:00","0","1997"
"04.08.2024 21:00 - 04.08.2024 22:00","0","421"
"04.08.2024 22:00 - 04.08.2024 23:00","377","0"
"04.08.2024 23:00 - 05.08.2024 00:00","0","395"
"05.08.2024 00:00 - 05.08.2024 01:00","0","1217"
"05.08.2024 01:00 - 05.08.2024 02:00","0","1544"
"05.08.2024 02:00 - 05.08.2024 03:00","0","1547"
"05.08.2024 03:00 - 05.08.2024 04:00","0","1469"
"05.08.2024 04:00 - 05.08.2024 05:00","0","1164"
"05.08.2024 05:00 - 05.08.2024 06:00","0","954"
"05.08.2024 06:00 - 05.08.2024 07:00","0","751"
"05.08.2024 07:00 - 05.08.2024 08:00","0","335"
"05.08.2024 08:00 - 05.08.2024 09:00","0","649"
"05.08.2024 09:00 - 05.08.2024 10:00","0","1593"
"05.08.2024 10:00 - 05.08.2024 11:00","0","2725"
"05.08.2024 11:00 - 05.08.2024 12:00","0","3037"
"05.08.2024 12:00 - 05.08.2024 13:00","0","3059"
"05.08.2024 13:00 - 05.08.2024 14:00","0","2778"
"05.08.2024 14:00 - 05.08.2024 15:00","0","2735"
"05.08.2024 15:00 - 05.08.2024 16:00","0","2237"
"05.08.2024 16:00 - 05.08.2024 17:00","0","2253"
"05.08.2024 17:00 - 05.08.2024 18:00","0","1988"
"05.08.2024 18:00 - 05.08.2024 19:00","0","2106"
"05.08.2024 19:00 - 05.08.2024 20:00","0","1829"
"05.08.2024 20:00 - 05.08.2024 21:00","0","1122"
"05.08.2024 21:00 - 05.08.2024 22:00","207","0"
"05.08.2024 22:00 - 05.08.2024 23:00","54","0"
"05.08.2024 23:00 - 06.08.2024 00:00","0","464"
"06.08.2024 00:00 - 06.08.2024 01:00","0","1007"
"06.08.2024 01:00 - 06.08.2024 02:00","0","1452"
"06.08.2024 02:00 - 06.08.2024 03:00","0","1564"
"06.08.2024 03:00 - 06.08.2024 04:00","0","1485"
"06.08.2024 04:00 - 06.08.2024 05:00","0","1463"
"06.08.2024 05:00 - 06.08.2024 06:00","0","1419"
"06.08.2024 06:00 - 06.08.2024 07:00","0","1070"
"06.08.2024 07:00 - 06.08.2024 08:00","0","421"
"06.08.2024 08:00 - 06.08.2024 09:00","0","1066"
"06.08.2024 09:00 - 06.08.2024 10:00","0","2202"
"06.08.2024 10:00 - 06.08.2024 11:00","0","2725"
"06.08.2024 11:00 - 06.08.2024 12:00","0","2915"
"06.08.2024 12:00 - 06.08.2024 13:00","0","2633"
"06.08.2024 13:00 - 06.08.2024 14:00","0","2728"
"06.08.2024 14:00 - 06.08.2024 15:00","0","2967"
"06.08.2024 15:00 - 06.08.2024 16:00","0","2978"
"06.08.2024 16:00 - 06.08.2024 17:00","0","2763"
"06.08.2024 17:00 - 06.08.2024 18:00","0","2688"
"06.08.2024 18:00 - 06.08.2024 19:00","0","2107"
"06.08.2024 19:00 - 06.08.2024 20:00","0","2161"
"06.08.2024 20:00 - 06.08.2024 21:00","0","1597"
"06.08.2024 21:00 - 06.08.2024 22:00","0","951"
"06.08.2024 22:00 - 06.08.2024 23:00","0","1100"
"06.08.2024 23:00 - 07.08.2024 00:00","0","1751"
"07.08.2024 00:00 - 07.08.2024 01:00","0","1369"
"07.08.2024 01:00 - 07.08.2024 02:00","0","1220"
"07.08.2024 02:00 - 07.08.2024 03:00","0","1408"
"07.08.2024 03:00 - 07.08.2024 04:00","0","1612"
"07.08.2024 04:00 - 07.08.2024 05:00","0","1850"
"07.08.2024 05:00 - 07.08.2024 06:00","0","1786"
"07.08.2024 06:00 - 07.08.2024 07:00","0","1345"
"07.08.2024 07:00 - 07.08.2024 08:00","0","1035"
"07.08.2024 08:00 - 07.08.2024 09:00","0","1680"
"07.08.2024 09:00 - 07.08.2024 10:00","0","3347"
"07.08.2024 10:00 - 07.08.2024 11:00","0","3808"
"07.08.2024 11:00 - 07.08.2024 12:00","0","3483"
"07.08.2024 12:00 - 07.08.2024 13:00","0","3197"
"07.08.2024 13:00 - 07.08.2024 14:00","0","2976"
"07.08.2024 14:00 - 07.08.2024 15:00","0","2854"
"07.08.2024 15:00 - 07.08.2024 16:00","0","3040"
"07.08.2024 16:00 - 07.08.2024 17:00","0","3025"
"07.08.2024 17:00 - 07.08.2024 18:00","0","3117"
"07.08.2024 18:00 - 07.08.2024 19:00","0","3163"
"07.08.2024 19:00 - 07.08.2024 20:00","0","3259"
"07.08.2024 20:00 - 07.08.2024 21:00","0","2701"
"07.08.2024 21:00 - 07.08.2024 22:00","0","1699"
"07.08.2024 22:00 - 07.08.2024 23:00","0","1483"
"07.08.2024 23:00 - 08.08.2024 00:00","0","1875"
"08.08.2024 00:00 - 08.08.2024 01:00","0","1957"
"08.08.2024 01:00 - 08.08.2024 02:00","0","2196"
"08.08.2024 02:00 - 08.08.2024 03:00","0","2357"
"08.08.2024 03:00 - 08.08.2024 04:00","0","2166"
"08.08.2024 04:00 - 08.08.2024 05:00","0","2096"
"08.08.2024 05:00 - 08.08.2024 06:00","0","2094"
"08.08.2024 06:00 - 08.08.2024 07:00","0","1631"
"08.08.2024 07:00 - 08.08.2024 08:00","0","1089"
"08.08.2024 08:00 - 08.08.2024 09:00","0","1487"
"08.08.2024 09:00 - 08.08.2024 10:00","0","2717"
"08.08.2024 10:00 - 08.08.2024 11:00","0","2982"
"08.08.2024 11:00 - 08.08.2024 12:00","0","3010"
"08.08.2024 12:00 - 08.08.2024 13:00","0","2775"
"08.08.2024 13:00 - 08.08.2024 14:00","0","2642"
"08.08.2024 14:00 - 08.08.2024 15:00","0","2670"
"08.08.2024 15:00 - 08.08.2024 16:00","0","2833"
"08.08.2024 16:00 - 08.08.2024 17:00","0","2899"
"08.08.2024 17:00 - 08.08.2024 18:00","0","3011"
"08.08.2024 18:00 - 08.08.2024 19:00","0","2800"
"08.08.2024 19:00 - 08.08.2024 20:00","0","2896"
"08.08.2024 20:00 - 08.08.2024 21:00","0","2142"
"08.08.2024 21:00 - 08.08.2024 22:00","0","1597"
"08.08.2024 22:00 - 08.08.2024 23:00","0","1734"
"08.08.2024 23:00 - 09.08.2024 00:00","0","1923"
"09.08.2024 00:00 - 09.08.2024 01:00","0","1884"
"09.08.2024 01:00 - 09.08.2024 02:00","0","1723"
"09.08.2024 02:00 - 09.08.2024 03:00","0","1524"
"09.08.2024 03:00 - 09.08.2024 04:00","0","1543"
"09.08.2024 04:00 - 09.08.2024 05:00","0","1473"
"09.08.2024 05:00 - 09.08.2024 06:00","0","1453"
"09.08.2024 06:00 - 09.08.2024 07:00","0","1306"
"09.08.2024 07:00 - 09.08.2024 08:00","0","1077"
"09.08.2024 08:00 - 09.08.2024 09:00","0","1585"
"09.08.2024 09:00 - 09.08.2024 10:00","0","2662"
"09.08.2024 10:00 - 09.08.2024 11:00","0","3059"
"09.08.2024 11:00 - 09.08.2024 12:00","0","3069"
"09.08.2024 12:00 - 09.08.2024 13:00","0","3182"
"09.08.2024 13:00 - 09.08.2024 14:00","0","3020"
"09.08.2024 14:00 - 09.08.2024 15:00","0","2991"
"09.08.2024 15:00 - 09.08.2024 16:00","0","3580"
"09.08.2024 16:00 - 09.08.2024 17:00","0","3516"
"09.08.2024 17:00 - 09.08.2024 18:00","0","3447"
"09.08.2024 18:00 - 09.08.2024 19:00","0","3249"
"09.08.2024 19:00 - 09.08.2024 20:00","0","3074"
"09.08.2024 20:00 - 09.08.2024 21:00","0","2464"
"09.08.2024 21:00 - 09.08.2024 22:00","0","1590"
"09.08.2024 22:00 - 09.08.2024 23:00","0","1604"
"09.08.2024 23:00 - 10.08.2024 00:00","0","2166"
"10.08.2024 00:00 - 10.08.2024 01:00","0","2229"
"10.08.2024 01:00 - 10.08.2024 02:00","0","2041"
"10.08.2024 02:00 - 10.08.2024 03:00","0","1952"
"10.08.2024 03:00 - 10.08.2024 04:00","0","1594"
"10.08.2024 04:00 - 10.08.2024 05:00","0","1324"
"10.08.2024 05:00 - 10.08.2024 06:00","0","1092"
"10.08.2024 06:00 - 10.08.2024 07:00","0","1063"
"10.08.2024 07:00 - 10.08.2024 08:00","0","1066"
"10.08.2024 08:00 - 10.08.2024 09:00","0","1811"
"10.08.2024 09:00 - 10.08.2024 10:00","0","2669"
"10.08.2024 10:00 - 10.08.2024 11:00","0","3117"
"10.08.2024 11:00 - 10.08.2024 12:00","0","3113"
"10.08.2024 12:00 - 10.08.2024 13:00","0","3019"
"10.08.2024 13:00 - 10.08.2024 14:00","0","2980"
"10.08.2024 14:00 - 10.08.2024 15:00","0","2828"
"10.08.2024 15:00 - 10.08.2024 16:00","0","2903"
"10.08.2024 16:00 - 10.08.2024 17:00","0","2661"
"10.08.2024 17:00 - 10.08.2024 18:00","0","2658"
"10.08.2024 18:00 - 10.08.2024 19:00","0","3121"
"10.08.2024 19:00 - 10.08.2024 20:00","0","3238"
"10.08.2024 20:00 - 10.08.2024 21:00","0","2705"
"10.08.2024 21:00 - 10.08.2024 22:00","0","1757"
"10.08.2024 22:00 - 10.08.2024 23:00","0","1432"
"10.08.2024 23:00 - 11.08.2024 00:00","0","2179"
"11.08.2024 00:00 - 11.08.2024 01:00","0","2249"
"11.08.2024 01:00 - 11.08.2024 02:00","0","2296"
"11.08.2024 02:00 - 11.08.2024 03:00","0","2521"
"11.08.2024 03:00 - 11.08.2024 04:00","0","2518"
"11.08.2024 04:00 - 11.08.2024 05:00","0","2437"
"11.08.2024 05:00 - 11.08.2024 06:00","0","2190"
"11.08.2024 06:00 - 11.08.2024 07:00","0","1983"
"11.08.2024 07:00 - 11.08.2024 08:00","0","2157"
"11.08.2024 08:00 - 11.08.2024 09:00","0","2707"
"11.08.2024 09:00 - 11.08.2024 10:00","0","2893"
"11.08.2024 10:00 - 11.08.2024 11:00","0","3041"
"11.08.2024 11:00 - 11.08.2024 12:00","0","3173"
"11.08.2024 12:00 - 11.08.2024 13:00","0","3100"
"11.08.2024 13:00 - 11.08.2024 14:00","0","3066"
"11.08.2024 14:00 - 11.08.2024 15:00","0","2900"
"11.08.2024 15:00 - 11.08.2024 16:00","0","2708"
"11.08.2024 16:00 - 11.08.2024 17:00","0","2186"
"11.08.2024 17:00 - 11.08.2024 18:00","0","1827"
"11.08.2024 18:00 - 11.08.2024 19:00","0","1950"
"11.08.2024 19:00 - 11.08.2024 20:00","0","2271"
"11.08.2024 20:00 - 11.08.2024 21:00","0","2127"
"11.08.2024 21:00 - 11.08.2024 22:00","0","1274"
"11.08.2024 22:00 - 11.08.2024 23:00","0","888"
"11.08.2024 23:00 - 12.08.2024 00:00","0","1351"
"12.08.2024 00:00 - 12.08.2024 01:00","0","1852"
"12.08.2024 01:00 - 12.08.2024 02:00","0","1915"
"12.08.2024 02:00 - 12.08.2024 03:00","0","2053"
"12.08.2024 03:00 - 12.08.2024 04:00","0","2055"
"12.08.2024 04:00 - 12.08.2024 05:00","0","1926"
"12.08.2024 05:00 - 12.08.2024 06:00","0","1619"
"12.08.2024 06:00 - 12.08.2024 07:00","0","1196"
"12.08.2024 07:00 - 12.08.2024 08:00","0","541"
"12.08.2024 08:00 - 12.08.2024 09:00","0","786"
"12.08.2024 09:00 - 12.08.2024 10:00","0","1737"
"12.08.2024 10:00 - 12.08.2024 11:00","0","2572"
"12.08.2024 11:00 - 12.08.2024 12:00","0","2806"
"12.08.2024 12:00 - 12.08.2024 13:00","0","2741"
"12.08.2024 13:00 - 12.08.2024 14:00","0","2593"
"12.08.2024 14:00 - 12.08.2024 15:00","0","2338"
"12.08.2024 15:00 - 12.08.2024 16:00","0","2238"
"12.08.2024 16:00 - 12.08.2024 17:00","0","2084"
"12.08.2024 17:00 - 12.08.2024 18:00","0","2085"
"12.08.2024 18:00 - 12.08.2024 19:00","0","1988"
"12.08.2024 19:00 - 12.08.2024 20:00","0","1290"
"12.08.2024 20:00 - 12.08.2024 21:00","0","894"
"12.08.2024 21:00 - 12.08.2024 22:00","0","496"
"12.08.2024 22:00 - 12.08.2024 23:00","0","523"
"12.08.2024 23:00 - 13.08.2024 00:00","0","925"
"13.08.2024 00:00 - 13.08.2024 01:00","0","498"
"13.08.2024 01:00 - 13.08.2024 02:00","0","542"
"13.08.2024 02:00 - 13.08.2024 03:00","0","890"
"13.08.2024 03:00 - 13.08.2024 04:00","0","863"
"13.08.2024 04:00 - 13.08.2024 05:00","0","812"
"13.08.2024 05:00 - 13.08.2024 06:00","0","577"
"13.08.2024 06:00 - 13.08.2024 07:00","8","0"
"13.08.2024 07:00 - 13.08.2024 08:00","412","0"
"13.08.2024 08:00 - 13.08.2024 09:00","0","203"
"13.08.2024 09:00 - 13.08.2024 10:00","0","1652"
"13.08.2024 10:00 - 13.08.2024 11:00","0","1636"
"13.08.2024 11:00 - 13.08.2024 12:00","0","1776"
"13.08.2024 12:00 - 13.08.2024 13:00","0","1626"
"13.08.2024 13:00 - 13.08.2024 14:00","0","1463"
"13.08.2024 14:00 - 13.08.2024 15:00","0","1241"
"13.08.2024 15:00 - 13.08.2024 16:00","0","952"
"13.08.2024 16:00 - 13.08.2024 17:00","0","1167"
"13.08.2024 17:00 - 13.08.2024 18:00","0","887"
"13.08.2024 18:00 - 13.08.2024 19:00","0","878"
"13.08.2024 19:00 - 13.08.2024 20:00","0","1173"
"13.08.2024 20:00 - 13.08.2024 21:00","0","967"
"13.08.2024 21:00 - 13.08.2024 22:00","0","399"
"13.08.2024 22:00 - 13.08.2024 23:00","0","523"
"13.08.2024 23:00 - 14.08.2024 00:00","0","910"
"14.08.2024 00:00 - 14.08.2024 01:00","0","801"
"14.08.2024 01:00 - 14.08.2024 02:00","0","822"
"14.08.2024 02:00 - 14.08.2024 03:00","0","1349"
"14.08.2024 03:00 - 14.08.2024 04:00","0","1313"
"14.08.2024 04:00 - 14.08.2024 05:00","0","1292"
"14.08.2024 05:00 - 14.08.2024 06:00","0","1062"
"14.08.2024 06:00 - 14.08.2024 07:00","0","851"
"14.08.2024 07:00 - 14.08.2024 08:00","0","509"
"14.08.2024 08:00 - 14.08.2024 09:00","0","796"
"14.08.2024 09:00 - 14.08.2024 10:00","0","1883"
"14.08.2024 10:00 - 14.08.2024 11:00","0","2536"
"14.08.2024 11:00 - 14.08.2024 12:00","0","2488"
"14.08.2024 12:00 - 14.08.2024 13:00","0","2405"
"14.08.2024 13:00 - 14.08.2024 14:00","0","2326"
"14.08.2024 14:00 - 14.08.2024 15:00","0","2125"
"14.08.2024 15:00 - 14.08.2024 16:00","0","2178"
"14.08.2024 16:00 - 14.08.2024 17:00","0","2067"
"14.08.2024 17:00 - 14.08.2024 18:00","0","1870"
"14.08.2024 18:00 - 14.08.2024 19:00","0","1686"
"14.08.2024 19:00 - 14.08.2024 20:00","0","1717"
"14.08.2024 20:00 - 14.08.2024 21:00","0","1936"
"14.08.2024 21:00 - 14.08.2024 22:00","0","1798"
"14.08.2024 22:00 - 14.08.2024 23:00","0","1953"
"14.08.2024 23:00 - 15.08.2024 00:00","0","2465"
"15.08.2024 00:00 - 15.08.2024 01:00","0","2479"
"15.08.2024 01:00 - 15.08.2024 02:00","0","2263"
"15.08.2024 02:00 - 15.08.2024 03:00","0","2269"
"15.08.2024 03:00 - 15.08.2024 04:00","0","2170"
"15.08.2024 04:00 - 15.08.2024 05:00","0","2279"
"15.08.2024 05:00 - 15.08.2024 06:00","0","2129"
"15.08.2024 06:00 - 15.08.2024 07:00","0","1991"
"15.08.2024 07:00 - 15.08.2024 08:00","0","1965"
"15.08.2024 08:00 - 15.08.2024 09:00","0","1970"
"15.08.2024 09:00 - 15.08.2024 10:00","0","1871"
"15.08.2024 10:00 - 15.08.2024 11:00","0","2557"
"15.08.2024 11:00 - 15.08.2024 12:00","0","2984"
"15.08.2024 12:00 - 15.08.2024 13:00","0","2864"
"15.08.2024 13:00 - 15.08.2024 14:00","0","2826"
"15.08.2024 14:00 - 15.08.2024 15:00","0","2762"
"15.08.2024 15:00 - 15.08.2024 16:00","0","2585"
"15.08.2024 16:00 - 15.08.2024 17:00","0","2359"
"15.08.2024 17:00 - 15.08.2024 18:00","0","2235"
"15.08.2024 18:00 - 15.08.2024 19:00","0","2439"
"15.08.2024 19:00 - 15.08.2024 20:00","0","2523"
"15.08.2024 20:00 - 15.08.2024 21:00","0","2537"
"15.08.2024 21:00 - 15.08.2024 22:00","0","1719"
"15.08.2024 22:00 - 15.08.2024 23:00","0","1457"
"15.08.2024 23:00 - 16.08.2024 00:00","0","1810"
"16.08.2024 00:00 - 16.08.2024 01:00","0","1761"
"16.08.2024 01:00 - 16.08.2024 02:00","0","1944"
"16.08.2024 02:00 - 16.08.2024 03:00","0","2185"
"16.08.2024 03:00 - 16.08.2024 04:00","0","2319"
"16.08.2024 04:00 - 16.08.2024 05:00","0","2219"
"16.08.2024 05:00 - 16.08.2024 06:00","0","1698"
"16.08.2024 06:00 - 16.08.2024 07:00","0","1278"
"16.08.2024 07:00 - 16.08.2024 08:00","0","1067"
"16.08.2024 08:00 - 16.08.2024 09:00","0","1519"
"16.08.2024 09:00 - 16.08.2024 10:00","0","2521"
"16.08.2024 10:00 - 16.08.2024 11:00","0","3095"
"16.08.2024 11:00 - 16.08.2024 12:00","0","3196"
"16.08.2024 12:00 - 16.08.2024 13:00","0","3296"
"16.08.2024 13:00 - 16.08.2024 14:00","0","3274"
"16.08.2024 14:00 - 16.08.2024 15:00","0","2947"
"16.08.2024 15:00 - 16.08.2024 16:00","0","2965"
"16.08.2024 16:00 - 16.08.2024 17:00","0","2854"
"16.08.2024 17:00 - 16.08.2024 18:00","0","2705"
"16.08.2024 18:00 - 16.08.2024 19:00","0","2793"
"16.08.2024 19:00 - 16.08.2024 20:00","0","2676"
"16.08.2024 20:00 - 16.08.2024 21:00","0","2271"
"16.08.2024 21:00 - 16.08.2024 22:00","0","1316"
"16.08.2024 22:00 - 16.08.2024 23:00","0","1224"
"16.08.2024 23:00 - 17.08.2024 00:00","0","1413"
"17.08.2024 00:00 - 17.08.2024 01:00","0","1045"
"17.08.2024 01:00 - 17.08.2024 02:00","0","939"
"17.08.2024 02:00 - 17.08.2024 03:00","0","904"
"17.08.2024 03:00 - 17.08.2024 04:00","0","1143"
"17.08.2024 04:00 - 17.08.2024 05:00","0","1375"
"17.08.2024 05:00 - 17.08.2024 06:00","0","1627"
"17.08.2024 06:00 - 17.08.2024 07:00","0","1386"
"17.08.2024 07:00 - 17.08.2024 08:00","0","1057"
"17.08.2024 08:00 - 17.08.2024 09:00","0","1813"
"17.08.2024 09:00 - 17.08.2024 10:00","0","2546"
"17.08.2024 10:00 - 17.08.2024 11:00","0","2604"
"17.08.2024 11:00 - 17.08.2024 12:00","0","2564"
"17.08.2024 12:00 - 17.08.2024 13:00","0","2300"
"17.08.2024 13:00 - 17.08.2024 14:00","0","2158"
"17.08.2024 14:00 - 17.08.2024 15:00","0","1803"
"17.08.2024 15:00 - 17.08.2024 16:00","0","1511"
"17.08.2024 16:00 - 17.08.2024 17:00","0","1204"
"17.08.2024 17:00 - 17.08.2024 18:00","0","1288"
"17.08.2024 18:00 - 17.08.2024 19:00","0","1061"
"17.08.2024 19:00 - 17.08.2024 20:00","0","1059"
"17.08.2024 20:00 - 17.08.2024 21:00","0","1026"
"17.08.2024 21:00 - 17.08.2024 22:00","0","571"
"17.08.2024 22:00 - 17.08.2024 23:00","0","737"
"17.08.2024 23:00 - 18.08.2024 00:00","0","1211"
"18.08.2024 00:00 - 18.08.2024 01:00","0","1157"
"18.08.2024 01:00 - 18.08.2024 02:00","0","983"
"18.08.2024 02:00 - 18.08.2024 03:00","0","846"
"18.08.2024 03:00 - 18.08.2024 04:00","0","912"
"18.08.2024 04:00 - 18.08.2024 05:00","0","946"
"18.08.2024 05:00 - 18.08.2024 06:00","0","954"
"18.08.2024 06:00 - 18.08.2024 07:00","0","939"
"18.08.2024 07:00 - 18.08.2024 08:00","0","1134"
"18.08.2024 08:00 - 18.08.2024 09:00","0","1612"
"18.08.2024 09:00 - 18.08.2024 10:00","0","2015"
"18.08.2024 10:00 - 18.08.2024 11:00","0","2040"
"18.08.2024 11:00 - 18.08.2024 12:00","0","2097"
"18.08.2024 12:00 - 18.08.2024 13:00","0","2194"
"18.08.2024 13:00 - 18.08.2024 14:00","0","2267"
"18.08.2024 14:00 - 18.08.2024 15:00","0","1985"
"18.08.2024 15:00 - 18.08.2024 16:00","0","1849"
"18.08.2024 16:00 - 18.08.2024 17:00","0","1743"
"18.08.2024 17:00 - 18.08.2024 18:00","0","1742"
"18.08.2024 18:00 - 18.08.2024 19:00","0","2040"
"18.08.2024 19:00 - 18.08.2024 20:00","0","2277"
"18.08.2024 20:00 - 18.08.2024 21:00","0","2394"
"18.08.2024 21:00 - 18.08.2024 22:00","0","1814"
"18.08.2024 22:00 - 18.08.2024 23:00","0","1610"
"18.08.2024 23:00 - 19.08.2024 00:00","0","1883"
"19.08.2024 00:00 - 19.08.2024 01:00","0","2350"
"19.08.2024 01:00 - 19.08.2024 02:00","0","2836"
"19.08.2024 02:00 - 19.08.2024 03:00","0","2853"
"19.08.2024 03:00 - 19.08.2024 04:00","0","2750"
"19.08.2024 04:00 - 19.08.2024 05:00","0","2699"
"19.08.2024 05:00 - 19.08.2024 06:00","0","2000"
"19.08.2024 06:00 - 19.08.2024 07:00","0","1397"
"19.08.2024 07:00 - 19.08.2024 08:00","0","918"
"19.08.2024 08:00 - 19.08.2024 09:00","0","1159"
"19.08.2024 09:00 - 19.08.2024 10:00","0","1940"
"19.08.2024 10:00 - 19.08.2024 11:00","0","2350"
"19.08.2024 11:00 - 19.08.2024 12:00","0","2874"
"19.08.2024 12:00 - 19.08.2024 13:00","0","3065"
"19.08.2024 13:00 - 19.08.2024 14:00","0","3341"
"19.08.2024 14:00 - 19.08.2024 15:00","0","3083"
"19.08.2024 15:00 - 19.08.2024 16:00","0","2850"
"19.08.2024 16:00 - 19.08.2024 17:00","0","2697"
"19.08.2024 17:00 - 19.08.2024 18:00","0","2489"
"19.08.2024 18:00 - 19.08.2024 19:00","0","1569"
"19.08.2024 19:00 - 19.08.2024 20:00","0","1427"
"19.08.2024 20:00 - 19.08.2024 21:00","0","813"
"19.08.2024 21:00 - 19.08.2024 22:00","0","839"
"19.08.2024 22:00 - 19.08.2024 23:00","0","798"
"19.08.2024 23:00 - 20.08.2024 00:00","0","1089"
"20.08.2024 00:00 - 20.08.2024 01:00","0","1174"
"20.08.2024 01:00 - 20.08.2024 02:00","0","962"
"20.08.2024 02:00 - 20.08.2024 03:00","0","867"
"20.08.2024 03:00 - 20.08.2024 04:00","0","708"
"20.08.2024 04:00 - 20.08.2024 05:00","0","820"
"20.08.2024 05:00 - 20.08.2024 06:00","0","423"
"20.08.2024 06:00 - 20.08.2024 07:00","0","146"
"20.08.2024 07:00 - 20.08.2024 08:00","249","0"
"20.08.2024 08:00 - 20.08.2024 09:00","0","22"
"20.08.2024 09:00 - 20.08.2024 10:00","0","1280"
"20.08.2024 10:00 - 20.08.2024 11:00","0","1486"
"20.08.2024 11:00 - 20.08.2024 12:00","0","1808"
"20.08.2024 12:00 - 20.08.2024 13:00","0","2098"
"20.08.2024 13:00 - 20.08.2024 14:00","0","2135"
"20.08.2024 14:00 - 20.08.2024 15:00","0","2166"
"20.08.2024 15:00 - 20.08.2024 16:00","0","2157"
"20.08.2024 16:00 - 20.08.2024 17:00","0","1840"
"20.08.2024 17:00 - 20.08.2024 18:00","0","1893"
"20.08.2024 18:00 - 20.08.2024 19:00","0","2250"
"20.08.2024 19:00 - 20.08.2024 20:00","0","2240"
"20.08.2024 20:00 - 20.08.2024 21:00","0","1823"
"20.08.2024 21:00 - 20.08.2024 22:00","0","1561"
"20.08.2024 22:00 - 20.08.2024 23:00","0","1668"
"20.08.2024 23:00 - 21.08.2024 00:00","0","2010"
"21.08.2024 00:00 - 21.08.2024 01:00","0","1834"
"21.08.2024 01:00 - 21.08.2024 02:00","0","2116"
"21.08.2024 02:00 - 21.08.2024 03:00","0","2054"
"21.08.2024 03:00 - 21.08.2024 04:00","0","2218"
"21.08.2024 04:00 - 21.08.2024 05:00","0","2208"
"21.08.2024 05:00 - 21.08.2024 06:00","0","1938"
"21.08.2024 06:00 - 21.08.2024 07:00","0","1556"
"21.08.2024 07:00 - 21.08.2024 08:00","0","1369"
"21.08.2024 08:00 - 21.08.2024 09:00","0","1851"
"21.08.2024 09:00 - 21.08.2024 10:00","0","2618"
"21.08.2024 10:00 - 21.08.2024 11:00","0","2941"
"21.08.2024 11:00 - 21.08.2024 12:00","0","3144"
"21.08.2024 12:00 - 21.08.2024 13:00","0","3160"
"21.08.2024 13:00 - 21.08.2024 14:00","0","2999"
"21.08.2024 14:00 - 21.08.2024 15:00","0","2962"
"21.08.2024 15:00 - 21.08.2024 16:00","0","3012"
"21.08.2024 16:00 - 21.08.2024 17:00","0","2857"
"21.08.2024 17:00 - 21.08.2024 18:00","0","2809"
"21.08.2024 18:00 - 21.08.2024 19:00","0","2810"
"21.08.2024 19:00 - 21.08.2024 20:00","0","2474"
"21.08.2024 20:00 - 21.08.2024 21:00","0","1600"
"21.08.2024 21:00 - 21.08.2024 22:00","0","809"
"21.08.2024 22:00 - 21.08.2024 23:00","0","1130"
"21.08.2024 23:00 - 22.08.2024 00:00","0","1546"
"22.08.2024 00:00 - 22.08.2024 01:00","0","1441"
"22.08.2024 01:00 - 22.08.2024 02:00","0","1178"
"22.08.2024 02:00 - 22.08.2024 03:00","0","877"
"22.08.2024 03:00 - 22.08.2024 04:00","0","685"
"22.08.2024 04:00 - 22.08.2024 05:00","0","526"
"22.08.2024 05:00 - 22.08.2024 06:00","0","568"
"22.08.2024 06:00 - 22.08.2024 07:00","0","504"
"22.08.2024 07:00 - 22.08.2024 08:00","0","481"
"22.08.2024 08:00 - 22.08.2024 09:00","0","1000"
"22.08.2024 09:00 - 22.08.2024 10:00","0","1961"
"22.08.2024 10:00 - 22.08.2024 11:00","0","2510"
"22.08.2024 11:00 - 22.08.2024 12:00","0","2616"
"22.08.2024 12:00 - 22.08.2024 13:00","0","2342"
"22.08.2024 13:00 - 22.08.2024 14:00","0","2088"
"22.08.2024 14:00 - 22.08.2024 15:00","0","1941"
"22.08.2024 15:00 - 22.08.2024 16:00","0","2281"
"22.08.2024 16:00 - 22.08.2024 17:00","0","2350"
"22.08.2024 17:00 - 22.08.2024 18:00","0","1771"
"22.08.2024 18:00 - 22.08.2024 19:00","0","2089"
"22.08.2024 19:00 - 22.08.2024 20:00","0","1599"
"22.08.2024 20:00 - 22.08.2024 21:00","0","835"
"22.08.2024 21:00 - 22.08.2024 22:00","0","518"
"22.08.2024 22:00 - 22.08.2024 23:00","0","782"
"22.08.2024 23:00 - 23.08.2024 00:00","0","1103"
"23.08.2024 00:00 - 23.08.2024 01:00","0","1307"
"23.08.2024 01:00 - 23.08.2024 02:00","0","1198"
"23.08.2024 02:00 - 23.08.2024 03:00","0","1072"
"23.08.2024 03:00 - 23.08.2024 04:00","0","876"
"23.08.2024 04:00 - 23.08.2024 05:00","0","968"
"23.08.2024 05:00 - 23.08.2024 06:00","0","1077"
"23.08.2024 06:00 - 23.08.2024 07:00","0","1181"
"23.08.2024 07:00 - 23.08.2024 08:00","0","859"
"23.08.2024 08:00 - 23.08.2024 09:00","0","1062"
"23.08.2024 09:00 - 23.08.2024 10:00","0","2171"
"23.08.2024 10:00 - 23.08.2024 11:00","0","2679"
"23.08.2024 11:00 - 23.08.2024 12:00","0","2694"
"23.08.2024 12:00 - 23.08.2024 13:00","0","2981"
"23.08.2024 13:00 - 23.08.2024 14:00","0","3072"
"23.08.2024 14:00 - 23.08.2024 15:00","0","3162"
"23.08.2024 15:00 - 23.08.2024 16:00","0","3304"
"23.08.2024 16:00 - 23.08.2024 17:00","0","3462"
"23.08.2024 17:00 - 23.08.2024 18:00","0","3226"
"23.08.2024 18:00 - 23.08.2024 19:00","0","3145"
"23.08.2024 19:00 - 23.08.2024 20:00","0","2569"
"23.08.2024 20:00 - 23.08.2024 21:00","0","2423"
"23.08.2024 21:00 - 23.08.2024 22:00","0","1687"
"23.08.2024 22:00 - 23.08.2024 23:00","0","1551"
"23.08.2024 23:00 - 24.08.2024 00:00","0","1579"
"24.08.2024 00:00 - 24.08.2024 01:00","0","1629"
"24.08.2024 01:00 - 24.08.2024 02:00","0","1719"
"24.08.2024 02:00 - 24.08.2024 03:00","0","1832"
"24.08.2024 03:00 - 24.08.2024 04:00","0","1854"
"24.08.2024 04:00 - 24.08.2024 05:00","0","1893"
"24.08.2024 05:00 - 24.08.2024 06:00","0","2018"
"24.08.2024 06:00 - 24.08.2024 07:00","0","2004"
"24.08.2024 07:00 - 24.08.2024 08:00","0","1939"
"24.08.2024 08:00 - 24.08.2024 09:00","0","2427"
"24.08.2024 09:00 - 24.08.2024 10:00","0","2564"
"24.08.2024 10:00 - 24.08.2024 11:00","0","3113"
"24.08.2024 11:00 - 24.08.2024 12:00","0","3302"
"24.08.2024 12:00 - 24.08.2024 13:00","0","3275"
"24.08.2024 13:00 - 24.08.2024 14:00","0","3006"
"24.08.2024 14:00 - 24.08.2024 15:00","0","2568"
"24.08.2024 15:00 - 24.08.2024 16:00","0","2242"
"24.08.2024 16:00 - 24.08.2024 17:00","0","1946"
"24.08.2024 17:00 - 24.08.2024 18:00","0","1582"
"24.08.2024 18:00 - 24.08.2024 19:00","0","1722"
"24.08.2024 19:00 - 24.08.2024 20:00","0","2143"
"24.08.2024 20:00 - 24.08.2024 21:00","0","2036"
"24.08.2024 21:00 - 24.08.2024 22:00","0","1843"
"24.08.2024 22:00 - 24.08.2024 23:00","0","1912"
"24.08.2024 23:00 - 25.08.2024 00:00","0","2099"
"25.08.2024 00:00 - 25.08.2024 01:00","0","2083"
"25.08.2024 01:00 - 25.08.2024 02:00","0","1934"
"25.08.2024 02:00 - 25.08.2024 03:00","0","1728"
"25.08.2024 03:00 - 25.08.2024 04:00","0","1578"
"25.08.2024 04:00 - 25.08.2024 05:00","0","1301"
"25.08.2024 05:00 - 25.08.2024 06:00","0","1260"
"25.08.2024 06:00 - 25.08.2024 07:00","0","1081"
"25.08.2024 07:00 - 25.08.2024 08:00","0","1388"
"25.08.2024 08:00 - 25.08.2024 09:00","0","1606"
"25.08.2024 09:00 - 25.08.2024 10:00","0","1654"
"25.08.2024 10:00 - 25.08.2024 11:00","0","2009"
"25.08.2024 11:00 - 25.08.2024 12:00","0","2173"
"25.08.2024 12:00 - 25.08.2024 13:00","0","2253"
"25.08.2024 13:00 - 25.08.2024 14:00","0","2356"
"25.08.2024 14:00 - 25.08.2024 15:00","0","2324"
"25.08.2024 15:00 - 25.08.2024 16:00","0","2327"
"25.08.2024 16:00 - 25.08.2024 17:00","0","2171"
"25.08.2024 17:00 - 25.08.2024 18:00","0","2109"
"25.08.2024 18:00 - 25.08.2024 19:00","0","2179"
"25.08.2024 19:00 - 25.08.2024 20:00","0","2497"
"25.08.2024 20:00 - 25.08.2024 21:00","0","2276"
"25.08.2024 21:00 - 25.08.2024 22:00","0","1463"
"25.08.2024 22:00 - 25.08.2024 23:00","0","1467"
"25.08.2024 23:00 - 26.08.2024 00:00","0","2118"
"26.08.2024 00:00 - 26.08.2024 01:00","0","2366"
"26.08.2024 01:00 - 26.08.2024 02:00","0","2493"
"26.08.2024 02:00 - 26.08.2024 03:00","0","2506"
"26.08.2024 03:00 - 26.08.2024 04:00","0","2551"
"26.08.2024 04:00 - 26.08.2024 05:00","0","2381"
"26.08.2024 05:00 - 26.08.2024 06:00","0","1922"
"26.08.2024 06:00 - 26.08.2024 07:00","0","1862"
"26.08.2024 07:00 - 26.08.2024 08:00","0","1442"
"26.08.2024 08:00 - 26.08.2024 09:00","0","1367"
"26.08.2024 09:00 - 26.08.2024 10:00","0","2249"
"26.08.2024 10:00 - 26.08.2024 11:00","0","2457"
"26.08.2024 11:00 - 26.08.2024 12:00","0","3170"
"26.08.2024 12:00 - 26.08.2024 13:00","0","3598"
"26.08.2024 13:00 - 26.08.2024 14:00","0","3511"
"26.08.2024 14:00 - 26.08.2024 15:00","0","2997"
"26.08.2024 15:00 - 26.08.2024 16:00","0","2796"
"26.08.2024 16:00 - 26.08.2024 17:00","0","3075"
"26.08.2024 17:00 - 26.08.2024 18:00","0","3085"
"26.08.2024 18:00 - 26.08.2024 19:00","0","2779"
"26.08.2024 19:00 - 26.08.2024 20:00","0","2488"
"26.08.2024 20:00 - 26.08.2024 21:00","0","1857"
"26.08.2024 21:00 - 26.08.2024 22:00","0","1150"
"26.08.2024 22:00 - 26.08.2024 23:00","0","1326"
"26.08.2024 23:00 - 27.08.2024 00:00","0","2231"
"27.08.2024 00:00 - 27.08.2024 01:00","0","2280"
"27.08.2024 01:00 - 27.08.2024 02:00","0","2266"
"27.08.2024 02:00 - 27.08.2024 03:00","0","2175"
"27.08.2024 03:00 - 27.08.2024 04:00","0","2087"
"27.08.2024 04:00 - 27.08.2024 05:00","0","1975"
"27.08.2024 05:00 - 27.08.2024 06:00","0","1961"
"27.08.2024 06:00 - 27.08.2024 07:00","0","1784"
"27.08.2024 07:00 - 27.08.2024 08:00","0","1720"
"27.08.2024 08:00 - 27.08.2024 09:00","0","1955"
"27.08.2024 09:00 - 27.08.2024 10:00","0","2200"
"27.08.2024 10:00 - 27.08.2024 11:00","0","2984"
"27.08.2024 11:00 - 27.08.2024 12:00","0","3325"
"27.08.2024 12:00 - 27.08.2024 13:00","0","3160"
"27.08.2024 13:00 - 27.08.2024 14:00","0","2798"
"27.08.2024 14:00 - 27.08.2024 15:00","0","2509"
"27.08.2024 15:00 - 27.08.2024 16:00","0","2643"
"27.08.2024 16:00 - 27.08.2024 17:00","0","2691"
"27.08.2024 17:00 - 27.08.2024 18:00","0","2411"
"27.08.2024 18:00 - 27.08.2024 19:00","0","2058"
"27.08.2024 19:00 - 27.08.2024 20:00","0","1724"
"27.08.2024 20:00 - 27.08.2024 21:00","0","1497"
"27.08.2024 21:00 - 27.08.2024 22:00","0","1110"
"27.08.2024 22:00 - 27.08.2024 23:00","0","1324"
"27.08.2024 23:00 - 28.08.2024 00:00","0","1649"
"28.08.2024 00:00 - 28.08.2024 01:00","0","1548"
"28.08.2024 01:00 - 28.08.2024 02:00","0","1491"
"28.08.2024 02:00 - 28.08.2024 03:00","0","1667"
"28.08.2024 03:00 - 28.08.2024 04:00","0","1709"
"28.08.2024 04:00 - 28.08.2024 05:00","0","1608"
"28.08.2024 05:00 - 28.08.2024 06:00","0","1505"
"28.08.2024 06:00 - 28.08.2024 07:00","0","1259"
"28.08.2024 07:00 - 28.08.2024 08:00","0","1105"
"28.08.2024 08:00 - 28.08.2024 09:00","0","1266"
"28.08.2024 09:00 - 28.08.2024 10:00","0","1425"
"28.08.2024 10:00 - 28.08.2024 11:00","0","2610"
"28.08.2024 11:00 - 28.08.2024 12:00","0","2839"
"28.08.2024 12:00 - 28.08.2024 13:00","0","2841"
"28.08.2024 13:00 - 28.08.2024 14:00","0","2894"
"28.08.2024 14:00 - 28.08.2024 15:00","0","2901"
"28.08.2024 15:00 - 28.08.2024 16:00","0","2873"
"28.08.2024 16:00 - 28.08.2024 17:00","0","2771"
"28.08.2024 17:00 - 28.08.2024 18:00","0","2395"
"28.08.2024 18:00 - 28.08.2024 19:00","0","1781"
"28.08.2024 19:00 - 28.08.2024 20:00","0","1478"
"28.08.2024 20:00 - 28.08.2024 21:00","0","1119"
"28.08.2024 21:00 - 28.08.2024 22:00","0","600"
"28.08.2024 22:00 - 28.08.2024 23:00","0","1057"
"28.08.2024 23:00 - 29.08.2024 00:00","0","2120"
"29.08.2024 00:00 - 29.08.2024 01:00","0","2117"
"29.08.2024 01:00 - 29.08.2024 02:00","0","2088"
"29.08.2024 02:00 - 29.08.2024 03:00","0","2038"
"29.08.2024 03:00 - 29.08.2024 04:00","0","2086"
"29.08.2024 04:00 - 29.08.2024 05:00","0","2021"
"29.08.2024 05:00 - 29.08.2024 06:00","0","1962"
"29.08.2024 06:00 - 29.08.2024 07:00","0","1709"
"29.08.2024 07:00 - 29.08.2024 08:00","0","1685"
"29.08.2024 08:00 - 29.08.2024 09:00","0","1724"
"29.08.2024 09:00 - 29.08.2024 10:00","0","2291"
"29.08.2024 10:00 - 29.08.2024 11:00","0","2887"
"29.08.2024 11:00 - 29.08.2024 12:00","0","2685"
"29.08.2024 12:00 - 29.08.2024 13:00","0","2596"
"29.08.2024 13:00 - 29.08.2024 14:00","0","2519"
"29.08.2024 14:00 - 29.08.2024 15:00","0","2329"
"29.08.2024 15:00 - 29.08.2024 16:00","0","2394"
"29.08.2024 16:00 - 29.08.2024 17:00","0","2274"
"29.08.2024 17:00 - 29.08.2024 18:00","0","2329"
"29.08.2024 18:00 - 29.08.2024 19:00","0","2111"
"29.08.2024 19:00 - 29.08.2024 20:00","0","1915"
"29.08.2024 20:00 - 29.08.2024 21:00","0","2072"
"29.08.2024 21:00 - 29.08.2024 22:00","0","2036"
"29.08.2024 22:00 - 29.08.2024 23:00","0","2051"
"29.08.2024 23:00 - 30.08.2024 00:00","0","2399"
"30.08.2024 00:00 - 30.08.2024 01:00","0","3086"
"30.08.2024 01:00 - 30.08.2024 02:00","0","3408"
"30.08.2024 02:00 - 30.08.2024 03:00","0","3168"
"30.08.2024 03:00 - 30.08.2024 04:00","0","2924"
"30.08.2024 04:00 - 30.08.2024 05:00","0","2815"
"30.08.2024 05:00 - 30.08.2024 06:00","0","2560"
"30.08.2024 06:00 - 30.08.2024 07:00","0","2379"
"30.08.2024 07:00 - 30.08.2024 08:00","0","2100"
"30.08.2024 08:00 - 30.08.2024 09:00","0","2244"
"30.08.2024 09:00 - 30.08.2024 10:00","0","2803"
"30.08.2024 10:00 - 30.08.2024 11:00","0","3003"
"30.08.2024 11:00 - 30.08.2024 12:00","0","2902"
"30.08.2024 12:00 - 30.08.2024 13:00","0","3052"
"30.08.2024 13:00 - 30.08.2024 14:00","0","2766"
"30.08.2024 14:00 - 30.08.2024 15:00","0","3086"
"30.08.2024 15:00 - 30.08.2024 16:00","0","3239"
"30.08.2024 16:00 - 30.08.2024 17:00","0","3178"
"30.08.2024 17:00 - 30.08.2024 18:00","0","2695"
"30.08.2024 18:00 - 30.08.2024 19:00","0","2974"
"30.08.2024 19:00 - 30.08.2024 20:00","0","3056"
"30.08.2024 20:00 - 30.08.2024 21:00","0","2998"
"30.08.2024 21:00 - 30.08.2024 22:00","0","2728"
"30.08.2024 22:00 - 30.08.2024 23:00","0","2816"
"30.08.2024 23:00 - 31.08.2024 00:00","0","3127"
"31.08.2024 00:00 - 31.08.2024 01:00","0","2757"
"31.08.2024 01:00 - 31.08.2024 02:00","0","2663"
"31.08.2024 02:00 - 31.08.2024 03:00","0","2690"
"31.08.2024 03:00 - 31.08.2024 04:00","0","2785"
"31.08.2024 04:00 - 31.08.2024 05:00","0","2738"
"31.08.2024 05:00 - 31.08.2024 06:00","0","2599"
"31.08.2024 06:00 - 31.08.2024 07:00","0","2561"
"31.08.2024 07:00 - 31.08.2024 08:00","0","2257"
"31.08.2024 08:00 - 31.08.2024 09:00","0","2168"
"31.08.2024 09:00 - 31.08.2024 10:00","0","2598"
"31.08.2024 10:00 - 31.08.2024 11:00","0","3308"
"31.08.2024 11:00 - 31.08.2024 12:00","0","3791"
"31.08.2024 12:00 - 31.08.2024 13:00","0","3758"
"31.08.2024 13:00 - 31.08.2024 14:00","0","3851"
"31.08.2024 14:00 - 31.08.2024 15:00","0","3593"
"31.08.2024 15:00 - 31.08.2024 16:00","0","3425"
"31.08.2024 16:00 - 31.08.2024 17:00","0","3175"
"31.08.2024 17:00 - 31.08.2024 18:00","0","3246"
"31.08.2024 18:00 - 31.08.2024 19:00","0","2374"
"31.08.2024 19:00 - 31.08.2024 20:00","0","1763"
"31.08.2024 20:00 - 31.08.2024 21:00","0","1315"
"31.08.2024 21:00 - 31.08.2024 22:00","0","1419"
"31.08.2024 22:00 - 31.08.2024 23:00","0","1235"
"31.08.2024 23:00 - 01.09.2024 00:00","0","1199"
"01.09.2024 00:00 - 01.09.2024 01:00","0","1203"
"01.09.2024 01:00 - 01.09.2024 02:00","0","1408"
"01.09.2024 02:00 - 01.09.2024 03:00","0","1585"
"01.09.2024 03:00 - 01.09.2024 04:00","0","1628"
"01.09.2024 04:00 - 01.09.2024 05:00","0","1542"
"01.09.2024 05:00 - 01.09.2024 06:00","0","1364"
"01.09.2024 06:00 - 01.09.2024 07:00","0","1389"
"01.09.2024 07:00 - 01.09.2024 08:00","0","1420"
"01.09.2024 08:00 - 01.09.2024 09:00","0","1660"
"01.09.2024 09:00 - 01.09.2024 10:00","0","2225"
"01.09.2024 10:00 - 01.09.2024 11:00","0","2505"
"01.09.2024 11:00 - 01.09.2024 12:00","0","3103"
"01.09.2024 12:00 - 01.09.2024 13:00","0","3251"
"01.09.2024 13:00 - 01.09.2024 14:00","0","2982"
"01.09.2024 14:00 - 01.09.2024 15:00","0","2719"
"01.09.2024 15:00 - 01.09.2024 16:00","0","2376"
"01.09.2024 16:00 - 01.09.2024 17:00","0","2026"
"01.09.2024 17:00 - 01.09.2024 18:00","0","1211"
"01.09.2024 18:00 - 01.09.2024 19:00","0","247"
"01.09.2024 19:00 - 01.09.2024 20:00","0","375"
"01.09.2024 20:00 - 01.09.2024 21:00","0","65"
"01.09.2024 21:00 - 01.09.2024 22:00","136","0"
"01.09.2024 22:00 - 01.09.2024 23:00","4","0"
"01.09.2024 23:00 - 02.09.2024 00:00","0","591"
"02.09.2024 00:00 - 02.09.2024 01:00","0","562"
"02.09.2024 01:00 - 02.09.2024 02:00","0","604"
"02.09.2024 02:00 - 02.09.2024 03:00","0","708"
"02.09.2024 03:00 - 02.09.2024 04:00","0","781"
"02.09.2024 04:00 - 02.09.2024 05:00","0","702"
"02.09.2024 05:00 - 02.09.2024 06:00","0","618"
"02.09.2024 06:00 - 02.09.2024 07:00","0","349"
"02.09.2024 07:00 - 02.09.2024 08:00","0","95"
"02.09.2024 08:00 - 02.09.2024 09:00","0","379"
"02.09.2024 09:00 - 02.09.2024 10:00","0","1698"
"02.09.2024 10:00 - 02.09.2024 11:00","0","2676"
"02.09.2024 11:00 - 02.09.2024 12:00","0","2989"
"02.09.2024 12:00 - 02.09.2024 13:00","0","3167"
"02.09.2024 13:00 - 02.09.2024 14:00","0","3120"
"02.09.2024 14:00 - 02.09.2024 15:00","0","3120"
"02.09.2024 15:00 - 02.09.2024 16:00","0","2786"
"02.09.2024 16:00 - 02.09.2024 17:00","0","2262"
"02.09.2024 17:00 - 02.09.2024 18:00","0","1885"
"02.09.2024 18:00 - 02.09.2024 19:00","0","691"
"02.09.2024 19:00 - 02.09.2024 20:00","289","0"
"02.09.2024 20:00 - 02.09.2024 21:00","639","0"
"02.09.2024 21:00 - 02.09.2024 22:00","595","0"
"02.09.2024 22:00 - 02.09.2024 23:00","210","0"
"02.09.2024 23:00 - 03.09.2024 00:00","0","856"
"03.09.2024 00:00 - 03.09.2024 01:00","0","791"
"03.09.2024 01:00 - 03.09.2024 02:00","0","555"
"03.09.2024 02:00 - 03.09.2024 03:00","0","751"
"03.09.2024 03:00 - 03.09.2024 04:00","0","964"
"03.09.2024 04:00 - 03.09.2024 05:00","0","1284"
"03.09.2024 05:00 - 03.09.2024 06:00","0","1161"
"03.09.2024 06:00 - 03.09.2024 07:00","0","772"
"03.09.2024 07:00 - 03.09.2024 08:00","7","0"
"03.09.2024 08:00 - 03.09.2024 09:00","232","0"
"03.09.2024 09:00 - 03.09.2024 10:00","0","947"
"03.09.2024 10:00 - 03.09.2024 11:00","0","1858"
"03.09.2024 11:00 - 03.09.2024 12:00","0","2325"
"03.09.2024 12:00 - 03.09.2024 13:00","0","2475"
"03.09.2024 13:00 - 03.09.2024 14:00","0","2588"
"03.09.2024 14:00 - 03.09.2024 15:00","0","2447"
"03.09.2024 15:00 - 03.09.2024 16:00","0","2388"
"03.09.2024 16:00 - 03.09.2024 17:00","0","2739"
"03.09.2024 17:00 - 03.09.2024 18:00","0","2704"
"03.09.2024 18:00 - 03.09.2024 19:00","0","2645"
"03.09.2024 19:00 - 03.09.2024 20:00","0","1960"
"03.09.2024 20:00 - 03.09.2024 21:00","0","675"
"03.09.2024 21:00 - 03.09.2024 22:00","0","512"
"03.09.2024 22:00 - 03.09.2024 23:00","0","835"
"03.09.2024 23:00 - 04.09.2024 00:00","0","1437"
"04.09.2024 00:00 - 04.09.2024 01:00","0","1483"
"04.09.2024 01:00 - 04.09.2024 02:00","0","1560"
"04.09.2024 02:00 - 04.09.2024 03:00","0","1466"
"04.09.2024 03:00 - 04.09.2024 04:00","0","1061"
"04.09.2024 04:00 - 04.09.2024 05:00","0","844"
"04.09.2024 05:00 - 04.09.2024 06:00","0","841"
"04.09.2024 06:00 - 04.09.2024 07:00","0","848"
"04.09.2024 07:00 - 04.09.2024 08:00","0","379"
"04.09.2024 08:00 - 04.09.2024 09:00","0","299"
"04.09.2024 09:00 - 04.09.2024 10:00","0","1136"
"04.09.2024 10:00 - 04.09.2024 11:00","0","2356"
"04.09.2024 11:00 - 04.09.2024 12:00","0","2951"
"04.09.2024 12:00 - 04.09.2024 13:00","0","2942"
"04.09.2024 13:00 - 04.09.2024 14:00","0","2924"
"04.09.2024 14:00 - 04.09.2024 15:00","0","2753"
"04.09.2024 15:00 - 04.09.2024 16:00","0","2769"
"04.09.2024 16:00 - 04.09.2024 17:00","0","2732"
"04.09.2024 17:00 - 04.09.2024 18:00","0","2846"
"04.09.2024 18:00 - 04.09.2024 19:00","0","3057"
"04.09.2024 19:00 - 04.09.2024 20:00","0","3015"
"04.09.2024 20:00 - 04.09.2024 21:00","0","1664"
"04.09.2024 21:00 - 04.09.2024 22:00","0","1419"
"04.09.2024 22:00 - 04.09.2024 23:00","0","2283"
"04.09.2024 23:00 - 05.09.2024 00:00","0","2421"
"05.09.2024 00:00 - 05.09.2024 01:00","0","2112"
"05.09.2024 01:00 - 05.09.2024 02:00","0","2158"
"05.09.2024 02:00 - 05.09.2024 03:00","0","1972"
"05.09.2024 03:00 - 05.09.2024 04:00","0","1759"
"05.09.2024 04:00 - 05.09.2024 05:00","0","1664"
"05.09.2024 05:00 - 05.09.2024 06:00","0","1285"
"05.09.2024 06:00 - 05.09.2024 07:00","0","765"
"05.09.2024 07:00 - 05.09.2024 08:00","0","753"
"05.09.2024 08:00 - 05.09.2024 09:00","0","1193"
"05.09.2024 09:00 - 05.09.2024 10:00","0","2005"
"05.09.2024 10:00 - 05.09.2024 11:00","0","3009"
"05.09.2024 11:00 - 05.09.2024 12:00","0","3667"
"05.09.2024 12:00 - 05.09.2024 13:00","0","3597"
"05.09.2024 13:00 - 05.09.2024 14:00","0","3463"
"05.09.2024 14:00 - 05.09.2024 15:00","0","3210"
"05.09.2024 15:00 - 05.09.2024 16:00","0","2983"
"05.09.2024 16:00 - 05.09.2024 17:00","0","2622"
"05.09.2024 17:00 - 05.09.2024 18:00","0","2625"
"05.09.2024 18:00 - 05.09.2024 19:00","0","1995"
"05.09.2024 19:00 - 05.09.2024 20:00","0","1702"
"05.09.2024 20:00 - 05.09.2024 21:00","0","1300"
"05.09.2024 21:00 - 05.09.2024 22:00","0","634"
"05.09.2024 22:00 - 05.09.2024 23:00","0","1331"
"05.09.2024 23:00 - 06.09.2024 00:00","0","1600"
"06.09.2024 00:00 - 06.09.2024 01:00","0","832"
"06.09.2024 01:00 - 06.09.2024 02:00","0","887"
"06.09.2024 02:00 - 06.09.2024 03:00","0","1195"
"06.09.2024 03:00 - 06.09.2024 04:00","0","1246"
"06.09.2024 04:00 - 06.09.2024 05:00","0","1418"
"06.09.2024 05:00 - 06.09.2024 06:00","0","1266"
"06.09.2024 06:00 - 06.09.2024 07:00","0","632"
"06.09.2024 07:00 - 06.09.2024 08:00","0","127"
"06.09.2024 08:00 - 06.09.2024 09:00","0","240"
"06.09.2024 09:00 - 06.09.2024 10:00","0","1718"
"06.09.2024 10:00 - 06.09.2024 11:00","0","2509"
"06.09.2024 11:00 - 06.09.2024 12:00","0","2674"
"06.09.2024 12:00 - 06.09.2024 13:00","0","2723"
"06.09.2024 13:00 - 06.09.2024 14:00","0","2431"
"06.09.2024 14:00 - 06.09.2024 15:00","0","2463"
"06.09.2024 15:00 - 06.09.2024 16:00","0","2600"
"06.09.2024 16:00 - 06.09.2024 17:00","0","2539"
"06.09.2024 17:00 - 06.09.2024 18:00","0","2266"
"06.09.2024 18:00 - 06.09.2024 19:00","0","2346"
"06.09.2024 19:00 - 06.09.2024 20:00","0","1944"
"06.09.2024 20:00 - 06.09.2024 21:00","0","1604"
"06.09.2024 21:00 - 06.09.2024 22:00","0","1411"
"06.09.2024 22:00 - 06.09.2024 23:00","0","1883"
"06.09.2024 23:00 - 07.09.2024 00:00","0","1801"
"07.09.2024 00:00 - 07.09.2024 01:00","0","894"
"07.09.2024 01:00 - 07.09.2024 02:00","0","445"
"07.09.2024 02:00 - 07.09.2024 03:00","0","623"
"07.09.2024 03:00 - 07.09.2024 04:00","0","706"
"07.09.2024 04:00 - 07.09.2024 05:00","0","736"
"07.09.2024 05:00 - 07.09.2024 06:00","0","744"
"07.09.2024 06:00 - 07.09.2024 07:00","0","878"
"07.09.2024 07:00 - 07.09.2024 08:00","0","713"
"07.09.2024 08:00 - 07.09.2024 09:00","0","920"
"07.09.2024 09:00 - 07.09.2024 10:00","0","2391"
"07.09.2024 10:00 - 07.09.2024 11:00","0","3135"
"07.09.2024 11:00 - 07.09.2024 12:00","0","3451"
"07.09.2024 12:00 - 07.09.2024 13:00","0","3521"
"07.09.2024 13:00 - 07.09.2024 14:00","0","3548"
"07.09.2024 14:00 - 07.09.2024 15:00","0","3359"
"07.09.2024 15:00 - 07.09.2024 16:00","0","3288"
"07.09.2024 16:00 - 07.09.2024 17:00","0","3140"
"07.09.2024 17:00 - 07.09.2024 18:00","0","2774"
"07.09.2024 18:00 - 07.09.2024 19:00","0","2190"
"07.09.2024 19:00 - 07.09.2024 20:00","0","1878"
"07.09.2024 20:00 - 07.09.2024 21:00","0","1224"
"07.09.2024 21:00 - 07.09.2024 22:00","0","1044"
"07.09.2024 22:00 - 07.09.2024 23:00","0","866"
"07.09.2024 23:00 - 08.09.2024 00:00","0","1164"
"08.09.2024 00:00 - 08.09.2024 01:00","0","1342"
"08.09.2024 01:00 - 08.09.2024 02:00","0","1373"
"08.09.2024 02:00 - 08.09.2024 03:00","0","1286"
"08.09.2024 03:00 - 08.09.2024 04:00","0","1374"
"08.09.2024 04:00 - 08.09.2024 05:00","0","1444"
"08.09.2024 05:00 - 08.09.2024 06:00","0","1394"
"08.09.2024 06:00 - 08.09.2024 07:00","0","1232"
"08.09.2024 07:00 - 08.09.2024 08:00","0","1142"
"08.09.2024 08:00 - 08.09.2024 09:00","0","1649"
"08.09.2024 09:00 - 08.09.2024 10:00","0","2609"
"08.09.2024 10:00 - 08.09.2024 11:00","0","2703"
"08.09.2024 11:00 - 08.09.2024 12:00","0","3034"
"08.09.2024 12:00 - 08.09.2024 13:00","0","2920"
"08.09.2024 13:00 - 08.09.2024 14:00","0","2941"
"08.09.2024 14:00 - 08.09.2024 15:00","0","2884"
"08.09.2024 15:00 - 08.09.2024 16:00","0","2615"
"08.09.2024 16:00 - 08.09.2024 17:00","0","2418"
"08.09.2024 17:00 - 08.09.2024 18:00","0","2446"
"08.09.2024 18:00 - 08.09.2024 19:00","0","2498"
"08.09.2024 19:00 - 08.09.2024 20:00","0","3001"
"08.09.2024 20:00 - 08.09.2024 21:00","0","2660"
"08.09.2024 21:00 - 08.09.2024 22:00","0","1806"
"08.09.2024 22:00 - 08.09.2024 23:00","0","1690"
"08.09.2024 23:00 - 09.09.2024 00:00","0","2349"
"09.09.2024 00:00 - 09.09.2024 01:00","0","1932"
"09.09.2024 01:00 - 09.09.2024 02:00","0","2057"
"09.09.2024 02:00 - 09.09.2024 03:00","0","2305"
"09.09.2024 03:00 - 09.09.2024 04:00","0","2315"
"09.09.2024 04:00 - 09.09.2024 05:00","0","2156"
"09.09.2024 05:00 - 09.09.2024 06:00","0","2104"
"09.09.2024 06:00 - 09.09.2024 07:00","0","1494"
"09.09.2024 07:00 - 09.09.2024 08:00","0","1199"
"09.09.2024 08:00 - 09.09.2024 09:00","0","1411"
"09.09.2024 09:00 - 09.09.2024 10:00","0","2558"
"09.09.2024 10:00 - 09.09.2024 11:00","0","4031"
"09.09.2024 11:00 - 09.09.2024 12:00","0","4141"
"09.09.2024 12:00 - 09.09.2024 13:00","0","3825"
"09.09.2024 13:00 - 09.09.2024 14:00","0","3672"
"09.09.2024 14:00 - 09.09.2024 15:00","0","3587"
"09.09.2024 15:00 - 09.09.2024 16:00","0","3640"
"09.09.2024 16:00 - 09.09.2024 17:00","0","3606"
"09.09.2024 17:00 - 09.09.2024 18:00","0","3526"
"09.09.2024 18:00 - 09.09.2024 19:00","0","3554"
"09.09.2024 19:00 - 09.09.2024 20:00","0","2702"
"09.09.2024 20:00 - 09.09.2024 21:00","0","1794"
"09.09.2024 21:00 - 09.09.2024 22:00","0","1517"
"09.09.2024 22:00 - 09.09.2024 23:00","0","1654"
"09.09.2024 23:00 - 10.09.2024 00:00","0","1904"
"10.09.2024 00:00 - 10.09.2024 01:00","0","1338"
"10.09.2024 01:00 - 10.09.2024 02:00","0","1616"
"10.09.2024 02:00 - 10.09.2024 03:00","0","1373"
"10.09.2024 03:00 - 10.09.2024 04:00","0","1665"
"10.09.2024 04:00 - 10.09.2024 05:00","0","2022"
"10.09.2024 05:00 - 10.09.2024 06:00","0","2007"
"10.09.2024 06:00 - 10.09.2024 07:00","0","1325"
"10.09.2024 07:00 - 10.09.2024 08:00","0","694"
"10.09.2024 08:00 - 10.09.2024 09:00","0","667"
"10.09.2024 09:00 - 10.09.2024 10:00","0","2682"
"10.09.2024 10:00 - 10.09.2024 11:00","0","3813"
"10.09.2024 11:00 - 10.09.2024 12:00","0","3679"
"10.09.2024 12:00 - 10.09.2024 13:00","0","3568"
"10.09.2024 13:00 - 10.09.2024 14:00","0","3875"
"10.09.2024 14:00 - 10.09.2024 15:00","0","3590"
"10.09.2024 15:00 - 10.09.2024 16:00","0","3493"
"10.09.2024 16:00 - 10.09.2024 17:00","0","3432"
"10.09.2024 17:00 - 10.09.2024 18:00","0","3456"
"10.09.2024 18:00 - 10.09.2024 19:00","0","3390"
"10.09.2024 19:00 - 10.09.2024 20:00","0","3200"
"10.09.2024 20:00 - 10.09.2024 21:00","0","2519"
"10.09.2024 21:00 - 10.09.2024 22:00","0","1850"
"10.09.2024 22:00 - 10.09.2024 23:00","0","2060"
"10.09.2024 23:00 - 11.09.2024 00:00","0","2068"
"11.09.2024 00:00 - 11.09.2024 01:00","0","2059"
"11.09.2024 01:00 - 11.09.2024 02:00","0","1949"
"11.09.2024 02:00 - 11.09.2024 03:00","0","1766"
"11.09.2024 03:00 - 11.09.2024 04:00","0","1816"
"11.09.2024 04:00 - 11.09.2024 05:00","0","1311"
"11.09.2024 05:00 - 11.09.2024 06:00","0","994"
"11.09.2024 06:00 - 11.09.2024 07:00","0","801"
"11.09.2024 07:00 - 11.09.2024 08:00","0","272"
"11.09.2024 08:00 - 11.09.2024 09:00","0","402"
"11.09.2024 09:00 - 11.09.2024 10:00","0","1813"
"11.09.2024 10:00 - 11.09.2024 11:00","0","2662"
"11.09.2024 11:00 - 11.09.2024 12:00","0","3106"
"11.09.2024 12:00 - 11.09.2024 13:00","0","3185"
"11.09.2024 13:00 - 11.09.2024 14:00","0","3006"
"11.09.2024 14:00 - 11.09.2024 15:00","0","3106"
"11.09.2024 15:00 - 11.09.2024 16:00","0","3015"
"11.09.2024 16:00 - 11.09.2024 17:00","0","2857"
"11.09.2024 17:00 - 11.09.2024 18:00","0","2709"
"11.09.2024 18:00 - 11.09.2024 19:00","0","2482"
"11.09.2024 19:00 - 11.09.2024 20:00","0","1590"
"11.09.2024 20:00 - 11.09.2024 21:00","0","1003"
"11.09.2024 21:00 - 11.09.2024 22:00","0","811"
"11.09.2024 22:00 - 11.09.2024 23:00","0","937"
"11.09.2024 23:00 - 12.09.2024 00:00","0","728"
"12.09.2024 00:00 - 12.09.2024 01:00","0","186"
"12.09.2024 01:00 - 12.09.2024 02:00","0","297"
"12.09.2024 02:00 - 12.09.2024 03:00","0","297"
"12.09.2024 03:00 - 12.09.2024 04:00","0","395"
"12.09.2024 04:00 - 12.09.2024 05:00","0","422"
"12.09.2024 05:00 - 12.09.2024 06:00","0","254"
"12.09.2024 06:00 - 12.09.2024 07:00","250","0"
"12.09.2024 07:00 - 12.09.2024 08:00","924","0"
"12.09.2024 08:00 - 12.09.2024 09:00","732","0"
"12.09.2024 09:00 - 12.09.2024 10:00","0","788"
"12.09.2024 10:00 - 12.09.2024 11:00","0","2190"
"12.09.2024 11:00 - 12.09.2024 12:00","0","2838"
"12.09.2024 12:00 - 12.09.2024 13:00","0","2960"
"12.09.2024 13:00 - 12.09.2024 14:00","0","2606"
"12.09.2024 14:00 - 12.09.2024 15:00","0","2826"
"12.09.2024 15:00 - 12.09.2024 16:00","0","2565"
"12.09.2024 16:00 - 12.09.2024 17:00","0","2619"
"12.09.2024 17:00 - 12.09.2024 18:00","0","2286"
"12.09.2024 18:00 - 12.09.2024 19:00","0","2321"
"12.09.2024 19:00 - 12.09.2024 20:00","0","2007"
"12.09.2024 20:00 - 12.09.2024 21:00","0","1097"
"12.09.2024 21:00 - 12.09.2024 22:00","0","1173"
"12.09.2024 22:00 - 12.09.2024 23:00","0","1571"
"12.09.2024 23:00 - 13.09.2024 00:00","0","1472"
"13.09.2024 00:00 - 13.09.2024 01:00","0","1236"
"13.09.2024 01:00 - 13.09.2024 02:00","0","1366"
"13.09.2024 02:00 - 13.09.2024 03:00","0","1559"
"13.09.2024 03:00 - 13.09.2024 04:00","0","1326"
"13.09.2024 04:00 - 13.09.2024 05:00","0","1416"
"13.09.2024 05:00 - 13.09.2024 06:00","0","1213"
"13.09.2024 06:00 - 13.09.2024 07:00","0","747"
"13.09.2024 07:00 - 13.09.2024 08:00","0","89"
"13.09.2024 08:00 - 13.09.2024 09:00","0","272"
"13.09.2024 09:00 - 13.09.2024 10:00","0","1264"
"13.09.2024 10:00 - 13.09.2024 11:00","0","1861"
"13.09.2024 11:00 - 13.09.2024 12:00","0","2372"
"13.09.2024 12:00 - 13.09.2024 13:00","0","2556"
"13.09.2024 13:00 - 13.09.2024 14:00","0","2401"
"13.09.2024 14:00 - 13.09.2024 15:00","0","2554"
"13.09.2024 15:00 - 13.09.2024 16:00","0","2947"
"13.09.2024 16:00 - 13.09.2024 17:00","0","3001"
"13.09.2024 17:00 - 13.09.2024 18:00","0","2895"
"13.09.2024 18:00 - 13.09.2024 19:00","0","2978"
"13.09.2024 19:00 - 13.09.2024 20:00","0","2480"
"13.09.2024 20:00 - 13.09.2024 21:00","0","1946"
"13.09.2024 21:00 - 13.09.2024 22:00","0","1575"
"13.09.2024 22:00 - 13.09.2024 23:00","0","1617"
"13.09.2024 23:00 - 14.09.2024 00:00","0","1793"
"14.09.2024 00:00 - 14.09.2024 01:00","0","1859"
"14.09.2024 01:00 - 14.09.2024 02:00","0","1622"
"14.09.2024 02:00 - 14.09.2024 03:00","0","1341"
"14.09.2024 03:00 - 14.09.2024 04:00","0","1078"
"14.09.2024 04:00 - 14.09.2024 05:00","0","882"
"14.09.2024 05:00 - 14.09.2024 06:00","0","590"
"14.09.2024 06:00 - 14.09.2024 07:00","0","88"
"14.09.2024 07:00 - 14.09.2024 08:00","404","0"
"14.09.2024 08:00 - 14.09.2024 09:00","621","0"
"14.09.2024 09:00 - 14.09.2024 10:00","0","534"
"14.09.2024 10:00 - 14.09.2024 11:00","0","1637"
"14.09.2024 11:00 - 14.09.2024 12:00","0","2252"
"14.09.2024 12:00 - 14.09.2024 13:00","0","2523"
"14.09.2024 13:00 - 14.09.2024 14:00","0","3012"
"14.09.2024 14:00 - 14.09.2024 15:00","0","3079"
"14.09.2024 15:00 - 14.09.2024 16:00","0","3130"
"14.09.2024 16:00 - 14.09.2024 17:00","0","3251"
"14.09.2024 17:00 - 14.09.2024 18:00","0","3272"
"14.09.2024 18:00 - 14.09.2024 19:00","0","3275"
"14.09.2024 19:00 - 14.09.2024 20:00","0","2062"
"14.09.2024 20:00 - 14.09.2024 21:00","0","1451"
"14.09.2024 21:00 - 14.09.2024 22:00","0","1432"
"14.09.2024 22:00 - 14.09.2024 23:00","0","1899"
"14.09.2024 23:00 - 15.09.2024 00:00","0","2104"
"15.09.2024 00:00 - 15.09.2024 01:00","0","2513"
"15.09.2024 01:00 - 15.09.2024 02:00","0","2652"
"15.09.2024 02:00 - 15.09.2024 03:00","0","2797"
"15.09.2024 03:00 - 15.09.2024 04:00","0","2977"
"15.09.2024 04:00 - 15.09.2024 05:00","0","2861"
"15.09.2024 05:00 - 15.09.2024 06:00","0","2654"
"15.09.2024 06:00 - 15.09.2024 07:00","0","2530"
"15.09.2024 07:00 - 15.09.2024 08:00","0","2278"
"15.09.2024 08:00 - 15.09.2024 09:00","0","2683"
"15.09.2024 09:00 - 15.09.2024 10:00","0","2862"
"15.09.2024 10:00 - 15.09.2024 11:00","0","3369"
"15.09.2024 11:00 - 15.09.2024 12:00","0","3558"
"15.09.2024 12:00 - 15.09.2024 13:00","0","3504"
"15.09.2024 13:00 - 15.09.2024 14:00","0","3521"
"15.09.2024 14:00 - 15.09.2024 15:00","0","3541"
"15.09.2024 15:00 - 15.09.2024 16:00","0","3320"
"15.09.2024 16:00 - 15.09.2024 17:00","0","3335"
"15.09.2024 17:00 - 15.09.2024 18:00","0","3370"
"15.09.2024 18:00 - 15.09.2024 19:00","0","3267"
"15.09.2024 19:00 - 15.09.2024 20:00","0","3063"
"15.09.2024 20:00 - 15.09.2024 21:00","0","2016"
"15.09.2024 21:00 - 15.09.2024 22:00","0","2067"
"15.09.2024 22:00 - 15.09.2024 23:00","0","1970"
"15.09.2024 23:00 - 16.09.2024 00:00","0","1959"
"16.09.2024 00:00 - 16.09.2024 01:00","0","1819"
"16.09.2024 01:00 - 16.09.2024 02:00","0","1712"
"16.09.2024 02:00 - 16.09.2024 03:00","0","1081"
"16.09.2024 03:00 - 16.09.2024 04:00","0","1129"
"16.09.2024 04:00 - 16.09.2024 05:00","0","1163"
"16.09.2024 05:00 - 16.09.2024 06:00","0","903"
"16.09.2024 06:00 - 16.09.2024 07:00","0","344"
"16.09.2024 07:00 - 16.09.2024 08:00","610","0"
"16.09.2024 08:00 - 16.09.2024 09:00","631","0"
"16.09.2024 09:00 - 16.09.2024 10:00","0","1267"
"16.09.2024 10:00 - 16.09.2024 11:00","0","2311"
"16.09.2024 11:00 - 16.09.2024 12:00","0","2769"
"16.09.2024 12:00 - 16.09.2024 13:00","0","3010"
"16.09.2024 13:00 - 16.09.2024 14:00","0","3059"
"16.09.2024 14:00 - 16.09.2024 15:00","0","3352"
"16.09.2024 15:00 - 16.09.2024 16:00","0","3454"
"16.09.2024 16:00 - 16.09.2024 17:00","0","3634"
"16.09.2024 17:00 - 16.09.2024 18:00","0","3789"
"16.09.2024 18:00 - 16.09.2024 19:00","0","3647"
"16.09.2024 19:00 - 16.09.2024 20:00","0","2806"
"16.09.2024 20:00 - 16.09.2024 21:00","0","1658"
"16.09.2024 21:00 - 16.09.2024 22:00","0","1502"
"16.09.2024 22:00 - 16.09.2024 23:00","0","1817"
"16.09.2024 23:00 - 17.09.2024 00:00","0","1773"
"17.09.2024 00:00 - 17.09.2024 01:00","0","1564"
"17.09.2024 01:00 - 17.09.2024 02:00","0","1340"
"17.09.2024 02:00 - 17.09.2024 03:00","0","1133"
"17.09.2024 03:00 - 17.09.2024 04:00","0","933"
"17.09.2024 04:00 - 17.09.2024 05:00","0","781"
"17.09.2024 05:00 - 17.09.2024 06:00","0","664"
"17.09.2024 06:00 - 17.09.2024 07:00","0","517"
"17.09.2024 07:00 - 17.09.2024 08:00","376","0"
"17.09.2024 08:00 - 17.09.2024 09:00","438","0"
"17.09.2024 09:00 - 17.09.2024 10:00","0","1072"
"17.09.2024 10:00 - 17.09.2024 11:00","0","2032"
"17.09.2024 11:00 - 17.09.2024 12:00","0","2444"
"17.09.2024 12:00 - 17.09.2024 13:00","0","2738"
"17.09.2024 13:00 - 17.09.2024 14:00","0","2698"
"17.09.2024 14:00 - 17.09.2024 15:00","0","2767"
"17.09.2024 15:00 - 17.09.2024 16:00","0","3165"
"17.09.2024 16:00 - 17.09.2024 17:00","0","3027"
"17.09.2024 17:00 - 17.09.2024 18:00","0","2893"
"17.09.2024 18:00 - 17.09.2024 19:00","0","2915"
"17.09.2024 19:00 - 17.09.2024 20:00","0","3141"
"17.09.2024 20:00 - 17.09.2024 21:00","0","2143"
"17.09.2024 21:00 - 17.09.2024 22:00","0","1871"
"17.09.2024 22:00 - 17.09.2024 23:00","0","1873"
"17.09.2024 23:00 - 18.09.2024 00:00","0","2070"
"18.09.2024 00:00 - 18.09.2024 01:00","0","1525"
"18.09.2024 01:00 - 18.09.2024 02:00","0","1161"
"18.09.2024 02:00 - 18.09.2024 03:00","0","1014"
"18.09.2024 03:00 - 18.09.2024 04:00","0","889"
"18.09.2024 04:00 - 18.09.2024 05:00","0","633"
"18.09.2024 05:00 - 18.09.2024 06:00","0","558"
"18.09.2024 06:00 - 18.09.2024 07:00","245","0"
"18.09.2024 07:00 - 18.09.2024 08:00","968","0"
"18.09.2024 08:00 - 18.09.2024 09:00","1010","0"
"18.09.2024 09:00 - 18.09.2024 10:00","0","808"
"18.09.2024 10:00 - 18.09.2024 11:00","0","1522"
"18.09.2024 11:00 - 18.09.2024 12:00","0","2294"
"18.09.2024 12:00 - 18.09.2024 13:00","0","3305"
"18.09.2024 13:00 - 18.09.2024 14:00","0","3413"
"18.09.2024 14:00 - 18.09.2024 15:00","0","3933"
"18.09.2024 15:00 - 18.09.2024 16:00","0","4190"
"18.09.2024 16:00 - 18.09.2024 17:00","0","3975"
"18.09.2024 17:00 - 18.09.2024 18:00","0","3225"
"18.09.2024 18:00 - 18.09.2024 19:00","0","3003"
"18.09.2024 19:00 - 18.09.2024 20:00","0","2375"
"18.09.2024 20:00 - 18.09.2024 21:00","0","2195"
"18.09.2024 21:00 - 18.09.2024 22:00","0","2316"
"18.09.2024 22:00 - 18.09.2024 23:00","0","2930"
"18.09.2024 23:00 - 19.09.2024 00:00","0","2985"
"19.09.2024 00:00 - 19.09.2024 01:00","0","2535"
"19.09.2024 01:00 - 19.09.2024 02:00","0","2235"
"19.09.2024 02:00 - 19.09.2024 03:00","0","2291"
"19.09.2024 03:00 - 19.09.2024 04:00","0","2122"
"19.09.2024 04:00 - 19.09.2024 05:00","0","1962"
"19.09.2024 05:00 - 19.09.2024 06:00","0","1998"
"19.09.2024 06:00 - 19.09.2024 07:00","0","1059"
"19.09.2024 07:00 - 19.09.2024 08:00","0","172"
"19.09.2024 08:00 - 19.09.2024 09:00","0","286"
"19.09.2024 09:00 - 19.09.2024 10:00","0","659"
"19.09.2024 10:00 - 19.09.2024 11:00","0","2079"
"19.09.2024 11:00 - 19.09.2024 12:00","0","2293"
"19.09.2024 12:00 - 19.09.2024 13:00","0","2799"
"19.09.2024 13:00 - 19.09.2024 14:00","0","2815"
"19.09.2024 14:00 - 19.09.2024 15:00","0","3024"
"19.09.2024 15:00 - 19.09.2024 16:00","0","3000"
"19.09.2024 16:00 - 19.09.2024 17:00","0","2811"
"19.09.2024 17:00 - 19.09.2024 18:00","0","2943"
"19.09.2024 18:00 - 19.09.2024 19:00","0","2689"
"19.09.2024 19:00 - 19.09.2024 20:00","0","1989"
"19.09.2024 20:00 - 19.09.2024 21:00","0","1779"
"19.09.2024 21:00 - 19.09.2024 22:00","0","976"
"19.09.2024 22:00 - 19.09.2024 23:00","0","1197"
"19.09.2024 23:00 - 20.09.2024 00:00","0","1986"
"20.09.2024 00:00 - 20.09.2024 01:00","0","1935"
"20.09.2024 01:00 - 20.09.2024 02:00","0","2142"
"20.09.2024 02:00 - 20.09.2024 03:00","0","2434"
"20.09.2024 03:00 - 20.09.2024 04:00","0","2547"
"20.09.2024 04:00 - 20.09.2024 05:00","0","2145"
"20.09.2024 05:00 - 20.09.2024 06:00","0","1628"
"20.09.2024 06:00 - 20.09.2024 07:00","0","1088"
"20.09.2024 07:00 - 20.09.2024 08:00","0","501"
"20.09.2024 08:00 - 20.09.2024 09:00","0","327"
"20.09.2024 09:00 - 20.09.2024 10:00","0","1019"
"20.09.2024 10:00 - 20.09.2024 11:00","0","1845"
"20.09.2024 11:00 - 20.09.2024 12:00","0","2522"
"20.09.2024 12:00 - 20.09.2024 13:00","0","3380"
"20.09.2024 13:00 - 20.09.2024 14:00","0","3389"
"20.09.2024 14:00 - 20.09.2024 15:00","0","3332"
"20.09.2024 15:00 - 20.09.2024 16:00","0","3442"
"20.09.2024 16:00 - 20.09.2024 17:00","0","3552"
"20.09.2024 17:00 - 20.09.2024 18:00","0","3334"
"20.09.2024 18:00 - 20.09.2024 19:00","0","2652"
"20.09.2024 19:00 - 20.09.2024 20:00","0","1519"
"20.09.2024 20:00 - 20.09.2024 21:00","0","756"
"20.09.2024 21:00 - 20.09.2024 22:00","0","1137"
"20.09.2024 22:00 - 20.09.2024 23:00","0","1796"
"20.09.2024 23:00 - 21.09.2024 00:00","0","2148"
"21.09.2024 00:00 - 21.09.2024 01:00","0","2426"
"21.09.2024 01:00 - 21.09.2024 02:00","0","2653"
"21.09.2024 02:00 - 21.09.2024 03:00","0","3053"
"21.09.2024 03:00 - 21.09.2024 04:00","0","2917"
"21.09.2024 04:00 - 21.09.2024 05:00","0","2756"
"21.09.2024 05:00 - 21.09.2024 06:00","0","2805"
"21.09.2024 06:00 - 21.09.2024 07:00","0","3044"
"21.09.2024 07:00 - 21.09.2024 08:00","0","2823"
"21.09.2024 08:00 - 21.09.2024 09:00","0","2423"
"21.09.2024 09:00 - 21.09.2024 10:00","0","2101"
"21.09.2024 10:00 - 21.09.2024 11:00","0","2560"
"21.09.2024 11:00 - 21.09.2024 12:00","0","3208"
"21.09.2024 12:00 - 21.09.2024 13:00","0","3618"
"21.09.2024 13:00 - 21.09.2024 14:00","0","3740"
"21.09.2024 14:00 - 21.09.2024 15:00","0","3667"
"21.09.2024 15:00 - 21.09.2024 16:00","0","3658"
"21.09.2024 16:00 - 21.09.2024 17:00","0","3536"
"21.09.2024 17:00 - 21.09.2024 18:00","0","3328"
"21.09.2024 18:00 - 21.09.2024 19:00","0","3044"
"21.09.2024 19:00 - 21.09.2024 20:00","0","1966"
"21.09.2024 20:00 - 21.09.2024 21:00","0","1447"
"21.09.2024 21:00 - 21.09.2024 22:00","0","1470"
"21.09.2024 22:00 - 21.09.2024 23:00","0","1661"
"21.09.2024 23:00 - 22.09.2024 00:00","0","2122"
"22.09.2024 00:00 - 22.09.2024 01:00","0","2197"
"22.09.2024 01:00 - 22.09.2024 02:00","0","2291"
"22.09.2024 02:00 - 22.09.2024 03:00","0","2703"
"22.09.2024 03:00 - 22.09.2024 04:00","0","2488"
"22.09.2024 04:00 - 22.09.2024 05:00","0","2519"
"22.09.2024 05:00 - 22.09.2024 06:00","0","2199"
"22.09.2024 06:00 - 22.09.2024 07:00","0","2072"
"22.09.2024 07:00 - 22.09.2024 08:00","0","2079"
"22.09.2024 08:00 - 22.09.2024 09:00","0","2377"
"22.09.2024 09:00 - 22.09.2024 10:00","0","2702"
"22.09.2024 10:00 - 22.09.2024 11:00","0","3107"
"22.09.2024 11:00 - 22.09.2024 12:00","0","3581"
"22.09.2024 12:00 - 22.09.2024 13:00","0","3610"
"22.09.2024 13:00 - 22.09.2024 14:00","0","3907"
"22.09.2024 14:00 - 22.09.2024 15:00","0","3735"
"22.09.2024 15:00 - 22.09.2024 16:00","0","3171"
"22.09.2024 16:00 - 22.09.2024 17:00","0","2853"
"22.09.2024 17:00 - 22.09.2024 18:00","0","2813"
"22.09.2024 18:00 - 22.09.2024 19:00","0","2914"
"22.09.2024 19:00 - 22.09.2024 20:00","0","1736"
"22.09.2024 20:00 - 22.09.2024 21:00","0","701"
"22.09.2024 21:00 - 22.09.2024 22:00","0","92"
"22.09.2024 22:00 - 22.09.2024 23:00","0","417"
"22.09.2024 23:00 - 23.09.2024 00:00","0","1113"
"23.09.2024 00:00 - 23.09.2024 01:00","0","1707"
"23.09.2024 01:00 - 23.09.2024 02:00","0","2047"
"23.09.2024 02:00 - 23.09.2024 03:00","0","2293"
"23.09.2024 03:00 - 23.09.2024 04:00","0","2193"
"23.09.2024 04:00 - 23.09.2024 05:00","0","2365"
"23.09.2024 05:00 - 23.09.2024 06:00","0","2078"
"23.09.2024 06:00 - 23.09.2024 07:00","0","1656"
"23.09.2024 07:00 - 23.09.2024 08:00","0","275"
"23.09.2024 08:00 - 23.09.2024 09:00","0","60"
"23.09.2024 09:00 - 23.09.2024 10:00","0","1485"
"23.09.2024 10:00 - 23.09.2024 11:00","0","3168"
"23.09.2024 11:00 - 23.09.2024 12:00","0","3771"
"23.09.2024 12:00 - 23.09.2024 13:00","0","4020"
"23.09.2024 13:00 - 23.09.2024 14:00","0","3937"
"23.09.2024 14:00 - 23.09.2024 15:00","0","3773"
"23.09.2024 15:00 - 23.09.2024 16:00","0","3626"
"23.09.2024 16:00 - 23.09.2024 17:00","0","3630"
"23.09.2024 17:00 - 23.09.2024 18:00","0","3560"
"23.09.2024 18:00 - 23.09.2024 19:00","0","2461"
"23.09.2024 19:00 - 23.09.2024 20:00","0","827"
"23.09.2024 20:00 - 23.09.2024 21:00","509","0"
"23.09.2024 21:00 - 23.09.2024 22:00","577","0"
"23.09.2024 22:00 - 23.09.2024 23:00","0","124"
"23.09.2024 23:00 - 24.09.2024 00:00","0","996"
"24.09.2024 00:00 - 24.09.2024 01:00","0","1490"
"24.09.2024 01:00 - 24.09.2024 02:00","0","1584"
"24.09.2024 02:00 - 24.09.2024 03:00","0","1493"
"24.09.2024 03:00 - 24.09.2024 04:00","0","1477"
"24.09.2024 04:00 - 24.09.2024 05:00","0","1551"
"24.09.2024 05:00 - 24.09.2024 06:00","0","1838"
"24.09.2024 06:00 - 24.09.2024 07:00","0","1184"
"24.09.2024 07:00 - 24.09.2024 08:00","0","492"
"24.09.2024 08:00 - 24.09.2024 09:00","0","685"
"24.09.2024 09:00 - 24.09.2024 10:00","0","1720"
"24.09.2024 10:00 - 24.09.2024 11:00","0","3009"
"24.09.2024 11:00 - 24.09.2024 12:00","0","3183"
"24.09.2024 12:00 - 24.09.2024 13:00","0","3127"
"24.09.2024 13:00 - 24.09.2024 14:00","0","3366"
"24.09.2024 14:00 - 24.09.2024 15:00","0","3750"
"24.09.2024 15:00 - 24.09.2024 16:00","0","3832"
"24.09.2024 16:00 - 24.09.2024 17:00","0","3320"
"24.09.2024 17:00 - 24.09.2024 18:00","0","3619"
"24.09.2024 18:00 - 24.09.2024 19:00","0","2924"
"24.09.2024 19:00 - 24.09.2024 20:00","0","1982"
"24.09.2024 20:00 - 24.09.2024 21:00","0","620"
"24.09.2024 21:00 - 24.09.2024 22:00","0","335"
"24.09.2024 22:00 - 24.09.2024 23:00","0","1305"
"24.09.2024 23:00 - 25.09.2024 00:00","0","2199"
"25.09.2024 00:00 - 25.09.2024 01:00","0","1963"
"25.09.2024 01:00 - 25.09.2024 02:00","0","2074"
"25.09.2024 02:00 - 25.09.2024 03:00","0","2150"
"25.09.2024 03:00 - 25.09.2024 04:00","0","2233"
"25.09.2024 04:00 - 25.09.2024 05:00","0","2037"
"25.09.2024 05:00 - 25.09.2024 06:00","0","1931"
"25.09.2024 06:00 - 25.09.2024 07:00","0","1855"
"25.09.2024 07:00 - 25.09.2024 08:00","0","687"
"25.09.2024 08:00 - 25.09.2024 09:00","0","360"
"25.09.2024 09:00 - 25.09.2024 10:00","0","1455"
"25.09.2024 10:00 - 25.09.2024 11:00","0","2093"
"25.09.2024 11:00 - 25.09.2024 12:00","0","2639"
"25.09.2024 12:00 - 25.09.2024 13:00","0","3021"
"25.09.2024 13:00 - 25.09.2024 14:00","0","2843"
"25.09.2024 14:00 - 25.09.2024 15:00","0","2422"
"25.09.2024 15:00 - 25.09.2024 16:00","0","2166"
"25.09.2024 16:00 - 25.09.2024 17:00","0","2102"
"25.09.2024 17:00 - 25.09.2024 18:00","0","2202"
"25.09.2024 18:00 - 25.09.2024 19:00","0","2202"
"25.09.2024 19:00 - 25.09.2024 20:00","0","1809"
"25.09.2024 20:00 - 25.09.2024 21:00","0","1318"
"25.09.2024 21:00 - 25.09.2024 22:00","0","1578"
"25.09.2024 22:00 - 25.09.2024 23:00","0","1980"
"25.09.2024 23:00 - 26.09.2024 00:00","0","1738"
"26.09.2024 00:00 - 26.09.2024 01:00","0","1448"
"26.09.2024 01:00 - 26.09.2024 02:00","0","1494"
"26.09.2024 02:00 - 26.09.2024 03:00","0","1440"
"26.09.2024 03:00 - 26.09.2024 04:00","0","1406"
"26.09.2024 04:00 - 26.09.2024 05:00","0","1220"
"26.09.2024 05:00 - 26.09.2024 06:00","0","1097"
"26.09.2024 06:00 - 26.09.2024 07:00","0","634"
"26.09.2024 07:00 - 26.09.2024 08:00","514","0"
"26.09.2024 08:00 - 26.09.2024 09:00","615","0"
"26.09.2024 09:00 - 26.09.2024 10:00","0","448"
"26.09.2024 10:00 - 26.09.2024 11:00","0","1927"
"26.09.2024 11:00 - 26.09.2024 12:00","0","2355"
"26.09.2024 12:00 - 26.09.2024 13:00","0","2731"
"26.09.2024 13:00 - 26.09.2024 14:00","0","2588"
"26.09.2024 14:00 - 26.09.2024 15:00","0","2652"
"26.09.2024 15:00 - 26.09.2024 16:00","0","2874"
"26.09.2024 16:00 - 26.09.2024 17:00","0","2892"
"26.09.2024 17:00 - 26.09.2024 18:00","0","2668"
"26.09.2024 18:00 - 26.09.2024 19:00","0","2874"
"26.09.2024 19:00 - 26.09.2024 20:00","0","2020"
"26.09.2024 20:00 - 26.09.2024 21:00","0","1670"
"26.09.2024 21:00 - 26.09.2024 22:00","0","1936"
"26.09.2024 22:00 - 26.09.2024 23:00","0","2119"
"26.09.2024 23:00 - 27.09.2024 00:00","0","2075"
"27.09.2024 00:00 - 27.09.2024 01:00","0","2098"
"27.09.2024 01:00 - 27.09.2024 02:00","0","1824"
"27.09.2024 02:00 - 27.09.2024 03:00","0","2135"
"27.09.2024 03:00 - 27.09.2024 04:00","0","1913"
"27.09.2024 04:00 - 27.09.2024 05:00","0","1767"
"27.09.2024 05:00 - 27.09.2024 06:00","0","1425"
"27.09.2024 06:00 - 27.09.2024 07:00","0","984"
"27.09.2024 07:00 - 27.09.2024 08:00","0","291"
"27.09.2024 08:00 - 27.09.2024 09:00","0","546"
"27.09.2024 09:00 - 27.09.2024 10:00","0","1553"
"27.09.2024 10:00 - 27.09.2024 11:00","0","2270"
"27.09.2024 11:00 - 27.09.2024 12:00","0","2935"
"27.09.2024 12:00 - 27.09.2024 13:00","0","3115"
"27.09.2024 13:00 - 27.09.2024 14:00","0","2732"
"27.09.2024 14:00 - 27.09.2024 15:00","0","2648"
"27.09.2024 15:00 - 27.09.2024 16:00","0","2804"
"27.09.2024 16:00 - 27.09.2024 17:00","0","2972"
"27.09.2024 17:00 - 27.09.2024 18:00","0","2879"
"27.09.2024 18:00 - 27.09.2024 19:00","0","2532"
"27.09.2024 19:00 - 27.09.2024 20:00","0","1370"
"27.09.2024 20:00 - 27.09.2024 21:00","0","346"
"27.09.2024 21:00 - 27.09.2024 22:00","0","101"
"27.09.2024 22:00 - 27.09.2024 23:00","0","672"
"27.09.2024 23:00 - 28.09.2024 00:00","0","1343"
"28.09.2024 00:00 - 28.09.2024 01:00","0","823"
"28.09.2024 01:00 - 28.09.2024 02:00","0","723"
"28.09.2024 02:00 - 28.09.2024 03:00","0","878"
"28.09.2024 03:00 - 28.09.2024 04:00","0","894"
"28.09.2024 04:00 - 28.09.2024 05:00","0","794"
"28.09.2024 05:00 - 28.09.2024 06:00","0","760"
"28.09.2024 06:00 - 28.09.2024 07:00","0","717"
"28.09.2024 07:00 - 28.09.2024 08:00","0","550"
"28.09.2024 08:00 - 28.09.2024 09:00","0","652"
"28.09.2024 09:00 - 28.09.2024 10:00","0","1376"
"28.09.2024 10:00 - 28.09.2024 11:00","0","2308"
"28.09.2024 11:00 - 28.09.2024 12:00","0","3185"
"28.09.2024 12:00 - 28.09.2024 13:00","0","3290"
"28.09.2024 13:00 - 28.09.2024 14:00","0","3187"
"28.09.2024 14:00 - 28.09.2024 15:00","0","3234"
"28.09.2024 15:00 - 28.09.2024 16:00","0","3167"
"28.09.2024 16:00 - 28.09.2024 17:00","0","3228"
"28.09.2024 17:00 - 28.09.2024 18:00","0","3067"
"28.09.2024 18:00 - 28.09.2024 19:00","0","2702"
"28.09.2024 19:00 - 28.09.2024 20:00","0","2221"
"28.09.2024 20:00 - 28.09.2024 21:00","0","1220"
"28.09.2024 21:00 - 28.09.2024 22:00","0","977"
"28.09.2024 22:00 - 28.09.2024 23:00","0","1697"
"28.09.2024 23:00 - 29.09.2024 00:00","0","1813"
"29.09.2024 00:00 - 29.09.2024 01:00","0","2000"
"29.09.2024 01:00 - 29.09.2024 02:00","0","2325"
"29.09.2024 02:00 - 29.09.2024 03:00","0","2422"
"29.09.2024 03:00 - 29.09.2024 04:00","0","2800"
"29.09.2024 04:00 - 29.09.2024 05:00","0","2844"
"29.09.2024 05:00 - 29.09.2024 06:00","0","2785"
"29.09.2024 06:00 - 29.09.2024 07:00","0","2783"
"29.09.2024 07:00 - 29.09.2024 08:00","0","2590"
"29.09.2024 08:00 - 29.09.2024 09:00","0","2860"
"29.09.2024 09:00 - 29.09.2024 10:00","0","2975"
"29.09.2024 10:00 - 29.09.2024 11:00","0","3026"
"29.09.2024 11:00 - 29.09.2024 12:00","0","3282"
"29.09.2024 12:00 - 29.09.2024 13:00","0","3464"
"29.09.2024 13:00 - 29.09.2024 14:00","0","3238"
"29.09.2024 14:00 - 29.09.2024 15:00","0","3059"
"29.09.2024 15:00 - 29.09.2024 16:00","0","3088"
"29.09.2024 16:00 - 29.09.2024 17:00","0","3050"
"29.09.2024 17:00 - 29.09.2024 18:00","0","3014"
"29.09.2024 18:00 - 29.09.2024 19:00","0","3300"
"29.09.2024 19:00 - 29.09.2024 20:00","0","3499"
"29.09.2024 20:00 - 29.09.2024 21:00","0","2118"
"29.09.2024 21:00 - 29.09.2024 22:00","0","1385"
"29.09.2024 22:00 - 29.09.2024 23:00","0","1706"
"29.09.2024 23:00 - 30.09.2024 00:00","0","2409"
"30.09.2024 00:00 - 30.09.2024 01:00","0","2709"
"30.09.2024 01:00 - 30.09.2024 02:00","0","2585"
"30.09.2024 02:00 - 30.09.2024 03:00","0","2532"
"30.09.2024 03:00 - 30.09.2024 04:00","0","2512"
"30.09.2024 04:00 - 30.09.2024 05:00","0","2417"
"30.09.2024 05:00 - 30.09.2024 06:00","0","2129"
"30.09.2024 06:00 - 30.09.2024 07:00","0","1859"
"30.09.2024 07:00 - 30.09.2024 08:00","0","952"
"30.09.2024 08:00 - 30.09.2024 09:00","0","409"
"30.09.2024 09:00 - 30.09.2024 10:00","0","1720"
"30.09.2024 10:00 - 30.09.2024 11:00","0","3449"
"30.09.2024 11:00 - 30.09.2024 12:00","0","3851"
"30.09.2024 12:00 - 30.09.2024 13:00","0","3963"
"30.09.2024 13:00 - 30.09.2024 14:00","0","3965"
"30.09.2024 14:00 - 30.09.2024 15:00","0","3979"
"30.09.2024 15:00 - 30.09.2024 16:00","0","3741"
"30.09.2024 16:00 - 30.09.2024 17:00","0","3585"
"30.09.2024 17:00 - 30.09.2024 18:00","0","3908"
"30.09.2024 18:00 - 30.09.2024 19:00","0","3165"
"30.09.2024 19:00 - 30.09.2024 20:00","0","1839"
"30.09.2024 20:00 - 30.09.2024 21:00","0","454"
"30.09.2024 21:00 - 30.09.2024 22:00","0","456"
"30.09.2024 22:00 - 30.09.2024 23:00","0","1517"
"30.09.2024 23:00 - 01.10.2024 00:00","0","1355"
"01.10.2024 00:00 - 01.10.2024 01:00","0","1380"
"01.10.2024 01:00 - 01.10.2024 02:00","0","1853"
"01.10.2024 02:00 - 01.10.2024 03:00","0","1909"
"01.10.2024 03:00 - 01.10.2024 04:00","0","2085"
"01.10.2024 04:00 - 01.10.2024 05:00","0","2334"
"01.10.2024 05:00 - 01.10.2024 06:00","0","2345"
"01.10.2024 06:00 - 01.10.2024 07:00","0","1956"
"01.10.2024 07:00 - 01.10.2024 08:00","0","1019"
"01.10.2024 08:00 - 01.10.2024 09:00","0","807"
"01.10.2024 09:00 - 01.10.2024 10:00","0","1605"
"01.10.2024 10:00 - 01.10.2024 11:00","0","2834"
"01.10.2024 11:00 - 01.10.2024 12:00","0","3555"
"01.10.2024 12:00 - 01.10.2024 13:00","0","3492"
"01.10.2024 13:00 - 01.10.2024 14:00","0","3694"
"01.10.2024 14:00 - 01.10.2024 15:00","0","3854"
"01.10.2024 15:00 - 01.10.2024 16:00","0","3578"
"01.10.2024 16:00 - 01.10.2024 17:00","0","3664"
"01.10.2024 17:00 - 01.10.2024 18:00","0","3035"
"01.10.2024 18:00 - 01.10.2024 19:00","0","3099"
"01.10.2024 19:00 - 01.10.2024 20:00","0","837"
"01.10.2024 20:00 - 01.10.2024 21:00","86","0"
"01.10.2024 21:00 - 01.10.2024 22:00","0","7"
"01.10.2024 22:00 - 01.10.2024 23:00","0","771"
"01.10.2024 23:00 - 02.10.2024 00:00","0","1235"
"02.10.2024 00:00 - 02.10.2024 01:00","0","1610"
"02.10.2024 01:00 - 02.10.2024 02:00","0","1902"
"02.10.2024 02:00 - 02.10.2024 03:00","0","1724"
"02.10.2024 03:00 - 02.10.2024 04:00","0","2150"
"02.10.2024 04:00 - 02.10.2024 05:00","0","2611"
"02.10.2024 05:00 - 02.10.2024 06:00","0","2679"
"02.10.2024 06:00 - 02.10.2024 07:00","0","1884"
"02.10.2024 07:00 - 02.10.2024 08:00","0","1128"
"02.10.2024 08:00 - 02.10.2024 09:00","0","825"
"02.10.2024 09:00 - 02.10.2024 10:00","0","1466"
"02.10.2024 10:00 - 02.10.2024 11:00","0","1834"
"02.10.2024 11:00 - 02.10.2024 12:00","0","2097"
"02.10.2024 12:00 - 02.10.2024 13:00","0","2547"
"02.10.2024 13:00 - 02.10.2024 14:00","0","2693"
"02.10.2024 14:00 - 02.10.2024 15:00","0","2690"
"02.10.2024 15:00 - 02.10.2024 16:00","0","2729"
"02.10.2024 16:00 - 02.10.2024 17:00","0","2347"
"02.10.2024 17:00 - 02.10.2024 18:00","0","2161"
"02.10.2024 18:00 - 02.10.2024 19:00","0","1263"
"02.10.2024 19:00 - 02.10.2024 20:00","0","370"
"02.10.2024 20:00 - 02.10.2024 21:00","0","409"
"02.10.2024 21:00 - 02.10.2024 22:00","0","1682"
"02.10.2024 22:00 - 02.10.2024 23:00","0","2201"
"02.10.2024 23:00 - 03.10.2024 00:00","0","3143"
"03.10.2024 00:00 - 03.10.2024 01:00","0","3131"
"03.10.2024 01:00 - 03.10.2024 02:00","0","3012"
"03.10.2024 02:00 - 03.10.2024 03:00","0","2947"
"03.10.2024 03:00 - 03.10.2024 04:00","0","3300"
"03.10.2024 04:00 - 03.10.2024 05:00","0","2771"
"03.10.2024 05:00 - 03.10.2024 06:00","0","2810"
"03.10.2024 06:00 - 03.10.2024 07:00","0","2982"
"03.10.2024 07:00 - 03.10.2024 08:00","0","1671"
"03.10.2024 08:00 - 03.10.2024 09:00","0","1196"
"03.10.2024 09:00 - 03.10.2024 10:00","0","2612"
"03.10.2024 10:00 - 03.10.2024 11:00","0","3504"
"03.10.2024 11:00 - 03.10.2024 12:00","0","3992"
"03.10.2024 12:00 - 03.10.2024 13:00","0","4132"
"03.10.2024 13:00 - 03.10.2024 14:00","0","4163"
"03.10.2024 14:00 - 03.10.2024 15:00","0","4302"
"03.10.2024 15:00 - 03.10.2024 16:00","0","4228"
"03.10.2024 16:00 - 03.10.2024 17:00","0","4187"
"03.10.2024 17:00 - 03.10.2024 18:00","0","4140"
"03.10.2024 18:00 - 03.10.2024 19:00","0","3912"
"03.10.2024 19:00 - 03.10.2024 20:00","0","2481"
"03.10.2024 20:00 - 03.10.2024 21:00","0","1479"
"03.10.2024 21:00 - 03.10.2024 22:00","0","1186"
"03.10.2024 22:00 - 03.10.2024 23:00","0","1800"
"03.10.2024 23:00 - 04.10.2024 00:00","0","2559"
"04.10.2024 00:00 - 04.10.2024 01:00","0","2818"
"04.10.2024 01:00 - 04.10.2024 02:00","0","2685"
"04.10.2024 02:00 - 04.10.2024 03:00","0","2909"
"04.10.2024 03:00 - 04.10.2024 04:00","0","2880"
"04.10.2024 04:00 - 04.10.2024 05:00","0","2946"
"04.10.2024 05:00 - 04.10.2024 06:00","0","2923"
"04.10.2024 06:00 - 04.10.2024 07:00","0","2446"
"04.10.2024 07:00 - 04.10.2024 08:00","0","1341"
"04.10.2024 08:00 - 04.10.2024 09:00","0","1004"
"04.10.2024 09:00 - 04.10.2024 10:00","0","3152"
"04.10.2024 10:00 - 04.10.2024 11:00","0","4124"
"04.10.2024 11:00 - 04.10.2024 12:00","0","4417"
"04.10.2024 12:00 - 04.10.2024 13:00","0","4324"
"04.10.2024 13:00 - 04.10.2024 14:00","0","4405"
"04.10.2024 14:00 - 04.10.2024 15:00","0","4476"
"04.10.2024 15:00 - 04.10.2024 16:00","0","4304"
"04.10.2024 16:00 - 04.10.2024 17:00","0","4276"
"04.10.2024 17:00 - 04.10.2024 18:00","0","4258"
"04.10.2024 18:00 - 04.10.2024 19:00","0","3808"
"04.10.2024 19:00 - 04.10.2024 20:00","0","1892"
"04.10.2024 20:00 - 04.10.2024 21:00","0","1199"
"04.10.2024 21:00 - 04.10.2024 22:00","0","967"
"04.10.2024 22:00 - 04.10.2024 23:00","0","1597"
"04.10.2024 23:00 - 05.10.2024 00:00","0","2080"
"05.10.2024 00:00 - 05.10.2024 01:00","0","2068"
"05.10.2024 01:00 - 05.10.2024 02:00","0","2071"
"05.10.2024 02:00 - 05.10.2024 03:00","0","2357"
"05.10.2024 03:00 - 05.10.2024 04:00","0","2486"
"05.10.2024 04:00 - 05.10.2024 05:00","0","2582"
"05.10.2024 05:00 - 05.10.2024 06:00","0","2460"
"05.10.2024 06:00 - 05.10.2024 07:00","0","2164"
"05.10.2024 07:00 - 05.10.2024 08:00","0","1394"
"05.10.2024 08:00 - 05.10.2024 09:00","0","801"
"05.10.2024 09:00 - 05.10.2024 10:00","0","1506"
"05.10.2024 10:00 - 05.10.2024 11:00","0","2012"
"05.10.2024 11:00 - 05.10.2024 12:00","0","2535"
"05.10.2024 12:00 - 05.10.2024 13:00","0","2767"
"05.10.2024 13:00 - 05.10.2024 14:00","0","2874"
"05.10.2024 14:00 - 05.10.2024 15:00","0","2645"
"05.10.2024 15:00 - 05.10.2024 16:00","0","2540"
"05.10.2024 16:00 - 05.10.2024 17:00","0","2110"
"05.10.2024 17:00 - 05.10.2024 18:00","0","2143"
"05.10.2024 18:00 - 05.10.2024 19:00","0","1813"
"05.10.2024 19:00 - 05.10.2024 20:00","0","1062"
"05.10.2024 20:00 - 05.10.2024 21:00","0","835"
"05.10.2024 21:00 - 05.10.2024 22:00","0","1077"
"05.10.2024 22:00 - 05.10.2024 23:00","0","1554"
"05.10.2024 23:00 - 06.10.2024 00:00","0","1660"
"06.10.2024 00:00 - 06.10.2024 01:00","0","1742"
"06.10.2024 01:00 - 06.10.2024 02:00","0","1718"
"06.10.2024 02:00 - 06.10.2024 03:00","0","1496"
"06.10.2024 03:00 - 06.10.2024 04:00","0","1721"
"06.10.2024 04:00 - 06.10.2024 05:00","0","1819"
"06.10.2024 05:00 - 06.10.2024 06:00","0","1745"
"06.10.2024 06:00 - 06.10.2024 07:00","0","1513"
"06.10.2024 07:00 - 06.10.2024 08:00","0","1012"
"06.10.2024 08:00 - 06.10.2024 09:00","0","1166"
"06.10.2024 09:00 - 06.10.2024 10:00","0","1333"
"06.10.2024 10:00 - 06.10.2024 11:00","0","1402"
"06.10.2024 11:00 - 06.10.2024 12:00","0","1590"
"06.10.2024 12:00 - 06.10.2024 13:00","0","1703"
"06.10.2024 13:00 - 06.10.2024 14:00","0","1967"
"06.10.2024 14:00 - 06.10.2024 15:00","0","1933"
"06.10.2024 15:00 - 06.10.2024 16:00","0","2050"
"06.10.2024 16:00 - 06.10.2024 17:00","0","2037"
"06.10.2024 17:00 - 06.10.2024 18:00","0","1656"
"06.10.2024 18:00 - 06.10.2024 19:00","0","683"
"06.10.2024 19:00 - 06.10.2024 20:00","64","0"
"06.10.2024 20:00 - 06.10.2024 21:00","0","76"
"06.10.2024 21:00 - 06.10.2024 22:00","38","0"
"06.10.2024 22:00 - 06.10.2024 23:00","0","170"
"06.10.2024 23:00 - 07.10.2024 00:00","0","1047"
"07.10.2024 00:00 - 07.10.2024 01:00","0","1230"
"07.10.2024 01:00 - 07.10.2024 02:00","0","1452"
"07.10.2024 02:00 - 07.10.2024 03:00","0","1700"
"07.10.2024 03:00 - 07.10.2024 04:00","0","1796"
"07.10.2024 04:00 - 07.10.2024 05:00","0","1558"
"07.10.2024 05:00 - 07.10.2024 06:00","0","979"
"07.10.2024 06:00 - 07.10.2024 07:00","0","194"
"07.10.2024 07:00 - 07.10.2024 08:00","888","0"
"07.10.2024 08:00 - 07.10.2024 09:00","1098","0"
"07.10.2024 09:00 - 07.10.2024 10:00","429","0"
"07.10.2024 10:00 - 07.10.2024 11:00","141","0"
"07.10.2024 11:00 - 07.10.2024 12:00","0","478"
"07.10.2024 12:00 - 07.10.2024 13:00","0","463"
"07.10.2024 13:00 - 07.10.2024 14:00","0","629"
"07.10.2024 14:00 - 07.10.2024 15:00","0","855"
"07.10.2024 15:00 - 07.10.2024 16:00","0","939"
"07.10.2024 16:00 - 07.10.2024 17:00","0","615"
"07.10.2024 17:00 - 07.10.2024 18:00","0","446"
"07.10.2024 18:00 - 07.10.2024 19:00","54","0"
"07.10.2024 19:00 - 07.10.2024 20:00","384","0"
"07.10.2024 20:00 - 07.10.2024 21:00","50","0"
"07.10.2024 21:00 - 07.10.2024 22:00","0","719"
"07.10.2024 22:00 - 07.10.2024 23:00","0","839"
"07.10.2024 23:00 - 08.10.2024 00:00","0","688"
"08.10.2024 00:00 - 08.10.2024 01:00","0","1277"
"08.10.2024 01:00 - 08.10.2024 02:00","0","1494"
"08.10.2024 02:00 - 08.10.2024 03:00","0","1772"
"08.10.2024 03:00 - 08.10.2024 04:00","0","1768"
"08.10.2024 04:00 - 08.10.2024 05:00","0","1807"
"08.10.2024 05:00 - 08.10.2024 06:00","0","1516"
"08.10.2024 06:00 - 08.10.2024 07:00","0","761"
"08.10.2024 07:00 - 08.10.2024 08:00","369","0"
"08.10.2024 08:00 - 08.10.2024 09:00","768","0"
"08.10.2024 09:00 - 08.10.2024 10:00","0","392"
"08.10.2024 10:00 - 08.10.2024 11:00","0","1588"
"08.10.2024 11:00 - 08.10.2024 12:00","0","2512"
"08.10.2024 12:00 - 08.10.2024 13:00","0","2724"
"08.10.2024 13:00 - 08.10.2024 14:00","0","2538"
"08.10.2024 14:00 - 08.10.2024 15:00","0","2822"
"08.10.2024 15:00 - 08.10.2024 16:00","0","2990"
"08.10.2024 16:00 - 08.10.2024 17:00","0","2671"
"08.10.2024 17:00 - 08.10.2024 18:00","0","2290"
"08.10.2024 18:00 - 08.10.2024 19:00","0","1205"
"08.10.2024 19:00 - 08.10.2024 20:00","447","0"
"08.10.2024 20:00 - 08.10.2024 21:00","526","0"
"08.10.2024 21:00 - 08.10.2024 22:00","423","0"
"08.10.2024 22:00 - 08.10.2024 23:00","60","0"
"08.10.2024 23:00 - 09.10.2024 00:00","0","294"
"09.10.2024 00:00 - 09.10.2024 01:00","0","554"
"09.10.2024 01:00 - 09.10.2024 02:00","0","228"
"09.10.2024 02:00 - 09.10.2024 03:00","282","0"
"09.10.2024 03:00 - 09.10.2024 04:00","352","0"
"09.10.2024 04:00 - 09.10.2024 05:00","492","0"
"09.10.2024 05:00 - 09.10.2024 06:00","599","0"
"09.10.2024 06:00 - 09.10.2024 07:00","654","0"
"09.10.2024 07:00 - 09.10.2024 08:00","1197","0"
"09.10.2024 08:00 - 09.10.2024 09:00","1709","0"
"09.10.2024 09:00 - 09.10.2024 10:00","897","0"
"09.10.2024 10:00 - 09.10.2024 11:00","419","0"
"09.10.2024 11:00 - 09.10.2024 12:00","0","81"
"09.10.2024 12:00 - 09.10.2024 13:00","0","415"
"09.10.2024 13:00 - 09.10.2024 14:00","0","517"
"09.10.2024 14:00 - 09.10.2024 15:00","0","711"
"09.10.2024 15:00 - 09.10.2024 16:00","0","298"
"09.10.2024 16:00 - 09.10.2024 17:00","0","273"
"09.10.2024 17:00 - 09.10.2024 18:00","0","322"
"09.10.2024 18:00 - 09.10.2024 19:00","0","167"
"09.10.2024 19:00 - 09.10.2024 20:00","0","217"
"09.10.2024 20:00 - 09.10.2024 21:00","0","1108"
"09.10.2024 21:00 - 09.10.2024 22:00","0","1317"
"09.10.2024 22:00 - 09.10.2024 23:00","0","1888"
"09.10.2024 23:00 - 10.10.2024 00:00","0","2081"
"10.10.2024 00:00 - 10.10.2024 01:00","0","2788"
"10.10.2024 01:00 - 10.10.2024 02:00","0","2893"
"10.10.2024 02:00 - 10.10.2024 03:00","0","2832"
"10.10.2024 03:00 - 10.10.2024 04:00","0","2637"
"10.10.2024 04:00 - 10.10.2024 05:00","0","2348"
"10.10.2024 05:00 - 10.10.2024 06:00","0","2159"
"10.10.2024 06:00 - 10.10.2024 07:00","0","2114"
"10.10.2024 07:00 - 10.10.2024 08:00","0","1437"
"10.10.2024 08:00 - 10.10.2024 09:00","0","1081"
"10.10.2024 09:00 - 10.10.2024 10:00","0","2035"
"10.10.2024 10:00 - 10.10.2024 11:00","0","2276"
"10.10.2024 11:00 - 10.10.2024 12:00","0","3072"
"10.10.2024 12:00 - 10.10.2024 13:00","0","3971"
"10.10.2024 13:00 - 10.10.2024 14:00","0","3810"
"10.10.2024 14:00 - 10.10.2024 15:00","0","3821"
"10.10.2024 15:00 - 10.10.2024 16:00","0","3579"
"10.10.2024 16:00 - 10.10.2024 17:00","0","3273"
"10.10.2024 17:00 - 10.10.2024 18:00","0","3451"
"10.10.2024 18:00 - 10.10.2024 19:00","0","2216"
"10.10.2024 19:00 - 10.10.2024 20:00","0","615"
"10.10.2024 20:00 - 10.10.2024 21:00","0","468"
"10.10.2024 21:00 - 10.10.2024 22:00","0","359"
"10.10.2024 22:00 - 10.10.2024 23:00","0","1002"
"10.10.2024 23:00 - 11.10.2024 00:00","0","1159"
"11.10.2024 00:00 - 11.10.2024 01:00","0","1083"
"11.10.2024 01:00 - 11.10.2024 02:00","0","647"
"11.10.2024 02:00 - 11.10.2024 03:00","0","172"
"11.10.2024 03:00 - 11.10.2024 04:00","128","0"
"11.10.2024 04:00 - 11.10.2024 05:00","725","0"
"11.10.2024 05:00 - 11.10.2024 06:00","1269","0"
"11.10.2024 06:00 - 11.10.2024 07:00","1709","0"
"11.10.2024 07:00 - 11.10.2024 08:00","2473","0"
"11.10.2024 08:00 - 11.10.2024 09:00","2628","0"
"11.10.2024 09:00 - 11.10.2024 10:00","2226","0"
"11.10.2024 10:00 - 11.10.2024 11:00","1333","0"
"11.10.2024 11:00 - 11.10.2024 12:00","334","0"
"11.10.2024 12:00 - 11.10.2024 13:00","0","1108"
"11.10.2024 13:00 - 11.10.2024 14:00","0","1492"
"11.10.2024 14:00 - 11.10.2024 15:00","0","1739"
"11.10.2024 15:00 - 11.10.2024 16:00","0","1736"
"11.10.2024 16:00 - 11.10.2024 17:00","0","1896"
"11.10.2024 17:00 - 11.10.2024 18:00","0","1756"
"11.10.2024 18:00 - 11.10.2024 19:00","0","426"
"11.10.2024 19:00 - 11.10.2024 20:00","457","0"
"11.10.2024 20:00 - 11.10.2024 21:00","671","0"
"11.10.2024 21:00 - 11.10.2024 22:00","531","0"
"11.10.2024 22:00 - 11.10.2024 23:00","44","0"
"11.10.2024 23:00 - 12.10.2024 00:00","0","115"
"12.10.2024 00:00 - 12.10.2024 01:00","0","845"
"12.10.2024 01:00 - 12.10.2024 02:00","0","1539"
"12.10.2024 02:00 - 12.10.2024 03:00","0","1370"
"12.10.2024 03:00 - 12.10.2024 04:00","0","1297"
"12.10.2024 04:00 - 12.10.2024 05:00","0","1419"
"12.10.2024 05:00 - 12.10.2024 06:00","0","1734"
"12.10.2024 06:00 - 12.10.2024 07:00","0","1616"
"12.10.2024 07:00 - 12.10.2024 08:00","0","1781"
"12.10.2024 08:00 - 12.10.2024 09:00","0","1779"
"12.10.2024 09:00 - 12.10.2024 10:00","0","1954"
"12.10.2024 10:00 - 12.10.2024 11:00","0","1949"
"12.10.2024 11:00 - 12.10.2024 12:00","0","1776"
"12.10.2024 12:00 - 12.10.2024 13:00","0","1702"
"12.10.2024 13:00 - 12.10.2024 14:00","0","1737"
"12.10.2024 14:00 - 12.10.2024 15:00","0","1647"
"12.10.2024 15:00 - 12.10.2024 16:00","0","2166"
"12.10.2024 16:00 - 12.10.2024 17:00","0","2233"
"12.10.2024 17:00 - 12.10.2024 18:00","0","2189"
"12.10.2024 18:00 - 12.10.2024 19:00","0","1745"
"12.10.2024 19:00 - 12.10.2024 20:00","0","1085"
"12.10.2024 20:00 - 12.10.2024 21:00","0","564"
"12.10.2024 21:00 - 12.10.2024 22:00","0","250"
"12.10.2024 22:00 - 12.10.2024 23:00","52","0"
"12.10.2024 23:00 - 13.10.2024 00:00","0","120"
"13.10.2024 00:00 - 13.10.2024 01:00","0","349"
"13.10.2024 01:00 - 13.10.2024 02:00","0","405"
"13.10.2024 02:00 - 13.10.2024 03:00","0","158"
"13.10.2024 03:00 - 13.10.2024 04:00","12","0"
"13.10.2024 04:00 - 13.10.2024 05:00","0","125"
"13.10.2024 05:00 - 13.10.2024 06:00","0","152"
"13.10.2024 06:00 - 13.10.2024 07:00","0","29"
"13.10.2024 07:00 - 13.10.2024 08:00","0","41"
"13.10.2024 08:00 - 13.10.2024 09:00","0","39"
"13.10.2024 09:00 - 13.10.2024 10:00","0","281"
"13.10.2024 10:00 - 13.10.2024 11:00","0","1227"
"13.10.2024 11:00 - 13.10.2024 12:00","0","1837"
"13.10.2024 12:00 - 13.10.2024 13:00","0","1847"
"13.10.2024 13:00 - 13.10.2024 14:00","0","1942"
"13.10.2024 14:00 - 13.10.2024 15:00","0","2107"
"13.10.2024 15:00 - 13.10.2024 16:00","0","2160"
"13.10.2024 16:00 - 13.10.2024 17:00","0","2044"
"13.10.2024 17:00 - 13.10.2024 18:00","0","1969"
"13.10.2024 18:00 - 13.10.2024 19:00","0","1793"
"13.10.2024 19:00 - 13.10.2024 20:00","0","1009"
"13.10.2024 20:00 - 13.10.2024 21:00","94","0"
"13.10.2024 21:00 - 13.10.2024 22:00","261","0"
"13.10.2024 22:00 - 13.10.2024 23:00","65","0"
"13.10.2024 23:00 - 14.10.2024 00:00","0","390"
"14.10.2024 00:00 - 14.10.2024 01:00","0","1334"
"14.10.2024 01:00 - 14.10.2024 02:00","0","1496"
"14.10.2024 02:00 - 14.10.2024 03:00","0","1755"
"14.10.2024 03:00 - 14.10.2024 04:00","0","1907"
"14.10.2024 04:00 - 14.10.2024 05:00","0","1715"
"14.10.2024 05:00 - 14.10.2024 06:00","0","1304"
"14.10.2024 06:00 - 14.10.2024 07:00","0","595"
"14.10.2024 07:00 - 14.10.2024 08:00","737","0"
"14.10.2024 08:00 - 14.10.2024 09:00","1405","0"
"14.10.2024 09:00 - 14.10.2024 10:00","686","0"
"14.10.2024 10:00 - 14.10.2024 11:00","0","100"
"14.10.2024 11:00 - 14.10.2024 12:00","0","701"
"14.10.2024 12:00 - 14.10.2024 13:00","0","584"
"14.10.2024 13:00 - 14.10.2024 14:00","0","604"
"14.10.2024 14:00 - 14.10.2024 15:00","0","823"
"14.10.2024 15:00 - 14.10.2024 16:00","0","1423"
"14.10.2024 16:00 - 14.10.2024 17:00","0","1915"
"14.10.2024 17:00 - 14.10.2024 18:00","0","1673"
"14.10.2024 18:00 - 14.10.2024 19:00","0","541"
"14.10.2024 19:00 - 14.10.2024 20:00","551","0"
"14.10.2024 20:00 - 14.10.2024 21:00","240","0"
"14.10.2024 21:00 - 14.10.2024 22:00","129","0"
"14.10.2024 22:00 - 14.10.2024 23:00","0","1355"
"14.10.2024 23:00 - 15.10.2024 00:00","0","1996"
"15.10.2024 00:00 - 15.10.2024 01:00","0","2178"
"15.10.2024 01:00 - 15.10.2024 02:00","0","1973"
"15.10.2024 02:00 - 15.10.2024 03:00","0","1796"
"15.10.2024 03:00 - 15.10.2024 04:00","0","2100"
"15.10.2024 04:00 - 15.10.2024 05:00","0","2509"
"15.10.2024 05:00 - 15.10.2024 06:00","0","2520"
"15.10.2024 06:00 - 15.10.2024 07:00","0","2052"
"15.10.2024 07:00 - 15.10.2024 08:00","54","0"
"15.10.2024 08:00 - 15.10.2024 09:00","1226","0"
"15.10.2024 09:00 - 15.10.2024 10:00","717","0"
"15.10.2024 10:00 - 15.10.2024 11:00","0","1074"
"15.10.2024 11:00 - 15.10.2024 12:00","0","1605"
"15.10.2024 12:00 - 15.10.2024 13:00","0","2590"
"15.10.2024 13:00 - 15.10.2024 14:00","0","2655"
"15.10.2024 14:00 - 15.10.2024 15:00","0","2935"
"15.10.2024 15:00 - 15.10.2024 16:00","0","3063"
"15.10.2024 16:00 - 15.10.2024 17:00","0","2994"
"15.10.2024 17:00 - 15.10.2024 18:00","0","2919"
"15.10.2024 18:00 - 15.10.2024 19:00","0","1197"
"15.10.2024 19:00 - 15.10.2024 20:00","619","0"
"15.10.2024 20:00 - 15.10.2024 21:00","1038","0"
"15.10.2024 21:00 - 15.10.2024 22:00","987","0"
"15.10.2024 22:00 - 15.10.2024 23:00","0","83"
"15.10.2024 23:00 - 16.10.2024 00:00","0","1454"
"16.10.2024 00:00 - 16.10.2024 01:00","0","1134"
"16.10.2024 01:00 - 16.10.2024 02:00","0","1317"
"16.10.2024 02:00 - 16.10.2024 03:00","0","1603"
"16.10.2024 03:00 - 16.10.2024 04:00","0","2005"
"16.10.2024 04:00 - 16.10.2024 05:00","0","2153"
"16.10.2024 05:00 - 16.10.2024 06:00","0","1996"
"16.10.2024 06:00 - 16.10.2024 07:00","0","1565"
"16.10.2024 07:00 - 16.10.2024 08:00","0","405"
"16.10.2024 08:00 - 16.10.2024 09:00","13","0"
"16.10.2024 09:00 - 16.10.2024 10:00","0","928"
"16.10.2024 10:00 - 16.10.2024 11:00","0","2165"
"16.10.2024 11:00 - 16.10.2024 12:00","0","2658"
"16.10.2024 12:00 - 16.10.2024 13:00","0","2895"
"16.10.2024 13:00 - 16.10.2024 14:00","0","2676"
"16.10.2024 14:00 - 16.10.2024 15:00","0","2607"
"16.10.2024 15:00 - 16.10.2024 16:00","0","2511"
"16.10.2024 16:00 - 16.10.2024 17:00","0","2424"
"16.10.2024 17:00 - 16.10.2024 18:00","0","2810"
"16.10.2024 18:00 - 16.10.2024 19:00","0","1549"
"16.10.2024 19:00 - 16.10.2024 20:00","21","0"
"16.10.2024 20:00 - 16.10.2024 21:00","538","0"
"16.10.2024 21:00 - 16.10.2024 22:00","216","0"
"16.10.2024 22:00 - 16.10.2024 23:00","0","247"
"16.10.2024 23:00 - 17.10.2024 00:00","0","1208"
"17.10.2024 00:00 - 17.10.2024 01:00","0","1559"
"17.10.2024 01:00 - 17.10.2024 02:00","0","1636"
"17.10.2024 02:00 - 17.10.2024 03:00","0","1476"
"17.10.2024 03:00 - 17.10.2024 04:00","0","1417"
"17.10.2024 04:00 - 17.10.2024 05:00","0","1488"
"17.10.2024 05:00 - 17.10.2024 06:00","0","1499"
"17.10.2024 06:00 - 17.10.2024 07:00","0","586"
"17.10.2024 07:00 - 17.10.2024 08:00","1187","0"
"17.10.2024 08:00 - 17.10.2024 09:00","1721","0"
"17.10.2024 09:00 - 17.10.2024 10:00","348","0"
"17.10.2024 10:00 - 17.10.2024 11:00","0","1332"
"17.10.2024 11:00 - 17.10.2024 12:00","0","1385"
"17.10.2024 12:00 - 17.10.2024 13:00","0","1113"
"17.10.2024 13:00 - 17.10.2024 14:00","0","1133"
"17.10.2024 14:00 - 17.10.2024 15:00","0","1330"
"17.10.2024 15:00 - 17.10.2024 16:00","0","1441"
"17.10.2024 16:00 - 17.10.2024 17:00","0","1447"
"17.10.2024 17:00 - 17.10.2024 18:00","0","1480"
"17.10.2024 18:00 - 17.10.2024 19:00","0","2259"
"17.10.2024 19:00 - 17.10.2024 20:00","0","1102"
"17.10.2024 20:00 - 17.10.2024 21:00","1","0"
"17.10.2024 21:00 - 17.10.2024 22:00","0","920"
"17.10.2024 22:00 - 17.10.2024 23:00","0","1501"
"17.10.2024 23:00 - 18.10.2024 00:00","0","1889"
"18.10.2024 00:00 - 18.10.2024 01:00","0","3035"
"18.10.2024 01:00 - 18.10.2024 02:00","0","3351"
"18.10.2024 02:00 - 18.10.2024 03:00","0","3392"
"18.10.2024 03:00 - 18.10.2024 04:00","0","3305"
"18.10.2024 04:00 - 18.10.2024 05:00","0","3128"
"18.10.2024 05:00 - 18.10.2024 06:00","0","3183"
"18.10.2024 06:00 - 18.10.2024 07:00","0","2299"
"18.10.2024 07:00 - 18.10.2024 08:00","0","471"
"18.10.2024 08:00 - 18.10.2024 09:00","501","0"
"18.10.2024 09:00 - 18.10.2024 10:00","0","1227"
"18.10.2024 10:00 - 18.10.2024 11:00","0","2885"
"18.10.2024 11:00 - 18.10.2024 12:00","0","3733"
"18.10.2024 12:00 - 18.10.2024 13:00","0","3939"
"18.10.2024 13:00 - 18.10.2024 14:00","0","3818"
"18.10.2024 14:00 - 18.10.2024 15:00","0","3793"
"18.10.2024 15:00 - 18.10.2024 16:00","0","4118"
"18.10.2024 16:00 - 18.10.2024 17:00","0","3999"
"18.10.2024 17:00 - 18.10.2024 18:00","0","3465"
"18.10.2024 18:00 - 18.10.2024 19:00","0","2069"
"18.10.2024 19:00 - 18.10.2024 20:00","0","27"
"18.10.2024 20:00 - 18.10.2024 21:00","0","325"
"18.10.2024 21:00 - 18.10.2024 22:00","0","622"
"18.10.2024 22:00 - 18.10.2024 23:00","0","901"
"18.10.2024 23:00 - 19.10.2024 00:00","0","1460"
"19.10.2024 00:00 - 19.10.2024 01:00","0","1763"
"19.10.2024 01:00 - 19.10.2024 02:00","0","1741"
"19.10.2024 02:00 - 19.10.2024 03:00","0","1930"
"19.10.2024 03:00 - 19.10.2024 04:00","0","2549"
"19.10.2024 04:00 - 19.10.2024 05:00","0","2498"
"19.10.2024 05:00 - 19.10.2024 06:00","0","2481"
"19.10.2024 06:00 - 19.10.2024 07:00","0","2049"
"19.10.2024 07:00 - 19.10.2024 08:00","0","1143"
"19.10.2024 08:00 - 19.10.2024 09:00","0","457"
"19.10.2024 09:00 - 19.10.2024 10:00","0","625"
"19.10.2024 10:00 - 19.10.2024 11:00","0","1715"
"19.10.2024 11:00 - 19.10.2024 12:00","0","2449"
"19.10.2024 12:00 - 19.10.2024 13:00","0","2954"
"19.10.2024 13:00 - 19.10.2024 14:00","0","3136"
"19.10.2024 14:00 - 19.10.2024 15:00","0","3042"
"19.10.2024 15:00 - 19.10.2024 16:00","0","3092"
"19.10.2024 16:00 - 19.10.2024 17:00","0","3116"
"19.10.2024 17:00 - 19.10.2024 18:00","0","2748"
"19.10.2024 18:00 - 19.10.2024 19:00","0","2925"
"19.10.2024 19:00 - 19.10.2024 20:00","0","1754"
"19.10.2024 20:00 - 19.10.2024 21:00","0","832"
"19.10.2024 21:00 - 19.10.2024 22:00","0","809"
"19.10.2024 22:00 - 19.10.2024 23:00","0","965"
"19.10.2024 23:00 - 20.10.2024 00:00","0","1172"
"20.10.2024 00:00 - 20.10.2024 01:00","0","1458"
"20.10.2024 01:00 - 20.10.2024 02:00","0","1953"
"20.10.2024 02:00 - 20.10.2024 03:00","0","2174"
"20.10.2024 03:00 - 20.10.2024 04:00","0","2207"
"20.10.2024 04:00 - 20.10.2024 05:00","0","2245"
"20.10.2024 05:00 - 20.10.2024 06:00","0","2179"
"20.10.2024 06:00 - 20.10.2024 07:00","0","2109"
"20.10.2024 07:00 - 20.10.2024 08:00","0","2126"
"20.10.2024 08:00 - 20.10.2024 09:00","0","1729"
"20.10.2024 09:00 - 20.10.2024 10:00","0","2162"
"20.10.2024 10:00 - 20.10.2024 11:00","0","2370"
"20.10.2024 11:00 - 20.10.2024 12:00","0","2605"
"20.10.2024 12:00 - 20.10.2024 13:00","0","3100"
"20.10.2024 13:00 - 20.10.2024 14:00","0","3118"
"20.10.2024 14:00 - 20.10.2024 15:00","0","3101"
"20.10.2024 15:00 - 20.10.2024 16:00","0","3003"
"20.10.2024 16:00 - 20.10.2024 17:00","0","3065"
"20.10.2024 17:00 - 20.10.2024 18:00","0","3509"
"20.10.2024 18:00 - 20.10.2024 19:00","0","2797"
"20.10.2024 19:00 - 20.10.2024 20:00","0","1548"
"20.10.2024 20:00 - 20.10.2024 21:00","0","201"
"20.10.2024 21:00 - 20.10.2024 22:00","0","35"
"20.10.2024 22:00 - 20.10.2024 23:00","0","561"
"20.10.2024 23:00 - 21.10.2024 00:00","0","947"
"21.10.2024 00:00 - 21.10.2024 01:00","0","1762"
"21.10.2024 01:00 - 21.10.2024 02:00","0","2318"
"21.10.2024 02:00 - 21.10.2024 03:00","0","2315"
"21.10.2024 03:00 - 21.10.2024 04:00","0","2279"
"21.10.2024 04:00 - 21.10.2024 05:00","0","2485"
"21.10.2024 05:00 - 21.10.2024 06:00","0","2422"
"21.10.2024 06:00 - 21.10.2024 07:00","0","1811"
"21.10.2024 07:00 - 21.10.2024 08:00","0","303"
"21.10.2024 08:00 - 21.10.2024 09:00","154","0"
"21.10.2024 09:00 - 21.10.2024 10:00","0","669"
"21.10.2024 10:00 - 21.10.2024 11:00","0","2615"
"21.10.2024 11:00 - 21.10.2024 12:00","0","3504"
"21.10.2024 12:00 - 21.10.2024 13:00","0","3767"
"21.10.2024 13:00 - 21.10.2024 14:00","0","3900"
"21.10.2024 14:00 - 21.10.2024 15:00","0","3833"
"21.10.2024 15:00 - 21.10.2024 16:00","0","3545"
"21.10.2024 16:00 - 21.10.2024 17:00","0","3520"
"21.10.2024 17:00 - 21.10.2024 18:00","0","3547"
"21.10.2024 18:00 - 21.10.2024 19:00","0","2361"
"21.10.2024 19:00 - 21.10.2024 20:00","0","629"
"21.10.2024 20:00 - 21.10.2024 21:00","167","0"
"21.10.2024 21:00 - 21.10.2024 22:00","0","238"
"21.10.2024 22:00 - 21.10.2024 23:00","0","934"
"21.10.2024 23:00 - 22.10.2024 00:00","0","1482"
"22.10.2024 00:00 - 22.10.2024 01:00","0","2102"
"22.10.2024 01:00 - 22.10.2024 02:00","0","2156"
"22.10.2024 02:00 - 22.10.2024 03:00","0","2339"
"22.10.2024 03:00 - 22.10.2024 04:00","0","2453"
"22.10.2024 04:00 - 22.10.2024 05:00","0","2444"
"22.10.2024 05:00 - 22.10.2024 06:00","0","1875"
"22.10.2024 06:00 - 22.10.2024 07:00","0","1360"
"22.10.2024 07:00 - 22.10.2024 08:00","217","0"
"22.10.2024 08:00 - 22.10.2024 09:00","1208","0"
"22.10.2024 09:00 - 22.10.2024 10:00","620","0"
"22.10.2024 10:00 - 22.10.2024 11:00","0","443"
"22.10.2024 11:00 - 22.10.2024 12:00","0","2017"
"22.10.2024 12:00 - 22.10.2024 13:00","0","2744"
"22.10.2024 13:00 - 22.10.2024 14:00","0","2629"
"22.10.2024 14:00 - 22.10.2024 15:00","0","2576"
"22.10.2024 15:00 - 22.10.2024 16:00","0","2749"
"22.10.2024 16:00 - 22.10.2024 17:00","0","3020"
"22.10.2024 17:00 - 22.10.2024 18:00","0","2831"
"22.10.2024 18:00 - 22.10.2024 19:00","0","1719"
"22.10.2024 19:00 - 22.10.2024 20:00","0","382"
"22.10.2024 20:00 - 22.10.2024 21:00","0","607"
"22.10.2024 21:00 - 22.10.2024 22:00","0","690"
"22.10.2024 22:00 - 22.10.2024 23:00","0","1126"
"22.10.2024 23:00 - 23.10.2024 00:00","0","1273"
"23.10.2024 00:00 - 23.10.2024 01:00","0","1142"
"23.10.2024 01:00 - 23.10.2024 02:00","0","1195"
"23.10.2024 02:00 - 23.10.2024 03:00","0","1299"
"23.10.2024 03:00 - 23.10.2024 04:00","0","1612"
"23.10.2024 04:00 - 23.10.2024 05:00","0","1716"
"23.10.2024 05:00 - 23.10.2024 06:00","0","1272"
"23.10.2024 06:00 - 23.10.2024 07:00","0","475"
"23.10.2024 07:00 - 23.10.2024 08:00","1127","0"
"23.10.2024 08:00 - 23.10.2024 09:00","1863","0"
"23.10.2024 09:00 - 23.10.2024 10:00","1697","0"
"23.10.2024 10:00 - 23.10.2024 11:00","0","405"
"23.10.2024 11:00 - 23.10.2024 12:00","0","1632"
"23.10.2024 12:00 - 23.10.2024 13:00","0","2125"
"23.10.2024 13:00 - 23.10.2024 14:00","0","2685"
"23.10.2024 14:00 - 23.10.2024 15:00","0","2706"
"23.10.2024 15:00 - 23.10.2024 16:00","0","2785"
"23.10.2024 16:00 - 23.10.2024 17:00","0","2931"
"23.10.2024 17:00 - 23.10.2024 18:00","0","3078"
"23.10.2024 18:00 - 23.10.2024 19:00","0","1586"
"23.10.2024 19:00 - 23.10.2024 20:00","0","43"
"23.10.2024 20:00 - 23.10.2024 21:00","73","0"
"23.10.2024 21:00 - 23.10.2024 22:00","0","176"
"23.10.2024 22:00 - 23.10.2024 23:00","0","1020"
"23.10.2024 23:00 - 24.10.2024 00:00","0","1896"
"24.10.2024 00:00 - 24.10.2024 01:00","0","2033"
"24.10.2024 01:00 - 24.10.2024 02:00","0","2347"
"24.10.2024 02:00 - 24.10.2024 03:00","0","2714"
"24.10.2024 03:00 - 24.10.2024 04:00","0","2839"
"24.10.2024 04:00 - 24.10.2024 05:00","0","2761"
"24.10.2024 05:00 - 24.10.2024 06:00","0","2443"
"24.10.2024 06:00 - 24.10.2024 07:00","0","1762"
"24.10.2024 07:00 - 24.10.2024 08:00","0","677"
"24.10.2024 08:00 - 24.10.2024 09:00","802","0"
"24.10.2024 09:00 - 24.10.2024 10:00","592","0"
"24.10.2024 10:00 - 24.10.2024 11:00","0","1233"
"24.10.2024 11:00 - 24.10.2024 12:00","0","2067"
"24.10.2024 12:00 - 24.10.2024 13:00","0","2699"
"24.10.2024 13:00 - 24.10.2024 14:00","0","2819"
"24.10.2024 14:00 - 24.10.2024 15:00","0","2866"
"24.10.2024 15:00 - 24.10.2024 16:00","0","2921"
"24.10.2024 16:00 - 24.10.2024 17:00","0","3104"
"24.10.2024 17:00 - 24.10.2024 18:00","0","2918"
"24.10.2024 18:00 - 24.10.2024 19:00","0","2082"
"24.10.2024 19:00 - 24.10.2024 20:00","0","309"
"24.10.2024 20:00 - 24.10.2024 21:00","0","390"
"24.10.2024 21:00 - 24.10.2024 22:00","0","969"
"24.10.2024 22:00 - 24.10.2024 23:00","0","1931"
"24.10.2024 23:00 - 25.10.2024 00:00","0","2278"
"25.10.2024 00:00 - 25.10.2024 01:00","0","1739"
"25.10.2024 01:00 - 25.10.2024 02:00","0","1568"
"25.10.2024 02:00 - 25.10.2024 03:00","0","1928"
"25.10.2024 03:00 - 25.10.2024 04:00","0","2123"
"25.10.2024 04:00 - 25.10.2024 05:00","0","1956"
"25.10.2024 05:00 - 25.10.2024 06:00","0","1459"
"25.10.2024 06:00 - 25.10.2024 07:00","0","614"
"25.10.2024 07:00 - 25.10.2024 08:00","569","0"
"25.10.2024 08:00 - 25.10.2024 09:00","1271","0"
"25.10.2024 09:00 - 25.10.2024 10:00","828","0"
"25.10.2024 10:00 - 25.10.2024 11:00","196","0"
"25.10.2024 11:00 - 25.10.2024 12:00","0","572"
"25.10.2024 12:00 - 25.10.2024 13:00","0","120"
"25.10.2024 13:00 - 25.10.2024 14:00","0","240"
"25.10.2024 14:00 - 25.10.2024 15:00","0","822"
"25.10.2024 15:00 - 25.10.2024 16:00","0","1223"
"25.10.2024 16:00 - 25.10.2024 17:00","0","1112"
"25.10.2024 17:00 - 25.10.2024 18:00","0","1063"
"25.10.2024 18:00 - 25.10.2024 19:00","0","97"
"25.10.2024 19:00 - 25.10.2024 20:00","926","0"
"25.10.2024 20:00 - 25.10.2024 21:00","895","0"
"25.10.2024 21:00 - 25.10.2024 22:00","563","0"
"25.10.2024 22:00 - 25.10.2024 23:00","566","0"
"25.10.2024 23:00 - 26.10.2024 00:00","0","95"
"26.10.2024 00:00 - 26.10.2024 01:00","0","317"
"26.10.2024 01:00 - 26.10.2024 02:00","0","986"
"26.10.2024 02:00 - 26.10.2024 03:00","0","1686"
"26.10.2024 03:00 - 26.10.2024 04:00","0","2412"
"26.10.2024 04:00 - 26.10.2024 05:00","0","2757"
"26.10.2024 05:00 - 26.10.2024 06:00","0","2821"
"26.10.2024 06:00 - 26.10.2024 07:00","0","2692"
"26.10.2024 07:00 - 26.10.2024 08:00","0","2188"
"26.10.2024 08:00 - 26.10.2024 09:00","0","1918"
"26.10.2024 09:00 - 26.10.2024 10:00","0","1466"
"26.10.2024 10:00 - 26.10.2024 11:00","0","2107"
"26.10.2024 11:00 - 26.10.2024 12:00","0","2790"
"26.10.2024 12:00 - 26.10.2024 13:00","0","2589"
"26.10.2024 13:00 - 26.10.2024 14:00","0","2509"
"26.10.2024 14:00 - 26.10.2024 15:00","0","2340"
"26.10.2024 15:00 - 26.10.2024 16:00","0","2116"
"26.10.2024 16:00 - 26.10.2024 17:00","0","1941"
"26.10.2024 17:00 - 26.10.2024 18:00","0","2061"
"26.10.2024 18:00 - 26.10.2024 19:00","0","1399"
"26.10.2024 19:00 - 26.10.2024 20:00","281","0"
"26.10.2024 20:00 - 26.10.2024 21:00","96","0"
"26.10.2024 21:00 - 26.10.2024 22:00","187","0"
"26.10.2024 22:00 - 26.10.2024 23:00","73","0"
"26.10.2024 23:00 - 27.10.2024 00:00","178","0"
"27.10.2024 00:00 - 27.10.2024 01:00","371","0"
"27.10.2024 01:00 - 27.10.2024 02:00","266","0"
"27.10.2024 02:00 - 27.10.2024 03:00","0","949"
"27.10.2024 02:00 - 27.10.2024 03:00","0","1037"
"27.10.2024 03:00 - 27.10.2024 04:00","0","911"
"27.10.2024 04:00 - 27.10.2024 05:00","0","1018"
"27.10.2024 05:00 - 27.10.2024 06:00","0","1066"
"27.10.2024 06:00 - 27.10.2024 07:00","0","977"
"27.10.2024 07:00 - 27.10.2024 08:00","0","152"
"27.10.2024 08:00 - 27.10.2024 09:00","0","812"
"27.10.2024 09:00 - 27.10.2024 10:00","0","1241"
"27.10.2024 10:00 - 27.10.2024 11:00","0","1635"
"27.10.2024 11:00 - 27.10.2024 12:00","0","2516"
"27.10.2024 12:00 - 27.10.2024 13:00","0","2787"
"27.10.2024 13:00 - 27.10.2024 14:00","0","2637"
"27.10.2024 14:00 - 27.10.2024 15:00","0","2170"
"27.10.2024 15:00 - 27.10.2024 16:00","0","1838"
"27.10.2024 16:00 - 27.10.2024 17:00","0","1030"
"27.10.2024 17:00 - 27.10.2024 18:00","0","470"
"27.10.2024 18:00 - 27.10.2024 19:00","512","0"
"27.10.2024 19:00 - 27.10.2024 20:00","1361","0"
"27.10.2024 20:00 - 27.10.2024 21:00","1429","0"
"27.10.2024 21:00 - 27.10.2024 22:00","1472","0"
"27.10.2024 22:00 - 27.10.2024 23:00","1042","0"
"27.10.2024 23:00 - 28.10.2024 00:00","0","2"
"28.10.2024 00:00 - 28.10.2024 01:00","0","234"
"28.10.2024 01:00 - 28.10.2024 02:00","0","895"
"28.10.2024 02:00 - 28.10.2024 03:00","0","1413"
"28.10.2024 03:00 - 28.10.2024 04:00","0","1652"
"28.10.2024 04:00 - 28.10.2024 05:00","0","1502"
"28.10.2024 05:00 - 28.10.2024 06:00","0","1134"
"28.10.2024 06:00 - 28.10.2024 07:00","116","0"
"28.10.2024 07:00 - 28.10.2024 08:00","1662","0"
"28.10.2024 08:00 - 28.10.2024 09:00","2264","0"
"28.10.2024 09:00 - 28.10.2024 10:00","566","0"
"28.10.2024 10:00 - 28.10.2024 11:00","0","847"
"28.10.2024 11:00 - 28.10.2024 12:00","0","1361"
"28.10.2024 12:00 - 28.10.2024 13:00","0","1730"
"28.10.2024 13:00 - 28.10.2024 14:00","0","1768"
"28.10.2024 14:00 - 28.10.2024 15:00","0","1772"
"28.10.2024 15:00 - 28.10.2024 16:00","0","1777"
"28.10.2024 16:00 - 28.10.2024 17:00","0","1166"
"28.10.2024 17:00 - 28.10.2024 18:00","133","0"
"28.10.2024 18:00 - 28.10.2024 19:00","62","0"
"28.10.2024 19:00 - 28.10.2024 20:00","796","0"
"28.10.2024 20:00 - 28.10.2024 21:00","1119","0"
"28.10.2024 21:00 - 28.10.2024 22:00","925","0"
"28.10.2024 22:00 - 28.10.2024 23:00","784","0"
"28.10.2024 23:00 - 29.10.2024 00:00","539","0"
"29.10.2024 00:00 - 29.10.2024 01:00","150","0"
"29.10.2024 01:00 - 29.10.2024 02:00","0","237"
"29.10.2024 02:00 - 29.10.2024 03:00","0","689"
"29.10.2024 03:00 - 29.10.2024 04:00","0","1123"
"29.10.2024 04:00 - 29.10.2024 05:00","0","1090"
"29.10.2024 05:00 - 29.10.2024 06:00","0","649"
"29.10.2024 06:00 - 29.10.2024 07:00","582","0"
"29.10.2024 07:00 - 29.10.2024 08:00","1985","0"
"29.10.2024 08:00 - 29.10.2024 09:00","2352","0"
"29.10.2024 09:00 - 29.10.2024 10:00","688","0"
"29.10.2024 10:00 - 29.10.2024 11:00","559","0"
"29.10.2024 11:00 - 29.10.2024 12:00","269","0"
"29.10.2024 12:00 - 29.10.2024 13:00","242","0"
"29.10.2024 13:00 - 29.10.2024 14:00","23","0"
"29.10.2024 14:00 - 29.10.2024 15:00","0","106"
"29.10.2024 15:00 - 29.10.2024 16:00","0","263"
"29.10.2024 16:00 - 29.10.2024 17:00","0","123"
"29.10.2024 17:00 - 29.10.2024 18:00","0","219"
"29.10.2024 18:00 - 29.10.2024 19:00","3","0"
"29.10.2024 19:00 - 29.10.2024 20:00","551","0"
"29.10.2024 20:00 - 29.10.2024 21:00","1148","0"
"29.10.2024 21:00 - 29.10.2024 22:00","721","0"
"29.10.2024 22:00 - 29.10.2024 23:00","0","394"
"29.10.2024 23:00 - 30.10.2024 00:00","0","1273"
"30.10.2024 00:00 - 30.10.2024 01:00","0","1923"
"30.10.2024 01:00 - 30.10.2024 02:00","0","1872"
"30.10.2024 02:00 - 30.10.2024 03:00","0","2177"
"30.10.2024 03:00 - 30.10.2024 04:00","0","2305"
"30.10.2024 04:00 - 30.10.2024 05:00","0","1910"
"30.10.2024 05:00 - 30.10.2024 06:00","0","1763"
"30.10.2024 06:00 - 30.10.2024 07:00","0","931"
"30.10.2024 07:00 - 30.10.2024 08:00","324","0"
"30.10.2024 08:00 - 30.10.2024 09:00","941","0"
"30.10.2024 09:00 - 30.10.2024 10:00","79","0"
"30.10.2024 10:00 - 30.10.2024 11:00","0","1743"
"30.10.2024 11:00 - 30.10.2024 12:00","0","1997"
"30.10.2024 12:00 - 30.10.2024 13:00","0","1850"
"30.10.2024 13:00 - 30.10.2024 14:00","0","2551"
"30.10.2024 14:00 - 30.10.2024 15:00","0","2308"
"30.10.2024 15:00 - 30.10.2024 16:00","0","2252"
"30.10.2024 16:00 - 30.10.2024 17:00","0","1620"
"30.10.2024 17:00 - 30.10.2024 18:00","0","314"
"30.10.2024 18:00 - 30.10.2024 19:00","591","0"
"30.10.2024 19:00 - 30.10.2024 20:00","703","0"
"30.10.2024 20:00 - 30.10.2024 21:00","638","0"
"30.10.2024 21:00 - 30.10.2024 22:00","561","0"
"30.10.2024 22:00 - 30.10.2024 23:00","324","0"
"30.10.2024 23:00 - 31.10.2024 00:00","0","511"
"31.10.2024 00:00 - 31.10.2024 01:00","0","545"
"31.10.2024 01:00 - 31.10.2024 02:00","0","877"
"31.10.2024 02:00 - 31.10.2024 03:00","0","878"
"31.10.2024 03:00 - 31.10.2024 04:00","0","908"
"31.10.2024 04:00 - 31.10.2024 05:00","0","1109"
"31.10.2024 05:00 - 31.10.2024 06:00","0","936"
"31.10.2024 06:00 - 31.10.2024 07:00","685","0"
"31.10.2024 07:00 - 31.10.2024 08:00","2420","0"
"31.10.2024 08:00 - 31.10.2024 09:00","2644","0"
"31.10.2024 09:00 - 31.10.2024 10:00","1800","0"
"31.10.2024 10:00 - 31.10.2024 11:00","730","0"
"31.10.2024 11:00 - 31.10.2024 12:00","0","502"
"31.10.2024 12:00 - 31.10.2024 13:00","0","907"
"31.10.2024 13:00 - 31.10.2024 14:00","0","988"
"31.10.2024 14:00 - 31.10.2024 15:00","0","735"
"31.10.2024 15:00 - 31.10.2024 16:00","0","66"
"31.10.2024 16:00 - 31.10.2024 17:00","406","0"
"31.10.2024 17:00 - 31.10.2024 18:00","1318","0"
"31.10.2024 18:00 - 31.10.2024 19:00","1566","0"
"31.10.2024 19:00 - 31.10.2024 20:00","1220","0"
"31.10.2024 20:00 - 31.10.2024 21:00","1016","0"
"31.10.2024 21:00 - 31.10.2024 22:00","589","0"
"31.10.2024 22:00 - 31.10.2024 23:00","568","0"
"31.10.2024 23:00 - 01.11.2024 00:00","0","115"
"01.11.2024 00:00 - 01.11.2024 01:00","43","0"
"01.11.2024 01:00 - 01.11.2024 02:00","75","0"
"01.11.2024 02:00 - 01.11.2024 03:00","0","442"
"01.11.2024 03:00 - 01.11.2024 04:00","0","1628"
"01.11.2024 04:00 - 01.11.2024 05:00","0","2162"
"01.11.2024 05:00 - 01.11.2024 06:00","0","1605"
"01.11.2024 06:00 - 01.11.2024 07:00","0","413"
"01.11.2024 07:00 - 01.11.2024 08:00","566","0"
"01.11.2024 08:00 - 01.11.2024 09:00","255","0"
"01.11.2024 09:00 - 01.11.2024 10:00","0","956"
"01.11.2024 10:00 - 01.11.2024 11:00","0","2130"
"01.11.2024 11:00 - 01.11.2024 12:00","0","2848"
"01.11.2024 12:00 - 01.11.2024 13:00","0","3054"
"01.11.2024 13:00 - 01.11.2024 14:00","0","3267"
"01.11.2024 14:00 - 01.11.2024 15:00","0","2886"
"01.11.2024 15:00 - 01.11.2024 16:00","0","2908"
"01.11.2024 16:00 - 01.11.2024 17:00","0","1619"
"01.11.2024 17:00 - 01.11.2024 18:00","150","0"
"01.11.2024 18:00 - 01.11.2024 19:00","1549","0"
"01.11.2024 19:00 - 01.11.2024 20:00","1806","0"
"01.11.2024 20:00 - 01.11.2024 21:00","1163","0"
"01.11.2024 21:00 - 01.11.2024 22:00","1207","0"
"01.11.2024 22:00 - 01.11.2024 23:00","1059","0"
"01.11.2024 23:00 - 02.11.2024 00:00","785","0"
"02.11.2024 00:00 - 02.11.2024 01:00","0","259"
"02.11.2024 01:00 - 02.11.2024 02:00","0","442"
"02.11.2024 02:00 - 02.11.2024 03:00","0","396"
"02.11.2024 03:00 - 02.11.2024 04:00","0","688"
"02.11.2024 04:00 - 02.11.2024 05:00","0","728"
"02.11.2024 05:00 - 02.11.2024 06:00","0","1235"
"02.11.2024 06:00 - 02.11.2024 07:00","0","308"
"02.11.2024 07:00 - 02.11.2024 08:00","482","0"
"02.11.2024 08:00 - 02.11.2024 09:00","803","0"
"02.11.2024 09:00 - 02.11.2024 10:00","194","0"
"02.11.2024 10:00 - 02.11.2024 11:00","0","1147"
"02.11.2024 11:00 - 02.11.2024 12:00","0","1854"
"02.11.2024 12:00 - 02.11.2024 13:00","0","1873"
"02.11.2024 13:00 - 02.11.2024 14:00","0","2164"
"02.11.2024 14:00 - 02.11.2024 15:00","0","2493"
"02.11.2024 15:00 - 02.11.2024 16:00","0","2676"
"02.11.2024 16:00 - 02.11.2024 17:00","0","2389"
"02.11.2024 17:00 - 02.11.2024 18:00","0","1278"
"02.11.2024 18:00 - 02.11.2024 19:00","346","0"
"02.11.2024 19:00 - 02.11.2024 20:00","1084","0"
"02.11.2024 20:00 - 02.11.2024 21:00","969","0"
"02.11.2024 21:00 - 02.11.2024 22:00","672","0"
"02.11.2024 22:00 - 02.11.2024 23:00","333","0"
"02.11.2024 23:00 - 03.11.2024 00:00","70","0"
"03.11.2024 00:00 - 03.11.2024 01:00","0","371"
"03.11.2024 01:00 - 03.11.2024 02:00","0","667"
"03.11.2024 02:00 - 03.11.2024 03:00","0","1712"
"03.11.2024 03:00 - 03.11.2024 04:00","0","2146"
"03.11.2024 04:00 - 03.11.2024 05:00","0","2174"
"03.11.2024 05:00 - 03.11.2024 06:00","0","1986"
"03.11.2024 06:00 - 03.11.2024 07:00","0","1990"
"03.11.2024 07:00 - 03.11.2024 08:00","0","1336"
"03.11.2024 08:00 - 03.11.2024 09:00","0","1265"
"03.11.2024 09:00 - 03.11.2024 10:00","0","1582"
"03.11.2024 10:00 - 03.11.2024 11:00","0","1813"
"03.11.2024 11:00 - 03.11.2024 12:00","0","2082"
"03.11.2024 12:00 - 03.11.2024 13:00","0","2332"
"03.11.2024 13:00 - 03.11.2024 14:00","0","2653"
"03.11.2024 14:00 - 03.11.2024 15:00","0","2816"
"03.11.2024 15:00 - 03.11.2024 16:00","0","3022"
"03.11.2024 16:00 - 03.11.2024 17:00","0","2296"
"03.11.2024 17:00 - 03.11.2024 18:00","28","0"
"03.11.2024 18:00 - 03.11.2024 19:00","1694","0"
"03.11.2024 19:00 - 03.11.2024 20:00","2443","0"
"03.11.2024 20:00 - 03.11.2024 21:00","2110","0"
"03.11.2024 21:00 - 03.11.2024 22:00","1851","0"
"03.11.2024 22:00 - 03.11.2024 23:00","1697","0"
"03.11.2024 23:00 - 04.11.2024 00:00","956","0"
"04.11.2024 00:00 - 04.11.2024 01:00","0","457"
"04.11.2024 01:00 - 04.11.2024 02:00","0","1007"
"04.11.2024 02:00 - 04.11.2024 03:00","0","1520"
"04.11.2024 03:00 - 04.11.2024 04:00","0","2421"
"04.11.2024 04:00 - 04.11.2024 05:00","0","2476"
"04.11.2024 05:00 - 04.11.2024 06:00","0","1971"
"04.11.2024 06:00 - 04.11.2024 07:00","47","0"
"04.11.2024 07:00 - 04.11.2024 08:00","1934","0"
"04.11.2024 08:00 - 04.11.2024 09:00","2533","0"
"04.11.2024 09:00 - 04.11.2024 10:00","2125","0"
"04.11.2024 10:00 - 04.11.2024 11:00","110","0"
"04.11.2024 11:00 - 04.11.2024 12:00","0","871"
"04.11.2024 12:00 - 04.11.2024 13:00","0","1567"
"04.11.2024 13:00 - 04.11.2024 14:00","0","1821"
"04.11.2024 14:00 - 04.11.2024 15:00","0","2376"
"04.11.2024 15:00 - 04.11.2024 16:00","0","1670"
"04.11.2024 16:00 - 04.11.2024 17:00","0","1216"
"04.11.2024 17:00 - 04.11.2024 18:00","506","0"
"04.11.2024 18:00 - 04.11.2024 19:00","1630","0"
"04.11.2024 19:00 - 04.11.2024 20:00","1715","0"
"04.11.2024 20:00 - 04.11.2024 21:00","1253","0"
"04.11.2024 21:00 - 04.11.2024 22:00","888","0"
"04.11.2024 22:00 - 04.11.2024 23:00","239","0"
"04.11.2024 23:00 - 05.11.2024 00:00","0","493"
"05.11.2024 00:00 - 05.11.2024 01:00","0","942"
"05.11.2024 01:00 - 05.11.2024 02:00","0","1259"
"05.11.2024 02:00 - 05.11.2024 03:00","0","1390"
"05.11.2024 03:00 - 05.11.2024 04:00","0","1294"
"05.11.2024 04:00 - 05.11.2024 05:00","0","1326"
"05.11.2024 05:00 - 05.11.2024 06:00","0","1161"
"05.11.2024 06:00 - 05.11.2024 07:00","79","0"
"05.11.2024 07:00 - 05.11.2024 08:00","1998","0"
"05.11.2024 08:00 - 05.11.2024 09:00","2465","0"
"05.11.2024 09:00 - 05.11.2024 10:00","823","0"
"05.11.2024 10:00 - 05.11.2024 11:00","0","945"
"05.11.2024 11:00 - 05.11.2024 12:00","0","2227"
"05.11.2024 12:00 - 05.11.2024 13:00","0","2953"
"05.11.2024 13:00 - 05.11.2024 14:00","0","2600"
"05.11.2024 14:00 - 05.11.2024 15:00","0","2001"
"05.11.2024 15:00 - 05.11.2024 16:00","0","2093"
"05.11.2024 16:00 - 05.11.2024 17:00","0","1586"
"05.11.2024 17:00 - 05.11.2024 18:00","0","25"
"05.11.2024 18:00 - 05.11.2024 19:00","847","0"
"05.11.2024 19:00 - 05.11.2024 20:00","658","0"
"05.11.2024 20:00 - 05.11.2024 21:00","172","0"
"05.11.2024 21:00 - 05.11.2024 22:00","0","428"
"05.11.2024 22:00 - 05.11.2024 23:00","0","908"
"05.11.2024 23:00 - 06.11.2024 00:00","0","1529"
"06.11.2024 00:00 - 06.11.2024 01:00","0","431"
"06.11.2024 01:00 - 06.11.2024 02:00","0","492"
"06.11.2024 02:00 - 06.11.2024 03:00","0","567"
"06.11.2024 03:00 - 06.11.2024 04:00","0","831"
"06.11.2024 04:00 - 06.11.2024 05:00","0","1227"
"06.11.2024 05:00 - 06.11.2024 06:00","0","971"
"06.11.2024 06:00 - 06.11.2024 07:00","0","186"
"06.11.2024 07:00 - 06.11.2024 08:00","1048","0"
"06.11.2024 08:00 - 06.11.2024 09:00","1692","0"
"06.11.2024 09:00 - 06.11.2024 10:00","9","0"
"06.11.2024 10:00 - 06.11.2024 11:00","0","1526"
"06.11.2024 11:00 - 06.11.2024 12:00","0","2996"
"06.11.2024 12:00 - 06.11.2024 13:00","0","3461"
"06.11.2024 13:00 - 06.11.2024 14:00","0","3490"
"06.11.2024 14:00 - 06.11.2024 15:00","0","3531"
"06.11.2024 15:00 - 06.11.2024 16:00","0","3490"
"06.11.2024 16:00 - 06.11.2024 17:00","0","3297"
"06.11.2024 17:00 - 06.11.2024 18:00","0","820"
"06.11.2024 18:00 - 06.11.2024 19:00","968","0"
"06.11.2024 19:00 - 06.11.2024 20:00","1269","0"
"06.11.2024 20:00 - 06.11.2024 21:00","874","0"
"06.11.2024 21:00 - 06.11.2024 22:00","739","0"
"06.11.2024 22:00 - 06.11.2024 23:00","106","0"
"06.11.2024 23:00 - 07.11.2024 00:00","182","0"
"07.11.2024 00:00 - 07.11.2024 01:00","0","685"
"07.11.2024 01:00 - 07.11.2024 02:00","0","1513"
"07.11.2024 02:00 - 07.11.2024 03:00","0","1943"
"07.11.2024 03:00 - 07.11.2024 04:00","0","1730"
"07.11.2024 04:00 - 07.11.2024 05:00","0","1555"
"07.11.2024 05:00 - 07.11.2024 06:00","0","1484"
"07.11.2024 06:00 - 07.11.2024 07:00","0","644"
"07.11.2024 07:00 - 07.11.2024 08:00","1117","0"
"07.11.2024 08:00 - 07.11.2024 09:00","1105","0"
"07.11.2024 09:00 - 07.11.2024 10:00","0","948"
"07.11.2024 10:00 - 07.11.2024 11:00","0","1765"
"07.11.2024 11:00 - 07.11.2024 12:00","0","2535"
"07.11.2024 12:00 - 07.11.2024 13:00","0","2491"
"07.11.2024 13:00 - 07.11.2024 14:00","0","2490"
"07.11.2024 14:00 - 07.11.2024 15:00","0","2977"
"07.11.2024 15:00 - 07.11.2024 16:00","0","3275"
"07.11.2024 16:00 - 07.11.2024 17:00","0","2126"
"07.11.2024 17:00 - 07.11.2024 18:00","0","284"
"07.11.2024 18:00 - 07.11.2024 19:00","860","0"
"07.11.2024 19:00 - 07.11.2024 20:00","1171","0"
"07.11.2024 20:00 - 07.11.2024 21:00","811","0"
"07.11.2024 21:00 - 07.11.2024 22:00","865","0"
"07.11.2024 22:00 - 07.11.2024 23:00","0","340"
"07.11.2024 23:00 - 08.11.2024 00:00","0","401"
"08.11.2024 00:00 - 08.11.2024 01:00","0","395"
"08.11.2024 01:00 - 08.11.2024 02:00","0","614"
"08.11.2024 02:00 - 08.11.2024 03:00","0","1201"
"08.11.2024 03:00 - 08.11.2024 04:00","0","1562"
"08.11.2024 04:00 - 08.11.2024 05:00","0","1692"
"08.11.2024 05:00 - 08.11.2024 06:00","0","1704"
"08.11.2024 06:00 - 08.11.2024 07:00","0","1435"
"08.11.2024 07:00 - 08.11.2024 08:00","262","0"
"08.11.2024 08:00 - 08.11.2024 09:00","967","0"
"08.11.2024 09:00 - 08.11.2024 10:00","0","466"
"08.11.2024 10:00 - 08.11.2024 11:00","0","1857"
"08.11.2024 11:00 - 08.11.2024 12:00","0","2603"
"08.11.2024 12:00 - 08.11.2024 13:00","0","2903"
"08.11.2024 13:00 - 08.11.2024 14:00","0","2905"
"08.11.2024 14:00 - 08.11.2024 15:00","0","2295"
"08.11.2024 15:00 - 08.11.2024 16:00","0","2141"
"08.11.2024 16:00 - 08.11.2024 17:00","0","1316"
"08.11.2024 17:00 - 08.11.2024 18:00","0","670"
"08.11.2024 18:00 - 08.11.2024 19:00","0","925"
"08.11.2024 19:00 - 08.11.2024 20:00","0","1331"
"08.11.2024 20:00 - 08.11.2024 21:00","0","1916"
"08.11.2024 21:00 - 08.11.2024 22:00","0","2330"
"08.11.2024 22:00 - 08.11.2024 23:00","0","2791"
"08.11.2024 23:00 - 09.11.2024 00:00","0","2655"
"09.11.2024 00:00 - 09.11.2024 01:00","0","2466"
"09.11.2024 01:00 - 09.11.2024 02:00","0","2554"
"09.11.2024 02:00 - 09.11.2024 03:00","0","2799"
"09.11.2024 03:00 - 09.11.2024 04:00","0","3150"
"09.11.2024 04:00 - 09.11.2024 05:00","0","2929"
"09.11.2024 05:00 - 09.11.2024 06:00","0","2703"
"09.11.2024 06:00 - 09.11.2024 07:00","0","2433"
"09.11.2024 07:00 - 09.11.2024 08:00","0","2012"
"09.11.2024 08:00 - 09.11.2024 09:00","0","1666"
"09.11.2024 09:00 - 09.11.2024 10:00","0","1672"
"09.11.2024 10:00 - 09.11.2024 11:00","0","1923"
"09.11.2024 11:00 - 09.11.2024 12:00","0","2038"
"09.11.2024 12:00 - 09.11.2024 13:00","0","2411"
"09.11.2024 13:00 - 09.11.2024 14:00","0","2733"
"09.11.2024 14:00 - 09.11.2024 15:00","0","3066"
"09.11.2024 15:00 - 09.11.2024 16:00","0","3556"
"09.11.2024 16:00 - 09.11.2024 17:00","0","2904"
"09.11.2024 17:00 - 09.11.2024 18:00","0","1207"
"09.11.2024 18:00 - 09.11.2024 19:00","0","269"
"09.11.2024 19:00 - 09.11.2024 20:00","0","240"
"09.11.2024 20:00 - 09.11.2024 21:00","0","327"
"09.11.2024 21:00 - 09.11.2024 22:00","0","1074"
"09.11.2024 22:00 - 09.11.2024 23:00","0","1903"
"09.11.2024 23:00 - 10.11.2024 00:00","0","2298"
"10.11.2024 00:00 - 10.11.2024 01:00","0","2841"
"10.11.2024 01:00 - 10.11.2024 02:00","0","2305"
"10.11.2024 02:00 - 10.11.2024 03:00","0","1815"
"10.11.2024 03:00 - 10.11.2024 04:00","0","1646"
"10.11.2024 04:00 - 10.11.2024 05:00","0","1713"
"10.11.2024 05:00 - 10.11.2024 06:00","0","1695"
"10.11.2024 06:00 - 10.11.2024 07:00","0","1640"
"10.11.2024 07:00 - 10.11.2024 08:00","0","955"
"10.11.2024 08:00 - 10.11.2024 09:00","0","1478"
"10.11.2024 09:00 - 10.11.2024 10:00","0","2134"
"10.11.2024 10:00 - 10.11.2024 11:00","0","2396"
"10.11.2024 11:00 - 10.11.2024 12:00","0","2911"
"10.11.2024 12:00 - 10.11.2024 13:00","0","3016"
"10.11.2024 13:00 - 10.11.2024 14:00","0","2988"
"10.11.2024 14:00 - 10.11.2024 15:00","0","2902"
"10.11.2024 15:00 - 10.11.2024 16:00","0","2754"
"10.11.2024 16:00 - 10.11.2024 17:00","0","2322"
"10.11.2024 17:00 - 10.11.2024 18:00","0","1502"
"10.11.2024 18:00 - 10.11.2024 19:00","481","0"
"10.11.2024 19:00 - 10.11.2024 20:00","733","0"
"10.11.2024 20:00 - 10.11.2024 21:00","114","0"
"10.11.2024 21:00 - 10.11.2024 22:00","0","817"
"10.11.2024 22:00 - 10.11.2024 23:00","0","1465"
"10.11.2024 23:00 - 11.11.2024 00:00","0","1810"
"11.11.2024 00:00 - 11.11.2024 01:00","0","1547"
"11.11.2024 01:00 - 11.11.2024 02:00","0","1631"
"11.11.2024 02:00 - 11.11.2024 03:00","0","1758"
"11.11.2024 03:00 - 11.11.2024 04:00","0","1749"
"11.11.2024 04:00 - 11.11.2024 05:00","0","2016"
"11.11.2024 05:00 - 11.11.2024 06:00","0","2016"
"11.11.2024 06:00 - 11.11.2024 07:00","0","1233"
"11.11.2024 07:00 - 11.11.2024 08:00","0","152"
"11.11.2024 08:00 - 11.11.2024 09:00","277","0"
"11.11.2024 09:00 - 11.11.2024 10:00","0","1055"
"11.11.2024 10:00 - 11.11.2024 11:00","0","2442"
"11.11.2024 11:00 - 11.11.2024 12:00","0","2751"
"11.11.2024 12:00 - 11.11.2024 13:00","0","2502"
"11.11.2024 13:00 - 11.11.2024 14:00","0","2410"
"11.11.2024 14:00 - 11.11.2024 15:00","0","2558"
"11.11.2024 15:00 - 11.11.2024 16:00","0","2799"
"11.11.2024 16:00 - 11.11.2024 17:00","0","3009"
"11.11.2024 17:00 - 11.11.2024 18:00","0","2752"
"11.11.2024 18:00 - 11.11.2024 19:00","0","1283"
"11.11.2024 19:00 - 11.11.2024 20:00","0","355"
"11.11.2024 20:00 - 11.11.2024 21:00","0","357"
"11.11.2024 21:00 - 11.11.2024 22:00","0","1056"
"11.11.2024 22:00 - 11.11.2024 23:00","0","1243"
"11.11.2024 23:00 - 12.11.2024 00:00","0","1269"
"12.11.2024 00:00 - 12.11.2024 01:00","0","1703"
"12.11.2024 01:00 - 12.11.2024 02:00","0","1721"
"12.11.2024 02:00 - 12.11.2024 03:00","0","1428"
"12.11.2024 03:00 - 12.11.2024 04:00","0","1272"
"12.11.2024 04:00 - 12.11.2024 05:00","0","1229"
"12.11.2024 05:00 - 12.11.2024 06:00","0","936"
"12.11.2024 06:00 - 12.11.2024 07:00","0","994"
"12.11.2024 07:00 - 12.11.2024 08:00","0","439"
"12.11.2024 08:00 - 12.11.2024 09:00","0","445"
"12.11.2024 09:00 - 12.11.2024 10:00","0","1888"
"12.11.2024 10:00 - 12.11.2024 11:00","0","2415"
"12.11.2024 11:00 - 12.11.2024 12:00","0","2401"
"12.11.2024 12:00 - 12.11.2024 13:00","0","2310"
"12.11.2024 13:00 - 12.11.2024 14:00","0","2120"
"12.11.2024 14:00 - 12.11.2024 15:00","0","2210"
"12.11.2024 15:00 - 12.11.2024 16:00","0","2562"
"12.11.2024 16:00 - 12.11.2024 17:00","0","2582"
"12.11.2024 17:00 - 12.11.2024 18:00","0","2451"
"12.11.2024 18:00 - 12.11.2024 19:00","0","1297"
"12.11.2024 19:00 - 12.11.2024 20:00","0","641"
"12.11.2024 20:00 - 12.11.2024 21:00","0","15"
"12.11.2024 21:00 - 12.11.2024 22:00","0","166"
"12.11.2024 22:00 - 12.11.2024 23:00","0","346"
"12.11.2024 23:00 - 13.11.2024 00:00","0","90"
"13.11.2024 00:00 - 13.11.2024 01:00","9","0"
"13.11.2024 01:00 - 13.11.2024 02:00","0","6"
"13.11.2024 02:00 - 13.11.2024 03:00","0","36"
"13.11.2024 03:00 - 13.11.2024 04:00","0","270"
"13.11.2024 04:00 - 13.11.2024 05:00","0","496"
"13.11.2024 05:00 - 13.11.2024 06:00","0","298"
"13.11.2024 06:00 - 13.11.2024 07:00","1","0"
"13.11.2024 07:00 - 13.11.2024 08:00","1313","0"
"13.11.2024 08:00 - 13.11.2024 09:00","1751","0"
"13.11.2024 09:00 - 13.11.2024 10:00","1392","0"
"13.11.2024 10:00 - 13.11.2024 11:00","971","0"
"13.11.2024 11:00 - 13.11.2024 12:00","0","20"
"13.11.2024 12:00 - 13.11.2024 13:00","0","44"
"13.11.2024 13:00 - 13.11.2024 14:00","158","0"
"13.11.2024 14:00 - 13.11.2024 15:00","128","0"
"13.11.2024 15:00 - 13.11.2024 16:00","815","0"
"13.11.2024 16:00 - 13.11.2024 17:00","505","0"
"13.11.2024 17:00 - 13.11.2024 18:00","264","0"
"13.11.2024 18:00 - 13.11.2024 19:00","744","0"
"13.11.2024 19:00 - 13.11.2024 20:00","1371","0"
"13.11.2024 20:00 - 13.11.2024 21:00","1441","0"
"13.11.2024 21:00 - 13.11.2024 22:00","1106","0"
"13.11.2024 22:00 - 13.11.2024 23:00","1026","0"
"13.11.2024 23:00 - 14.11.2024 00:00","354","0"
"14.11.2024 00:00 - 14.11.2024 01:00","0","406"
"14.11.2024 01:00 - 14.11.2024 02:00","0","494"
"14.11.2024 02:00 - 14.11.2024 03:00","0","665"
"14.11.2024 03:00 - 14.11.2024 04:00","0","375"
"14.11.2024 04:00 - 14.11.2024 05:00","0","123"
"14.11.2024 05:00 - 14.11.2024 06:00","383","0"
"14.11.2024 06:00 - 14.11.2024 07:00","563","0"
"14.11.2024 07:00 - 14.11.2024 08:00","1814","0"
"14.11.2024 08:00 - 14.11.2024 09:00","2438","0"
"14.11.2024 09:00 - 14.11.2024 10:00","1514","0"
"14.11.2024 10:00 - 14.11.2024 11:00","302","0"
"14.11.2024 11:00 - 14.11.2024 12:00","0","4"
"14.11.2024 12:00 - 14.11.2024 13:00","0","340"
"14.11.2024 13:00 - 14.11.2024 14:00","0","90"
"14.11.2024 14:00 - 14.11.2024 15:00","0","87"
"14.11.2024 15:00 - 14.11.2024 16:00","283","0"
"14.11.2024 16:00 - 14.11.2024 17:00","966","0"
"14.11.2024 17:00 - 14.11.2024 18:00","1704","0"
"14.11.2024 18:00 - 14.11.2024 19:00","2224","0"
"14.11.2024 19:00 - 14.11.2024 20:00","2346","0"
"14.11.2024 20:00 - 14.11.2024 21:00","1791","0"
"14.11.2024 21:00 - 14.11.2024 22:00","1101","0"
"14.11.2024 22:00 - 14.11.2024 23:00","492","0"
"14.11.2024 23:00 - 15.11.2024 00:00","0","106"
"15.11.2024 00:00 - 15.11.2024 01:00","0","921"
"15.11.2024 01:00 - 15.11.2024 02:00","0","1011"
"15.11.2024 02:00 - 15.11.2024 03:00","0","968"
"15.11.2024 03:00 - 15.11.2024 04:00","0","1271"
"15.11.2024 04:00 - 15.11.2024 05:00","0","1352"
"15.11.2024 05:00 - 15.11.2024 06:00","0","1239"
"15.11.2024 06:00 - 15.11.2024 07:00","38","0"
"15.11.2024 07:00 - 15.11.2024 08:00","2156","0"
"15.11.2024 08:00 - 15.11.2024 09:00","2462","0"
"15.11.2024 09:00 - 15.11.2024 10:00","1235","0"
"15.11.2024 10:00 - 15.11.2024 11:00","0","174"
"15.11.2024 11:00 - 15.11.2024 12:00","0","1053"
"15.11.2024 12:00 - 15.11.2024 13:00","0","1578"
"15.11.2024 13:00 - 15.11.2024 14:00","0","1554"
"15.11.2024 14:00 - 15.11.2024 15:00","0","1040"
"15.11.2024 15:00 - 15.11.2024 16:00","0","807"
"15.11.2024 16:00 - 15.11.2024 17:00","0","749"
"15.11.2024 17:00 - 15.11.2024 18:00","602","0"
"15.11.2024 18:00 - 15.11.2024 19:00","1406","0"
"15.11.2024 19:00 - 15.11.2024 20:00","1503","0"
"15.11.2024 20:00 - 15.11.2024 21:00","1197","0"
"15.11.2024 21:00 - 15.11.2024 22:00","735","0"
"15.11.2024 22:00 - 15.11.2024 23:00","0","300"
"15.11.2024 23:00 - 16.11.2024 00:00","0","846"
"16.11.2024 00:00 - 16.11.2024 01:00","0","937"
"16.11.2024 01:00 - 16.11.2024 02:00","0","926"
"16.11.2024 02:00 - 16.11.2024 03:00","0","991"
"16.11.2024 03:00 - 16.11.2024 04:00","0","923"
"16.11.2024 04:00 - 16.11.2024 05:00","0","878"
"16.11.2024 05:00 - 16.11.2024 06:00","0","957"
"16.11.2024 06:00 - 16.11.2024 07:00","0","526"
"16.11.2024 07:00 - 16.11.2024 08:00","0","385"
"16.11.2024 08:00 - 16.11.2024 09:00","367","0"
"16.11.2024 09:00 - 16.11.2024 10:00","501","0"
"16.11.2024 10:00 - 16.11.2024 11:00","503","0"
"16.11.2024 11:00 - 16.11.2024 12:00","95","0"
"16.11.2024 12:00 - 16.11.2024 13:00","0","39"
"16.11.2024 13:00 - 16.11.2024 14:00","0","161"
"16.11.2024 14:00 - 16.11.2024 15:00","0","346"
"16.11.2024 15:00 - 16.11.2024 16:00","0","564"
"16.11.2024 16:00 - 16.11.2024 17:00","0","158"
"16.11.2024 17:00 - 16.11.2024 18:00","779","0"
"16.11.2024 18:00 - 16.11.2024 19:00","1285","0"
"16.11.2024 19:00 - 16.11.2024 20:00","2285","0"
"16.11.2024 20:00 - 16.11.2024 21:00","2404","0"
"16.11.2024 21:00 - 16.11.2024 22:00","2325","0"
"16.11.2024 22:00 - 16.11.2024 23:00","1579","0"
"16.11.2024 23:00 - 17.11.2024 00:00","1252","0"
"17.11.2024 00:00 - 17.11.2024 01:00","377","0"
"17.11.2024 01:00 - 17.11.2024 02:00","39","0"
"17.11.2024 02:00 - 17.11.2024 03:00","0","317"
"17.11.2024 03:00 - 17.11.2024 04:00","0","613"
"17.11.2024 04:00 - 17.11.2024 05:00","0","585"
"17.11.2024 05:00 - 17.11.2024 06:00","0","559"
"17.11.2024 06:00 - 17.11.2024 07:00","0","420"
"17.11.2024 07:00 - 17.11.2024 08:00","0","473"
"17.11.2024 08:00 - 17.11.2024 09:00","0","673"
"17.11.2024 09:00 - 17.11.2024 10:00","0","1098"
"17.11.2024 10:00 - 17.11.2024 11:00","0","1720"
"17.11.2024 11:00 - 17.11.2024 12:00","0","2327"
"17.11.2024 12:00 - 17.11.2024 13:00","0","2645"
"17.11.2024 13:00 - 17.11.2024 14:00","0","3383"
"17.11.2024 14:00 - 17.11.2024 15:00","0","3135"
"17.11.2024 15:00 - 17.11.2024 16:00","0","3028"
"17.11.2024 16:00 - 17.11.2024 17:00","0","2359"
"17.11.2024 17:00 - 17.11.2024 18:00","0","501"
"17.11.2024 18:00 - 17.11.2024 19:00","471","0"
"17.11.2024 19:00 - 17.11.2024 20:00","820","0"
"17.11.2024 20:00 - 17.11.2024 21:00","796","0"
"17.11.2024 21:00 - 17.11.2024 22:00","412","0"
"17.11.2024 22:00 - 17.11.2024 23:00","0","304"
"17.11.2024 23:00 - 18.11.2024 00:00","0","644"
"18.11.2024 00:00 - 18.11.2024 01:00","0","2011"
"18.11.2024 01:00 - 18.11.2024 02:00","0","2739"
"18.11.2024 02:00 - 18.11.2024 03:00","0","2923"
"18.11.2024 03:00 - 18.11.2024 04:00","0","2968"
"18.11.2024 04:00 - 18.11.2024 05:00","0","3022"
"18.11.2024 05:00 - 18.11.2024 06:00","0","2844"
"18.11.2024 06:00 - 18.11.2024 07:00","0","1792"
"18.11.2024 07:00 - 18.11.2024 08:00","0","1764"
"18.11.2024 08:00 - 18.11.2024 09:00","0","271"
"18.11.2024 09:00 - 18.11.2024 10:00","0","1524"
"18.11.2024 10:00 - 18.11.2024 11:00","0","3226"
"18.11.2024 11:00 - 18.11.2024 12:00","0","3849"
"18.11.2024 12:00 - 18.11.2024 13:00","0","4449"
"18.11.2024 13:00 - 18.11.2024 14:00","0","4569"
"18.11.2024 14:00 - 18.11.2024 15:00","0","4599"
"18.11.2024 15:00 - 18.11.2024 16:00","0","4157"
"18.11.2024 16:00 - 18.11.2024 17:00","0","3179"
"18.11.2024 17:00 - 18.11.2024 18:00","0","1531"
"18.11.2024 18:00 - 18.11.2024 19:00","0","78"
"18.11.2024 19:00 - 18.11.2024 20:00","217","0"
"18.11.2024 20:00 - 18.11.2024 21:00","176","0"
"18.11.2024 21:00 - 18.11.2024 22:00","0","226"
"18.11.2024 22:00 - 18.11.2024 23:00","0","1063"
"18.11.2024 23:00 - 19.11.2024 00:00","0","1851"
"19.11.2024 00:00 - 19.11.2024 01:00","0","1700"
"19.11.2024 01:00 - 19.11.2024 02:00","0","1987"
"19.11.2024 02:00 - 19.11.2024 03:00","0","2298"
"19.11.2024 03:00 - 19.11.2024 04:00","0","2468"
"19.11.2024 04:00 - 19.11.2024 05:00","0","2775"
"19.11.2024 05:00 - 19.11.2024 06:00","0","2726"
"19.11.2024 06:00 - 19.11.2024 07:00","0","1822"
"19.11.2024 07:00 - 19.11.2024 08:00","0","452"
"19.11.2024 08:00 - 19.11.2024 09:00","0","592"
"19.11.2024 09:00 - 19.11.2024 10:00","0","1560"
"19.11.2024 10:00 - 19.11.2024 11:00","0","2386"
"19.11.2024 11:00 - 19.11.2024 12:00","0","3257"
"19.11.2024 12:00 - 19.11.2024 13:00","0","3168"
"19.11.2024 13:00 - 19.11.2024 14:00","0","3717"
"19.11.2024 14:00 - 19.11.2024 15:00","0","3907"
"19.11.2024 15:00 - 19.11.2024 16:00","0","3882"
"19.11.2024 16:00 - 19.11.2024 17:00","0","3127"
"19.11.2024 17:00 - 19.11.2024 18:00","0","2161"
"19.11.2024 18:00 - 19.11.2024 19:00","0","1113"
"19.11.2024 19:00 - 19.11.2024 20:00","0","789"
"19.11.2024 20:00 - 19.11.2024 21:00","0","1019"
"19.11.2024 21:00 - 19.11.2024 22:00","0","1243"
"19.11.2024 22:00 - 19.11.2024 23:00","0","1679"
"19.11.2024 23:00 - 20.11.2024 00:00","0","2152"
"20.11.2024 00:00 - 20.11.2024 01:00","0","1969"
"20.11.2024 01:00 - 20.11.2024 02:00","0","2293"
"20.11.2024 02:00 - 20.11.2024 03:00","0","2825"
"20.11.2024 03:00 - 20.11.2024 04:00","0","2375"
"20.11.2024 04:00 - 20.11.2024 05:00","0","2155"
"20.11.2024 05:00 - 20.11.2024 06:00","0","1547"
"20.11.2024 06:00 - 20.11.2024 07:00","0","872"
"20.11.2024 07:00 - 20.11.2024 08:00","34","0"
"20.11.2024 08:00 - 20.11.2024 09:00","362","0"
"20.11.2024 09:00 - 20.11.2024 10:00","0","867"
"20.11.2024 10:00 - 20.11.2024 11:00","0","2681"
"20.11.2024 11:00 - 20.11.2024 12:00","0","3725"
"20.11.2024 12:00 - 20.11.2024 13:00","0","3927"
"20.11.2024 13:00 - 20.11.2024 14:00","0","3924"
"20.11.2024 14:00 - 20.11.2024 15:00","0","3928"
"20.11.2024 15:00 - 20.11.2024 16:00","0","4029"
"20.11.2024 16:00 - 20.11.2024 17:00","0","3789"
"20.11.2024 17:00 - 20.11.2024 18:00","0","2752"
"20.11.2024 18:00 - 20.11.2024 19:00","0","965"
"20.11.2024 19:00 - 20.11.2024 20:00","0","563"
"20.11.2024 20:00 - 20.11.2024 21:00","0","395"
"20.11.2024 21:00 - 20.11.2024 22:00","0","490"
"20.11.2024 22:00 - 20.11.2024 23:00","0","1121"
"20.11.2024 23:00 - 21.11.2024 00:00","0","2289"
"21.11.2024 00:00 - 21.11.2024 01:00","0","2092"
"21.11.2024 01:00 - 21.11.2024 02:00","0","1906"
"21.11.2024 02:00 - 21.11.2024 03:00","0","2187"
"21.11.2024 03:00 - 21.11.2024 04:00","0","2074"
"21.11.2024 04:00 - 21.11.2024 05:00","0","2354"
"21.11.2024 05:00 - 21.11.2024 06:00","0","2318"
"21.11.2024 06:00 - 21.11.2024 07:00","0","2132"
"21.11.2024 07:00 - 21.11.2024 08:00","0","1697"
"21.11.2024 08:00 - 21.11.2024 09:00","0","1299"
"21.11.2024 09:00 - 21.11.2024 10:00","0","2093"
"21.11.2024 10:00 - 21.11.2024 11:00","0","2479"
"21.11.2024 11:00 - 21.11.2024 12:00","0","2555"
"21.11.2024 12:00 - 21.11.2024 13:00","0","2762"
"21.11.2024 13:00 - 21.11.2024 14:00","0","2767"
"21.11.2024 14:00 - 21.11.2024 15:00","0","2836"
"21.11.2024 15:00 - 21.11.2024 16:00","0","2875"
"21.11.2024 16:00 - 21.11.2024 17:00","0","2818"
"21.11.2024 17:00 - 21.11.2024 18:00","0","2281"
"21.11.2024 18:00 - 21.11.2024 19:00","0","826"
"21.11.2024 19:00 - 21.11.2024 20:00","197","0"
"21.11.2024 20:00 - 21.11.2024 21:00","365","0"
"21.11.2024 21:00 - 21.11.2024 22:00","0","164"
"21.11.2024 22:00 - 21.11.2024 23:00","0","988"
"21.11.2024 23:00 - 22.11.2024 00:00","0","1514"
"22.11.2024 00:00 - 22.11.2024 01:00","0","1341"
"22.11.2024 01:00 - 22.11.2024 02:00","0","1597"
"22.11.2024 02:00 - 22.11.2024 03:00","0","2160"
"22.11.2024 03:00 - 22.11.2024 04:00","0","2220"
"22.11.2024 04:00 - 22.11.2024 05:00","0","2470"
"22.11.2024 05:00 - 22.11.2024 06:00","0","1983"
"22.11.2024 06:00 - 22.11.2024 07:00","0","1765"
"22.11.2024 07:00 - 22.11.2024 08:00","0","1299"
"22.11.2024 08:00 - 22.11.2024 09:00","0","1232"
"22.11.2024 09:00 - 22.11.2024 10:00","0","1955"
"22.11.2024 10:00 - 22.11.2024 11:00","0","2742"
"22.11.2024 11:00 - 22.11.2024 12:00","0","2909"
"22.11.2024 12:00 - 22.11.2024 13:00","0","3070"
"22.11.2024 13:00 - 22.11.2024 14:00","0","3195"
"22.11.2024 14:00 - 22.11.2024 15:00","0","3427"
"22.11.2024 15:00 - 22.11.2024 16:00","0","3493"
"22.11.2024 16:00 - 22.11.2024 17:00","0","3043"
"22.11.2024 17:00 - 22.11.2024 18:00","0","1715"
"22.11.2024 18:00 - 22.11.2024 19:00","0","695"
"22.11.2024 19:00 - 22.11.2024 20:00","0","217"
"22.11.2024 20:00 - 22.11.2024 21:00","0","198"
"22.11.2024 21:00 - 22.11.2024 22:00","0","403"
"22.11.2024 22:00 - 22.11.2024 23:00","0","668"
"22.11.2024 23:00 - 23.11.2024 00:00","0","1287"
"23.11.2024 00:00 - 23.11.2024 01:00","0","1033"
"23.11.2024 01:00 - 23.11.2024 02:00","0","1135"
"23.11.2024 02:00 - 23.11.2024 03:00","0","1125"
"23.11.2024 03:00 - 23.11.2024 04:00","0","1047"
"23.11.2024 04:00 - 23.11.2024 05:00","0","786"
"23.11.2024 05:00 - 23.11.2024 06:00","0","742"
"23.11.2024 06:00 - 23.11.2024 07:00","0","795"
"23.11.2024 07:00 - 23.11.2024 08:00","0","449"
"23.11.2024 08:00 - 23.11.2024 09:00","0","131"
"23.11.2024 09:00 - 23.11.2024 10:00","103","0"
"23.11.2024 10:00 - 23.11.2024 11:00","0","114"
"23.11.2024 11:00 - 23.11.2024 12:00","0","549"
"23.11.2024 12:00 - 23.11.2024 13:00","0","583"
"23.11.2024 13:00 - 23.11.2024 14:00","0","651"
"23.11.2024 14:00 - 23.11.2024 15:00","0","479"
"23.11.2024 15:00 - 23.11.2024 16:00","0","566"
"23.11.2024 16:00 - 23.11.2024 17:00","0","94"
"23.11.2024 17:00 - 23.11.2024 18:00","93","0"
"23.11.2024 18:00 - 23.11.2024 19:00","850","0"
"23.11.2024 19:00 - 23.11.2024 20:00","1000","0"
"23.11.2024 20:00 - 23.11.2024 21:00","822","0"
"23.11.2024 21:00 - 23.11.2024 22:00","317","0"
"23.11.2024 22:00 - 23.11.2024 23:00","83","0"
"23.11.2024 23:00 - 24.11.2024 00:00","0","458"
"24.11.2024 00:00 - 24.11.2024 01:00","0","866"
"24.11.2024 01:00 - 24.11.2024 02:00","0","833"
"24.11.2024 02:00 - 24.11.2024 03:00","0","601"
"24.11.2024 03:00 - 24.11.2024 04:00","0","518"
"24.11.2024 04:00 - 24.11.2024 05:00","0","480"
"24.11.2024 05:00 - 24.11.2024 06:00","0","486"
"24.11.2024 06:00 - 24.11.2024 07:00","0","480"
"24.11.2024 07:00 - 24.11.2024 08:00","0","586"
"24.11.2024 08:00 - 24.11.2024 09:00","0","624"
"24.11.2024 09:00 - 24.11.2024 10:00","0","675"
"24.11.2024 10:00 - 24.11.2024 11:00","0","783"
"24.11.2024 11:00 - 24.11.2024 12:00","0","816"
"24.11.2024 12:00 - 24.11.2024 13:00","0","1254"
"24.11.2024 13:00 - 24.11.2024 14:00","0","1464"
"24.11.2024 14:00 - 24.11.2024 15:00","0","1467"
"24.11.2024 15:00 - 24.11.2024 16:00","0","1342"
"24.11.2024 16:00 - 24.11.2024 17:00","0","1435"
"24.11.2024 17:00 - 24.11.2024 18:00","0","1280"
"24.11.2024 18:00 - 24.11.2024 19:00","0","640"
"24.11.2024 19:00 - 24.11.2024 20:00","0","153"
"24.11.2024 20:00 - 24.11.2024 21:00","0","196"
"24.11.2024 21:00 - 24.11.2024 22:00","0","309"
"24.11.2024 22:00 - 24.11.2024 23:00","0","940"
"24.11.2024 23:00 - 25.11.2024 00:00","0","1558"
"25.11.2024 00:00 - 25.11.2024 01:00","0","1342"
"25.11.2024 01:00 - 25.11.2024 02:00","0","1525"
"25.11.2024 02:00 - 25.11.2024 03:00","0","1767"
"25.11.2024 03:00 - 25.11.2024 04:00","0","1699"
"25.11.2024 04:00 - 25.11.2024 05:00","0","1944"
"25.11.2024 05:00 - 25.11.2024 06:00","0","2096"
"25.11.2024 06:00 - 25.11.2024 07:00","0","2247"
"25.11.2024 07:00 - 25.11.2024 08:00","0","1156"
"25.11.2024 08:00 - 25.11.2024 09:00","0","1065"
"25.11.2024 09:00 - 25.11.2024 10:00","0","1689"
"25.11.2024 10:00 - 25.11.2024 11:00","0","1832"
"25.11.2024 11:00 - 25.11.2024 12:00","0","1836"
"25.11.2024 12:00 - 25.11.2024 13:00","0","1624"
"25.11.2024 13:00 - 25.11.2024 14:00","0","1448"
"25.11.2024 14:00 - 25.11.2024 15:00","0","1541"
"25.11.2024 15:00 - 25.11.2024 16:00","0","1974"
"25.11.2024 16:00 - 25.11.2024 17:00","0","2677"
"25.11.2024 17:00 - 25.11.2024 18:00","0","2753"
"25.11.2024 18:00 - 25.11.2024 19:00","0","1459"
"25.11.2024 19:00 - 25.11.2024 20:00","0","982"
"25.11.2024 20:00 - 25.11.2024 21:00","0","923"
"25.11.2024 21:00 - 25.11.2024 22:00","0","907"
"25.11.2024 22:00 - 25.11.2024 23:00","0","1533"
"25.11.2024 23:00 - 26.11.2024 00:00","0","2402"
"26.11.2024 00:00 - 26.11.2024 01:00","0","2999"
"26.11.2024 01:00 - 26.11.2024 02:00","0","3141"
"26.11.2024 02:00 - 26.11.2024 03:00","0","3078"
"26.11.2024 03:00 - 26.11.2024 04:00","0","3026"
"26.11.2024 04:00 - 26.11.2024 05:00","0","2908"
"26.11.2024 05:00 - 26.11.2024 06:00","0","2793"
"26.11.2024 06:00 - 26.11.2024 07:00","0","2020"
"26.11.2024 07:00 - 26.11.2024 08:00","0","1056"
"26.11.2024 08:00 - 26.11.2024 09:00","0","375"
"26.11.2024 09:00 - 26.11.2024 10:00","0","1377"
"26.11.2024 10:00 - 26.11.2024 11:00","0","2268"
"26.11.2024 11:00 - 26.11.2024 12:00","0","2877"
"26.11.2024 12:00 - 26.11.2024 13:00","0","3327"
"26.11.2024 13:00 - 26.11.2024 14:00","0","3175"
"26.11.2024 14:00 - 26.11.2024 15:00","0","2851"
"26.11.2024 15:00 - 26.11.2024 16:00","0","2661"
"26.11.2024 16:00 - 26.11.2024 17:00","0","2465"
"26.11.2024 17:00 - 26.11.2024 18:00","0","1972"
"26.11.2024 18:00 - 26.11.2024 19:00","0","579"
"26.11.2024 19:00 - 26.11.2024 20:00","0","742"
"26.11.2024 20:00 - 26.11.2024 21:00","0","1166"
"26.11.2024 21:00 - 26.11.2024 22:00","0","1894"
"26.11.2024 22:00 - 26.11.2024 23:00","0","2407"
"26.11.2024 23:00 - 27.11.2024 00:00","0","2616"
"27.11.2024 00:00 - 27.11.2024 01:00","0","2649"
"27.11.2024 01:00 - 27.11.2024 02:00","0","2653"
"27.11.2024 02:00 - 27.11.2024 03:00","0","2645"
"27.11.2024 03:00 - 27.11.2024 04:00","0","2696"
"27.11.2024 04:00 - 27.11.2024 05:00","0","2697"
"27.11.2024 05:00 - 27.11.2024 06:00","0","2629"
"27.11.2024 06:00 - 27.11.2024 07:00","0","1973"
"27.11.2024 07:00 - 27.11.2024 08:00","0","794"
"27.11.2024 08:00 - 27.11.2024 09:00","0","302"
"27.11.2024 09:00 - 27.11.2024 10:00","0","2064"
"27.11.2024 10:00 - 27.11.2024 11:00","0","3232"
"27.11.2024 11:00 - 27.11.2024 12:00","0","2996"
"27.11.2024 12:00 - 27.11.2024 13:00","0","2881"
"27.11.2024 13:00 - 27.11.2024 14:00","0","2860"
"27.11.2024 14:00 - 27.11.2024 15:00","0","3039"
"27.11.2024 15:00 - 27.11.2024 16:00","0","3290"
"27.11.2024 16:00 - 27.11.2024 17:00","0","3071"
"27.11.2024 17:00 - 27.11.2024 18:00","0","1965"
"27.11.2024 18:00 - 27.11.2024 19:00","0","544"
"27.11.2024 19:00 - 27.11.2024 20:00","0","102"
"27.11.2024 20:00 - 27.11.2024 21:00","71","0"
"27.11.2024 21:00 - 27.11.2024 22:00","282","0"
"27.11.2024 22:00 - 27.11.2024 23:00","0","404"
"27.11.2024 23:00 - 28.11.2024 00:00","0","1105"
"28.11.2024 00:00 - 28.11.2024 01:00","0","1237"
"28.11.2024 01:00 - 28.11.2024 02:00","0","1018"
"28.11.2024 02:00 - 28.11.2024 03:00","0","892"
"28.11.2024 03:00 - 28.11.2024 04:00","0","672"
"28.11.2024 04:00 - 28.11.2024 05:00","0","475"
"28.11.2024 05:00 - 28.11.2024 06:00","0","278"
"28.11.2024 06:00 - 28.11.2024 07:00","448","0"
"28.11.2024 07:00 - 28.11.2024 08:00","1119","0"
"28.11.2024 08:00 - 28.11.2024 09:00","1311","0"
"28.11.2024 09:00 - 28.11.2024 10:00","206","0"
"28.11.2024 10:00 - 28.11.2024 11:00","0","463"
"28.11.2024 11:00 - 28.11.2024 12:00","0","1219"
"28.11.2024 12:00 - 28.11.2024 13:00","0","1158"
"28.11.2024 13:00 - 28.11.2024 14:00","0","1028"
"28.11.2024 14:00 - 28.11.2024 15:00","0","1088"
"28.11.2024 15:00 - 28.11.2024 16:00","0","1042"
"28.11.2024 16:00 - 28.11.2024 17:00","0","760"
"28.11.2024 17:00 - 28.11.2024 18:00","0","540"
"28.11.2024 18:00 - 28.11.2024 19:00","1009","0"
"28.11.2024 19:00 - 28.11.2024 20:00","1186","0"
"28.11.2024 20:00 - 28.11.2024 21:00","717","0"
"28.11.2024 21:00 - 28.11.2024 22:00","414","0"
"28.11.2024 22:00 - 28.11.2024 23:00","0","463"
"28.11.2024 23:00 - 29.11.2024 00:00","0","648"
"29.11.2024 00:00 - 29.11.2024 01:00","0","790"
"29.11.2024 01:00 - 29.11.2024 02:00","0","1089"
"29.11.2024 02:00 - 29.11.2024 03:00","0","1278"
"29.11.2024 03:00 - 29.11.2024 04:00","0","1432"
"29.11.2024 04:00 - 29.11.2024 05:00","0","1672"
"29.11.2024 05:00 - 29.11.2024 06:00","0","1683"
"29.11.2024 06:00 - 29.11.2024 07:00","0","1189"
"29.11.2024 07:00 - 29.11.2024 08:00","316","0"
"29.11.2024 08:00 - 29.11.2024 09:00","770","0"
"29.11.2024 09:00 - 29.11.2024 10:00","0","723"
"29.11.2024 10:00 - 29.11.2024 11:00","0","2067"
"29.11.2024 11:00 - 29.11.2024 12:00","0","3034"
"29.11.2024 12:00 - 29.11.2024 13:00","0","3591"
"29.11.2024 13:00 - 29.11.2024 14:00","0","3588"
"29.11.2024 14:00 - 29.11.2024 15:00","0","3617"
"29.11.2024 15:00 - 29.11.2024 16:00","0","3682"
"29.11.2024 16:00 - 29.11.2024 17:00","0","3013"
"29.11.2024 17:00 - 29.11.2024 18:00","0","1955"
"29.11.2024 18:00 - 29.11.2024 19:00","0","524"
"29.11.2024 19:00 - 29.11.2024 20:00","95","0"
"29.11.2024 20:00 - 29.11.2024 21:00","0","136"
"29.11.2024 21:00 - 29.11.2024 22:00","0","182"
"29.11.2024 22:00 - 29.11.2024 23:00","0","805"
"29.11.2024 23:00 - 30.11.2024 00:00","0","1561"
"30.11.2024 00:00 - 30.11.2024 01:00","0","1626"
"30.11.2024 01:00 - 30.11.2024 02:00","0","1590"
"30.11.2024 02:00 - 30.11.2024 03:00","0","1629"
"30.11.2024 03:00 - 30.11.2024 04:00","0","1458"
"30.11.2024 04:00 - 30.11.2024 05:00","0","1305"
"30.11.2024 05:00 - 30.11.2024 06:00","0","1235"
"30.11.2024 06:00 - 30.11.2024 07:00","0","1093"
"30.11.2024 07:00 - 30.11.2024 08:00","0","611"
"30.11.2024 08:00 - 30.11.2024 09:00","0","103"
"30.11.2024 09:00 - 30.11.2024 10:00","0","825"
"30.11.2024 10:00 - 30.11.2024 11:00","0","1746"
"30.11.2024 11:00 - 30.11.2024 12:00","0","2358"
"30.11.2024 12:00 - 30.11.2024 13:00","0","2368"
"30.11.2024 13:00 - 30.11.2024 14:00","0","2388"
"30.11.2024 14:00 - 30.11.2024 15:00","0","2452"
"30.11.2024 15:00 - 30.11.2024 16:00","0","2203"
"30.11.2024 16:00 - 30.11.2024 17:00","0","2232"
"30.11.2024 17:00 - 30.11.2024 18:00","0","1178"
"30.11.2024 18:00 - 30.11.2024 19:00","0","572"
"30.11.2024 19:00 - 30.11.2024 20:00","0","74"
"30.11.2024 20:00 - 30.11.2024 21:00","59","0"
"30.11.2024 21:00 - 30.11.2024 22:00","0","187"
"30.11.2024 22:00 - 30.11.2024 23:00","0","1070"
"30.11.2024 23:00 - 01.12.2024 00:00","0","1468"
"01.12.2024 00:00 - 01.12.2024 01:00","0","1829"
"01.12.2024 01:00 - 01.12.2024 02:00","0","1747"
"01.12.2024 02:00 - 01.12.2024 03:00","0","1764"
"01.12.2024 03:00 - 01.12.2024 04:00","0","1794"
"01.12.2024 04:00 - 01.12.2024 05:00","0","1386"
"01.12.2024 05:00 - 01.12.2024 06:00","0","1158"
"01.12.2024 06:00 - 01.12.2024 07:00","0","1066"
"01.12.2024 07:00 - 01.12.2024 08:00","0","814"
"01.12.2024 08:00 - 01.12.2024 09:00","0","654"
"01.12.2024 09:00 - 01.12.2024 10:00","0","1001"
"01.12.2024 10:00 - 01.12.2024 11:00","0","1533"
"01.12.2024 11:00 - 01.12.2024 12:00","0","2170"
"01.12.2024 12:00 - 01.12.2024 13:00","0","2243"
"01.12.2024 13:00 - 01.12.2024 14:00","0","2261"
"01.12.2024 14:00 - 01.12.2024 15:00","0","2326"
"01.12.2024 15:00 - 01.12.2024 16:00","0","2141"
"01.12.2024 16:00 - 01.12.2024 17:00","0","1604"
"01.12.2024 17:00 - 01.12.2024 18:00","0","253"
"01.12.2024 18:00 - 01.12.2024 19:00","677","0"
"01.12.2024 19:00 - 01.12.2024 20:00","1198","0"
"01.12.2024 20:00 - 01.12.2024 21:00","1117","0"
"01.12.2024 21:00 - 01.12.2024 22:00","0","544"
"01.12.2024 22:00 - 01.12.2024 23:00","0","957"
"01.12.2024 23:00 - 02.12.2024 00:00","0","1241"
"02.12.2024 00:00 - 02.12.2024 01:00","0","2005"
"02.12.2024 01:00 - 02.12.2024 02:00","0","2523"
"02.12.2024 02:00 - 02.12.2024 03:00","0","2515"
"02.12.2024 03:00 - 02.12.2024 04:00","0","2541"
"02.12.2024 04:00 - 02.12.2024 05:00","0","2431"
"02.12.2024 05:00 - 02.12.2024 06:00","0","2326"
"02.12.2024 06:00 - 02.12.2024 07:00","0","2098"
"02.12.2024 07:00 - 02.12.2024 08:00","0","1562"
"02.12.2024 08:00 - 02.12.2024 09:00","0","997"
"02.12.2024 09:00 - 02.12.2024 10:00","0","1678"
"02.12.2024 10:00 - 02.12.2024 11:00","0","2634"
"02.12.2024 11:00 - 02.12.2024 12:00","0","3100"
"02.12.2024 12:00 - 02.12.2024 13:00","0","3387"
"02.12.2024 13:00 - 02.12.2024 14:00","0","3424"
"02.12.2024 14:00 - 02.12.2024 15:00","0","2865"
"02.12.2024 15:00 - 02.12.2024 16:00","0","3122"
"02.12.2024 16:00 - 02.12.2024 17:00","0","3121"
"02.12.2024 17:00 - 02.12.2024 18:00","0","2385"
"02.12.2024 18:00 - 02.12.2024 19:00","0","1910"
"02.12.2024 19:00 - 02.12.2024 20:00","0","1954"
"02.12.2024 20:00 - 02.12.2024 21:00","0","2001"
"02.12.2024 21:00 - 02.12.2024 22:00","0","2666"
"02.12.2024 22:00 - 02.12.2024 23:00","0","3272"
"02.12.2024 23:00 - 03.12.2024 00:00","0","3139"
"03.12.2024 00:00 - 03.12.2024 01:00","0","3632"
"03.12.2024 01:00 - 03.12.2024 02:00","0","3332"
"03.12.2024 02:00 - 03.12.2024 03:00","0","3305"
"03.12.2024 03:00 - 03.12.2024 04:00","0","3168"
"03.12.2024 04:00 - 03.12.2024 05:00","0","3013"
"03.12.2024 05:00 - 03.12.2024 06:00","0","2656"
"03.12.2024 06:00 - 03.12.2024 07:00","0","2559"
"03.12.2024 07:00 - 03.12.2024 08:00","0","2285"
"03.12.2024 08:00 - 03.12.2024 09:00","0","1433"
"03.12.2024 09:00 - 03.12.2024 10:00","0","2376"
"03.12.2024 10:00 - 03.12.2024 11:00","0","3387"
"03.12.2024 11:00 - 03.12.2024 12:00","0","3708"
"03.12.2024 12:00 - 03.12.2024 13:00","0","3277"
"03.12.2024 13:00 - 03.12.2024 14:00","0","2552"
"03.12.2024 14:00 - 03.12.2024 15:00","0","2821"
"03.12.2024 15:00 - 03.12.2024 16:00","0","3432"
"03.12.2024 16:00 - 03.12.2024 17:00","0","2954"
"03.12.2024 17:00 - 03.12.2024 18:00","0","2377"
"03.12.2024 18:00 - 03.12.2024 19:00","0","612"
"03.12.2024 19:00 - 03.12.2024 20:00","174","0"
"03.12.2024 20:00 - 03.12.2024 21:00","0","665"
"03.12.2024 21:00 - 03.12.2024 22:00","0","1552"
"03.12.2024 22:00 - 03.12.2024 23:00","0","2252"
"03.12.2024 23:00 - 04.12.2024 00:00","0","2694"
"04.12.2024 00:00 - 04.12.2024 01:00","0","2071"
"04.12.2024 01:00 - 04.12.2024 02:00","0","1663"
"04.12.2024 02:00 - 04.12.2024 03:00","0","1694"
"04.12.2024 03:00 - 04.12.2024 04:00","0","1846"
"04.12.2024 04:00 - 04.12.2024 05:00","0","1954"
"04.12.2024 05:00 - 04.12.2024 06:00","0","2076"
"04.12.2024 06:00 - 04.12.2024 07:00","0","1373"
"04.12.2024 07:00 - 04.12.2024 08:00","0","710"
"04.12.2024 08:00 - 04.12.2024 09:00","0","898"
"04.12.2024 09:00 - 04.12.2024 10:00","0","2350"
"04.12.2024 10:00 - 04.12.2024 11:00","0","3362"
"04.12.2024 11:00 - 04.12.2024 12:00","0","3847"
"04.12.2024 12:00 - 04.12.2024 13:00","0","4149"
"04.12.2024 13:00 - 04.12.2024 14:00","0","4129"
"04.12.2024 14:00 - 04.12.2024 15:00","0","4137"
"04.12.2024 15:00 - 04.12.2024 16:00","0","3860"
"04.12.2024 16:00 - 04.12.2024 17:00","0","3782"
"04.12.2024 17:00 - 04.12.2024 18:00","0","2092"
"04.12.2024 18:00 - 04.12.2024 19:00","0","789"
"04.12.2024 19:00 - 04.12.2024 20:00","0","826"
"04.12.2024 20:00 - 04.12.2024 21:00","0","2412"
"04.12.2024 21:00 - 04.12.2024 22:00","0","2695"
"04.12.2024 22:00 - 04.12.2024 23:00","0","2837"
"04.12.2024 23:00 - 05.12.2024 00:00","0","2871"
"05.12.2024 00:00 - 05.12.2024 01:00","0","3114"
"05.12.2024 01:00 - 05.12.2024 02:00","0","3307"
"05.12.2024 02:00 - 05.12.2024 03:00","0","3285"
"05.12.2024 03:00 - 05.12.2024 04:00","0","3265"
"05.12.2024 04:00 - 05.12.2024 05:00","0","3130"
"05.12.2024 05:00 - 05.12.2024 06:00","0","3060"
"05.12.2024 06:00 - 05.12.2024 07:00","0","3147"
"05.12.2024 07:00 - 05.12.2024 08:00","0","2573"
"05.12.2024 08:00 - 05.12.2024 09:00","0","2229"
"05.12.2024 09:00 - 05.12.2024 10:00","0","3088"
"05.12.2024 10:00 - 05.12.2024 11:00","0","3615"
"05.12.2024 11:00 - 05.12.2024 12:00","0","4006"
"05.12.2024 12:00 - 05.12.2024 13:00","0","4135"
"05.12.2024 13:00 - 05.12.2024 14:00","0","3993"
"05.12.2024 14:00 - 05.12.2024 15:00","0","4398"
"05.12.2024 15:00 - 05.12.2024 16:00","0","4595"
"05.12.2024 16:00 - 05.12.2024 17:00","0","4180"
"05.12.2024 17:00 - 05.12.2024 18:00","0","3161"
"05.12.2024 18:00 - 05.12.2024 19:00","0","1938"
"05.12.2024 19:00 - 05.12.2024 20:00","0","1459"
"05.12.2024 20:00 - 05.12.2024 21:00","0","1358"
"05.12.2024 21:00 - 05.12.2024 22:00","0","2032"
"05.12.2024 22:00 - 05.12.2024 23:00","0","2564"
"05.12.2024 23:00 - 06.12.2024 00:00","0","2661"
"06.12.2024 00:00 - 06.12.2024 01:00","0","3293"
"06.12.2024 01:00 - 06.12.2024 02:00","0","3480"
"06.12.2024 02:00 - 06.12.2024 03:00","0","3509"
"06.12.2024 03:00 - 06.12.2024 04:00","0","3517"
"06.12.2024 04:00 - 06.12.2024 05:00","0","3472"
"06.12.2024 05:00 - 06.12.2024 06:00","0","3481"
"06.12.2024 06:00 - 06.12.2024 07:00","0","3461"
"06.12.2024 07:00 - 06.12.2024 08:00","0","3391"
"06.12.2024 08:00 - 06.12.2024 09:00","0","3461"
"06.12.2024 09:00 - 06.12.2024 10:00","0","3467"
"06.12.2024 10:00 - 06.12.2024 11:00","0","3463"
"06.12.2024 11:00 - 06.12.2024 12:00","0","3798"
"06.12.2024 12:00 - 06.12.2024 13:00","0","3992"
"06.12.2024 13:00 - 06.12.2024 14:00","0","4008"
"06.12.2024 14:00 - 06.12.2024 15:00","0","3930"
"06.12.2024 15:00 - 06.12.2024 16:00","0","4182"
"06.12.2024 16:00 - 06.12.2024 17:00","0","4272"
"06.12.2024 17:00 - 06.12.2024 18:00","0","4026"
"06.12.2024 18:00 - 06.12.2024 19:00","0","2504"
"06.12.2024 19:00 - 06.12.2024 20:00","0","2394"
"06.12.2024 20:00 - 06.12.2024 21:00","0","2565"
"06.12.2024 21:00 - 06.12.2024 22:00","0","2382"
"06.12.2024 22:00 - 06.12.2024 23:00","0","2401"
"06.12.2024 23:00 - 07.12.2024 00:00","0","2548"
"07.12.2024 00:00 - 07.12.2024 01:00","0","2160"
"07.12.2024 01:00 - 07.12.2024 02:00","0","1744"
"07.12.2024 02:00 - 07.12.2024 03:00","0","1361"
"07.12.2024 03:00 - 07.12.2024 04:00","0","1639"
"07.12.2024 04:00 - 07.12.2024 05:00","0","1734"
"07.12.2024 05:00 - 07.12.2024 06:00","0","2323"
"07.12.2024 06:00 - 07.12.2024 07:00","0","1920"
"07.12.2024 07:00 - 07.12.2024 08:00","0","1434"
"07.12.2024 08:00 - 07.12.2024 09:00","0","447"
"07.12.2024 09:00 - 07.12.2024 10:00","0","525"
"07.12.2024 10:00 - 07.12.2024 11:00","0","1458"
"07.12.2024 11:00 - 07.12.2024 12:00","0","1902"
"07.12.2024 12:00 - 07.12.2024 13:00","0","2245"
"07.12.2024 13:00 - 07.12.2024 14:00","0","2179"
"07.12.2024 14:00 - 07.12.2024 15:00","0","2020"
"07.12.2024 15:00 - 07.12.2024 16:00","0","1910"
"07.12.2024 16:00 - 07.12.2024 17:00","0","2350"
"07.12.2024 17:00 - 07.12.2024 18:00","0","1347"
"07.12.2024 18:00 - 07.12.2024 19:00","0","838"
"07.12.2024 19:00 - 07.12.2024 20:00","0","131"
"07.12.2024 20:00 - 07.12.2024 21:00","7","0"
"07.12.2024 21:00 - 07.12.2024 22:00","0","285"
"07.12.2024 22:00 - 07.12.2024 23:00","0","420"
"07.12.2024 23:00 - 08.12.2024 00:00","0","717"
"08.12.2024 00:00 - 08.12.2024 01:00","0","991"
"08.12.2024 01:00 - 08.12.2024 02:00","0","1125"
"08.12.2024 02:00 - 08.12.2024 03:00","0","1190"
"08.12.2024 03:00 - 08.12.2024 04:00","0","1090"
"08.12.2024 04:00 - 08.12.2024 05:00","0","835"
"08.12.2024 05:00 - 08.12.2024 06:00","0","779"
"08.12.2024 06:00 - 08.12.2024 07:00","0","729"
"08.12.2024 07:00 - 08.12.2024 08:00","0","717"
"08.12.2024 08:00 - 08.12.2024 09:00","0","793"
"08.12.2024 09:00 - 08.12.2024 10:00","0","974"
"08.12.2024 10:00 - 08.12.2024 11:00","0","1105"
"08.12.2024 11:00 - 08.12.2024 12:00","0","1322"
"08.12.2024 12:00 - 08.12.2024 13:00","0","1453"
"08.12.2024 13:00 - 08.12.2024 14:00","0","1642"
"08.12.2024 14:00 - 08.12.2024 15:00","0","1362"
"08.12.2024 15:00 - 08.12.2024 16:00","0","1264"
"08.12.2024 16:00 - 08.12.2024 17:00","0","1300"
"08.12.2024 17:00 - 08.12.2024 18:00","0","901"
"08.12.2024 18:00 - 08.12.2024 19:00","0","116"
"08.12.2024 19:00 - 08.12.2024 20:00","0","38"
"08.12.2024 20:00 - 08.12.2024 21:00","0","273"
"08.12.2024 21:00 - 08.12.2024 22:00","0","140"
"08.12.2024 22:00 - 08.12.2024 23:00","0","204"
"08.12.2024 23:00 - 09.12.2024 00:00","0","358"
"09.12.2024 00:00 - 09.12.2024 01:00","0","557"
"09.12.2024 01:00 - 09.12.2024 02:00","0","913"
"09.12.2024 02:00 - 09.12.2024 03:00","0","960"
"09.12.2024 03:00 - 09.12.2024 04:00","0","1175"
"09.12.2024 04:00 - 09.12.2024 05:00","0","1422"
"09.12.2024 05:00 - 09.12.2024 06:00","0","1028"
"09.12.2024 06:00 - 09.12.2024 07:00","0","404"
"09.12.2024 07:00 - 09.12.2024 08:00","0","260"
"09.12.2024 08:00 - 09.12.2024 09:00","0","467"
"09.12.2024 09:00 - 09.12.2024 10:00","0","496"
"09.12.2024 10:00 - 09.12.2024 11:00","0","1793"
"09.12.2024 11:00 - 09.12.2024 12:00","0","2544"
"09.12.2024 12:00 - 09.12.2024 13:00","0","2395"
"09.12.2024 13:00 - 09.12.2024 14:00","0","2582"
"09.12.2024 14:00 - 09.12.2024 15:00","0","2741"
"09.12.2024 15:00 - 09.12.2024 16:00","0","2742"
"09.12.2024 16:00 - 09.12.2024 17:00","0","2351"
"09.12.2024 17:00 - 09.12.2024 18:00","0","2225"
"09.12.2024 18:00 - 09.12.2024 19:00","0","1708"
"09.12.2024 19:00 - 09.12.2024 20:00","0","1606"
"09.12.2024 20:00 - 09.12.2024 21:00","0","1906"
"09.12.2024 21:00 - 09.12.2024 22:00","0","2101"
"09.12.2024 22:00 - 09.12.2024 23:00","0","2911"
"09.12.2024 23:00 - 10.12.2024 00:00","0","3580"
"10.12.2024 00:00 - 10.12.2024 01:00","0","3821"
"10.12.2024 01:00 - 10.12.2024 02:00","0","3746"
"10.12.2024 02:00 - 10.12.2024 03:00","0","3721"
"10.12.2024 03:00 - 10.12.2024 04:00","0","3697"
"10.12.2024 04:00 - 10.12.2024 05:00","0","3262"
"10.12.2024 05:00 - 10.12.2024 06:00","0","2926"
"10.12.2024 06:00 - 10.12.2024 07:00","0","2595"
"10.12.2024 07:00 - 10.12.2024 08:00","0","2229"
"10.12.2024 08:00 - 10.12.2024 09:00","0","1871"
"10.12.2024 09:00 - 10.12.2024 10:00","0","2586"
"10.12.2024 10:00 - 10.12.2024 11:00","0","2992"
"10.12.2024 11:00 - 10.12.2024 12:00","0","2998"
"10.12.2024 12:00 - 10.12.2024 13:00","0","2939"
"10.12.2024 13:00 - 10.12.2024 14:00","0","2826"
"10.12.2024 14:00 - 10.12.2024 15:00","0","2968"
"10.12.2024 15:00 - 10.12.2024 16:00","0","3046"
"10.12.2024 16:00 - 10.12.2024 17:00","0","2694"
"10.12.2024 17:00 - 10.12.2024 18:00","0","1366"
"10.12.2024 18:00 - 10.12.2024 19:00","43","0"
"10.12.2024 19:00 - 10.12.2024 20:00","242","0"
"10.12.2024 20:00 - 10.12.2024 21:00","0","332"
"10.12.2024 21:00 - 10.12.2024 22:00","0","787"
"10.12.2024 22:00 - 10.12.2024 23:00","0","2187"
"10.12.2024 23:00 - 11.12.2024 00:00","0","2819"
"11.12.2024 00:00 - 11.12.2024 01:00","0","3022"
"11.12.2024 01:00 - 11.12.2024 02:00","0","3031"
"11.12.2024 02:00 - 11.12.2024 03:00","0","2754"
"11.12.2024 03:00 - 11.12.2024 04:00","0","2818"
"11.12.2024 04:00 - 11.12.2024 05:00","0","2732"
"11.12.2024 05:00 - 11.12.2024 06:00","0","2398"
"11.12.2024 06:00 - 11.12.2024 07:00","0","1418"
"11.12.2024 07:00 - 11.12.2024 08:00","0","466"
"11.12.2024 08:00 - 11.12.2024 09:00","939","0"
"11.12.2024 09:00 - 11.12.2024 10:00","0","86"
"11.12.2024 10:00 - 11.12.2024 11:00","0","1442"
"11.12.2024 11:00 - 11.12.2024 12:00","0","2540"
"11.12.2024 12:00 - 11.12.2024 13:00","0","2703"
"11.12.2024 13:00 - 11.12.2024 14:00","0","2156"
"11.12.2024 14:00 - 11.12.2024 15:00","0","2364"
"11.12.2024 15:00 - 11.12.2024 16:00","0","2614"
"11.12.2024 16:00 - 11.12.2024 17:00","0","1434"
"11.12.2024 17:00 - 11.12.2024 18:00","0","265"
"11.12.2024 18:00 - 11.12.2024 19:00","484","0"
"11.12.2024 19:00 - 11.12.2024 20:00","123","0"
"11.12.2024 20:00 - 11.12.2024 21:00","213","0"
"11.12.2024 21:00 - 11.12.2024 22:00","0","397"
"11.12.2024 22:00 - 11.12.2024 23:00","0","1815"
"11.12.2024 23:00 - 12.12.2024 00:00","0","2470"
"12.12.2024 00:00 - 12.12.2024 01:00","0","3094"
"12.12.2024 01:00 - 12.12.2024 02:00","0","2961"
"12.12.2024 02:00 - 12.12.2024 03:00","0","2950"
"12.12.2024 03:00 - 12.12.2024 04:00","0","3024"
"12.12.2024 04:00 - 12.12.2024 05:00","0","2866"
"12.12.2024 05:00 - 12.12.2024 06:00","0","2119"
"12.12.2024 06:00 - 12.12.2024 07:00","0","1277"
"12.12.2024 07:00 - 12.12.2024 08:00","482","0"
"12.12.2024 08:00 - 12.12.2024 09:00","2088","0"
"12.12.2024 09:00 - 12.12.2024 10:00","1696","0"
"12.12.2024 10:00 - 12.12.2024 11:00","0","294"
"12.12.2024 11:00 - 12.12.2024 12:00","0","1401"
"12.12.2024 12:00 - 12.12.2024 13:00","0","1604"
"12.12.2024 13:00 - 12.12.2024 14:00","0","1592"
"12.12.2024 14:00 - 12.12.2024 15:00","0","1605"
"12.12.2024 15:00 - 12.12.2024 16:00","0","1697"
"12.12.2024 16:00 - 12.12.2024 17:00","89","0"
"12.12.2024 17:00 - 12.12.2024 18:00","410","0"
"12.12.2024 18:00 - 12.12.2024 19:00","471","0"
"12.12.2024 19:00 - 12.12.2024 20:00","453","0"
"12.12.2024 20:00 - 12.12.2024 21:00","624","0"
"12.12.2024 21:00 - 12.12.2024 22:00","185","0"
"12.12.2024 22:00 - 12.12.2024 23:00","0","1202"
"12.12.2024 23:00 - 13.12.2024 00:00","0","2072"
"13.12.2024 00:00 - 13.12.2024 01:00","0","2347"
"13.12.2024 01:00 - 13.12.2024 02:00","0","2290"
"13.12.2024 02:00 - 13.12.2024 03:00","0","2471"
"13.12.2024 03:00 - 13.12.2024 04:00","0","2775"
"13.12.2024 04:00 - 13.12.2024 05:00","0","2723"
"13.12.2024 05:00 - 13.12.2024 06:00","0","2561"
"13.12.2024 06:00 - 13.12.2024 07:00","0","1876"
"13.12.2024 07:00 - 13.12.2024 08:00","406","0"
"13.12.2024 08:00 - 13.12.2024 09:00","1374","0"
"13.12.2024 09:00 - 13.12.2024 10:00","1039","0"
"13.12.2024 10:00 - 13.12.2024 11:00","0","286"
"13.12.2024 11:00 - 13.12.2024 12:00","0","1432"
"13.12.2024 12:00 - 13.12.2024 13:00","0","2145"
"13.12.2024 13:00 - 13.12.2024 14:00","0","2192"
"13.12.2024 14:00 - 13.12.2024 15:00","0","2378"
"13.12.2024 15:00 - 13.12.2024 16:00","0","2228"
"13.12.2024 16:00 - 13.12.2024 17:00","0","1642"
"13.12.2024 17:00 - 13.12.2024 18:00","271","0"
"13.12.2024 18:00 - 13.12.2024 19:00","476","0"
"13.12.2024 19:00 - 13.12.2024 20:00","68","0"
"13.12.2024 20:00 - 13.12.2024 21:00","57","0"
"13.12.2024 21:00 - 13.12.2024 22:00","18","0"
"13.12.2024 22:00 - 13.12.2024 23:00","0","1798"
"13.12.2024 23:00 - 14.12.2024 00:00","0","2369"
"14.12.2024 00:00 - 14.12.2024 01:00","0","2328"
"14.12.2024 01:00 - 14.12.2024 02:00","0","2656"
"14.12.2024 02:00 - 14.12.2024 03:00","0","2612"
"14.12.2024 03:00 - 14.12.2024 04:00","0","2745"
"14.12.2024 04:00 - 14.12.2024 05:00","0","2807"
"14.12.2024 05:00 - 14.12.2024 06:00","0","2871"
"14.12.2024 06:00 - 14.12.2024 07:00","0","2937"
"14.12.2024 07:00 - 14.12.2024 08:00","0","2768"
"14.12.2024 08:00 - 14.12.2024 09:00","0","2301"
"14.12.2024 09:00 - 14.12.2024 10:00","0","2835"
"14.12.2024 10:00 - 14.12.2024 11:00","0","3054"
"14.12.2024 11:00 - 14.12.2024 12:00","0","3166"
"14.12.2024 12:00 - 14.12.2024 13:00","0","3512"
"14.12.2024 13:00 - 14.12.2024 14:00","0","3966"
"14.12.2024 14:00 - 14.12.2024 15:00","0","3914"
"14.12.2024 15:00 - 14.12.2024 16:00","0","4377"
"14.12.2024 16:00 - 14.12.2024 17:00","0","4542"
"14.12.2024 17:00 - 14.12.2024 18:00","0","3815"
"14.12.2024 18:00 - 14.12.2024 19:00","0","3076"
"14.12.2024 19:00 - 14.12.2024 20:00","0","2738"
"14.12.2024 20:00 - 14.12.2024 21:00","0","2564"
"14.12.2024 21:00 - 14.12.2024 22:00","0","2599"
"14.12.2024 22:00 - 14.12.2024 23:00","0","3347"
"14.12.2024 23:00 - 15.12.2024 00:00","0","3626"
"15.12.2024 00:00 - 15.12.2024 01:00","0","3193"
"15.12.2024 01:00 - 15.12.2024 02:00","0","2971"
"15.12.2024 02:00 - 15.12.2024 03:00","0","3437"
"15.12.2024 03:00 - 15.12.2024 04:00","0","3537"
"15.12.2024 04:00 - 15.12.2024 05:00","0","3653"
"15.12.2024 05:00 - 15.12.2024 06:00","0","3542"
"15.12.2024 06:00 - 15.12.2024 07:00","0","3329"
"15.12.2024 07:00 - 15.12.2024 08:00","0","3017"
"15.12.2024 08:00 - 15.12.2024 09:00","0","3089"
"15.12.2024 09:00 - 15.12.2024 10:00","0","3104"
"15.12.2024 10:00 - 15.12.2024 11:00","0","2829"
"15.12.2024 11:00 - 15.12.2024 12:00","0","2821"
"15.12.2024 12:00 - 15.12.2024 13:00","0","2882"
"15.12.2024 13:00 - 15.12.2024 14:00","0","3004"
"15.12.2024 14:00 - 15.12.2024 15:00","0","3108"
"15.12.2024 15:00 - 15.12.2024 16:00","0","3299"
"15.12.2024 16:00 - 15.12.2024 17:00","0","3230"
"15.12.2024 17:00 - 15.12.2024 18:00","0","2795"
"15.12.2024 18:00 - 15.12.2024 19:00","0","1923"
"15.12.2024 19:00 - 15.12.2024 20:00","0","1396"
"15.12.2024 20:00 - 15.12.2024 21:00","0","1118"
"15.12.2024 21:00 - 15.12.2024 22:00","0","1037"
"15.12.2024 22:00 - 15.12.2024 23:00","0","1599"
"15.12.2024 23:00 - 16.12.2024 00:00","0","1535"
"16.12.2024 00:00 - 16.12.2024 01:00","0","1771"
"16.12.2024 01:00 - 16.12.2024 02:00","0","1541"
"16.12.2024 02:00 - 16.12.2024 03:00","0","893"
"16.12.2024 03:00 - 16.12.2024 04:00","0","576"
"16.12.2024 04:00 - 16.12.2024 05:00","0","273"
"16.12.2024 05:00 - 16.12.2024 06:00","0","71"
"16.12.2024 06:00 - 16.12.2024 07:00","0","383"
"16.12.2024 07:00 - 16.12.2024 08:00","481","0"
"16.12.2024 08:00 - 16.12.2024 09:00","1423","0"
"16.12.2024 09:00 - 16.12.2024 10:00","0","117"
"16.12.2024 10:00 - 16.12.2024 11:00","0","1534"
"16.12.2024 11:00 - 16.12.2024 12:00","0","2356"
"16.12.2024 12:00 - 16.12.2024 13:00","0","2767"
"16.12.2024 13:00 - 16.12.2024 14:00","0","2783"
"16.12.2024 14:00 - 16.12.2024 15:00","0","2854"
"16.12.2024 15:00 - 16.12.2024 16:00","0","3329"
"16.12.2024 16:00 - 16.12.2024 17:00","0","2928"
"16.12.2024 17:00 - 16.12.2024 18:00","0","1392"
"16.12.2024 18:00 - 16.12.2024 19:00","37","0"
"16.12.2024 19:00 - 16.12.2024 20:00","685","0"
"16.12.2024 20:00 - 16.12.2024 21:00","779","0"
"16.12.2024 21:00 - 16.12.2024 22:00","0","11"
"16.12.2024 22:00 - 16.12.2024 23:00","0","1402"
"16.12.2024 23:00 - 17.12.2024 00:00","0","2135"
"17.12.2024 00:00 - 17.12.2024 01:00","0","1696"
"17.12.2024 01:00 - 17.12.2024 02:00","0","1513"
"17.12.2024 02:00 - 17.12.2024 03:00","0","1291"
"17.12.2024 03:00 - 17.12.2024 04:00","0","1010"
"17.12.2024 04:00 - 17.12.2024 05:00","0","903"
"17.12.2024 05:00 - 17.12.2024 06:00","0","875"
"17.12.2024 06:00 - 17.12.2024 07:00","0","860"
"17.12.2024 07:00 - 17.12.2024 08:00","0","666"
"17.12.2024 08:00 - 17.12.2024 09:00","0","217"
"17.12.2024 09:00 - 17.12.2024 10:00","0","903"
"17.12.2024 10:00 - 17.12.2024 11:00","0","1922"
"17.12.2024 11:00 - 17.12.2024 12:00","0","2413"
"17.12.2024 12:00 - 17.12.2024 13:00","0","2780"
"17.12.2024 13:00 - 17.12.2024 14:00","0","2448"
"17.12.2024 14:00 - 17.12.2024 15:00","0","2228"
"17.12.2024 15:00 - 17.12.2024 16:00","0","2357"
"17.12.2024 16:00 - 17.12.2024 17:00","0","2586"
"17.12.2024 17:00 - 17.12.2024 18:00","0","1935"
"17.12.2024 18:00 - 17.12.2024 19:00","0","979"
"17.12.2024 19:00 - 17.12.2024 20:00","0","663"
"17.12.2024 20:00 - 17.12.2024 21:00","0","705"
"17.12.2024 21:00 - 17.12.2024 22:00","0","1335"
"17.12.2024 22:00 - 17.12.2024 23:00","0","2167"
"17.12.2024 23:00 - 18.12.2024 00:00","0","2353"
"18.12.2024 00:00 - 18.12.2024 01:00","0","2397"
"18.12.2024 01:00 - 18.12.2024 02:00","0","2540"
"18.12.2024 02:00 - 18.12.2024 03:00","0","2608"
"18.12.2024 03:00 - 18.12.2024 04:00","0","2642"
"18.12.2024 04:00 - 18.12.2024 05:00","0","2601"
"18.12.2024 05:00 - 18.12.2024 06:00","0","2270"
"18.12.2024 06:00 - 18.12.2024 07:00","0","1602"
"18.12.2024 07:00 - 18.12.2024 08:00","0","306"
"18.12.2024 08:00 - 18.12.2024 09:00","478","0"
"18.12.2024 09:00 - 18.12.2024 10:00","0","484"
"18.12.2024 10:00 - 18.12.2024 11:00","0","2004"
"18.12.2024 11:00 - 18.12.2024 12:00","0","2549"
"18.12.2024 12:00 - 18.12.2024 13:00","0","2814"
"18.12.2024 13:00 - 18.12.2024 14:00","0","2849"
"18.12.2024 14:00 - 18.12.2024 15:00","0","3642"
"18.12.2024 15:00 - 18.12.2024 16:00","0","3962"
"18.12.2024 16:00 - 18.12.2024 17:00","0","3070"
"18.12.2024 17:00 - 18.12.2024 18:00","0","1255"
"18.12.2024 18:00 - 18.12.2024 19:00","0","13"
"18.12.2024 19:00 - 18.12.2024 20:00","231","0"
"18.12.2024 20:00 - 18.12.2024 21:00","47","0"
"18.12.2024 21:00 - 18.12.2024 22:00","0","427"
"18.12.2024 22:00 - 18.12.2024 23:00","0","1075"
"18.12.2024 23:00 - 19.12.2024 00:00","0","2201"
"19.12.2024 00:00 - 19.12.2024 01:00","0","1871"
"19.12.2024 01:00 - 19.12.2024 02:00","0","2331"
"19.12.2024 02:00 - 19.12.2024 03:00","0","2548"
"19.12.2024 03:00 - 19.12.2024 04:00","0","2519"
"19.12.2024 04:00 - 19.12.2024 05:00","0","2444"
"19.12.2024 05:00 - 19.12.2024 06:00","0","2315"
"19.12.2024 06:00 - 19.12.2024 07:00","0","1522"
"19.12.2024 07:00 - 19.12.2024 08:00","0","763"
"19.12.2024 08:00 - 19.12.2024 09:00","0","259"
"19.12.2024 09:00 - 19.12.2024 10:00","0","858"
"19.12.2024 10:00 - 19.12.2024 11:00","0","2162"
"19.12.2024 11:00 - 19.12.2024 12:00","0","2584"
"19.12.2024 12:00 - 19.12.2024 13:00","0","3035"
"19.12.2024 13:00 - 19.12.2024 14:00","0","2786"
"19.12.2024 14:00 - 19.12.2024 15:00","0","3019"
"19.12.2024 15:00 - 19.12.2024 16:00","0","3252"
"19.12.2024 16:00 - 19.12.2024 17:00","0","3521"
"19.12.2024 17:00 - 19.12.2024 18:00","0","3242"
"19.12.2024 18:00 - 19.12.2024 19:00","0","2682"
"19.12.2024 19:00 - 19.12.2024 20:00","0","2158"
"19.12.2024 20:00 - 19.12.2024 21:00","0","2029"
"19.12.2024 21:00 - 19.12.2024 22:00","0","1722"
"19.12.2024 22:00 - 19.12.2024 23:00","0","2285"
"19.12.2024 23:00 - 20.12.2024 00:00","0","2937"
"20.12.2024 00:00 - 20.12.2024 01:00","0","2595"
"20.12.2024 01:00 - 20.12.2024 02:00","0","2676"
"20.12.2024 02:00 - 20.12.2024 03:00","0","2950"
"20.12.2024 03:00 - 20.12.2024 04:00","0","3151"
"20.12.2024 04:00 - 20.12.2024 05:00","0","3319"
"20.12.2024 05:00 - 20.12.2024 06:00","0","3089"
"20.12.2024 06:00 - 20.12.2024 07:00","0","2721"
"20.12.2024 07:00 - 20.12.2024 08:00","0","1032"
"20.12.2024 08:00 - 20.12.2024 09:00","0","314"
"20.12.2024 09:00 - 20.12.2024 10:00","0","1130"
"20.12.2024 10:00 - 20.12.2024 11:00","0","2274"
"20.12.2024 11:00 - 20.12.2024 12:00","0","2542"
"20.12.2024 12:00 - 20.12.2024 13:00","0","3439"
"20.12.2024 13:00 - 20.12.2024 14:00","0","4286"
"20.12.2024 14:00 - 20.12.2024 15:00","0","4292"
"20.12.2024 15:00 - 20.12.2024 16:00","0","4335"
"20.12.2024 16:00 - 20.12.2024 17:00","0","3911"
"20.12.2024 17:00 - 20.12.2024 18:00","0","2459"
"20.12.2024 18:00 - 20.12.2024 19:00","0","1085"
"20.12.2024 19:00 - 20.12.2024 20:00","0","836"
"20.12.2024 20:00 - 20.12.2024 21:00","0","898"
"20.12.2024 21:00 - 20.12.2024 22:00","0","940"
"20.12.2024 22:00 - 20.12.2024 23:00","0","1575"
"20.12.2024 23:00 - 21.12.2024 00:00","0","1890"
"21.12.2024 00:00 - 21.12.2024 01:00","0","1816"
"21.12.2024 01:00 - 21.12.2024 02:00","0","1622"
"21.12.2024 02:00 - 21.12.2024 03:00","0","1874"
"21.12.2024 03:00 - 21.12.2024 04:00","0","1901"
"21.12.2024 04:00 - 21.12.2024 05:00","0","1879"
"21.12.2024 05:00 - 21.12.2024 06:00","0","1819"
"21.12.2024 06:00 - 21.12.2024 07:00","0","1562"
"21.12.2024 07:00 - 21.12.2024 08:00","0","1438"
"21.12.2024 08:00 - 21.12.2024 09:00","0","1248"
"21.12.2024 09:00 - 21.12.2024 10:00","0","1497"
"21.12.2024 10:00 - 21.12.2024 11:00","0","2248"
"21.12.2024 11:00 - 21.12.2024 12:00","0","2731"
"21.12.2024 12:00 - 21.12.2024 13:00","0","3230"
"21.12.2024 13:00 - 21.12.2024 14:00","0","3360"
"21.12.2024 14:00 - 21.12.2024 15:00","0","3787"
"21.12.2024 15:00 - 21.12.2024 16:00","0","3735"
"21.12.2024 16:00 - 21.12.2024 17:00","0","3342"
"21.12.2024 17:00 - 21.12.2024 18:00","0","1857"
"21.12.2024 18:00 - 21.12.2024 19:00","0","807"
"21.12.2024 19:00 - 21.12.2024 20:00","0","354"
"21.12.2024 20:00 - 21.12.2024 21:00","0","280"
"21.12.2024 21:00 - 21.12.2024 22:00","0","387"
"21.12.2024 22:00 - 21.12.2024 23:00","0","1391"
"21.12.2024 23:00 - 22.12.2024 00:00","0","1586"
"22.12.2024 00:00 - 22.12.2024 01:00","0","1558"
"22.12.2024 01:00 - 22.12.2024 02:00","0","1896"
"22.12.2024 02:00 - 22.12.2024 03:00","0","2112"
"22.12.2024 03:00 - 22.12.2024 04:00","0","2189"
"22.12.2024 04:00 - 22.12.2024 05:00","0","2711"
"22.12.2024 05:00 - 22.12.2024 06:00","0","3087"
"22.12.2024 06:00 - 22.12.2024 07:00","0","3127"
"22.12.2024 07:00 - 22.12.2024 08:00","0","2786"
"22.12.2024 08:00 - 22.12.2024 09:00","0","2464"
"22.12.2024 09:00 - 22.12.2024 10:00","0","2880"
"22.12.2024 10:00 - 22.12.2024 11:00","0","2829"
"22.12.2024 11:00 - 22.12.2024 12:00","0","2879"
"22.12.2024 12:00 - 22.12.2024 13:00","0","3034"
"22.12.2024 13:00 - 22.12.2024 14:00","0","3171"
"22.12.2024 14:00 - 22.12.2024 15:00","0","3130"
"22.12.2024 15:00 - 22.12.2024 16:00","0","3100"
"22.12.2024 16:00 - 22.12.2024 17:00","0","2782"
"22.12.2024 17:00 - 22.12.2024 18:00","0","1158"
"22.12.2024 18:00 - 22.12.2024 19:00","206","0"
"22.12.2024 19:00 - 22.12.2024 20:00","741","0"
"22.12.2024 20:00 - 22.12.2024 21:00","259","0"
"22.12.2024 21:00 - 22.12.2024 22:00","0","320"
"22.12.2024 22:00 - 22.12.2024 23:00","0","812"
"22.12.2024 23:00 - 23.12.2024 00:00","0","1956"
"23.12.2024 00:00 - 23.12.2024 01:00","0","3045"
"23.12.2024 01:00 - 23.12.2024 02:00","0","2958"
"23.12.2024 02:00 - 23.12.2024 03:00","0","2485"
"23.12.2024 03:00 - 23.12.2024 04:00","0","2259"
"23.12.2024 04:00 - 23.12.2024 05:00","0","1772"
"23.12.2024 05:00 - 23.12.2024 06:00","0","1501"
"23.12.2024 06:00 - 23.12.2024 07:00","0","1501"
"23.12.2024 07:00 - 23.12.2024 08:00","0","970"
"23.12.2024 08:00 - 23.12.2024 09:00","0","338"
"23.12.2024 09:00 - 23.12.2024 10:00","0","796"
"23.12.2024 10:00 - 23.12.2024 11:00","0","1831"
"23.12.2024 11:00 - 23.12.2024 12:00","0","2594"
"23.12.2024 12:00 - 23.12.2024 13:00","0","3088"
"23.12.2024 13:00 - 23.12.2024 14:00","0","3073"
"23.12.2024 14:00 - 23.12.2024 15:00","0","3009"
"23.12.2024 15:00 - 23.12.2024 16:00","0","3093"
"23.12.2024 16:00 - 23.12.2024 17:00","0","2720"
"23.12.2024 17:00 - 23.12.2024 18:00","0","1372"
"23.12.2024 18:00 - 23.12.2024 19:00","421","0"
"23.12.2024 19:00 - 23.12.2024 20:00","891","0"
"23.12.2024 20:00 - 23.12.2024 21:00","558","0"
"23.12.2024 21:00 - 23.12.2024 22:00","644","0"
"23.12.2024 22:00 - 23.12.2024 23:00","445","0"
"23.12.2024 23:00 - 24.12.2024 00:00","0","186"
"24.12.2024 00:00 - 24.12.2024 01:00","0","217"
"24.12.2024 01:00 - 24.12.2024 02:00","0","445"
"24.12.2024 02:00 - 24.12.2024 03:00","0","588"
"24.12.2024 03:00 - 24.12.2024 04:00","0","562"
"24.12.2024 04:00 - 24.12.2024 05:00","0","365"
"24.12.2024 05:00 - 24.12.2024 06:00","0","156"
"24.12.2024 06:00 - 24.12.2024 07:00","64","0"
"24.12.2024 07:00 - 24.12.2024 08:00","1002","0"
"24.12.2024 08:00 - 24.12.2024 09:00","2159","0"
"24.12.2024 09:00 - 24.12.2024 10:00","1734","0"
"24.12.2024 10:00 - 24.12.2024 11:00","400","0"
"24.12.2024 11:00 - 24.12.2024 12:00","0","574"
"24.12.2024 12:00 - 24.12.2024 13:00","0","839"
"24.12.2024 13:00 - 24.12.2024 14:00","0","1252"
"24.12.2024 14:00 - 24.12.2024 15:00","0","1569"
"24.12.2024 15:00 - 24.12.2024 16:00","0","1696"
"24.12.2024 16:00 - 24.12.2024 17:00","0","1189"
"24.12.2024 17:00 - 24.12.2024 18:00","483","0"
"24.12.2024 18:00 - 24.12.2024 19:00","827","0"
"24.12.2024 19:00 - 24.12.2024 20:00","700","0"
"24.12.2024 20:00 - 24.12.2024 21:00","0","27"
"24.12.2024 21:00 - 24.12.2024 22:00","0","564"
"24.12.2024 22:00 - 24.12.2024 23:00","0","22"
"24.12.2024 23:00 - 25.12.2024 00:00","318","0"
"25.12.2024 00:00 - 25.12.2024 01:00","0","934"
"25.12.2024 01:00 - 25.12.2024 02:00","0","1499"
"25.12.2024 02:00 - 25.12.2024 03:00","0","1622"
"25.12.2024 03:00 - 25.12.2024 04:00","0","1755"
"25.12.2024 04:00 - 25.12.2024 05:00","0","1507"
"25.12.2024 05:00 - 25.12.2024 06:00","0","1706"
"25.12.2024 06:00 - 25.12.2024 07:00","0","1676"
"25.12.2024 07:00 - 25.12.2024 08:00","0","1258"
"25.12.2024 08:00 - 25.12.2024 09:00","0","476"
"25.12.2024 09:00 - 25.12.2024 10:00","0","9"
"25.12.2024 10:00 - 25.12.2024 11:00","0","255"
"25.12.2024 11:00 - 25.12.2024 12:00","0","1211"
"25.12.2024 12:00 - 25.12.2024 13:00","0","2015"
"25.12.2024 13:00 - 25.12.2024 14:00","0","1917"
"25.12.2024 14:00 - 25.12.2024 15:00","0","2370"
"25.12.2024 15:00 - 25.12.2024 16:00","0","2757"
"25.12.2024 16:00 - 25.12.2024 17:00","0","1804"
"25.12.2024 17:00 - 25.12.2024 18:00","0","1273"
"25.12.2024 18:00 - 25.12.2024 19:00","0","620"
"25.12.2024 19:00 - 25.12.2024 20:00","0","352"
"25.12.2024 20:00 - 25.12.2024 21:00","0","237"
"25.12.2024 21:00 - 25.12.2024 22:00","0","151"
"25.12.2024 22:00 - 25.12.2024 23:00","0","553"
"25.12.2024 23:00 - 26.12.2024 00:00","0","1050"
"26.12.2024 00:00 - 26.12.2024 01:00","0","1373"
"26.12.2024 01:00 - 26.12.2024 02:00","0","1595"
"26.12.2024 02:00 - 26.12.2024 03:00","0","1703"
"26.12.2024 03:00 - 26.12.2024 04:00","0","1767"
"26.12.2024 04:00 - 26.12.2024 05:00","0","1677"
"26.12.2024 05:00 - 26.12.2024 06:00","0","1534"
"26.12.2024 06:00 - 26.12.2024 07:00","0","1482"
"26.12.2024 07:00 - 26.12.2024 08:00","0","1360"
"26.12.2024 08:00 - 26.12.2024 09:00","0","649"
"26.12.2024 09:00 - 26.12.2024 10:00","0","1773"
"26.12.2024 10:00 - 26.12.2024 11:00","0","1707"
"26.12.2024 11:00 - 26.12.2024 12:00","0","2765"
"26.12.2024 12:00 - 26.12.2024 13:00","0","3395"
"26.12.2024 13:00 - 26.12.2024 14:00","0","3486"
"26.12.2024 14:00 - 26.12.2024 15:00","0","3687"
"26.12.2024 15:00 - 26.12.2024 16:00","0","3567"
"26.12.2024 16:00 - 26.12.2024 17:00","0","3561"
"26.12.2024 17:00 - 26.12.2024 18:00","0","2539"
"26.12.2024 18:00 - 26.12.2024 19:00","0","1784"
"26.12.2024 19:00 - 26.12.2024 20:00","0","1709"
"26.12.2024 20:00 - 26.12.2024 21:00","0","1432"
"26.12.2024 21:00 - 26.12.2024 22:00","0","1875"
"26.12.2024 22:00 - 26.12.2024 23:00","0","2572"
"26.12.2024 23:00 - 27.12.2024 00:00","0","3291"
"27.12.2024 00:00 - 27.12.2024 01:00","0","3413"
"27.12.2024 01:00 - 27.12.2024 02:00","0","3276"
"27.12.2024 02:00 - 27.12.2024 03:00","0","3455"
"27.12.2024 03:00 - 27.12.2024 04:00","0","3477"
"27.12.2024 04:00 - 27.12.2024 05:00","0","3437"
"27.12.2024 05:00 - 27.12.2024 06:00","0","3115"
"27.12.2024 06:00 - 27.12.2024 07:00","0","2450"
"27.12.2024 07:00 - 27.12.2024 08:00","0","1398"
"27.12.2024 08:00 - 27.12.2024 09:00","0","892"
"27.12.2024 09:00 - 27.12.2024 10:00","0","1081"
"27.12.2024 10:00 - 27.12.2024 11:00","0","2836"
"27.12.2024 11:00 - 27.12.2024 12:00","0","3850"
"27.12.2024 12:00 - 27.12.2024 13:00","0","4062"
"27.12.2024 13:00 - 27.12.2024 14:00","0","4124"
"27.12.2024 14:00 - 27.12.2024 15:00","0","3607"
"27.12.2024 15:00 - 27.12.2024 16:00","0","3663"
"27.12.2024 16:00 - 27.12.2024 17:00","0","3855"
"27.12.2024 17:00 - 27.12.2024 18:00","0","2932"
"27.12.2024 18:00 - 27.12.2024 19:00","0","1893"
"27.12.2024 19:00 - 27.12.2024 20:00","0","1758"
"27.12.2024 20:00 - 27.12.2024 21:00","0","1903"
"27.12.2024 21:00 - 27.12.2024 22:00","0","2181"
"27.12.2024 22:00 - 27.12.2024 23:00","0","3079"
"27.12.2024 23:00 - 28.12.2024 00:00","0","2998"
"28.12.2024 00:00 - 28.12.2024 01:00","0","3144"
"28.12.2024 01:00 - 28.12.2024 02:00","0","2924"
"28.12.2024 02:00 - 28.12.2024 03:00","0","2571"
"28.12.2024 03:00 - 28.12.2024 04:00","0","2685"
"28.12.2024 04:00 - 28.12.2024 05:00","0","2569"
"28.12.2024 05:00 - 28.12.2024 06:00","0","2315"
"28.12.2024 06:00 - 28.12.2024 07:00","0","2049"
"28.12.2024 07:00 - 28.12.2024 08:00","0","1785"
"28.12.2024 08:00 - 28.12.2024 09:00","0","1691"
"28.12.2024 09:00 - 28.12.2024 10:00","0","1808"
"28.12.2024 10:00 - 28.12.2024 11:00","0","2178"
"28.12.2024 11:00 - 28.12.2024 12:00","0","3000"
"28.12.2024 12:00 - 28.12.2024 13:00","0","3536"
"28.12.2024 13:00 - 28.12.2024 14:00","0","3745"
"28.12.2024 14:00 - 28.12.2024 15:00","0","3845"
"28.12.2024 15:00 - 28.12.2024 16:00","0","3940"
"28.12.2024 16:00 - 28.12.2024 17:00","0","3934"
"28.12.2024 17:00 - 28.12.2024 18:00","0","3566"
"28.12.2024 18:00 - 28.12.2024 19:00","0","2193"
"28.12.2024 19:00 - 28.12.2024 20:00","0","1754"
"28.12.2024 20:00 - 28.12.2024 21:00","0","1691"
"28.12.2024 21:00 - 28.12.2024 22:00","0","1805"
"28.12.2024 22:00 - 28.12.2024 23:00","0","2588"
"28.12.2024 23:00 - 29.12.2024 00:00","0","3276"
"29.12.2024 00:00 - 29.12.2024 01:00","0","3267"
"29.12.2024 01:00 - 29.12.2024 02:00","0","3030"
"29.12.2024 02:00 - 29.12.2024 03:00","0","2969"
"29.12.2024 03:00 - 29.12.2024 04:00","0","3086"
"29.12.2024 04:00 - 29.12.2024 05:00","0","2937"
"29.12.2024 05:00 - 29.12.2024 06:00","0","2798"
"29.12.2024 06:00 - 29.12.2024 07:00","0","2480"
"29.12.2024 07:00 - 29.12.2024 08:00","0","2348"
"29.12.2024 08:00 - 29.12.2024 09:00","0","2292"
"29.12.2024 09:00 - 29.12.2024 10:00","0","2383"
"29.12.2024 10:00 - 29.12.2024 11:00","0","2726"
"29.12.2024 11:00 - 29.12.2024 12:00","0","3050"
"29.12.2024 12:00 - 29.12.2024 13:00","0","3623"
"29.12.2024 13:00 - 29.12.2024 14:00","0","3859"
"29.12.2024 14:00 - 29.12.2024 15:00","0","3839"
"29.12.2024 15:00 - 29.12.2024 16:00","0","3365"
"29.12.2024 16:00 - 29.12.2024 17:00","0","3217"
"29.12.2024 17:00 - 29.12.2024 18:00","0","2899"
"29.12.2024 18:00 - 29.12.2024 19:00","0","2178"
"29.12.2024 19:00 - 29.12.2024 20:00","0","1692"
"29.12.2024 20:00 - 29.12.2024 21:00","0","1416"
"29.12.2024 21:00 - 29.12.2024 22:00","0","1887"
"29.12.2024 22:00 - 29.12.2024 23:00","0","2737"
"29.12.2024 23:00 - 30.12.2024 00:00","0","2818"
"30.12.2024 00:00 - 30.12.2024 01:00","0","3355"
"30.12.2024 01:00 - 30.12.2024 02:00","0","3454"
"30.12.2024 02:00 - 30.12.2024 03:00","0","3690"
"30.12.2024 03:00 - 30.12.2024 04:00","0","3845"
"30.12.2024 04:00 - 30.12.2024 05:00","0","3646"
"30.12.2024 05:00 - 30.12.2024 06:00","0","3231"
"30.12.2024 06:00 - 30.12.2024 07:00","0","2628"
"30.12.2024 07:00 - 30.12.2024 08:00","0","2059"
"30.12.2024 08:00 - 30.12.2024 09:00","0","1354"
"30.12.2024 09:00 - 30.12.2024 10:00","0","1668"
"30.12.2024 10:00 - 30.12.2024 11:00","0","2485"
"30.12.2024 11:00 - 30.12.2024 12:00","0","2586"
"30.12.2024 12:00 - 30.12.2024 13:00","0","2895"
"30.12.2024 13:00 - 30.12.2024 14:00","0","3304"
"30.12.2024 14:00 - 30.12.2024 15:00","0","3636"
"30.12.2024 15:00 - 30.12.2024 16:00","0","3721"
"30.12.2024 16:00 - 30.12.2024 17:00","0","3523"
"30.12.2024 17:00 - 30.12.2024 18:00","0","3029"
"30.12.2024 18:00 - 30.12.2024 19:00","0","1988"
"30.12.2024 19:00 - 30.12.2024 20:00","0","1626"
"30.12.2024 20:00 - 30.12.2024 21:00","0","1578"
"30.12.2024 21:00 - 30.12.2024 22:00","0","1584"
"30.12.2024 22:00 - 30.12.2024 23:00","0","2322"
"30.12.2024 23:00 - 31.12.2024 00:00","0","3385"
"31.12.2024 00:00 - 31.12.2024 01:00","0","2921"
"31.12.2024 01:00 - 31.12.2024 02:00","0","2447"
"31.12.2024 02:00 - 31.12.2024 03:00","0","2590"
"31.12.2024 03:00 - 31.12.2024 04:00","0","3027"
"31.12.2024 04:00 - 31.12.2024 05:00","0","3069"
"31.12.2024 05:00 - 31.12.2024 06:00","0","2835"
"31.12.2024 06:00 - 31.12.2024 07:00","0","2421"
"31.12.2024 07:00 - 31.12.2024 08:00","0","1707"
"31.12.2024 08:00 - 31.12.2024 09:00","0","553"
"31.12.2024 09:00 - 31.12.2024 10:00","0","623"
"31.12.2024 10:00 - 31.12.2024 11:00","0","1732"
"31.12.2024 11:00 - 31.12.2024 12:00","0","2734"
"31.12.2024 12:00 - 31.12.2024 13:00","0","3161"
"31.12.2024 13:00 - 31.12.2024 14:00","0","3272"
"31.12.2024 14:00 - 31.12.2024 15:00","0","3461"
"31.12.2024 15:00 - 31.12.2024 16:00","0","3645"
"31.12.2024 16:00 - 31.12.2024 17:00","0","3588"
"31.12.2024 17:00 - 31.12.2024 18:00","0","2656"
"31.12.2024 18:00 - 31.12.2024 19:00","0","877"
"31.12.2024 19:00 - 31.12.2024 20:00","0","1200"
"31.12.2024 20:00 - 31.12.2024 21:00","0","1651"
"31.12.2024 21:00 - 31.12.2024 22:00","0","1594"
"31.12.2024 22:00 - 31.12.2024 23:00","0","2034"
"31.12.2024 23:00 - 01.01.2025 00:00","0","2211"
