"MTU (CET/CEST)","Area","Sequence","Day-ahead (EUR/MWh)","Energy Price (EUR/MWh)"
"01/01/2024 00:00:00 - 01/01/2024 01:00:00","BZN|ES","Without sequence","63.33",""
"01/01/2024 01:00:00 - 01/01/2024 02:00:00","BZN|ES","Without sequence","50.09",""
"01/01/2024 02:00:00 - 01/01/2024 03:00:00","BZN|ES","Without sequence","47.5",""
"01/01/2024 03:00:00 - 01/01/2024 04:00:00","BZN|ES","Without sequence","43.5",""
"01/01/2024 04:00:00 - 01/01/2024 05:00:00","BZN|ES","Without sequence","42.5",""
"01/01/2024 05:00:00 - 01/01/2024 06:00:00","BZN|ES","Without sequence","42.09",""
"01/01/2024 06:00:00 - 01/01/2024 07:00:00","BZN|ES","Without sequence","42.5",""
"01/01/2024 07:00:00 - 01/01/2024 08:00:00","BZN|ES","Without sequence","42.59",""
"01/01/2024 08:00:00 - 01/01/2024 09:00:00","BZN|ES","Without sequence","43.37",""
"01/01/2024 09:00:00 - 01/01/2024 10:00:00","BZN|ES","Without sequence","42.29",""
"01/01/2024 10:00:00 - 01/01/2024 11:00:00","BZN|ES","Without sequence","25.0",""
"01/01/2024 11:00:00 - 01/01/2024 12:00:00","BZN|ES","Without sequence","3.9",""
"01/01/2024 12:00:00 - 01/01/2024 13:00:00","BZN|ES","Without sequence","3.2",""
"01/01/2024 13:00:00 - 01/01/2024 14:00:00","BZN|ES","Without sequence","2.06",""
"01/01/2024 14:00:00 - 01/01/2024 15:00:00","BZN|ES","Without sequence","1.73",""
"01/01/2024 15:00:00 - 01/01/2024 16:00:00","BZN|ES","Without sequence","5.72",""
"01/01/2024 16:00:00 - 01/01/2024 17:00:00","BZN|ES","Without sequence","18.49",""
"01/01/2024 17:00:00 - 01/01/2024 18:00:00","BZN|ES","Without sequence","37.0",""
"01/01/2024 18:00:00 - 01/01/2024 19:00:00","BZN|ES","Without sequence","47.5",""
"01/01/2024 19:00:00 - 01/01/2024 20:00:00","BZN|ES","Without sequence","54.97",""
"01/01/2024 20:00:00 - 01/01/2024 21:00:00","BZN|ES","Without sequence","60.9",""
"01/01/2024 21:00:00 - 01/01/2024 22:00:00","BZN|ES","Without sequence","60.0",""
"01/01/2024 22:00:00 - 01/01/2024 23:00:00","BZN|ES","Without sequence","47.5",""
"01/01/2024 23:00:00 - 02/01/2024 00:00:00","BZN|ES","Without sequence","42.09",""
"02/01/2024 00:00:00 - 02/01/2024 01:00:00","BZN|ES","Without sequence","37.8",""
"02/01/2024 01:00:00 - 02/01/2024 02:00:00","BZN|ES","Without sequence","25.0",""
"02/01/2024 02:00:00 - 02/01/2024 03:00:00","BZN|ES","Without sequence","3.99",""
"02/01/2024 03:00:00 - 02/01/2024 04:00:00","BZN|ES","Without sequence","14.0",""
"02/01/2024 04:00:00 - 02/01/2024 05:00:00","BZN|ES","Without sequence","10.0",""
"02/01/2024 05:00:00 - 02/01/2024 06:00:00","BZN|ES","Without sequence","14.54",""
"02/01/2024 06:00:00 - 02/01/2024 07:00:00","BZN|ES","Without sequence","36.29",""
"02/01/2024 07:00:00 - 02/01/2024 08:00:00","BZN|ES","Without sequence","44.7",""
"02/01/2024 08:00:00 - 02/01/2024 09:00:00","BZN|ES","Without sequence","53.78",""
"02/01/2024 09:00:00 - 02/01/2024 10:00:00","BZN|ES","Without sequence","54.23",""
"02/01/2024 10:00:00 - 02/01/2024 11:00:00","BZN|ES","Without sequence","50.0",""
"02/01/2024 11:00:00 - 02/01/2024 12:00:00","BZN|ES","Without sequence","52.2",""
"02/01/2024 12:00:00 - 02/01/2024 13:00:00","BZN|ES","Without sequence","45.0",""
"02/01/2024 13:00:00 - 02/01/2024 14:00:00","BZN|ES","Without sequence","43.0",""
"02/01/2024 14:00:00 - 02/01/2024 15:00:00","BZN|ES","Without sequence","43.0",""
"02/01/2024 15:00:00 - 02/01/2024 16:00:00","BZN|ES","Without sequence","40.99",""
"02/01/2024 16:00:00 - 02/01/2024 17:00:00","BZN|ES","Without sequence","43.66",""
"02/01/2024 17:00:00 - 02/01/2024 18:00:00","BZN|ES","Without sequence","52.2",""
"02/01/2024 18:00:00 - 02/01/2024 19:00:00","BZN|ES","Without sequence","57.77",""
"02/01/2024 19:00:00 - 02/01/2024 20:00:00","BZN|ES","Without sequence","62.45",""
"02/01/2024 20:00:00 - 02/01/2024 21:00:00","BZN|ES","Without sequence","58.0",""
"02/01/2024 21:00:00 - 02/01/2024 22:00:00","BZN|ES","Without sequence","52.83",""
"02/01/2024 22:00:00 - 02/01/2024 23:00:00","BZN|ES","Without sequence","46.26",""
"02/01/2024 23:00:00 - 03/01/2024 00:00:00","BZN|ES","Without sequence","40.1",""
"03/01/2024 00:00:00 - 03/01/2024 01:00:00","BZN|ES","Without sequence","6.8",""
"03/01/2024 01:00:00 - 03/01/2024 02:00:00","BZN|ES","Without sequence","3.2",""
"03/01/2024 02:00:00 - 03/01/2024 03:00:00","BZN|ES","Without sequence","3.2",""
"03/01/2024 03:00:00 - 03/01/2024 04:00:00","BZN|ES","Without sequence","3.2",""
"03/01/2024 04:00:00 - 03/01/2024 05:00:00","BZN|ES","Without sequence","3.2",""
"03/01/2024 05:00:00 - 03/01/2024 06:00:00","BZN|ES","Without sequence","2.21",""
"03/01/2024 06:00:00 - 03/01/2024 07:00:00","BZN|ES","Without sequence","4.78",""
"03/01/2024 07:00:00 - 03/01/2024 08:00:00","BZN|ES","Without sequence","45.42",""
"03/01/2024 08:00:00 - 03/01/2024 09:00:00","BZN|ES","Without sequence","61.92",""
"03/01/2024 09:00:00 - 03/01/2024 10:00:00","BZN|ES","Without sequence","67.0",""
"03/01/2024 10:00:00 - 03/01/2024 11:00:00","BZN|ES","Without sequence","63.6",""
"03/01/2024 11:00:00 - 03/01/2024 12:00:00","BZN|ES","Without sequence","57.1",""
"03/01/2024 12:00:00 - 03/01/2024 13:00:00","BZN|ES","Without sequence","55.0",""
"03/01/2024 13:00:00 - 03/01/2024 14:00:00","BZN|ES","Without sequence","55.42",""
"03/01/2024 14:00:00 - 03/01/2024 15:00:00","BZN|ES","Without sequence","61.0",""
"03/01/2024 15:00:00 - 03/01/2024 16:00:00","BZN|ES","Without sequence","66.03",""
"03/01/2024 16:00:00 - 03/01/2024 17:00:00","BZN|ES","Without sequence","67.52",""
"03/01/2024 17:00:00 - 03/01/2024 18:00:00","BZN|ES","Without sequence","89.57",""
"03/01/2024 18:00:00 - 03/01/2024 19:00:00","BZN|ES","Without sequence","94.2",""
"03/01/2024 19:00:00 - 03/01/2024 20:00:00","BZN|ES","Without sequence","104.35",""
"03/01/2024 20:00:00 - 03/01/2024 21:00:00","BZN|ES","Without sequence","113.26",""
"03/01/2024 21:00:00 - 03/01/2024 22:00:00","BZN|ES","Without sequence","113.26",""
"03/01/2024 22:00:00 - 03/01/2024 23:00:00","BZN|ES","Without sequence","94.2",""
"03/01/2024 23:00:00 - 04/01/2024 00:00:00","BZN|ES","Without sequence","86.58",""
"04/01/2024 00:00:00 - 04/01/2024 01:00:00","BZN|ES","Without sequence","90.39",""
"04/01/2024 01:00:00 - 04/01/2024 02:00:00","BZN|ES","Without sequence","87.0",""
"04/01/2024 02:00:00 - 04/01/2024 03:00:00","BZN|ES","Without sequence","80.21",""
"04/01/2024 03:00:00 - 04/01/2024 04:00:00","BZN|ES","Without sequence","70.1",""
"04/01/2024 04:00:00 - 04/01/2024 05:00:00","BZN|ES","Without sequence","66.86",""
"04/01/2024 05:00:00 - 04/01/2024 06:00:00","BZN|ES","Without sequence","68.14",""
"04/01/2024 06:00:00 - 04/01/2024 07:00:00","BZN|ES","Without sequence","86.74",""
"04/01/2024 07:00:00 - 04/01/2024 08:00:00","BZN|ES","Without sequence","94.51",""
"04/01/2024 08:00:00 - 04/01/2024 09:00:00","BZN|ES","Without sequence","96.0",""
"04/01/2024 09:00:00 - 04/01/2024 10:00:00","BZN|ES","Without sequence","98.13",""
"04/01/2024 10:00:00 - 04/01/2024 11:00:00","BZN|ES","Without sequence","95.0",""
"04/01/2024 11:00:00 - 04/01/2024 12:00:00","BZN|ES","Without sequence","90.35",""
"04/01/2024 12:00:00 - 04/01/2024 13:00:00","BZN|ES","Without sequence","89.0",""
"04/01/2024 13:00:00 - 04/01/2024 14:00:00","BZN|ES","Without sequence","85.96",""
"04/01/2024 14:00:00 - 04/01/2024 15:00:00","BZN|ES","Without sequence","92.11",""
"04/01/2024 15:00:00 - 04/01/2024 16:00:00","BZN|ES","Without sequence","98.62",""
"04/01/2024 16:00:00 - 04/01/2024 17:00:00","BZN|ES","Without sequence","99.5",""
"04/01/2024 17:00:00 - 04/01/2024 18:00:00","BZN|ES","Without sequence","100.0",""
"04/01/2024 18:00:00 - 04/01/2024 19:00:00","BZN|ES","Without sequence","102.57",""
"04/01/2024 19:00:00 - 04/01/2024 20:00:00","BZN|ES","Without sequence","104.0",""
"04/01/2024 20:00:00 - 04/01/2024 21:00:00","BZN|ES","Without sequence","105.18",""
"04/01/2024 21:00:00 - 04/01/2024 22:00:00","BZN|ES","Without sequence","102.42",""
"04/01/2024 22:00:00 - 04/01/2024 23:00:00","BZN|ES","Without sequence","99.41",""
"04/01/2024 23:00:00 - 05/01/2024 00:00:00","BZN|ES","Without sequence","90.39",""
"05/01/2024 00:00:00 - 05/01/2024 01:00:00","BZN|ES","Without sequence","86.08",""
"05/01/2024 01:00:00 - 05/01/2024 02:00:00","BZN|ES","Without sequence","80.51",""
"05/01/2024 02:00:00 - 05/01/2024 03:00:00","BZN|ES","Without sequence","77.01",""
"05/01/2024 03:00:00 - 05/01/2024 04:00:00","BZN|ES","Without sequence","70.67",""
"05/01/2024 04:00:00 - 05/01/2024 05:00:00","BZN|ES","Without sequence","61.1",""
"05/01/2024 05:00:00 - 05/01/2024 06:00:00","BZN|ES","Without sequence","68.26",""
"05/01/2024 06:00:00 - 05/01/2024 07:00:00","BZN|ES","Without sequence","75.0",""
"05/01/2024 07:00:00 - 05/01/2024 08:00:00","BZN|ES","Without sequence","86.39",""
"05/01/2024 08:00:00 - 05/01/2024 09:00:00","BZN|ES","Without sequence","90.88",""
"05/01/2024 09:00:00 - 05/01/2024 10:00:00","BZN|ES","Without sequence","90.0",""
"05/01/2024 10:00:00 - 05/01/2024 11:00:00","BZN|ES","Without sequence","76.47",""
"05/01/2024 11:00:00 - 05/01/2024 12:00:00","BZN|ES","Without sequence","57.68",""
"05/01/2024 12:00:00 - 05/01/2024 13:00:00","BZN|ES","Without sequence","45.87",""
"05/01/2024 13:00:00 - 05/01/2024 14:00:00","BZN|ES","Without sequence","44.07",""
"05/01/2024 14:00:00 - 05/01/2024 15:00:00","BZN|ES","Without sequence","40.0",""
"05/01/2024 15:00:00 - 05/01/2024 16:00:00","BZN|ES","Without sequence","30.55",""
"05/01/2024 16:00:00 - 05/01/2024 17:00:00","BZN|ES","Without sequence","44.37",""
"05/01/2024 17:00:00 - 05/01/2024 18:00:00","BZN|ES","Without sequence","67.0",""
"05/01/2024 18:00:00 - 05/01/2024 19:00:00","BZN|ES","Without sequence","75.47",""
"05/01/2024 19:00:00 - 05/01/2024 20:00:00","BZN|ES","Without sequence","78.19",""
"05/01/2024 20:00:00 - 05/01/2024 21:00:00","BZN|ES","Without sequence","79.94",""
"05/01/2024 21:00:00 - 05/01/2024 22:00:00","BZN|ES","Without sequence","78.26",""
"05/01/2024 22:00:00 - 05/01/2024 23:00:00","BZN|ES","Without sequence","75.0",""
"05/01/2024 23:00:00 - 06/01/2024 00:00:00","BZN|ES","Without sequence","68.0",""
"06/01/2024 00:00:00 - 06/01/2024 01:00:00","BZN|ES","Without sequence","52.5",""
"06/01/2024 01:00:00 - 06/01/2024 02:00:00","BZN|ES","Without sequence","45.0",""
"06/01/2024 02:00:00 - 06/01/2024 03:00:00","BZN|ES","Without sequence","44.2",""
"06/01/2024 03:00:00 - 06/01/2024 04:00:00","BZN|ES","Without sequence","43.5",""
"06/01/2024 04:00:00 - 06/01/2024 05:00:00","BZN|ES","Without sequence","23.99",""
"06/01/2024 05:00:00 - 06/01/2024 06:00:00","BZN|ES","Without sequence","23.99",""
"06/01/2024 06:00:00 - 06/01/2024 07:00:00","BZN|ES","Without sequence","30.51",""
"06/01/2024 07:00:00 - 06/01/2024 08:00:00","BZN|ES","Without sequence","44.4",""
"06/01/2024 08:00:00 - 06/01/2024 09:00:00","BZN|ES","Without sequence","45.8",""
"06/01/2024 09:00:00 - 06/01/2024 10:00:00","BZN|ES","Without sequence","45.0",""
"06/01/2024 10:00:00 - 06/01/2024 11:00:00","BZN|ES","Without sequence","25.0",""
"06/01/2024 11:00:00 - 06/01/2024 12:00:00","BZN|ES","Without sequence","4.0",""
"06/01/2024 12:00:00 - 06/01/2024 13:00:00","BZN|ES","Without sequence","3.2",""
"06/01/2024 13:00:00 - 06/01/2024 14:00:00","BZN|ES","Without sequence","3.2",""
"06/01/2024 14:00:00 - 06/01/2024 15:00:00","BZN|ES","Without sequence","3.2",""
"06/01/2024 15:00:00 - 06/01/2024 16:00:00","BZN|ES","Without sequence","3.2",""
"06/01/2024 16:00:00 - 06/01/2024 17:00:00","BZN|ES","Without sequence","25.0",""
"06/01/2024 17:00:00 - 06/01/2024 18:00:00","BZN|ES","Without sequence","65.0",""
"06/01/2024 18:00:00 - 06/01/2024 19:00:00","BZN|ES","Without sequence","85.96",""
"06/01/2024 19:00:00 - 06/01/2024 20:00:00","BZN|ES","Without sequence","92.05",""
"06/01/2024 20:00:00 - 06/01/2024 21:00:00","BZN|ES","Without sequence","92.14",""
"06/01/2024 21:00:00 - 06/01/2024 22:00:00","BZN|ES","Without sequence","88.0",""
"06/01/2024 22:00:00 - 06/01/2024 23:00:00","BZN|ES","Without sequence","86.57",""
"06/01/2024 23:00:00 - 07/01/2024 00:00:00","BZN|ES","Without sequence","79.87",""
"07/01/2024 00:00:00 - 07/01/2024 01:00:00","BZN|ES","Without sequence","84.08",""
"07/01/2024 01:00:00 - 07/01/2024 02:00:00","BZN|ES","Without sequence","79.82",""
"07/01/2024 02:00:00 - 07/01/2024 03:00:00","BZN|ES","Without sequence","76.76",""
"07/01/2024 03:00:00 - 07/01/2024 04:00:00","BZN|ES","Without sequence","73.46",""
"07/01/2024 04:00:00 - 07/01/2024 05:00:00","BZN|ES","Without sequence","71.86",""
"07/01/2024 05:00:00 - 07/01/2024 06:00:00","BZN|ES","Without sequence","72.08",""
"07/01/2024 06:00:00 - 07/01/2024 07:00:00","BZN|ES","Without sequence","74.9",""
"07/01/2024 07:00:00 - 07/01/2024 08:00:00","BZN|ES","Without sequence","77.69",""
"07/01/2024 08:00:00 - 07/01/2024 09:00:00","BZN|ES","Without sequence","81.79",""
"07/01/2024 09:00:00 - 07/01/2024 10:00:00","BZN|ES","Without sequence","84.86",""
"07/01/2024 10:00:00 - 07/01/2024 11:00:00","BZN|ES","Without sequence","61.0",""
"07/01/2024 11:00:00 - 07/01/2024 12:00:00","BZN|ES","Without sequence","55.87",""
"07/01/2024 12:00:00 - 07/01/2024 13:00:00","BZN|ES","Without sequence","50.6",""
"07/01/2024 13:00:00 - 07/01/2024 14:00:00","BZN|ES","Without sequence","51.77",""
"07/01/2024 14:00:00 - 07/01/2024 15:00:00","BZN|ES","Without sequence","49.98",""
"07/01/2024 15:00:00 - 07/01/2024 16:00:00","BZN|ES","Without sequence","45.57",""
"07/01/2024 16:00:00 - 07/01/2024 17:00:00","BZN|ES","Without sequence","60.0",""
"07/01/2024 17:00:00 - 07/01/2024 18:00:00","BZN|ES","Without sequence","92.05",""
"07/01/2024 18:00:00 - 07/01/2024 19:00:00","BZN|ES","Without sequence","104.85",""
"07/01/2024 19:00:00 - 07/01/2024 20:00:00","BZN|ES","Without sequence","103.55",""
"07/01/2024 20:00:00 - 07/01/2024 21:00:00","BZN|ES","Without sequence","100.5",""
"07/01/2024 21:00:00 - 07/01/2024 22:00:00","BZN|ES","Without sequence","95.89",""
"07/01/2024 22:00:00 - 07/01/2024 23:00:00","BZN|ES","Without sequence","91.17",""
"07/01/2024 23:00:00 - 08/01/2024 00:00:00","BZN|ES","Without sequence","83.86",""
"08/01/2024 00:00:00 - 08/01/2024 01:00:00","BZN|ES","Without sequence","86.97",""
"08/01/2024 01:00:00 - 08/01/2024 02:00:00","BZN|ES","Without sequence","84.18",""
"08/01/2024 02:00:00 - 08/01/2024 03:00:00","BZN|ES","Without sequence","81.53",""
"08/01/2024 03:00:00 - 08/01/2024 04:00:00","BZN|ES","Without sequence","78.79",""
"08/01/2024 04:00:00 - 08/01/2024 05:00:00","BZN|ES","Without sequence","78.43",""
"08/01/2024 05:00:00 - 08/01/2024 06:00:00","BZN|ES","Without sequence","82.1",""
"08/01/2024 06:00:00 - 08/01/2024 07:00:00","BZN|ES","Without sequence","94.3",""
"08/01/2024 07:00:00 - 08/01/2024 08:00:00","BZN|ES","Without sequence","111.07",""
"08/01/2024 08:00:00 - 08/01/2024 09:00:00","BZN|ES","Without sequence","120.4",""
"08/01/2024 09:00:00 - 08/01/2024 10:00:00","BZN|ES","Without sequence","116.98",""
"08/01/2024 10:00:00 - 08/01/2024 11:00:00","BZN|ES","Without sequence","110.57",""
"08/01/2024 11:00:00 - 08/01/2024 12:00:00","BZN|ES","Without sequence","103.0",""
"08/01/2024 12:00:00 - 08/01/2024 13:00:00","BZN|ES","Without sequence","95.46",""
"08/01/2024 13:00:00 - 08/01/2024 14:00:00","BZN|ES","Without sequence","93.88",""
"08/01/2024 14:00:00 - 08/01/2024 15:00:00","BZN|ES","Without sequence","100.0",""
"08/01/2024 15:00:00 - 08/01/2024 16:00:00","BZN|ES","Without sequence","107.98",""
"08/01/2024 16:00:00 - 08/01/2024 17:00:00","BZN|ES","Without sequence","115.27",""
"08/01/2024 17:00:00 - 08/01/2024 18:00:00","BZN|ES","Without sequence","125.17",""
"08/01/2024 18:00:00 - 08/01/2024 19:00:00","BZN|ES","Without sequence","129.99",""
"08/01/2024 19:00:00 - 08/01/2024 20:00:00","BZN|ES","Without sequence","130.0",""
"08/01/2024 20:00:00 - 08/01/2024 21:00:00","BZN|ES","Without sequence","133.28",""
"08/01/2024 21:00:00 - 08/01/2024 22:00:00","BZN|ES","Without sequence","129.47",""
"08/01/2024 22:00:00 - 08/01/2024 23:00:00","BZN|ES","Without sequence","115.42",""
"08/01/2024 23:00:00 - 09/01/2024 00:00:00","BZN|ES","Without sequence","107.98",""
"09/01/2024 00:00:00 - 09/01/2024 01:00:00","BZN|ES","Without sequence","98.92",""
"09/01/2024 01:00:00 - 09/01/2024 02:00:00","BZN|ES","Without sequence","100.0",""
"09/01/2024 02:00:00 - 09/01/2024 03:00:00","BZN|ES","Without sequence","98.43",""
"09/01/2024 03:00:00 - 09/01/2024 04:00:00","BZN|ES","Without sequence","98.62",""
"09/01/2024 04:00:00 - 09/01/2024 05:00:00","BZN|ES","Without sequence","97.15",""
"09/01/2024 05:00:00 - 09/01/2024 06:00:00","BZN|ES","Without sequence","97.53",""
"09/01/2024 06:00:00 - 09/01/2024 07:00:00","BZN|ES","Without sequence","102.79",""
"09/01/2024 07:00:00 - 09/01/2024 08:00:00","BZN|ES","Without sequence","108.28",""
"09/01/2024 08:00:00 - 09/01/2024 09:00:00","BZN|ES","Without sequence","122.55",""
"09/01/2024 09:00:00 - 09/01/2024 10:00:00","BZN|ES","Without sequence","120.75",""
"09/01/2024 10:00:00 - 09/01/2024 11:00:00","BZN|ES","Without sequence","110.32",""
"09/01/2024 11:00:00 - 09/01/2024 12:00:00","BZN|ES","Without sequence","107.67",""
"09/01/2024 12:00:00 - 09/01/2024 13:00:00","BZN|ES","Without sequence","107.01",""
"09/01/2024 13:00:00 - 09/01/2024 14:00:00","BZN|ES","Without sequence","106.48",""
"09/01/2024 14:00:00 - 09/01/2024 15:00:00","BZN|ES","Without sequence","107.07",""
"09/01/2024 15:00:00 - 09/01/2024 16:00:00","BZN|ES","Without sequence","114.75",""
"09/01/2024 16:00:00 - 09/01/2024 17:00:00","BZN|ES","Without sequence","124.29",""
"09/01/2024 17:00:00 - 09/01/2024 18:00:00","BZN|ES","Without sequence","137.35",""
"09/01/2024 18:00:00 - 09/01/2024 19:00:00","BZN|ES","Without sequence","137.0",""
"09/01/2024 19:00:00 - 09/01/2024 20:00:00","BZN|ES","Without sequence","138.95",""
"09/01/2024 20:00:00 - 09/01/2024 21:00:00","BZN|ES","Without sequence","148.01",""
"09/01/2024 21:00:00 - 09/01/2024 22:00:00","BZN|ES","Without sequence","130.0",""
"09/01/2024 22:00:00 - 09/01/2024 23:00:00","BZN|ES","Without sequence","111.86",""
"09/01/2024 23:00:00 - 10/01/2024 00:00:00","BZN|ES","Without sequence","106.11",""
"10/01/2024 00:00:00 - 10/01/2024 01:00:00","BZN|ES","Without sequence","92.33",""
"10/01/2024 01:00:00 - 10/01/2024 02:00:00","BZN|ES","Without sequence","90.12",""
"10/01/2024 02:00:00 - 10/01/2024 03:00:00","BZN|ES","Without sequence","87.01",""
"10/01/2024 03:00:00 - 10/01/2024 04:00:00","BZN|ES","Without sequence","85.8",""
"10/01/2024 04:00:00 - 10/01/2024 05:00:00","BZN|ES","Without sequence","85.0",""
"10/01/2024 05:00:00 - 10/01/2024 06:00:00","BZN|ES","Without sequence","86.3",""
"10/01/2024 06:00:00 - 10/01/2024 07:00:00","BZN|ES","Without sequence","95.0",""
"10/01/2024 07:00:00 - 10/01/2024 08:00:00","BZN|ES","Without sequence","103.94",""
"10/01/2024 08:00:00 - 10/01/2024 09:00:00","BZN|ES","Without sequence","121.4",""
"10/01/2024 09:00:00 - 10/01/2024 10:00:00","BZN|ES","Without sequence","121.4",""
"10/01/2024 10:00:00 - 10/01/2024 11:00:00","BZN|ES","Without sequence","105.38",""
"10/01/2024 11:00:00 - 10/01/2024 12:00:00","BZN|ES","Without sequence","102.97",""
"10/01/2024 12:00:00 - 10/01/2024 13:00:00","BZN|ES","Without sequence","99.99",""
"10/01/2024 13:00:00 - 10/01/2024 14:00:00","BZN|ES","Without sequence","98.5",""
"10/01/2024 14:00:00 - 10/01/2024 15:00:00","BZN|ES","Without sequence","94.76",""
"10/01/2024 15:00:00 - 10/01/2024 16:00:00","BZN|ES","Without sequence","94.73",""
"10/01/2024 16:00:00 - 10/01/2024 17:00:00","BZN|ES","Without sequence","99.37",""
"10/01/2024 17:00:00 - 10/01/2024 18:00:00","BZN|ES","Without sequence","102.7",""
"10/01/2024 18:00:00 - 10/01/2024 19:00:00","BZN|ES","Without sequence","111.29",""
"10/01/2024 19:00:00 - 10/01/2024 20:00:00","BZN|ES","Without sequence","121.4",""
"10/01/2024 20:00:00 - 10/01/2024 21:00:00","BZN|ES","Without sequence","120.0",""
"10/01/2024 21:00:00 - 10/01/2024 22:00:00","BZN|ES","Without sequence","107.71",""
"10/01/2024 22:00:00 - 10/01/2024 23:00:00","BZN|ES","Without sequence","101.32",""
"10/01/2024 23:00:00 - 11/01/2024 00:00:00","BZN|ES","Without sequence","92.68",""
"11/01/2024 00:00:00 - 11/01/2024 01:00:00","BZN|ES","Without sequence","91.75",""
"11/01/2024 01:00:00 - 11/01/2024 02:00:00","BZN|ES","Without sequence","86.18",""
"11/01/2024 02:00:00 - 11/01/2024 03:00:00","BZN|ES","Without sequence","82.1",""
"11/01/2024 03:00:00 - 11/01/2024 04:00:00","BZN|ES","Without sequence","80.0",""
"11/01/2024 04:00:00 - 11/01/2024 05:00:00","BZN|ES","Without sequence","79.6",""
"11/01/2024 05:00:00 - 11/01/2024 06:00:00","BZN|ES","Without sequence","81.1",""
"11/01/2024 06:00:00 - 11/01/2024 07:00:00","BZN|ES","Without sequence","85.91",""
"11/01/2024 07:00:00 - 11/01/2024 08:00:00","BZN|ES","Without sequence","102.05",""
"11/01/2024 08:00:00 - 11/01/2024 09:00:00","BZN|ES","Without sequence","113.84",""
"11/01/2024 09:00:00 - 11/01/2024 10:00:00","BZN|ES","Without sequence","110.0",""
"11/01/2024 10:00:00 - 11/01/2024 11:00:00","BZN|ES","Without sequence","97.63",""
"11/01/2024 11:00:00 - 11/01/2024 12:00:00","BZN|ES","Without sequence","86.18",""
"11/01/2024 12:00:00 - 11/01/2024 13:00:00","BZN|ES","Without sequence","83.89",""
"11/01/2024 13:00:00 - 11/01/2024 14:00:00","BZN|ES","Without sequence","82.18",""
"11/01/2024 14:00:00 - 11/01/2024 15:00:00","BZN|ES","Without sequence","83.0",""
"11/01/2024 15:00:00 - 11/01/2024 16:00:00","BZN|ES","Without sequence","85.0",""
"11/01/2024 16:00:00 - 11/01/2024 17:00:00","BZN|ES","Without sequence","97.63",""
"11/01/2024 17:00:00 - 11/01/2024 18:00:00","BZN|ES","Without sequence","118.5",""
"11/01/2024 18:00:00 - 11/01/2024 19:00:00","BZN|ES","Without sequence","128.93",""
"11/01/2024 19:00:00 - 11/01/2024 20:00:00","BZN|ES","Without sequence","132.31",""
"11/01/2024 20:00:00 - 11/01/2024 21:00:00","BZN|ES","Without sequence","117.93",""
"11/01/2024 21:00:00 - 11/01/2024 22:00:00","BZN|ES","Without sequence","108.33",""
"11/01/2024 22:00:00 - 11/01/2024 23:00:00","BZN|ES","Without sequence","100.0",""
"11/01/2024 23:00:00 - 12/01/2024 00:00:00","BZN|ES","Without sequence","93.26",""
"12/01/2024 00:00:00 - 12/01/2024 01:00:00","BZN|ES","Without sequence","88.98",""
"12/01/2024 01:00:00 - 12/01/2024 02:00:00","BZN|ES","Without sequence","86.45",""
"12/01/2024 02:00:00 - 12/01/2024 03:00:00","BZN|ES","Without sequence","84.99",""
"12/01/2024 03:00:00 - 12/01/2024 04:00:00","BZN|ES","Without sequence","83.0",""
"12/01/2024 04:00:00 - 12/01/2024 05:00:00","BZN|ES","Without sequence","83.14",""
"12/01/2024 05:00:00 - 12/01/2024 06:00:00","BZN|ES","Without sequence","85.0",""
"12/01/2024 06:00:00 - 12/01/2024 07:00:00","BZN|ES","Without sequence","89.0",""
"12/01/2024 07:00:00 - 12/01/2024 08:00:00","BZN|ES","Without sequence","102.77",""
"12/01/2024 08:00:00 - 12/01/2024 09:00:00","BZN|ES","Without sequence","113.28",""
"12/01/2024 09:00:00 - 12/01/2024 10:00:00","BZN|ES","Without sequence","105.0",""
"12/01/2024 10:00:00 - 12/01/2024 11:00:00","BZN|ES","Without sequence","100.0",""
"12/01/2024 11:00:00 - 12/01/2024 12:00:00","BZN|ES","Without sequence","94.58",""
"12/01/2024 12:00:00 - 12/01/2024 13:00:00","BZN|ES","Without sequence","92.0",""
"12/01/2024 13:00:00 - 12/01/2024 14:00:00","BZN|ES","Without sequence","91.78",""
"12/01/2024 14:00:00 - 12/01/2024 15:00:00","BZN|ES","Without sequence","90.1",""
"12/01/2024 15:00:00 - 12/01/2024 16:00:00","BZN|ES","Without sequence","92.01",""
"12/01/2024 16:00:00 - 12/01/2024 17:00:00","BZN|ES","Without sequence","100.98",""
"12/01/2024 17:00:00 - 12/01/2024 18:00:00","BZN|ES","Without sequence","107.1",""
"12/01/2024 18:00:00 - 12/01/2024 19:00:00","BZN|ES","Without sequence","126.0",""
"12/01/2024 19:00:00 - 12/01/2024 20:00:00","BZN|ES","Without sequence","119.47",""
"12/01/2024 20:00:00 - 12/01/2024 21:00:00","BZN|ES","Without sequence","110.0",""
"12/01/2024 21:00:00 - 12/01/2024 22:00:00","BZN|ES","Without sequence","102.26",""
"12/01/2024 22:00:00 - 12/01/2024 23:00:00","BZN|ES","Without sequence","98.0",""
"12/01/2024 23:00:00 - 13/01/2024 00:00:00","BZN|ES","Without sequence","95.49",""
"13/01/2024 00:00:00 - 13/01/2024 01:00:00","BZN|ES","Without sequence","90.0",""
"13/01/2024 01:00:00 - 13/01/2024 02:00:00","BZN|ES","Without sequence","87.48",""
"13/01/2024 02:00:00 - 13/01/2024 03:00:00","BZN|ES","Without sequence","82.0",""
"13/01/2024 03:00:00 - 13/01/2024 04:00:00","BZN|ES","Without sequence","78.47",""
"13/01/2024 04:00:00 - 13/01/2024 05:00:00","BZN|ES","Without sequence","75.0",""
"13/01/2024 05:00:00 - 13/01/2024 06:00:00","BZN|ES","Without sequence","75.0",""
"13/01/2024 06:00:00 - 13/01/2024 07:00:00","BZN|ES","Without sequence","78.3",""
"13/01/2024 07:00:00 - 13/01/2024 08:00:00","BZN|ES","Without sequence","85.59",""
"13/01/2024 08:00:00 - 13/01/2024 09:00:00","BZN|ES","Without sequence","92.71",""
"13/01/2024 09:00:00 - 13/01/2024 10:00:00","BZN|ES","Without sequence","94.83",""
"13/01/2024 10:00:00 - 13/01/2024 11:00:00","BZN|ES","Without sequence","90.93",""
"13/01/2024 11:00:00 - 13/01/2024 12:00:00","BZN|ES","Without sequence","83.39",""
"13/01/2024 12:00:00 - 13/01/2024 13:00:00","BZN|ES","Without sequence","73.96",""
"13/01/2024 13:00:00 - 13/01/2024 14:00:00","BZN|ES","Without sequence","71.45",""
"13/01/2024 14:00:00 - 13/01/2024 15:00:00","BZN|ES","Without sequence","74.51",""
"13/01/2024 15:00:00 - 13/01/2024 16:00:00","BZN|ES","Without sequence","80.4",""
"13/01/2024 16:00:00 - 13/01/2024 17:00:00","BZN|ES","Without sequence","91.23",""
"13/01/2024 17:00:00 - 13/01/2024 18:00:00","BZN|ES","Without sequence","99.3",""
"13/01/2024 18:00:00 - 13/01/2024 19:00:00","BZN|ES","Without sequence","107.99",""
"13/01/2024 19:00:00 - 13/01/2024 20:00:00","BZN|ES","Without sequence","103.14",""
"13/01/2024 20:00:00 - 13/01/2024 21:00:00","BZN|ES","Without sequence","100.0",""
"13/01/2024 21:00:00 - 13/01/2024 22:00:00","BZN|ES","Without sequence","97.61",""
"13/01/2024 22:00:00 - 13/01/2024 23:00:00","BZN|ES","Without sequence","93.12",""
"13/01/2024 23:00:00 - 14/01/2024 00:00:00","BZN|ES","Without sequence","90.0",""
"14/01/2024 00:00:00 - 14/01/2024 01:00:00","BZN|ES","Without sequence","86.1",""
"14/01/2024 01:00:00 - 14/01/2024 02:00:00","BZN|ES","Without sequence","82.78",""
"14/01/2024 02:00:00 - 14/01/2024 03:00:00","BZN|ES","Without sequence","78.66",""
"14/01/2024 03:00:00 - 14/01/2024 04:00:00","BZN|ES","Without sequence","72.53",""
"14/01/2024 04:00:00 - 14/01/2024 05:00:00","BZN|ES","Without sequence","69.34",""
"14/01/2024 05:00:00 - 14/01/2024 06:00:00","BZN|ES","Without sequence","69.13",""
"14/01/2024 06:00:00 - 14/01/2024 07:00:00","BZN|ES","Without sequence","69.71",""
"14/01/2024 07:00:00 - 14/01/2024 08:00:00","BZN|ES","Without sequence","72.95",""
"14/01/2024 08:00:00 - 14/01/2024 09:00:00","BZN|ES","Without sequence","77.9",""
"14/01/2024 09:00:00 - 14/01/2024 10:00:00","BZN|ES","Without sequence","79.45",""
"14/01/2024 10:00:00 - 14/01/2024 11:00:00","BZN|ES","Without sequence","74.69",""
"14/01/2024 11:00:00 - 14/01/2024 12:00:00","BZN|ES","Without sequence","69.0",""
"14/01/2024 12:00:00 - 14/01/2024 13:00:00","BZN|ES","Without sequence","67.8",""
"14/01/2024 13:00:00 - 14/01/2024 14:00:00","BZN|ES","Without sequence","65.4",""
"14/01/2024 14:00:00 - 14/01/2024 15:00:00","BZN|ES","Without sequence","63.1",""
"14/01/2024 15:00:00 - 14/01/2024 16:00:00","BZN|ES","Without sequence","62.3",""
"14/01/2024 16:00:00 - 14/01/2024 17:00:00","BZN|ES","Without sequence","65.13",""
"14/01/2024 17:00:00 - 14/01/2024 18:00:00","BZN|ES","Without sequence","72.84",""
"14/01/2024 18:00:00 - 14/01/2024 19:00:00","BZN|ES","Without sequence","86.18",""
"14/01/2024 19:00:00 - 14/01/2024 20:00:00","BZN|ES","Without sequence","92.01",""
"14/01/2024 20:00:00 - 14/01/2024 21:00:00","BZN|ES","Without sequence","86.03",""
"14/01/2024 21:00:00 - 14/01/2024 22:00:00","BZN|ES","Without sequence","84.49",""
"14/01/2024 22:00:00 - 14/01/2024 23:00:00","BZN|ES","Without sequence","82.97",""
"14/01/2024 23:00:00 - 15/01/2024 00:00:00","BZN|ES","Without sequence","72.52",""
"15/01/2024 00:00:00 - 15/01/2024 01:00:00","BZN|ES","Without sequence","77.7",""
"15/01/2024 01:00:00 - 15/01/2024 02:00:00","BZN|ES","Without sequence","67.0",""
"15/01/2024 02:00:00 - 15/01/2024 03:00:00","BZN|ES","Without sequence","64.99",""
"15/01/2024 03:00:00 - 15/01/2024 04:00:00","BZN|ES","Without sequence","62.04",""
"15/01/2024 04:00:00 - 15/01/2024 05:00:00","BZN|ES","Without sequence","62.1",""
"15/01/2024 05:00:00 - 15/01/2024 06:00:00","BZN|ES","Without sequence","65.1",""
"15/01/2024 06:00:00 - 15/01/2024 07:00:00","BZN|ES","Without sequence","69.13",""
"15/01/2024 07:00:00 - 15/01/2024 08:00:00","BZN|ES","Without sequence","86.74",""
"15/01/2024 08:00:00 - 15/01/2024 09:00:00","BZN|ES","Without sequence","99.52",""
"15/01/2024 09:00:00 - 15/01/2024 10:00:00","BZN|ES","Without sequence","100.33",""
"15/01/2024 10:00:00 - 15/01/2024 11:00:00","BZN|ES","Without sequence","94.92",""
"15/01/2024 11:00:00 - 15/01/2024 12:00:00","BZN|ES","Without sequence","90.3",""
"15/01/2024 12:00:00 - 15/01/2024 13:00:00","BZN|ES","Without sequence","85.7",""
"15/01/2024 13:00:00 - 15/01/2024 14:00:00","BZN|ES","Without sequence","82.41",""
"15/01/2024 14:00:00 - 15/01/2024 15:00:00","BZN|ES","Without sequence","84.99",""
"15/01/2024 15:00:00 - 15/01/2024 16:00:00","BZN|ES","Without sequence","90.1",""
"15/01/2024 16:00:00 - 15/01/2024 17:00:00","BZN|ES","Without sequence","95.82",""
"15/01/2024 17:00:00 - 15/01/2024 18:00:00","BZN|ES","Without sequence","100.0",""
"15/01/2024 18:00:00 - 15/01/2024 19:00:00","BZN|ES","Without sequence","112.85",""
"15/01/2024 19:00:00 - 15/01/2024 20:00:00","BZN|ES","Without sequence","113.9",""
"15/01/2024 20:00:00 - 15/01/2024 21:00:00","BZN|ES","Without sequence","107.58",""
"15/01/2024 21:00:00 - 15/01/2024 22:00:00","BZN|ES","Without sequence","100.0",""
"15/01/2024 22:00:00 - 15/01/2024 23:00:00","BZN|ES","Without sequence","97.21",""
"15/01/2024 23:00:00 - 16/01/2024 00:00:00","BZN|ES","Without sequence","91.0",""
"16/01/2024 00:00:00 - 16/01/2024 01:00:00","BZN|ES","Without sequence","86.59",""
"16/01/2024 01:00:00 - 16/01/2024 02:00:00","BZN|ES","Without sequence","83.33",""
"16/01/2024 02:00:00 - 16/01/2024 03:00:00","BZN|ES","Without sequence","80.94",""
"16/01/2024 03:00:00 - 16/01/2024 04:00:00","BZN|ES","Without sequence","78.65",""
"16/01/2024 04:00:00 - 16/01/2024 05:00:00","BZN|ES","Without sequence","78.35",""
"16/01/2024 05:00:00 - 16/01/2024 06:00:00","BZN|ES","Without sequence","80.37",""
"16/01/2024 06:00:00 - 16/01/2024 07:00:00","BZN|ES","Without sequence","89.0",""
"16/01/2024 07:00:00 - 16/01/2024 08:00:00","BZN|ES","Without sequence","101.0",""
"16/01/2024 08:00:00 - 16/01/2024 09:00:00","BZN|ES","Without sequence","127.07",""
"16/01/2024 09:00:00 - 16/01/2024 10:00:00","BZN|ES","Without sequence","120.18",""
"16/01/2024 10:00:00 - 16/01/2024 11:00:00","BZN|ES","Without sequence","99.28",""
"16/01/2024 11:00:00 - 16/01/2024 12:00:00","BZN|ES","Without sequence","91.69",""
"16/01/2024 12:00:00 - 16/01/2024 13:00:00","BZN|ES","Without sequence","93.0",""
"16/01/2024 13:00:00 - 16/01/2024 14:00:00","BZN|ES","Without sequence","89.42",""
"16/01/2024 14:00:00 - 16/01/2024 15:00:00","BZN|ES","Without sequence","90.0",""
"16/01/2024 15:00:00 - 16/01/2024 16:00:00","BZN|ES","Without sequence","88.0",""
"16/01/2024 16:00:00 - 16/01/2024 17:00:00","BZN|ES","Without sequence","84.88",""
"16/01/2024 17:00:00 - 16/01/2024 18:00:00","BZN|ES","Without sequence","88.0",""
"16/01/2024 18:00:00 - 16/01/2024 19:00:00","BZN|ES","Without sequence","89.02",""
"16/01/2024 19:00:00 - 16/01/2024 20:00:00","BZN|ES","Without sequence","99.49",""
"16/01/2024 20:00:00 - 16/01/2024 21:00:00","BZN|ES","Without sequence","99.78",""
"16/01/2024 21:00:00 - 16/01/2024 22:00:00","BZN|ES","Without sequence","88.75",""
"16/01/2024 22:00:00 - 16/01/2024 23:00:00","BZN|ES","Without sequence","75.99",""
"16/01/2024 23:00:00 - 17/01/2024 00:00:00","BZN|ES","Without sequence","60.0",""
"17/01/2024 00:00:00 - 17/01/2024 01:00:00","BZN|ES","Without sequence","19.13",""
"17/01/2024 01:00:00 - 17/01/2024 02:00:00","BZN|ES","Without sequence","15.93",""
"17/01/2024 02:00:00 - 17/01/2024 03:00:00","BZN|ES","Without sequence","6.0",""
"17/01/2024 03:00:00 - 17/01/2024 04:00:00","BZN|ES","Without sequence","4.9",""
"17/01/2024 04:00:00 - 17/01/2024 05:00:00","BZN|ES","Without sequence","4.9",""
"17/01/2024 05:00:00 - 17/01/2024 06:00:00","BZN|ES","Without sequence","5.0",""
"17/01/2024 06:00:00 - 17/01/2024 07:00:00","BZN|ES","Without sequence","16.7",""
"17/01/2024 07:00:00 - 17/01/2024 08:00:00","BZN|ES","Without sequence","44.2",""
"17/01/2024 08:00:00 - 17/01/2024 09:00:00","BZN|ES","Without sequence","45.5",""
"17/01/2024 09:00:00 - 17/01/2024 10:00:00","BZN|ES","Without sequence","45.5",""
"17/01/2024 10:00:00 - 17/01/2024 11:00:00","BZN|ES","Without sequence","44.8",""
"17/01/2024 11:00:00 - 17/01/2024 12:00:00","BZN|ES","Without sequence","34.52",""
"17/01/2024 12:00:00 - 17/01/2024 13:00:00","BZN|ES","Without sequence","17.29",""
"17/01/2024 13:00:00 - 17/01/2024 14:00:00","BZN|ES","Without sequence","12.99",""
"17/01/2024 14:00:00 - 17/01/2024 15:00:00","BZN|ES","Without sequence","5.1",""
"17/01/2024 15:00:00 - 17/01/2024 16:00:00","BZN|ES","Without sequence","5.0",""
"17/01/2024 16:00:00 - 17/01/2024 17:00:00","BZN|ES","Without sequence","18.38",""
"17/01/2024 17:00:00 - 17/01/2024 18:00:00","BZN|ES","Without sequence","43.5",""
"17/01/2024 18:00:00 - 17/01/2024 19:00:00","BZN|ES","Without sequence","45.4",""
"17/01/2024 19:00:00 - 17/01/2024 20:00:00","BZN|ES","Without sequence","49.1",""
"17/01/2024 20:00:00 - 17/01/2024 21:00:00","BZN|ES","Without sequence","54.88",""
"17/01/2024 21:00:00 - 17/01/2024 22:00:00","BZN|ES","Without sequence","46.8",""
"17/01/2024 22:00:00 - 17/01/2024 23:00:00","BZN|ES","Without sequence","43.37",""
"17/01/2024 23:00:00 - 18/01/2024 00:00:00","BZN|ES","Without sequence","18.03",""
"18/01/2024 00:00:00 - 18/01/2024 01:00:00","BZN|ES","Without sequence","3.2",""
"18/01/2024 01:00:00 - 18/01/2024 02:00:00","BZN|ES","Without sequence","3.2",""
"18/01/2024 02:00:00 - 18/01/2024 03:00:00","BZN|ES","Without sequence","1.68",""
"18/01/2024 03:00:00 - 18/01/2024 04:00:00","BZN|ES","Without sequence","0.43",""
"18/01/2024 04:00:00 - 18/01/2024 05:00:00","BZN|ES","Without sequence","0.99",""
"18/01/2024 05:00:00 - 18/01/2024 06:00:00","BZN|ES","Without sequence","3.2",""
"18/01/2024 06:00:00 - 18/01/2024 07:00:00","BZN|ES","Without sequence","3.2",""
"18/01/2024 07:00:00 - 18/01/2024 08:00:00","BZN|ES","Without sequence","30.1",""
"18/01/2024 08:00:00 - 18/01/2024 09:00:00","BZN|ES","Without sequence","47.19",""
"18/01/2024 09:00:00 - 18/01/2024 10:00:00","BZN|ES","Without sequence","55.77",""
"18/01/2024 10:00:00 - 18/01/2024 11:00:00","BZN|ES","Without sequence","45.27",""
"18/01/2024 11:00:00 - 18/01/2024 12:00:00","BZN|ES","Without sequence","43.66",""
"18/01/2024 12:00:00 - 18/01/2024 13:00:00","BZN|ES","Without sequence","39.19",""
"18/01/2024 13:00:00 - 18/01/2024 14:00:00","BZN|ES","Without sequence","35.0",""
"18/01/2024 14:00:00 - 18/01/2024 15:00:00","BZN|ES","Without sequence","35.3",""
"18/01/2024 15:00:00 - 18/01/2024 16:00:00","BZN|ES","Without sequence","45.4",""
"18/01/2024 16:00:00 - 18/01/2024 17:00:00","BZN|ES","Without sequence","62.17",""
"18/01/2024 17:00:00 - 18/01/2024 18:00:00","BZN|ES","Without sequence","96.02",""
"18/01/2024 18:00:00 - 18/01/2024 19:00:00","BZN|ES","Without sequence","103.71",""
"18/01/2024 19:00:00 - 18/01/2024 20:00:00","BZN|ES","Without sequence","99.6",""
"18/01/2024 20:00:00 - 18/01/2024 21:00:00","BZN|ES","Without sequence","105.34",""
"18/01/2024 21:00:00 - 18/01/2024 22:00:00","BZN|ES","Without sequence","98.84",""
"18/01/2024 22:00:00 - 18/01/2024 23:00:00","BZN|ES","Without sequence","92.14",""
"18/01/2024 23:00:00 - 19/01/2024 00:00:00","BZN|ES","Without sequence","73.61",""
"19/01/2024 00:00:00 - 19/01/2024 01:00:00","BZN|ES","Without sequence","71.82",""
"19/01/2024 01:00:00 - 19/01/2024 02:00:00","BZN|ES","Without sequence","67.44",""
"19/01/2024 02:00:00 - 19/01/2024 03:00:00","BZN|ES","Without sequence","67.17",""
"19/01/2024 03:00:00 - 19/01/2024 04:00:00","BZN|ES","Without sequence","60.0",""
"19/01/2024 04:00:00 - 19/01/2024 05:00:00","BZN|ES","Without sequence","54.79",""
"19/01/2024 05:00:00 - 19/01/2024 06:00:00","BZN|ES","Without sequence","50.0",""
"19/01/2024 06:00:00 - 19/01/2024 07:00:00","BZN|ES","Without sequence","60.0",""
"19/01/2024 07:00:00 - 19/01/2024 08:00:00","BZN|ES","Without sequence","74.4",""
"19/01/2024 08:00:00 - 19/01/2024 09:00:00","BZN|ES","Without sequence","82.32",""
"19/01/2024 09:00:00 - 19/01/2024 10:00:00","BZN|ES","Without sequence","87.33",""
"19/01/2024 10:00:00 - 19/01/2024 11:00:00","BZN|ES","Without sequence","81.0",""
"19/01/2024 11:00:00 - 19/01/2024 12:00:00","BZN|ES","Without sequence","78.0",""
"19/01/2024 12:00:00 - 19/01/2024 13:00:00","BZN|ES","Without sequence","78.74",""
"19/01/2024 13:00:00 - 19/01/2024 14:00:00","BZN|ES","Without sequence","70.83",""
"19/01/2024 14:00:00 - 19/01/2024 15:00:00","BZN|ES","Without sequence","61.13",""
"19/01/2024 15:00:00 - 19/01/2024 16:00:00","BZN|ES","Without sequence","60.14",""
"19/01/2024 16:00:00 - 19/01/2024 17:00:00","BZN|ES","Without sequence","63.0",""
"19/01/2024 17:00:00 - 19/01/2024 18:00:00","BZN|ES","Without sequence","69.18",""
"19/01/2024 18:00:00 - 19/01/2024 19:00:00","BZN|ES","Without sequence","80.5",""
"19/01/2024 19:00:00 - 19/01/2024 20:00:00","BZN|ES","Without sequence","84.2",""
"19/01/2024 20:00:00 - 19/01/2024 21:00:00","BZN|ES","Without sequence","82.88",""
"19/01/2024 21:00:00 - 19/01/2024 22:00:00","BZN|ES","Without sequence","80.5",""
"19/01/2024 22:00:00 - 19/01/2024 23:00:00","BZN|ES","Without sequence","74.4",""
"19/01/2024 23:00:00 - 20/01/2024 00:00:00","BZN|ES","Without sequence","61.0",""
"20/01/2024 00:00:00 - 20/01/2024 01:00:00","BZN|ES","Without sequence","73.75",""
"20/01/2024 01:00:00 - 20/01/2024 02:00:00","BZN|ES","Without sequence","63.92",""
"20/01/2024 02:00:00 - 20/01/2024 03:00:00","BZN|ES","Without sequence","63.81",""
"20/01/2024 03:00:00 - 20/01/2024 04:00:00","BZN|ES","Without sequence","63.81",""
"20/01/2024 04:00:00 - 20/01/2024 05:00:00","BZN|ES","Without sequence","63.68",""
"20/01/2024 05:00:00 - 20/01/2024 06:00:00","BZN|ES","Without sequence","66.1",""
"20/01/2024 06:00:00 - 20/01/2024 07:00:00","BZN|ES","Without sequence","70.3",""
"20/01/2024 07:00:00 - 20/01/2024 08:00:00","BZN|ES","Without sequence","75.93",""
"20/01/2024 08:00:00 - 20/01/2024 09:00:00","BZN|ES","Without sequence","84.09",""
"20/01/2024 09:00:00 - 20/01/2024 10:00:00","BZN|ES","Without sequence","88.31",""
"20/01/2024 10:00:00 - 20/01/2024 11:00:00","BZN|ES","Without sequence","82.85",""
"20/01/2024 11:00:00 - 20/01/2024 12:00:00","BZN|ES","Without sequence","76.64",""
"20/01/2024 12:00:00 - 20/01/2024 13:00:00","BZN|ES","Without sequence","74.65",""
"20/01/2024 13:00:00 - 20/01/2024 14:00:00","BZN|ES","Without sequence","69.84",""
"20/01/2024 14:00:00 - 20/01/2024 15:00:00","BZN|ES","Without sequence","73.41",""
"20/01/2024 15:00:00 - 20/01/2024 16:00:00","BZN|ES","Without sequence","79.21",""
"20/01/2024 16:00:00 - 20/01/2024 17:00:00","BZN|ES","Without sequence","87.97",""
"20/01/2024 17:00:00 - 20/01/2024 18:00:00","BZN|ES","Without sequence","95.07",""
"20/01/2024 18:00:00 - 20/01/2024 19:00:00","BZN|ES","Without sequence","99.94",""
"20/01/2024 19:00:00 - 20/01/2024 20:00:00","BZN|ES","Without sequence","99.58",""
"20/01/2024 20:00:00 - 20/01/2024 21:00:00","BZN|ES","Without sequence","99.94",""
"20/01/2024 21:00:00 - 20/01/2024 22:00:00","BZN|ES","Without sequence","99.58",""
"20/01/2024 22:00:00 - 20/01/2024 23:00:00","BZN|ES","Without sequence","94.46",""
"20/01/2024 23:00:00 - 21/01/2024 00:00:00","BZN|ES","Without sequence","85.78",""
"21/01/2024 00:00:00 - 21/01/2024 01:00:00","BZN|ES","Without sequence","69.07",""
"21/01/2024 01:00:00 - 21/01/2024 02:00:00","BZN|ES","Without sequence","59.11",""
"21/01/2024 02:00:00 - 21/01/2024 03:00:00","BZN|ES","Without sequence","58.2",""
"21/01/2024 03:00:00 - 21/01/2024 04:00:00","BZN|ES","Without sequence","57.57",""
"21/01/2024 04:00:00 - 21/01/2024 05:00:00","BZN|ES","Without sequence","57.5",""
"21/01/2024 05:00:00 - 21/01/2024 06:00:00","BZN|ES","Without sequence","57.5",""
"21/01/2024 06:00:00 - 21/01/2024 07:00:00","BZN|ES","Without sequence","57.5",""
"21/01/2024 07:00:00 - 21/01/2024 08:00:00","BZN|ES","Without sequence","59.0",""
"21/01/2024 08:00:00 - 21/01/2024 09:00:00","BZN|ES","Without sequence","60.1",""
"21/01/2024 09:00:00 - 21/01/2024 10:00:00","BZN|ES","Without sequence","59.0",""
"21/01/2024 10:00:00 - 21/01/2024 11:00:00","BZN|ES","Without sequence","58.64",""
"21/01/2024 11:00:00 - 21/01/2024 12:00:00","BZN|ES","Without sequence","56.8",""
"21/01/2024 12:00:00 - 21/01/2024 13:00:00","BZN|ES","Without sequence","56.36",""
"21/01/2024 13:00:00 - 21/01/2024 14:00:00","BZN|ES","Without sequence","47.42",""
"21/01/2024 14:00:00 - 21/01/2024 15:00:00","BZN|ES","Without sequence","52.67",""
"21/01/2024 15:00:00 - 21/01/2024 16:00:00","BZN|ES","Without sequence","53.75",""
"21/01/2024 16:00:00 - 21/01/2024 17:00:00","BZN|ES","Without sequence","56.89",""
"21/01/2024 17:00:00 - 21/01/2024 18:00:00","BZN|ES","Without sequence","64.89",""
"21/01/2024 18:00:00 - 21/01/2024 19:00:00","BZN|ES","Without sequence","83.98",""
"21/01/2024 19:00:00 - 21/01/2024 20:00:00","BZN|ES","Without sequence","93.52",""
"21/01/2024 20:00:00 - 21/01/2024 21:00:00","BZN|ES","Without sequence","95.62",""
"21/01/2024 21:00:00 - 21/01/2024 22:00:00","BZN|ES","Without sequence","94.52",""
"21/01/2024 22:00:00 - 21/01/2024 23:00:00","BZN|ES","Without sequence","76.83",""
"21/01/2024 23:00:00 - 22/01/2024 00:00:00","BZN|ES","Without sequence","59.2",""
"22/01/2024 00:00:00 - 22/01/2024 01:00:00","BZN|ES","Without sequence","47.0",""
"22/01/2024 01:00:00 - 22/01/2024 02:00:00","BZN|ES","Without sequence","41.8",""
"22/01/2024 02:00:00 - 22/01/2024 03:00:00","BZN|ES","Without sequence","35.0",""
"22/01/2024 03:00:00 - 22/01/2024 04:00:00","BZN|ES","Without sequence","25.0",""
"22/01/2024 04:00:00 - 22/01/2024 05:00:00","BZN|ES","Without sequence","28.1",""
"22/01/2024 05:00:00 - 22/01/2024 06:00:00","BZN|ES","Without sequence","40.0",""
"22/01/2024 06:00:00 - 22/01/2024 07:00:00","BZN|ES","Without sequence","49.01",""
"22/01/2024 07:00:00 - 22/01/2024 08:00:00","BZN|ES","Without sequence","75.0",""
"22/01/2024 08:00:00 - 22/01/2024 09:00:00","BZN|ES","Without sequence","92.69",""
"22/01/2024 09:00:00 - 22/01/2024 10:00:00","BZN|ES","Without sequence","86.66",""
"22/01/2024 10:00:00 - 22/01/2024 11:00:00","BZN|ES","Without sequence","71.08",""
"22/01/2024 11:00:00 - 22/01/2024 12:00:00","BZN|ES","Without sequence","61.99",""
"22/01/2024 12:00:00 - 22/01/2024 13:00:00","BZN|ES","Without sequence","57.67",""
"22/01/2024 13:00:00 - 22/01/2024 14:00:00","BZN|ES","Without sequence","58.48",""
"22/01/2024 14:00:00 - 22/01/2024 15:00:00","BZN|ES","Without sequence","59.87",""
"22/01/2024 15:00:00 - 22/01/2024 16:00:00","BZN|ES","Without sequence","59.99",""
"22/01/2024 16:00:00 - 22/01/2024 17:00:00","BZN|ES","Without sequence","66.07",""
"22/01/2024 17:00:00 - 22/01/2024 18:00:00","BZN|ES","Without sequence","79.09",""
"22/01/2024 18:00:00 - 22/01/2024 19:00:00","BZN|ES","Without sequence","98.18",""
"22/01/2024 19:00:00 - 22/01/2024 20:00:00","BZN|ES","Without sequence","104.91",""
"22/01/2024 20:00:00 - 22/01/2024 21:00:00","BZN|ES","Without sequence","119.0",""
"22/01/2024 21:00:00 - 22/01/2024 22:00:00","BZN|ES","Without sequence","103.21",""
"22/01/2024 22:00:00 - 22/01/2024 23:00:00","BZN|ES","Without sequence","94.27",""
"22/01/2024 23:00:00 - 23/01/2024 00:00:00","BZN|ES","Without sequence","75.93",""
"23/01/2024 00:00:00 - 23/01/2024 01:00:00","BZN|ES","Without sequence","61.1",""
"23/01/2024 01:00:00 - 23/01/2024 02:00:00","BZN|ES","Without sequence","59.0",""
"23/01/2024 02:00:00 - 23/01/2024 03:00:00","BZN|ES","Without sequence","58.5",""
"23/01/2024 03:00:00 - 23/01/2024 04:00:00","BZN|ES","Without sequence","59.87",""
"23/01/2024 04:00:00 - 23/01/2024 05:00:00","BZN|ES","Without sequence","58.5",""
"23/01/2024 05:00:00 - 23/01/2024 06:00:00","BZN|ES","Without sequence","58.5",""
"23/01/2024 06:00:00 - 23/01/2024 07:00:00","BZN|ES","Without sequence","65.55",""
"23/01/2024 07:00:00 - 23/01/2024 08:00:00","BZN|ES","Without sequence","90.1",""
"23/01/2024 08:00:00 - 23/01/2024 09:00:00","BZN|ES","Without sequence","97.5",""
"23/01/2024 09:00:00 - 23/01/2024 10:00:00","BZN|ES","Without sequence","91.86",""
"23/01/2024 10:00:00 - 23/01/2024 11:00:00","BZN|ES","Without sequence","81.0",""
"23/01/2024 11:00:00 - 23/01/2024 12:00:00","BZN|ES","Without sequence","66.65",""
"23/01/2024 12:00:00 - 23/01/2024 13:00:00","BZN|ES","Without sequence","61.91",""
"23/01/2024 13:00:00 - 23/01/2024 14:00:00","BZN|ES","Without sequence","61.03",""
"23/01/2024 14:00:00 - 23/01/2024 15:00:00","BZN|ES","Without sequence","62.01",""
"23/01/2024 15:00:00 - 23/01/2024 16:00:00","BZN|ES","Without sequence","64.0",""
"23/01/2024 16:00:00 - 23/01/2024 17:00:00","BZN|ES","Without sequence","66.62",""
"23/01/2024 17:00:00 - 23/01/2024 18:00:00","BZN|ES","Without sequence","84.0",""
"23/01/2024 18:00:00 - 23/01/2024 19:00:00","BZN|ES","Without sequence","96.98",""
"23/01/2024 19:00:00 - 23/01/2024 20:00:00","BZN|ES","Without sequence","115.0",""
"23/01/2024 20:00:00 - 23/01/2024 21:00:00","BZN|ES","Without sequence","129.01",""
"23/01/2024 21:00:00 - 23/01/2024 22:00:00","BZN|ES","Without sequence","106.76",""
"23/01/2024 22:00:00 - 23/01/2024 23:00:00","BZN|ES","Without sequence","92.5",""
"23/01/2024 23:00:00 - 24/01/2024 00:00:00","BZN|ES","Without sequence","84.51",""
"24/01/2024 00:00:00 - 24/01/2024 01:00:00","BZN|ES","Without sequence","86.0",""
"24/01/2024 01:00:00 - 24/01/2024 02:00:00","BZN|ES","Without sequence","78.93",""
"24/01/2024 02:00:00 - 24/01/2024 03:00:00","BZN|ES","Without sequence","73.73",""
"24/01/2024 03:00:00 - 24/01/2024 04:00:00","BZN|ES","Without sequence","71.69",""
"24/01/2024 04:00:00 - 24/01/2024 05:00:00","BZN|ES","Without sequence","70.94",""
"24/01/2024 05:00:00 - 24/01/2024 06:00:00","BZN|ES","Without sequence","71.69",""
"24/01/2024 06:00:00 - 24/01/2024 07:00:00","BZN|ES","Without sequence","80.19",""
"24/01/2024 07:00:00 - 24/01/2024 08:00:00","BZN|ES","Without sequence","93.18",""
"24/01/2024 08:00:00 - 24/01/2024 09:00:00","BZN|ES","Without sequence","101.5",""
"24/01/2024 09:00:00 - 24/01/2024 10:00:00","BZN|ES","Without sequence","89.02",""
"24/01/2024 10:00:00 - 24/01/2024 11:00:00","BZN|ES","Without sequence","70.69",""
"24/01/2024 11:00:00 - 24/01/2024 12:00:00","BZN|ES","Without sequence","61.8",""
"24/01/2024 12:00:00 - 24/01/2024 13:00:00","BZN|ES","Without sequence","59.87",""
"24/01/2024 13:00:00 - 24/01/2024 14:00:00","BZN|ES","Without sequence","58.2",""
"24/01/2024 14:00:00 - 24/01/2024 15:00:00","BZN|ES","Without sequence","58.2",""
"24/01/2024 15:00:00 - 24/01/2024 16:00:00","BZN|ES","Without sequence","60.5",""
"24/01/2024 16:00:00 - 24/01/2024 17:00:00","BZN|ES","Without sequence","64.0",""
"24/01/2024 17:00:00 - 24/01/2024 18:00:00","BZN|ES","Without sequence","88.61",""
"24/01/2024 18:00:00 - 24/01/2024 19:00:00","BZN|ES","Without sequence","94.94",""
"24/01/2024 19:00:00 - 24/01/2024 20:00:00","BZN|ES","Without sequence","150.41",""
"24/01/2024 20:00:00 - 24/01/2024 21:00:00","BZN|ES","Without sequence","152.17",""
"24/01/2024 21:00:00 - 24/01/2024 22:00:00","BZN|ES","Without sequence","103.0",""
"24/01/2024 22:00:00 - 24/01/2024 23:00:00","BZN|ES","Without sequence","88.04",""
"24/01/2024 23:00:00 - 25/01/2024 00:00:00","BZN|ES","Without sequence","74.86",""
"25/01/2024 00:00:00 - 25/01/2024 01:00:00","BZN|ES","Without sequence","64.97",""
"25/01/2024 01:00:00 - 25/01/2024 02:00:00","BZN|ES","Without sequence","60.53",""
"25/01/2024 02:00:00 - 25/01/2024 03:00:00","BZN|ES","Without sequence","60.0",""
"25/01/2024 03:00:00 - 25/01/2024 04:00:00","BZN|ES","Without sequence","55.36",""
"25/01/2024 04:00:00 - 25/01/2024 05:00:00","BZN|ES","Without sequence","57.26",""
"25/01/2024 05:00:00 - 25/01/2024 06:00:00","BZN|ES","Without sequence","63.29",""
"25/01/2024 06:00:00 - 25/01/2024 07:00:00","BZN|ES","Without sequence","72.45",""
"25/01/2024 07:00:00 - 25/01/2024 08:00:00","BZN|ES","Without sequence","83.5",""
"25/01/2024 08:00:00 - 25/01/2024 09:00:00","BZN|ES","Without sequence","95.53",""
"25/01/2024 09:00:00 - 25/01/2024 10:00:00","BZN|ES","Without sequence","89.84",""
"25/01/2024 10:00:00 - 25/01/2024 11:00:00","BZN|ES","Without sequence","74.71",""
"25/01/2024 11:00:00 - 25/01/2024 12:00:00","BZN|ES","Without sequence","65.01",""
"25/01/2024 12:00:00 - 25/01/2024 13:00:00","BZN|ES","Without sequence","64.97",""
"25/01/2024 13:00:00 - 25/01/2024 14:00:00","BZN|ES","Without sequence","64.97",""
"25/01/2024 14:00:00 - 25/01/2024 15:00:00","BZN|ES","Without sequence","65.0",""
"25/01/2024 15:00:00 - 25/01/2024 16:00:00","BZN|ES","Without sequence","61.85",""
"25/01/2024 16:00:00 - 25/01/2024 17:00:00","BZN|ES","Without sequence","67.67",""
"25/01/2024 17:00:00 - 25/01/2024 18:00:00","BZN|ES","Without sequence","75.59",""
"25/01/2024 18:00:00 - 25/01/2024 19:00:00","BZN|ES","Without sequence","94.72",""
"25/01/2024 19:00:00 - 25/01/2024 20:00:00","BZN|ES","Without sequence","113.0",""
"25/01/2024 20:00:00 - 25/01/2024 21:00:00","BZN|ES","Without sequence","135.36",""
"25/01/2024 21:00:00 - 25/01/2024 22:00:00","BZN|ES","Without sequence","103.01",""
"25/01/2024 22:00:00 - 25/01/2024 23:00:00","BZN|ES","Without sequence","80.95",""
"25/01/2024 23:00:00 - 26/01/2024 00:00:00","BZN|ES","Without sequence","73.58",""
"26/01/2024 00:00:00 - 26/01/2024 01:00:00","BZN|ES","Without sequence","63.37",""
"26/01/2024 01:00:00 - 26/01/2024 02:00:00","BZN|ES","Without sequence","65.0",""
"26/01/2024 02:00:00 - 26/01/2024 03:00:00","BZN|ES","Without sequence","63.86",""
"26/01/2024 03:00:00 - 26/01/2024 04:00:00","BZN|ES","Without sequence","63.86",""
"26/01/2024 04:00:00 - 26/01/2024 05:00:00","BZN|ES","Without sequence","62.48",""
"26/01/2024 05:00:00 - 26/01/2024 06:00:00","BZN|ES","Without sequence","63.86",""
"26/01/2024 06:00:00 - 26/01/2024 07:00:00","BZN|ES","Without sequence","69.57",""
"26/01/2024 07:00:00 - 26/01/2024 08:00:00","BZN|ES","Without sequence","80.02",""
"26/01/2024 08:00:00 - 26/01/2024 09:00:00","BZN|ES","Without sequence","115.0",""
"26/01/2024 09:00:00 - 26/01/2024 10:00:00","BZN|ES","Without sequence","77.3",""
"26/01/2024 10:00:00 - 26/01/2024 11:00:00","BZN|ES","Without sequence","66.19",""
"26/01/2024 11:00:00 - 26/01/2024 12:00:00","BZN|ES","Without sequence","62.39",""
"26/01/2024 12:00:00 - 26/01/2024 13:00:00","BZN|ES","Without sequence","55.78",""
"26/01/2024 13:00:00 - 26/01/2024 14:00:00","BZN|ES","Without sequence","50.7",""
"26/01/2024 14:00:00 - 26/01/2024 15:00:00","BZN|ES","Without sequence","53.61",""
"26/01/2024 15:00:00 - 26/01/2024 16:00:00","BZN|ES","Without sequence","55.52",""
"26/01/2024 16:00:00 - 26/01/2024 17:00:00","BZN|ES","Without sequence","63.38",""
"26/01/2024 17:00:00 - 26/01/2024 18:00:00","BZN|ES","Without sequence","73.74",""
"26/01/2024 18:00:00 - 26/01/2024 19:00:00","BZN|ES","Without sequence","89.62",""
"26/01/2024 19:00:00 - 26/01/2024 20:00:00","BZN|ES","Without sequence","96.8",""
"26/01/2024 20:00:00 - 26/01/2024 21:00:00","BZN|ES","Without sequence","111.07",""
"26/01/2024 21:00:00 - 26/01/2024 22:00:00","BZN|ES","Without sequence","93.0",""
"26/01/2024 22:00:00 - 26/01/2024 23:00:00","BZN|ES","Without sequence","74.98",""
"26/01/2024 23:00:00 - 27/01/2024 00:00:00","BZN|ES","Without sequence","70.45",""
"27/01/2024 00:00:00 - 27/01/2024 01:00:00","BZN|ES","Without sequence","64.97",""
"27/01/2024 01:00:00 - 27/01/2024 02:00:00","BZN|ES","Without sequence","61.06",""
"27/01/2024 02:00:00 - 27/01/2024 03:00:00","BZN|ES","Without sequence","59.05",""
"27/01/2024 03:00:00 - 27/01/2024 04:00:00","BZN|ES","Without sequence","55.9",""
"27/01/2024 04:00:00 - 27/01/2024 05:00:00","BZN|ES","Without sequence","55.9",""
"27/01/2024 05:00:00 - 27/01/2024 06:00:00","BZN|ES","Without sequence","57.22",""
"27/01/2024 06:00:00 - 27/01/2024 07:00:00","BZN|ES","Without sequence","59.36",""
"27/01/2024 07:00:00 - 27/01/2024 08:00:00","BZN|ES","Without sequence","66.19",""
"27/01/2024 08:00:00 - 27/01/2024 09:00:00","BZN|ES","Without sequence","78.09",""
"27/01/2024 09:00:00 - 27/01/2024 10:00:00","BZN|ES","Without sequence","73.4",""
"27/01/2024 10:00:00 - 27/01/2024 11:00:00","BZN|ES","Without sequence","62.01",""
"27/01/2024 11:00:00 - 27/01/2024 12:00:00","BZN|ES","Without sequence","54.4",""
"27/01/2024 12:00:00 - 27/01/2024 13:00:00","BZN|ES","Without sequence","47.0",""
"27/01/2024 13:00:00 - 27/01/2024 14:00:00","BZN|ES","Without sequence","47.7",""
"27/01/2024 14:00:00 - 27/01/2024 15:00:00","BZN|ES","Without sequence","47.5",""
"27/01/2024 15:00:00 - 27/01/2024 16:00:00","BZN|ES","Without sequence","47.0",""
"27/01/2024 16:00:00 - 27/01/2024 17:00:00","BZN|ES","Without sequence","55.2",""
"27/01/2024 17:00:00 - 27/01/2024 18:00:00","BZN|ES","Without sequence","74.43",""
"27/01/2024 18:00:00 - 27/01/2024 19:00:00","BZN|ES","Without sequence","95.97",""
"27/01/2024 19:00:00 - 27/01/2024 20:00:00","BZN|ES","Without sequence","92.51",""
"27/01/2024 20:00:00 - 27/01/2024 21:00:00","BZN|ES","Without sequence","92.53",""
"27/01/2024 21:00:00 - 27/01/2024 22:00:00","BZN|ES","Without sequence","89.5",""
"27/01/2024 22:00:00 - 27/01/2024 23:00:00","BZN|ES","Without sequence","75.97",""
"27/01/2024 23:00:00 - 28/01/2024 00:00:00","BZN|ES","Without sequence","72.7",""
"28/01/2024 00:00:00 - 28/01/2024 01:00:00","BZN|ES","Without sequence","62.03",""
"28/01/2024 01:00:00 - 28/01/2024 02:00:00","BZN|ES","Without sequence","58.2",""
"28/01/2024 02:00:00 - 28/01/2024 03:00:00","BZN|ES","Without sequence","52.9",""
"28/01/2024 03:00:00 - 28/01/2024 04:00:00","BZN|ES","Without sequence","47.21",""
"28/01/2024 04:00:00 - 28/01/2024 05:00:00","BZN|ES","Without sequence","44.0",""
"28/01/2024 05:00:00 - 28/01/2024 06:00:00","BZN|ES","Without sequence","43.2",""
"28/01/2024 06:00:00 - 28/01/2024 07:00:00","BZN|ES","Without sequence","47.05",""
"28/01/2024 07:00:00 - 28/01/2024 08:00:00","BZN|ES","Without sequence","51.4",""
"28/01/2024 08:00:00 - 28/01/2024 09:00:00","BZN|ES","Without sequence","55.29",""
"28/01/2024 09:00:00 - 28/01/2024 10:00:00","BZN|ES","Without sequence","55.1",""
"28/01/2024 10:00:00 - 28/01/2024 11:00:00","BZN|ES","Without sequence","42.0",""
"28/01/2024 11:00:00 - 28/01/2024 12:00:00","BZN|ES","Without sequence","37.0",""
"28/01/2024 12:00:00 - 28/01/2024 13:00:00","BZN|ES","Without sequence","42.0",""
"28/01/2024 13:00:00 - 28/01/2024 14:00:00","BZN|ES","Without sequence","39.93",""
"28/01/2024 14:00:00 - 28/01/2024 15:00:00","BZN|ES","Without sequence","40.09",""
"28/01/2024 15:00:00 - 28/01/2024 16:00:00","BZN|ES","Without sequence","38.03",""
"28/01/2024 16:00:00 - 28/01/2024 17:00:00","BZN|ES","Without sequence","43.12",""
"28/01/2024 17:00:00 - 28/01/2024 18:00:00","BZN|ES","Without sequence","60.8",""
"28/01/2024 18:00:00 - 28/01/2024 19:00:00","BZN|ES","Without sequence","71.14",""
"28/01/2024 19:00:00 - 28/01/2024 20:00:00","BZN|ES","Without sequence","71.55",""
"28/01/2024 20:00:00 - 28/01/2024 21:00:00","BZN|ES","Without sequence","69.87",""
"28/01/2024 21:00:00 - 28/01/2024 22:00:00","BZN|ES","Without sequence","63.11",""
"28/01/2024 22:00:00 - 28/01/2024 23:00:00","BZN|ES","Without sequence","60.34",""
"28/01/2024 23:00:00 - 29/01/2024 00:00:00","BZN|ES","Without sequence","56.0",""
"29/01/2024 00:00:00 - 29/01/2024 01:00:00","BZN|ES","Without sequence","49.97",""
"29/01/2024 01:00:00 - 29/01/2024 02:00:00","BZN|ES","Without sequence","47.26",""
"29/01/2024 02:00:00 - 29/01/2024 03:00:00","BZN|ES","Without sequence","48.12",""
"29/01/2024 03:00:00 - 29/01/2024 04:00:00","BZN|ES","Without sequence","47.97",""
"29/01/2024 04:00:00 - 29/01/2024 05:00:00","BZN|ES","Without sequence","51.58",""
"29/01/2024 05:00:00 - 29/01/2024 06:00:00","BZN|ES","Without sequence","60.06",""
"29/01/2024 06:00:00 - 29/01/2024 07:00:00","BZN|ES","Without sequence","80.66",""
"29/01/2024 07:00:00 - 29/01/2024 08:00:00","BZN|ES","Without sequence","88.7",""
"29/01/2024 08:00:00 - 29/01/2024 09:00:00","BZN|ES","Without sequence","99.26",""
"29/01/2024 09:00:00 - 29/01/2024 10:00:00","BZN|ES","Without sequence","88.39",""
"29/01/2024 10:00:00 - 29/01/2024 11:00:00","BZN|ES","Without sequence","78.9",""
"29/01/2024 11:00:00 - 29/01/2024 12:00:00","BZN|ES","Without sequence","71.27",""
"29/01/2024 12:00:00 - 29/01/2024 13:00:00","BZN|ES","Without sequence","70.24",""
"29/01/2024 13:00:00 - 29/01/2024 14:00:00","BZN|ES","Without sequence","73.81",""
"29/01/2024 14:00:00 - 29/01/2024 15:00:00","BZN|ES","Without sequence","78.03",""
"29/01/2024 15:00:00 - 29/01/2024 16:00:00","BZN|ES","Without sequence","78.78",""
"29/01/2024 16:00:00 - 29/01/2024 17:00:00","BZN|ES","Without sequence","82.87",""
"29/01/2024 17:00:00 - 29/01/2024 18:00:00","BZN|ES","Without sequence","89.86",""
"29/01/2024 18:00:00 - 29/01/2024 19:00:00","BZN|ES","Without sequence","110.0",""
"29/01/2024 19:00:00 - 29/01/2024 20:00:00","BZN|ES","Without sequence","107.52",""
"29/01/2024 20:00:00 - 29/01/2024 21:00:00","BZN|ES","Without sequence","108.5",""
"29/01/2024 21:00:00 - 29/01/2024 22:00:00","BZN|ES","Without sequence","92.18",""
"29/01/2024 22:00:00 - 29/01/2024 23:00:00","BZN|ES","Without sequence","87.0",""
"29/01/2024 23:00:00 - 30/01/2024 00:00:00","BZN|ES","Without sequence","80.29",""
"30/01/2024 00:00:00 - 30/01/2024 01:00:00","BZN|ES","Without sequence","71.94",""
"30/01/2024 01:00:00 - 30/01/2024 02:00:00","BZN|ES","Without sequence","68.64",""
"30/01/2024 02:00:00 - 30/01/2024 03:00:00","BZN|ES","Without sequence","69.37",""
"30/01/2024 03:00:00 - 30/01/2024 04:00:00","BZN|ES","Without sequence","65.1",""
"30/01/2024 04:00:00 - 30/01/2024 05:00:00","BZN|ES","Without sequence","64.0",""
"30/01/2024 05:00:00 - 30/01/2024 06:00:00","BZN|ES","Without sequence","69.37",""
"30/01/2024 06:00:00 - 30/01/2024 07:00:00","BZN|ES","Without sequence","79.02",""
"30/01/2024 07:00:00 - 30/01/2024 08:00:00","BZN|ES","Without sequence","91.04",""
"30/01/2024 08:00:00 - 30/01/2024 09:00:00","BZN|ES","Without sequence","95.95",""
"30/01/2024 09:00:00 - 30/01/2024 10:00:00","BZN|ES","Without sequence","88.7",""
"30/01/2024 10:00:00 - 30/01/2024 11:00:00","BZN|ES","Without sequence","77.15",""
"30/01/2024 11:00:00 - 30/01/2024 12:00:00","BZN|ES","Without sequence","70.1",""
"30/01/2024 12:00:00 - 30/01/2024 13:00:00","BZN|ES","Without sequence","68.1",""
"30/01/2024 13:00:00 - 30/01/2024 14:00:00","BZN|ES","Without sequence","68.23",""
"30/01/2024 14:00:00 - 30/01/2024 15:00:00","BZN|ES","Without sequence","71.93",""
"30/01/2024 15:00:00 - 30/01/2024 16:00:00","BZN|ES","Without sequence","71.95",""
"30/01/2024 16:00:00 - 30/01/2024 17:00:00","BZN|ES","Without sequence","78.89",""
"30/01/2024 17:00:00 - 30/01/2024 18:00:00","BZN|ES","Without sequence","88.83",""
"30/01/2024 18:00:00 - 30/01/2024 19:00:00","BZN|ES","Without sequence","99.76",""
"30/01/2024 19:00:00 - 30/01/2024 20:00:00","BZN|ES","Without sequence","107.0",""
"30/01/2024 20:00:00 - 30/01/2024 21:00:00","BZN|ES","Without sequence","123.22",""
"30/01/2024 21:00:00 - 30/01/2024 22:00:00","BZN|ES","Without sequence","95.06",""
"30/01/2024 22:00:00 - 30/01/2024 23:00:00","BZN|ES","Without sequence","88.7",""
"30/01/2024 23:00:00 - 31/01/2024 00:00:00","BZN|ES","Without sequence","78.78",""
"31/01/2024 00:00:00 - 31/01/2024 01:00:00","BZN|ES","Without sequence","74.09",""
"31/01/2024 01:00:00 - 31/01/2024 02:00:00","BZN|ES","Without sequence","71.48",""
"31/01/2024 02:00:00 - 31/01/2024 03:00:00","BZN|ES","Without sequence","70.89",""
"31/01/2024 03:00:00 - 31/01/2024 04:00:00","BZN|ES","Without sequence","69.82",""
"31/01/2024 04:00:00 - 31/01/2024 05:00:00","BZN|ES","Without sequence","69.25",""
"31/01/2024 05:00:00 - 31/01/2024 06:00:00","BZN|ES","Without sequence","74.01",""
"31/01/2024 06:00:00 - 31/01/2024 07:00:00","BZN|ES","Without sequence","84.44",""
"31/01/2024 07:00:00 - 31/01/2024 08:00:00","BZN|ES","Without sequence","93.29",""
"31/01/2024 08:00:00 - 31/01/2024 09:00:00","BZN|ES","Without sequence","120.23",""
"31/01/2024 09:00:00 - 31/01/2024 10:00:00","BZN|ES","Without sequence","93.23",""
"31/01/2024 10:00:00 - 31/01/2024 11:00:00","BZN|ES","Without sequence","82.98",""
"31/01/2024 11:00:00 - 31/01/2024 12:00:00","BZN|ES","Without sequence","72.19",""
"31/01/2024 12:00:00 - 31/01/2024 13:00:00","BZN|ES","Without sequence","70.01",""
"31/01/2024 13:00:00 - 31/01/2024 14:00:00","BZN|ES","Without sequence","66.5",""
"31/01/2024 14:00:00 - 31/01/2024 15:00:00","BZN|ES","Without sequence","65.8",""
"31/01/2024 15:00:00 - 31/01/2024 16:00:00","BZN|ES","Without sequence","64.95",""
"31/01/2024 16:00:00 - 31/01/2024 17:00:00","BZN|ES","Without sequence","66.26",""
"31/01/2024 17:00:00 - 31/01/2024 18:00:00","BZN|ES","Without sequence","77.0",""
"31/01/2024 18:00:00 - 31/01/2024 19:00:00","BZN|ES","Without sequence","91.0",""
"31/01/2024 19:00:00 - 31/01/2024 20:00:00","BZN|ES","Without sequence","119.47",""
"31/01/2024 20:00:00 - 31/01/2024 21:00:00","BZN|ES","Without sequence","168.35",""
"31/01/2024 21:00:00 - 31/01/2024 22:00:00","BZN|ES","Without sequence","94.54",""
"31/01/2024 22:00:00 - 31/01/2024 23:00:00","BZN|ES","Without sequence","85.0",""
"31/01/2024 23:00:00 - 01/02/2024 00:00:00","BZN|ES","Without sequence","77.52",""
"01/02/2024 00:00:00 - 01/02/2024 01:00:00","BZN|ES","Without sequence","69.0",""
"01/02/2024 01:00:00 - 01/02/2024 02:00:00","BZN|ES","Without sequence","60.44",""
"01/02/2024 02:00:00 - 01/02/2024 03:00:00","BZN|ES","Without sequence","55.1",""
"01/02/2024 03:00:00 - 01/02/2024 04:00:00","BZN|ES","Without sequence","54.6",""
"01/02/2024 04:00:00 - 01/02/2024 05:00:00","BZN|ES","Without sequence","53.47",""
"01/02/2024 05:00:00 - 01/02/2024 06:00:00","BZN|ES","Without sequence","59.82",""
"01/02/2024 06:00:00 - 01/02/2024 07:00:00","BZN|ES","Without sequence","72.42",""
"01/02/2024 07:00:00 - 01/02/2024 08:00:00","BZN|ES","Without sequence","88.76",""
"01/02/2024 08:00:00 - 01/02/2024 09:00:00","BZN|ES","Without sequence","95.76",""
"01/02/2024 09:00:00 - 01/02/2024 10:00:00","BZN|ES","Without sequence","88.77",""
"01/02/2024 10:00:00 - 01/02/2024 11:00:00","BZN|ES","Without sequence","62.8",""
"01/02/2024 11:00:00 - 01/02/2024 12:00:00","BZN|ES","Without sequence","55.98",""
"01/02/2024 12:00:00 - 01/02/2024 13:00:00","BZN|ES","Without sequence","54.44",""
"01/02/2024 13:00:00 - 01/02/2024 14:00:00","BZN|ES","Without sequence","54.0",""
"01/02/2024 14:00:00 - 01/02/2024 15:00:00","BZN|ES","Without sequence","54.44",""
"01/02/2024 15:00:00 - 01/02/2024 16:00:00","BZN|ES","Without sequence","54.6",""
"01/02/2024 16:00:00 - 01/02/2024 17:00:00","BZN|ES","Without sequence","60.44",""
"01/02/2024 17:00:00 - 01/02/2024 18:00:00","BZN|ES","Without sequence","76.0",""
"01/02/2024 18:00:00 - 01/02/2024 19:00:00","BZN|ES","Without sequence","101.89",""
"01/02/2024 19:00:00 - 01/02/2024 20:00:00","BZN|ES","Without sequence","99.05",""
"01/02/2024 20:00:00 - 01/02/2024 21:00:00","BZN|ES","Without sequence","94.0",""
"01/02/2024 21:00:00 - 01/02/2024 22:00:00","BZN|ES","Without sequence","83.66",""
"01/02/2024 22:00:00 - 01/02/2024 23:00:00","BZN|ES","Without sequence","82.13",""
"01/02/2024 23:00:00 - 02/02/2024 00:00:00","BZN|ES","Without sequence","71.19",""
"02/02/2024 00:00:00 - 02/02/2024 01:00:00","BZN|ES","Without sequence","62.95",""
"02/02/2024 01:00:00 - 02/02/2024 02:00:00","BZN|ES","Without sequence","60.05",""
"02/02/2024 02:00:00 - 02/02/2024 03:00:00","BZN|ES","Without sequence","58.0",""
"02/02/2024 03:00:00 - 02/02/2024 04:00:00","BZN|ES","Without sequence","54.69",""
"02/02/2024 04:00:00 - 02/02/2024 05:00:00","BZN|ES","Without sequence","52.41",""
"02/02/2024 05:00:00 - 02/02/2024 06:00:00","BZN|ES","Without sequence","55.0",""
"02/02/2024 06:00:00 - 02/02/2024 07:00:00","BZN|ES","Without sequence","61.0",""
"02/02/2024 07:00:00 - 02/02/2024 08:00:00","BZN|ES","Without sequence","80.34",""
"02/02/2024 08:00:00 - 02/02/2024 09:00:00","BZN|ES","Without sequence","90.75",""
"02/02/2024 09:00:00 - 02/02/2024 10:00:00","BZN|ES","Without sequence","83.98",""
"02/02/2024 10:00:00 - 02/02/2024 11:00:00","BZN|ES","Without sequence","61.42",""
"02/02/2024 11:00:00 - 02/02/2024 12:00:00","BZN|ES","Without sequence","54.0",""
"02/02/2024 12:00:00 - 02/02/2024 13:00:00","BZN|ES","Without sequence","54.0",""
"02/02/2024 13:00:00 - 02/02/2024 14:00:00","BZN|ES","Without sequence","55.5",""
"02/02/2024 14:00:00 - 02/02/2024 15:00:00","BZN|ES","Without sequence","53.3",""
"02/02/2024 15:00:00 - 02/02/2024 16:00:00","BZN|ES","Without sequence","55.91",""
"02/02/2024 16:00:00 - 02/02/2024 17:00:00","BZN|ES","Without sequence","55.5",""
"02/02/2024 17:00:00 - 02/02/2024 18:00:00","BZN|ES","Without sequence","70.95",""
"02/02/2024 18:00:00 - 02/02/2024 19:00:00","BZN|ES","Without sequence","80.16",""
"02/02/2024 19:00:00 - 02/02/2024 20:00:00","BZN|ES","Without sequence","83.83",""
"02/02/2024 20:00:00 - 02/02/2024 21:00:00","BZN|ES","Without sequence","83.98",""
"02/02/2024 21:00:00 - 02/02/2024 22:00:00","BZN|ES","Without sequence","76.46",""
"02/02/2024 22:00:00 - 02/02/2024 23:00:00","BZN|ES","Without sequence","68.44",""
"02/02/2024 23:00:00 - 03/02/2024 00:00:00","BZN|ES","Without sequence","55.0",""
"03/02/2024 00:00:00 - 03/02/2024 01:00:00","BZN|ES","Without sequence","56.44",""
"03/02/2024 01:00:00 - 03/02/2024 02:00:00","BZN|ES","Without sequence","52.71",""
"03/02/2024 02:00:00 - 03/02/2024 03:00:00","BZN|ES","Without sequence","51.18",""
"03/02/2024 03:00:00 - 03/02/2024 04:00:00","BZN|ES","Without sequence","50.83",""
"03/02/2024 04:00:00 - 03/02/2024 05:00:00","BZN|ES","Without sequence","51.16",""
"03/02/2024 05:00:00 - 03/02/2024 06:00:00","BZN|ES","Without sequence","52.57",""
"03/02/2024 06:00:00 - 03/02/2024 07:00:00","BZN|ES","Without sequence","53.5",""
"03/02/2024 07:00:00 - 03/02/2024 08:00:00","BZN|ES","Without sequence","56.8",""
"03/02/2024 08:00:00 - 03/02/2024 09:00:00","BZN|ES","Without sequence","63.0",""
"03/02/2024 09:00:00 - 03/02/2024 10:00:00","BZN|ES","Without sequence","59.1",""
"03/02/2024 10:00:00 - 03/02/2024 11:00:00","BZN|ES","Without sequence","53.28",""
"03/02/2024 11:00:00 - 03/02/2024 12:00:00","BZN|ES","Without sequence","45.27",""
"03/02/2024 12:00:00 - 03/02/2024 13:00:00","BZN|ES","Without sequence","41.58",""
"03/02/2024 13:00:00 - 03/02/2024 14:00:00","BZN|ES","Without sequence","39.81",""
"03/02/2024 14:00:00 - 03/02/2024 15:00:00","BZN|ES","Without sequence","41.76",""
"03/02/2024 15:00:00 - 03/02/2024 16:00:00","BZN|ES","Without sequence","46.44",""
"03/02/2024 16:00:00 - 03/02/2024 17:00:00","BZN|ES","Without sequence","53.0",""
"03/02/2024 17:00:00 - 03/02/2024 18:00:00","BZN|ES","Without sequence","64.87",""
"03/02/2024 18:00:00 - 03/02/2024 19:00:00","BZN|ES","Without sequence","81.43",""
"03/02/2024 19:00:00 - 03/02/2024 20:00:00","BZN|ES","Without sequence","87.76",""
"03/02/2024 20:00:00 - 03/02/2024 21:00:00","BZN|ES","Without sequence","95.68",""
"03/02/2024 21:00:00 - 03/02/2024 22:00:00","BZN|ES","Without sequence","92.71",""
"03/02/2024 22:00:00 - 03/02/2024 23:00:00","BZN|ES","Without sequence","86.11",""
"03/02/2024 23:00:00 - 04/02/2024 00:00:00","BZN|ES","Without sequence","70.79",""
"04/02/2024 00:00:00 - 04/02/2024 01:00:00","BZN|ES","Without sequence","66.62",""
"04/02/2024 01:00:00 - 04/02/2024 02:00:00","BZN|ES","Without sequence","64.78",""
"04/02/2024 02:00:00 - 04/02/2024 03:00:00","BZN|ES","Without sequence","64.91",""
"04/02/2024 03:00:00 - 04/02/2024 04:00:00","BZN|ES","Without sequence","63.92",""
"04/02/2024 04:00:00 - 04/02/2024 05:00:00","BZN|ES","Without sequence","61.75",""
"04/02/2024 05:00:00 - 04/02/2024 06:00:00","BZN|ES","Without sequence","61.75",""
"04/02/2024 06:00:00 - 04/02/2024 07:00:00","BZN|ES","Without sequence","60.0",""
"04/02/2024 07:00:00 - 04/02/2024 08:00:00","BZN|ES","Without sequence","59.8",""
"04/02/2024 08:00:00 - 04/02/2024 09:00:00","BZN|ES","Without sequence","63.92",""
"04/02/2024 09:00:00 - 04/02/2024 10:00:00","BZN|ES","Without sequence","53.0",""
"04/02/2024 10:00:00 - 04/02/2024 11:00:00","BZN|ES","Without sequence","44.7",""
"04/02/2024 11:00:00 - 04/02/2024 12:00:00","BZN|ES","Without sequence","40.0",""
"04/02/2024 12:00:00 - 04/02/2024 13:00:00","BZN|ES","Without sequence","34.28",""
"04/02/2024 13:00:00 - 04/02/2024 14:00:00","BZN|ES","Without sequence","35.65",""
"04/02/2024 14:00:00 - 04/02/2024 15:00:00","BZN|ES","Without sequence","35.0",""
"04/02/2024 15:00:00 - 04/02/2024 16:00:00","BZN|ES","Without sequence","32.0",""
"04/02/2024 16:00:00 - 04/02/2024 17:00:00","BZN|ES","Without sequence","43.35",""
"04/02/2024 17:00:00 - 04/02/2024 18:00:00","BZN|ES","Without sequence","54.93",""
"04/02/2024 18:00:00 - 04/02/2024 19:00:00","BZN|ES","Without sequence","77.5",""
"04/02/2024 19:00:00 - 04/02/2024 20:00:00","BZN|ES","Without sequence","89.0",""
"04/02/2024 20:00:00 - 04/02/2024 21:00:00","BZN|ES","Without sequence","129.81",""
"04/02/2024 21:00:00 - 04/02/2024 22:00:00","BZN|ES","Without sequence","119.77",""
"04/02/2024 22:00:00 - 04/02/2024 23:00:00","BZN|ES","Without sequence","82.94",""
"04/02/2024 23:00:00 - 05/02/2024 00:00:00","BZN|ES","Without sequence","75.0",""
"05/02/2024 00:00:00 - 05/02/2024 01:00:00","BZN|ES","Without sequence","71.66",""
"05/02/2024 01:00:00 - 05/02/2024 02:00:00","BZN|ES","Without sequence","73.0",""
"05/02/2024 02:00:00 - 05/02/2024 03:00:00","BZN|ES","Without sequence","69.1",""
"05/02/2024 03:00:00 - 05/02/2024 04:00:00","BZN|ES","Without sequence","67.87",""
"05/02/2024 04:00:00 - 05/02/2024 05:00:00","BZN|ES","Without sequence","67.87",""
"05/02/2024 05:00:00 - 05/02/2024 06:00:00","BZN|ES","Without sequence","69.78",""
"05/02/2024 06:00:00 - 05/02/2024 07:00:00","BZN|ES","Without sequence","73.22",""
"05/02/2024 07:00:00 - 05/02/2024 08:00:00","BZN|ES","Without sequence","83.15",""
"05/02/2024 08:00:00 - 05/02/2024 09:00:00","BZN|ES","Without sequence","98.59",""
"05/02/2024 09:00:00 - 05/02/2024 10:00:00","BZN|ES","Without sequence","87.36",""
"05/02/2024 10:00:00 - 05/02/2024 11:00:00","BZN|ES","Without sequence","76.68",""
"05/02/2024 11:00:00 - 05/02/2024 12:00:00","BZN|ES","Without sequence","69.74",""
"05/02/2024 12:00:00 - 05/02/2024 13:00:00","BZN|ES","Without sequence","60.0",""
"05/02/2024 13:00:00 - 05/02/2024 14:00:00","BZN|ES","Without sequence","50.0",""
"05/02/2024 14:00:00 - 05/02/2024 15:00:00","BZN|ES","Without sequence","51.0",""
"05/02/2024 15:00:00 - 05/02/2024 16:00:00","BZN|ES","Without sequence","59.71",""
"05/02/2024 16:00:00 - 05/02/2024 17:00:00","BZN|ES","Without sequence","68.8",""
"05/02/2024 17:00:00 - 05/02/2024 18:00:00","BZN|ES","Without sequence","76.44",""
"05/02/2024 18:00:00 - 05/02/2024 19:00:00","BZN|ES","Without sequence","89.13",""
"05/02/2024 19:00:00 - 05/02/2024 20:00:00","BZN|ES","Without sequence","129.47",""
"05/02/2024 20:00:00 - 05/02/2024 21:00:00","BZN|ES","Without sequence","181.26",""
"05/02/2024 21:00:00 - 05/02/2024 22:00:00","BZN|ES","Without sequence","111.36",""
"05/02/2024 22:00:00 - 05/02/2024 23:00:00","BZN|ES","Without sequence","81.06",""
"05/02/2024 23:00:00 - 06/02/2024 00:00:00","BZN|ES","Without sequence","75.75",""
"06/02/2024 00:00:00 - 06/02/2024 01:00:00","BZN|ES","Without sequence","74.5",""
"06/02/2024 01:00:00 - 06/02/2024 02:00:00","BZN|ES","Without sequence","75.0",""
"06/02/2024 02:00:00 - 06/02/2024 03:00:00","BZN|ES","Without sequence","70.75",""
"06/02/2024 03:00:00 - 06/02/2024 04:00:00","BZN|ES","Without sequence","68.88",""
"06/02/2024 04:00:00 - 06/02/2024 05:00:00","BZN|ES","Without sequence","65.1",""
"06/02/2024 05:00:00 - 06/02/2024 06:00:00","BZN|ES","Without sequence","68.88",""
"06/02/2024 06:00:00 - 06/02/2024 07:00:00","BZN|ES","Without sequence","74.5",""
"06/02/2024 07:00:00 - 06/02/2024 08:00:00","BZN|ES","Without sequence","82.06",""
"06/02/2024 08:00:00 - 06/02/2024 09:00:00","BZN|ES","Without sequence","121.06",""
"06/02/2024 09:00:00 - 06/02/2024 10:00:00","BZN|ES","Without sequence","96.06",""
"06/02/2024 10:00:00 - 06/02/2024 11:00:00","BZN|ES","Without sequence","79.61",""
"06/02/2024 11:00:00 - 06/02/2024 12:00:00","BZN|ES","Without sequence","72.48",""
"06/02/2024 12:00:00 - 06/02/2024 13:00:00","BZN|ES","Without sequence","71.0",""
"06/02/2024 13:00:00 - 06/02/2024 14:00:00","BZN|ES","Without sequence","56.47",""
"06/02/2024 14:00:00 - 06/02/2024 15:00:00","BZN|ES","Without sequence","51.5",""
"06/02/2024 15:00:00 - 06/02/2024 16:00:00","BZN|ES","Without sequence","56.44",""
"06/02/2024 16:00:00 - 06/02/2024 17:00:00","BZN|ES","Without sequence","61.33",""
"06/02/2024 17:00:00 - 06/02/2024 18:00:00","BZN|ES","Without sequence","71.0",""
"06/02/2024 18:00:00 - 06/02/2024 19:00:00","BZN|ES","Without sequence","78.77",""
"06/02/2024 19:00:00 - 06/02/2024 20:00:00","BZN|ES","Without sequence","89.01",""
"06/02/2024 20:00:00 - 06/02/2024 21:00:00","BZN|ES","Without sequence","88.87",""
"06/02/2024 21:00:00 - 06/02/2024 22:00:00","BZN|ES","Without sequence","78.28",""
"06/02/2024 22:00:00 - 06/02/2024 23:00:00","BZN|ES","Without sequence","69.03",""
"06/02/2024 23:00:00 - 07/02/2024 00:00:00","BZN|ES","Without sequence","56.09",""
"07/02/2024 00:00:00 - 07/02/2024 01:00:00","BZN|ES","Without sequence","41.7",""
"07/02/2024 01:00:00 - 07/02/2024 02:00:00","BZN|ES","Without sequence","39.0",""
"07/02/2024 02:00:00 - 07/02/2024 03:00:00","BZN|ES","Without sequence","37.45",""
"07/02/2024 03:00:00 - 07/02/2024 04:00:00","BZN|ES","Without sequence","33.21",""
"07/02/2024 04:00:00 - 07/02/2024 05:00:00","BZN|ES","Without sequence","21.01",""
"07/02/2024 05:00:00 - 07/02/2024 06:00:00","BZN|ES","Without sequence","38.0",""
"07/02/2024 06:00:00 - 07/02/2024 07:00:00","BZN|ES","Without sequence","47.28",""
"07/02/2024 07:00:00 - 07/02/2024 08:00:00","BZN|ES","Without sequence","69.99",""
"07/02/2024 08:00:00 - 07/02/2024 09:00:00","BZN|ES","Without sequence","74.49",""
"07/02/2024 09:00:00 - 07/02/2024 10:00:00","BZN|ES","Without sequence","68.61",""
"07/02/2024 10:00:00 - 07/02/2024 11:00:00","BZN|ES","Without sequence","66.04",""
"07/02/2024 11:00:00 - 07/02/2024 12:00:00","BZN|ES","Without sequence","59.2",""
"07/02/2024 12:00:00 - 07/02/2024 13:00:00","BZN|ES","Without sequence","45.0",""
"07/02/2024 13:00:00 - 07/02/2024 14:00:00","BZN|ES","Without sequence","40.4",""
"07/02/2024 14:00:00 - 07/02/2024 15:00:00","BZN|ES","Without sequence","35.0",""
"07/02/2024 15:00:00 - 07/02/2024 16:00:00","BZN|ES","Without sequence","28.33",""
"07/02/2024 16:00:00 - 07/02/2024 17:00:00","BZN|ES","Without sequence","37.45",""
"07/02/2024 17:00:00 - 07/02/2024 18:00:00","BZN|ES","Without sequence","41.0",""
"07/02/2024 18:00:00 - 07/02/2024 19:00:00","BZN|ES","Without sequence","57.84",""
"07/02/2024 19:00:00 - 07/02/2024 20:00:00","BZN|ES","Without sequence","72.76",""
"07/02/2024 20:00:00 - 07/02/2024 21:00:00","BZN|ES","Without sequence","76.89",""
"07/02/2024 21:00:00 - 07/02/2024 22:00:00","BZN|ES","Without sequence","67.72",""
"07/02/2024 22:00:00 - 07/02/2024 23:00:00","BZN|ES","Without sequence","58.42",""
"07/02/2024 23:00:00 - 08/02/2024 00:00:00","BZN|ES","Without sequence","45.8",""
"08/02/2024 00:00:00 - 08/02/2024 01:00:00","BZN|ES","Without sequence","46.73",""
"08/02/2024 01:00:00 - 08/02/2024 02:00:00","BZN|ES","Without sequence","39.0",""
"08/02/2024 02:00:00 - 08/02/2024 03:00:00","BZN|ES","Without sequence","33.8",""
"08/02/2024 03:00:00 - 08/02/2024 04:00:00","BZN|ES","Without sequence","32.45",""
"08/02/2024 04:00:00 - 08/02/2024 05:00:00","BZN|ES","Without sequence","31.7",""
"08/02/2024 05:00:00 - 08/02/2024 06:00:00","BZN|ES","Without sequence","32.45",""
"08/02/2024 06:00:00 - 08/02/2024 07:00:00","BZN|ES","Without sequence","41.5",""
"08/02/2024 07:00:00 - 08/02/2024 08:00:00","BZN|ES","Without sequence","50.0",""
"08/02/2024 08:00:00 - 08/02/2024 09:00:00","BZN|ES","Without sequence","57.0",""
"08/02/2024 09:00:00 - 08/02/2024 10:00:00","BZN|ES","Without sequence","42.13",""
"08/02/2024 10:00:00 - 08/02/2024 11:00:00","BZN|ES","Without sequence","37.0",""
"08/02/2024 11:00:00 - 08/02/2024 12:00:00","BZN|ES","Without sequence","35.22",""
"08/02/2024 12:00:00 - 08/02/2024 13:00:00","BZN|ES","Without sequence","38.0",""
"08/02/2024 13:00:00 - 08/02/2024 14:00:00","BZN|ES","Without sequence","31.7",""
"08/02/2024 14:00:00 - 08/02/2024 15:00:00","BZN|ES","Without sequence","33.8",""
"08/02/2024 15:00:00 - 08/02/2024 16:00:00","BZN|ES","Without sequence","33.08",""
"08/02/2024 16:00:00 - 08/02/2024 17:00:00","BZN|ES","Without sequence","39.4",""
"08/02/2024 17:00:00 - 08/02/2024 18:00:00","BZN|ES","Without sequence","41.5",""
"08/02/2024 18:00:00 - 08/02/2024 19:00:00","BZN|ES","Without sequence","44.23",""
"08/02/2024 19:00:00 - 08/02/2024 20:00:00","BZN|ES","Without sequence","40.0",""
"08/02/2024 20:00:00 - 08/02/2024 21:00:00","BZN|ES","Without sequence","40.5",""
"08/02/2024 21:00:00 - 08/02/2024 22:00:00","BZN|ES","Without sequence","37.94",""
"08/02/2024 22:00:00 - 08/02/2024 23:00:00","BZN|ES","Without sequence","40.19",""
"08/02/2024 23:00:00 - 09/02/2024 00:00:00","BZN|ES","Without sequence","28.7",""
"09/02/2024 00:00:00 - 09/02/2024 01:00:00","BZN|ES","Without sequence","22.04",""
"09/02/2024 01:00:00 - 09/02/2024 02:00:00","BZN|ES","Without sequence","11.17",""
"09/02/2024 02:00:00 - 09/02/2024 03:00:00","BZN|ES","Without sequence","5.0",""
"09/02/2024 03:00:00 - 09/02/2024 04:00:00","BZN|ES","Without sequence","3.2",""
"09/02/2024 04:00:00 - 09/02/2024 05:00:00","BZN|ES","Without sequence","3.2",""
"09/02/2024 05:00:00 - 09/02/2024 06:00:00","BZN|ES","Without sequence","11.14",""
"09/02/2024 06:00:00 - 09/02/2024 07:00:00","BZN|ES","Without sequence","29.62",""
"09/02/2024 07:00:00 - 09/02/2024 08:00:00","BZN|ES","Without sequence","48.92",""
"09/02/2024 08:00:00 - 09/02/2024 09:00:00","BZN|ES","Without sequence","57.84",""
"09/02/2024 09:00:00 - 09/02/2024 10:00:00","BZN|ES","Without sequence","65.0",""
"09/02/2024 10:00:00 - 09/02/2024 11:00:00","BZN|ES","Without sequence","66.35",""
"09/02/2024 11:00:00 - 09/02/2024 12:00:00","BZN|ES","Without sequence","57.84",""
"09/02/2024 12:00:00 - 09/02/2024 13:00:00","BZN|ES","Without sequence","50.56",""
"09/02/2024 13:00:00 - 09/02/2024 14:00:00","BZN|ES","Without sequence","46.73",""
"09/02/2024 14:00:00 - 09/02/2024 15:00:00","BZN|ES","Without sequence","47.99",""
"09/02/2024 15:00:00 - 09/02/2024 16:00:00","BZN|ES","Without sequence","46.73",""
"09/02/2024 16:00:00 - 09/02/2024 17:00:00","BZN|ES","Without sequence","44.99",""
"09/02/2024 17:00:00 - 09/02/2024 18:00:00","BZN|ES","Without sequence","42.0",""
"09/02/2024 18:00:00 - 09/02/2024 19:00:00","BZN|ES","Without sequence","44.46",""
"09/02/2024 19:00:00 - 09/02/2024 20:00:00","BZN|ES","Without sequence","59.95",""
"09/02/2024 20:00:00 - 09/02/2024 21:00:00","BZN|ES","Without sequence","66.35",""
"09/02/2024 21:00:00 - 09/02/2024 22:00:00","BZN|ES","Without sequence","55.02",""
"09/02/2024 22:00:00 - 09/02/2024 23:00:00","BZN|ES","Without sequence","43.13",""
"09/02/2024 23:00:00 - 10/02/2024 00:00:00","BZN|ES","Without sequence","35.0",""
"10/02/2024 00:00:00 - 10/02/2024 01:00:00","BZN|ES","Without sequence","26.78",""
"10/02/2024 01:00:00 - 10/02/2024 02:00:00","BZN|ES","Without sequence","14.0",""
"10/02/2024 02:00:00 - 10/02/2024 03:00:00","BZN|ES","Without sequence","5.0",""
"10/02/2024 03:00:00 - 10/02/2024 04:00:00","BZN|ES","Without sequence","3.2",""
"10/02/2024 04:00:00 - 10/02/2024 05:00:00","BZN|ES","Without sequence","3.2",""
"10/02/2024 05:00:00 - 10/02/2024 06:00:00","BZN|ES","Without sequence","3.2",""
"10/02/2024 06:00:00 - 10/02/2024 07:00:00","BZN|ES","Without sequence","3.2",""
"10/02/2024 07:00:00 - 10/02/2024 08:00:00","BZN|ES","Without sequence","3.2",""
"10/02/2024 08:00:00 - 10/02/2024 09:00:00","BZN|ES","Without sequence","3.2",""
"10/02/2024 09:00:00 - 10/02/2024 10:00:00","BZN|ES","Without sequence","3.2",""
"10/02/2024 10:00:00 - 10/02/2024 11:00:00","BZN|ES","Without sequence","0.43",""
"10/02/2024 11:00:00 - 10/02/2024 12:00:00","BZN|ES","Without sequence","0.0",""
"10/02/2024 12:00:00 - 10/02/2024 13:00:00","BZN|ES","Without sequence","0.0",""
"10/02/2024 13:00:00 - 10/02/2024 14:00:00","BZN|ES","Without sequence","0.0",""
"10/02/2024 14:00:00 - 10/02/2024 15:00:00","BZN|ES","Without sequence","0.0",""
"10/02/2024 15:00:00 - 10/02/2024 16:00:00","BZN|ES","Without sequence","0.0",""
"10/02/2024 16:00:00 - 10/02/2024 17:00:00","BZN|ES","Without sequence","0.0",""
"10/02/2024 17:00:00 - 10/02/2024 18:00:00","BZN|ES","Without sequence","0.43",""
"10/02/2024 18:00:00 - 10/02/2024 19:00:00","BZN|ES","Without sequence","3.2",""
"10/02/2024 19:00:00 - 10/02/2024 20:00:00","BZN|ES","Without sequence","25.01",""
"10/02/2024 20:00:00 - 10/02/2024 21:00:00","BZN|ES","Without sequence","36.46",""
"10/02/2024 21:00:00 - 10/02/2024 22:00:00","BZN|ES","Without sequence","37.9",""
"10/02/2024 22:00:00 - 10/02/2024 23:00:00","BZN|ES","Without sequence","32.68",""
"10/02/2024 23:00:00 - 11/02/2024 00:00:00","BZN|ES","Without sequence","23.0",""
"11/02/2024 00:00:00 - 11/02/2024 01:00:00","BZN|ES","Without sequence","35.0",""
"11/02/2024 01:00:00 - 11/02/2024 02:00:00","BZN|ES","Without sequence","23.26",""
"11/02/2024 02:00:00 - 11/02/2024 03:00:00","BZN|ES","Without sequence","22.01",""
"11/02/2024 03:00:00 - 11/02/2024 04:00:00","BZN|ES","Without sequence","20.5",""
"11/02/2024 04:00:00 - 11/02/2024 05:00:00","BZN|ES","Without sequence","25.0",""
"11/02/2024 05:00:00 - 11/02/2024 06:00:00","BZN|ES","Without sequence","24.98",""
"11/02/2024 06:00:00 - 11/02/2024 07:00:00","BZN|ES","Without sequence","37.9",""
"11/02/2024 07:00:00 - 11/02/2024 08:00:00","BZN|ES","Without sequence","40.19",""
"11/02/2024 08:00:00 - 11/02/2024 09:00:00","BZN|ES","Without sequence","41.0",""
"11/02/2024 09:00:00 - 11/02/2024 10:00:00","BZN|ES","Without sequence","42.1",""
"11/02/2024 10:00:00 - 11/02/2024 11:00:00","BZN|ES","Without sequence","43.46",""
"11/02/2024 11:00:00 - 11/02/2024 12:00:00","BZN|ES","Without sequence","40.19",""
"11/02/2024 12:00:00 - 11/02/2024 13:00:00","BZN|ES","Without sequence","39.9",""
"11/02/2024 13:00:00 - 11/02/2024 14:00:00","BZN|ES","Without sequence","40.19",""
"11/02/2024 14:00:00 - 11/02/2024 15:00:00","BZN|ES","Without sequence","39.98",""
"11/02/2024 15:00:00 - 11/02/2024 16:00:00","BZN|ES","Without sequence","39.99",""
"11/02/2024 16:00:00 - 11/02/2024 17:00:00","BZN|ES","Without sequence","46.73",""
"11/02/2024 17:00:00 - 11/02/2024 18:00:00","BZN|ES","Without sequence","61.94",""
"11/02/2024 18:00:00 - 11/02/2024 19:00:00","BZN|ES","Without sequence","83.13",""
"11/02/2024 19:00:00 - 11/02/2024 20:00:00","BZN|ES","Without sequence","83.98",""
"11/02/2024 20:00:00 - 11/02/2024 21:00:00","BZN|ES","Without sequence","76.82",""
"11/02/2024 21:00:00 - 11/02/2024 22:00:00","BZN|ES","Without sequence","70.01",""
"11/02/2024 22:00:00 - 11/02/2024 23:00:00","BZN|ES","Without sequence","56.94",""
"11/02/2024 23:00:00 - 12/02/2024 00:00:00","BZN|ES","Without sequence","40.7",""
"12/02/2024 00:00:00 - 12/02/2024 01:00:00","BZN|ES","Without sequence","39.23",""
"12/02/2024 01:00:00 - 12/02/2024 02:00:00","BZN|ES","Without sequence","38.12",""
"12/02/2024 02:00:00 - 12/02/2024 03:00:00","BZN|ES","Without sequence","35.0",""
"12/02/2024 03:00:00 - 12/02/2024 04:00:00","BZN|ES","Without sequence","33.76",""
"12/02/2024 04:00:00 - 12/02/2024 05:00:00","BZN|ES","Without sequence","33.76",""
"12/02/2024 05:00:00 - 12/02/2024 06:00:00","BZN|ES","Without sequence","35.1",""
"12/02/2024 06:00:00 - 12/02/2024 07:00:00","BZN|ES","Without sequence","37.4",""
"12/02/2024 07:00:00 - 12/02/2024 08:00:00","BZN|ES","Without sequence","39.88",""
"12/02/2024 08:00:00 - 12/02/2024 09:00:00","BZN|ES","Without sequence","50.5",""
"12/02/2024 09:00:00 - 12/02/2024 10:00:00","BZN|ES","Without sequence","46.78",""
"12/02/2024 10:00:00 - 12/02/2024 11:00:00","BZN|ES","Without sequence","40.0",""
"12/02/2024 11:00:00 - 12/02/2024 12:00:00","BZN|ES","Without sequence","35.6",""
"12/02/2024 12:00:00 - 12/02/2024 13:00:00","BZN|ES","Without sequence","33.76",""
"12/02/2024 13:00:00 - 12/02/2024 14:00:00","BZN|ES","Without sequence","35.6",""
"12/02/2024 14:00:00 - 12/02/2024 15:00:00","BZN|ES","Without sequence","35.0",""
"12/02/2024 15:00:00 - 12/02/2024 16:00:00","BZN|ES","Without sequence","35.0",""
"12/02/2024 16:00:00 - 12/02/2024 17:00:00","BZN|ES","Without sequence","30.0",""
"12/02/2024 17:00:00 - 12/02/2024 18:00:00","BZN|ES","Without sequence","40.0",""
"12/02/2024 18:00:00 - 12/02/2024 19:00:00","BZN|ES","Without sequence","59.34",""
"12/02/2024 19:00:00 - 12/02/2024 20:00:00","BZN|ES","Without sequence","88.21",""
"12/02/2024 20:00:00 - 12/02/2024 21:00:00","BZN|ES","Without sequence","79.15",""
"12/02/2024 21:00:00 - 12/02/2024 22:00:00","BZN|ES","Without sequence","71.54",""
"12/02/2024 22:00:00 - 12/02/2024 23:00:00","BZN|ES","Without sequence","65.87",""
"12/02/2024 23:00:00 - 13/02/2024 00:00:00","BZN|ES","Without sequence","61.9",""
"13/02/2024 00:00:00 - 13/02/2024 01:00:00","BZN|ES","Without sequence","53.87",""
"13/02/2024 01:00:00 - 13/02/2024 02:00:00","BZN|ES","Without sequence","41.1",""
"13/02/2024 02:00:00 - 13/02/2024 03:00:00","BZN|ES","Without sequence","40.0",""
"13/02/2024 03:00:00 - 13/02/2024 04:00:00","BZN|ES","Without sequence","40.0",""
"13/02/2024 04:00:00 - 13/02/2024 05:00:00","BZN|ES","Without sequence","40.0",""
"13/02/2024 05:00:00 - 13/02/2024 06:00:00","BZN|ES","Without sequence","42.61",""
"13/02/2024 06:00:00 - 13/02/2024 07:00:00","BZN|ES","Without sequence","52.0",""
"13/02/2024 07:00:00 - 13/02/2024 08:00:00","BZN|ES","Without sequence","65.91",""
"13/02/2024 08:00:00 - 13/02/2024 09:00:00","BZN|ES","Without sequence","87.92",""
"13/02/2024 09:00:00 - 13/02/2024 10:00:00","BZN|ES","Without sequence","66.8",""
"13/02/2024 10:00:00 - 13/02/2024 11:00:00","BZN|ES","Without sequence","65.0",""
"13/02/2024 11:00:00 - 13/02/2024 12:00:00","BZN|ES","Without sequence","63.87",""
"13/02/2024 12:00:00 - 13/02/2024 13:00:00","BZN|ES","Without sequence","60.53",""
"13/02/2024 13:00:00 - 13/02/2024 14:00:00","BZN|ES","Without sequence","60.26",""
"13/02/2024 14:00:00 - 13/02/2024 15:00:00","BZN|ES","Without sequence","60.52",""
"13/02/2024 15:00:00 - 13/02/2024 16:00:00","BZN|ES","Without sequence","60.52",""
"13/02/2024 16:00:00 - 13/02/2024 17:00:00","BZN|ES","Without sequence","66.5",""
"13/02/2024 17:00:00 - 13/02/2024 18:00:00","BZN|ES","Without sequence","68.61",""
"13/02/2024 18:00:00 - 13/02/2024 19:00:00","BZN|ES","Without sequence","87.92",""
"13/02/2024 19:00:00 - 13/02/2024 20:00:00","BZN|ES","Without sequence","91.81",""
"13/02/2024 20:00:00 - 13/02/2024 21:00:00","BZN|ES","Without sequence","82.14",""
"13/02/2024 21:00:00 - 13/02/2024 22:00:00","BZN|ES","Without sequence","73.17",""
"13/02/2024 22:00:00 - 13/02/2024 23:00:00","BZN|ES","Without sequence","69.18",""
"13/02/2024 23:00:00 - 14/02/2024 00:00:00","BZN|ES","Without sequence","65.0",""
"14/02/2024 00:00:00 - 14/02/2024 01:00:00","BZN|ES","Without sequence","60.63",""
"14/02/2024 01:00:00 - 14/02/2024 02:00:00","BZN|ES","Without sequence","59.34",""
"14/02/2024 02:00:00 - 14/02/2024 03:00:00","BZN|ES","Without sequence","55.76",""
"14/02/2024 03:00:00 - 14/02/2024 04:00:00","BZN|ES","Without sequence","54.79",""
"14/02/2024 04:00:00 - 14/02/2024 05:00:00","BZN|ES","Without sequence","55.06",""
"14/02/2024 05:00:00 - 14/02/2024 06:00:00","BZN|ES","Without sequence","59.21",""
"14/02/2024 06:00:00 - 14/02/2024 07:00:00","BZN|ES","Without sequence","64.95",""
"14/02/2024 07:00:00 - 14/02/2024 08:00:00","BZN|ES","Without sequence","74.28",""
"14/02/2024 08:00:00 - 14/02/2024 09:00:00","BZN|ES","Without sequence","80.56",""
"14/02/2024 09:00:00 - 14/02/2024 10:00:00","BZN|ES","Without sequence","69.65",""
"14/02/2024 10:00:00 - 14/02/2024 11:00:00","BZN|ES","Without sequence","59.87",""
"14/02/2024 11:00:00 - 14/02/2024 12:00:00","BZN|ES","Without sequence","47.0",""
"14/02/2024 12:00:00 - 14/02/2024 13:00:00","BZN|ES","Without sequence","46.1",""
"14/02/2024 13:00:00 - 14/02/2024 14:00:00","BZN|ES","Without sequence","41.1",""
"14/02/2024 14:00:00 - 14/02/2024 15:00:00","BZN|ES","Without sequence","39.88",""
"14/02/2024 15:00:00 - 14/02/2024 16:00:00","BZN|ES","Without sequence","40.0",""
"14/02/2024 16:00:00 - 14/02/2024 17:00:00","BZN|ES","Without sequence","43.0",""
"14/02/2024 17:00:00 - 14/02/2024 18:00:00","BZN|ES","Without sequence","59.93",""
"14/02/2024 18:00:00 - 14/02/2024 19:00:00","BZN|ES","Without sequence","65.0",""
"14/02/2024 19:00:00 - 14/02/2024 20:00:00","BZN|ES","Without sequence","85.16",""
"14/02/2024 20:00:00 - 14/02/2024 21:00:00","BZN|ES","Without sequence","77.1",""
"14/02/2024 21:00:00 - 14/02/2024 22:00:00","BZN|ES","Without sequence","69.59",""
"14/02/2024 22:00:00 - 14/02/2024 23:00:00","BZN|ES","Without sequence","61.77",""
"14/02/2024 23:00:00 - 15/02/2024 00:00:00","BZN|ES","Without sequence","59.93",""
"15/02/2024 00:00:00 - 15/02/2024 01:00:00","BZN|ES","Without sequence","50.5",""
"15/02/2024 01:00:00 - 15/02/2024 02:00:00","BZN|ES","Without sequence","39.88",""
"15/02/2024 02:00:00 - 15/02/2024 03:00:00","BZN|ES","Without sequence","36.37",""
"15/02/2024 03:00:00 - 15/02/2024 04:00:00","BZN|ES","Without sequence","36.37",""
"15/02/2024 04:00:00 - 15/02/2024 05:00:00","BZN|ES","Without sequence","36.6",""
"15/02/2024 05:00:00 - 15/02/2024 06:00:00","BZN|ES","Without sequence","36.87",""
"15/02/2024 06:00:00 - 15/02/2024 07:00:00","BZN|ES","Without sequence","47.0",""
"15/02/2024 07:00:00 - 15/02/2024 08:00:00","BZN|ES","Without sequence","62.53",""
"15/02/2024 08:00:00 - 15/02/2024 09:00:00","BZN|ES","Without sequence","62.53",""
"15/02/2024 09:00:00 - 15/02/2024 10:00:00","BZN|ES","Without sequence","59.93",""
"15/02/2024 10:00:00 - 15/02/2024 11:00:00","BZN|ES","Without sequence","54.79",""
"15/02/2024 11:00:00 - 15/02/2024 12:00:00","BZN|ES","Without sequence","55.99",""
"15/02/2024 12:00:00 - 15/02/2024 13:00:00","BZN|ES","Without sequence","52.65",""
"15/02/2024 13:00:00 - 15/02/2024 14:00:00","BZN|ES","Without sequence","48.01",""
"15/02/2024 14:00:00 - 15/02/2024 15:00:00","BZN|ES","Without sequence","45.56",""
"15/02/2024 15:00:00 - 15/02/2024 16:00:00","BZN|ES","Without sequence","46.89",""
"15/02/2024 16:00:00 - 15/02/2024 17:00:00","BZN|ES","Without sequence","45.39",""
"15/02/2024 17:00:00 - 15/02/2024 18:00:00","BZN|ES","Without sequence","49.0",""
"15/02/2024 18:00:00 - 15/02/2024 19:00:00","BZN|ES","Without sequence","59.5",""
"15/02/2024 19:00:00 - 15/02/2024 20:00:00","BZN|ES","Without sequence","64.44",""
"15/02/2024 20:00:00 - 15/02/2024 21:00:00","BZN|ES","Without sequence","63.29",""
"15/02/2024 21:00:00 - 15/02/2024 22:00:00","BZN|ES","Without sequence","60.0",""
"15/02/2024 22:00:00 - 15/02/2024 23:00:00","BZN|ES","Without sequence","59.5",""
"15/02/2024 23:00:00 - 16/02/2024 00:00:00","BZN|ES","Without sequence","55.68",""
"16/02/2024 00:00:00 - 16/02/2024 01:00:00","BZN|ES","Without sequence","51.76",""
"16/02/2024 01:00:00 - 16/02/2024 02:00:00","BZN|ES","Without sequence","51.08",""
"16/02/2024 02:00:00 - 16/02/2024 03:00:00","BZN|ES","Without sequence","49.92",""
"16/02/2024 03:00:00 - 16/02/2024 04:00:00","BZN|ES","Without sequence","47.06",""
"16/02/2024 04:00:00 - 16/02/2024 05:00:00","BZN|ES","Without sequence","42.0",""
"16/02/2024 05:00:00 - 16/02/2024 06:00:00","BZN|ES","Without sequence","46.0",""
"16/02/2024 06:00:00 - 16/02/2024 07:00:00","BZN|ES","Without sequence","51.57",""
"16/02/2024 07:00:00 - 16/02/2024 08:00:00","BZN|ES","Without sequence","60.5",""
"16/02/2024 08:00:00 - 16/02/2024 09:00:00","BZN|ES","Without sequence","66.06",""
"16/02/2024 09:00:00 - 16/02/2024 10:00:00","BZN|ES","Without sequence","59.0",""
"16/02/2024 10:00:00 - 16/02/2024 11:00:00","BZN|ES","Without sequence","48.73",""
"16/02/2024 11:00:00 - 16/02/2024 12:00:00","BZN|ES","Without sequence","47.06",""
"16/02/2024 12:00:00 - 16/02/2024 13:00:00","BZN|ES","Without sequence","42.1",""
"16/02/2024 13:00:00 - 16/02/2024 14:00:00","BZN|ES","Without sequence","44.2",""
"16/02/2024 14:00:00 - 16/02/2024 15:00:00","BZN|ES","Without sequence","42.1",""
"16/02/2024 15:00:00 - 16/02/2024 16:00:00","BZN|ES","Without sequence","42.1",""
"16/02/2024 16:00:00 - 16/02/2024 17:00:00","BZN|ES","Without sequence","47.06",""
"16/02/2024 17:00:00 - 16/02/2024 18:00:00","BZN|ES","Without sequence","52.08",""
"16/02/2024 18:00:00 - 16/02/2024 19:00:00","BZN|ES","Without sequence","63.22",""
"16/02/2024 19:00:00 - 16/02/2024 20:00:00","BZN|ES","Without sequence","77.93",""
"16/02/2024 20:00:00 - 16/02/2024 21:00:00","BZN|ES","Without sequence","73.09",""
"16/02/2024 21:00:00 - 16/02/2024 22:00:00","BZN|ES","Without sequence","69.66",""
"16/02/2024 22:00:00 - 16/02/2024 23:00:00","BZN|ES","Without sequence","65.94",""
"16/02/2024 23:00:00 - 17/02/2024 00:00:00","BZN|ES","Without sequence","61.6",""
"17/02/2024 00:00:00 - 17/02/2024 01:00:00","BZN|ES","Without sequence","46.8",""
"17/02/2024 01:00:00 - 17/02/2024 02:00:00","BZN|ES","Without sequence","46.0",""
"17/02/2024 02:00:00 - 17/02/2024 03:00:00","BZN|ES","Without sequence","46.0",""
"17/02/2024 03:00:00 - 17/02/2024 04:00:00","BZN|ES","Without sequence","45.0",""
"17/02/2024 04:00:00 - 17/02/2024 05:00:00","BZN|ES","Without sequence","45.0",""
"17/02/2024 05:00:00 - 17/02/2024 06:00:00","BZN|ES","Without sequence","44.23",""
"17/02/2024 06:00:00 - 17/02/2024 07:00:00","BZN|ES","Without sequence","44.23",""
"17/02/2024 07:00:00 - 17/02/2024 08:00:00","BZN|ES","Without sequence","45.27",""
"17/02/2024 08:00:00 - 17/02/2024 09:00:00","BZN|ES","Without sequence","46.34",""
"17/02/2024 09:00:00 - 17/02/2024 10:00:00","BZN|ES","Without sequence","44.5",""
"17/02/2024 10:00:00 - 17/02/2024 11:00:00","BZN|ES","Without sequence","40.0",""
"17/02/2024 11:00:00 - 17/02/2024 12:00:00","BZN|ES","Without sequence","35.0",""
"17/02/2024 12:00:00 - 17/02/2024 13:00:00","BZN|ES","Without sequence","33.2",""
"17/02/2024 13:00:00 - 17/02/2024 14:00:00","BZN|ES","Without sequence","33.5",""
"17/02/2024 14:00:00 - 17/02/2024 15:00:00","BZN|ES","Without sequence","32.4",""
"17/02/2024 15:00:00 - 17/02/2024 16:00:00","BZN|ES","Without sequence","30.7",""
"17/02/2024 16:00:00 - 17/02/2024 17:00:00","BZN|ES","Without sequence","33.5",""
"17/02/2024 17:00:00 - 17/02/2024 18:00:00","BZN|ES","Without sequence","45.27",""
"17/02/2024 18:00:00 - 17/02/2024 19:00:00","BZN|ES","Without sequence","65.68",""
"17/02/2024 19:00:00 - 17/02/2024 20:00:00","BZN|ES","Without sequence","82.93",""
"17/02/2024 20:00:00 - 17/02/2024 21:00:00","BZN|ES","Without sequence","75.03",""
"17/02/2024 21:00:00 - 17/02/2024 22:00:00","BZN|ES","Without sequence","70.75",""
"17/02/2024 22:00:00 - 17/02/2024 23:00:00","BZN|ES","Without sequence","68.2",""
"17/02/2024 23:00:00 - 18/02/2024 00:00:00","BZN|ES","Without sequence","69.11",""
"18/02/2024 00:00:00 - 18/02/2024 01:00:00","BZN|ES","Without sequence","59.98",""
"18/02/2024 01:00:00 - 18/02/2024 02:00:00","BZN|ES","Without sequence","54.81",""
"18/02/2024 02:00:00 - 18/02/2024 03:00:00","BZN|ES","Without sequence","51.05",""
"18/02/2024 03:00:00 - 18/02/2024 04:00:00","BZN|ES","Without sequence","49.16",""
"18/02/2024 04:00:00 - 18/02/2024 05:00:00","BZN|ES","Without sequence","47.72",""
"18/02/2024 05:00:00 - 18/02/2024 06:00:00","BZN|ES","Without sequence","48.47",""
"18/02/2024 06:00:00 - 18/02/2024 07:00:00","BZN|ES","Without sequence","46.02",""
"18/02/2024 07:00:00 - 18/02/2024 08:00:00","BZN|ES","Without sequence","48.97",""
"18/02/2024 08:00:00 - 18/02/2024 09:00:00","BZN|ES","Without sequence","47.28",""
"18/02/2024 09:00:00 - 18/02/2024 10:00:00","BZN|ES","Without sequence","43.03",""
"18/02/2024 10:00:00 - 18/02/2024 11:00:00","BZN|ES","Without sequence","40.0",""
"18/02/2024 11:00:00 - 18/02/2024 12:00:00","BZN|ES","Without sequence","35.6",""
"18/02/2024 12:00:00 - 18/02/2024 13:00:00","BZN|ES","Without sequence","34.8",""
"18/02/2024 13:00:00 - 18/02/2024 14:00:00","BZN|ES","Without sequence","33.5",""
"18/02/2024 14:00:00 - 18/02/2024 15:00:00","BZN|ES","Without sequence","33.2",""
"18/02/2024 15:00:00 - 18/02/2024 16:00:00","BZN|ES","Without sequence","30.18",""
"18/02/2024 16:00:00 - 18/02/2024 17:00:00","BZN|ES","Without sequence","32.2",""
"18/02/2024 17:00:00 - 18/02/2024 18:00:00","BZN|ES","Without sequence","41.2",""
"18/02/2024 18:00:00 - 18/02/2024 19:00:00","BZN|ES","Without sequence","51.96",""
"18/02/2024 19:00:00 - 18/02/2024 20:00:00","BZN|ES","Without sequence","63.91",""
"18/02/2024 20:00:00 - 18/02/2024 21:00:00","BZN|ES","Without sequence","64.71",""
"18/02/2024 21:00:00 - 18/02/2024 22:00:00","BZN|ES","Without sequence","59.83",""
"18/02/2024 22:00:00 - 18/02/2024 23:00:00","BZN|ES","Without sequence","57.33",""
"18/02/2024 23:00:00 - 19/02/2024 00:00:00","BZN|ES","Without sequence","53.94",""
"19/02/2024 00:00:00 - 19/02/2024 01:00:00","BZN|ES","Without sequence","44.0",""
"19/02/2024 01:00:00 - 19/02/2024 02:00:00","BZN|ES","Without sequence","44.33",""
"19/02/2024 02:00:00 - 19/02/2024 03:00:00","BZN|ES","Without sequence","44.63",""
"19/02/2024 03:00:00 - 19/02/2024 04:00:00","BZN|ES","Without sequence","43.91",""
"19/02/2024 04:00:00 - 19/02/2024 05:00:00","BZN|ES","Without sequence","43.67",""
"19/02/2024 05:00:00 - 19/02/2024 06:00:00","BZN|ES","Without sequence","41.5",""
"19/02/2024 06:00:00 - 19/02/2024 07:00:00","BZN|ES","Without sequence","44.0",""
"19/02/2024 07:00:00 - 19/02/2024 08:00:00","BZN|ES","Without sequence","55.0",""
"19/02/2024 08:00:00 - 19/02/2024 09:00:00","BZN|ES","Without sequence","59.04",""
"19/02/2024 09:00:00 - 19/02/2024 10:00:00","BZN|ES","Without sequence","44.0",""
"19/02/2024 10:00:00 - 19/02/2024 11:00:00","BZN|ES","Without sequence","39.5",""
"19/02/2024 11:00:00 - 19/02/2024 12:00:00","BZN|ES","Without sequence","31.23",""
"19/02/2024 12:00:00 - 19/02/2024 13:00:00","BZN|ES","Without sequence","30.6",""
"19/02/2024 13:00:00 - 19/02/2024 14:00:00","BZN|ES","Without sequence","30.6",""
"19/02/2024 14:00:00 - 19/02/2024 15:00:00","BZN|ES","Without sequence","30.0",""
"19/02/2024 15:00:00 - 19/02/2024 16:00:00","BZN|ES","Without sequence","27.79",""
"19/02/2024 16:00:00 - 19/02/2024 17:00:00","BZN|ES","Without sequence","31.23",""
"19/02/2024 17:00:00 - 19/02/2024 18:00:00","BZN|ES","Without sequence","43.22",""
"19/02/2024 18:00:00 - 19/02/2024 19:00:00","BZN|ES","Without sequence","53.52",""
"19/02/2024 19:00:00 - 19/02/2024 20:00:00","BZN|ES","Without sequence","66.28",""
"19/02/2024 20:00:00 - 19/02/2024 21:00:00","BZN|ES","Without sequence","72.26",""
"19/02/2024 21:00:00 - 19/02/2024 22:00:00","BZN|ES","Without sequence","65.22",""
"19/02/2024 22:00:00 - 19/02/2024 23:00:00","BZN|ES","Without sequence","54.1",""
"19/02/2024 23:00:00 - 20/02/2024 00:00:00","BZN|ES","Without sequence","53.52",""
"20/02/2024 00:00:00 - 20/02/2024 01:00:00","BZN|ES","Without sequence","43.74",""
"20/02/2024 01:00:00 - 20/02/2024 02:00:00","BZN|ES","Without sequence","41.43",""
"20/02/2024 02:00:00 - 20/02/2024 03:00:00","BZN|ES","Without sequence","37.88",""
"20/02/2024 03:00:00 - 20/02/2024 04:00:00","BZN|ES","Without sequence","37.0",""
"20/02/2024 04:00:00 - 20/02/2024 05:00:00","BZN|ES","Without sequence","38.0",""
"20/02/2024 05:00:00 - 20/02/2024 06:00:00","BZN|ES","Without sequence","41.0",""
"20/02/2024 06:00:00 - 20/02/2024 07:00:00","BZN|ES","Without sequence","47.96",""
"20/02/2024 07:00:00 - 20/02/2024 08:00:00","BZN|ES","Without sequence","61.0",""
"20/02/2024 08:00:00 - 20/02/2024 09:00:00","BZN|ES","Without sequence","56.28",""
"20/02/2024 09:00:00 - 20/02/2024 10:00:00","BZN|ES","Without sequence","47.67",""
"20/02/2024 10:00:00 - 20/02/2024 11:00:00","BZN|ES","Without sequence","32.2",""
"20/02/2024 11:00:00 - 20/02/2024 12:00:00","BZN|ES","Without sequence","28.6",""
"20/02/2024 12:00:00 - 20/02/2024 13:00:00","BZN|ES","Without sequence","28.76",""
"20/02/2024 13:00:00 - 20/02/2024 14:00:00","BZN|ES","Without sequence","28.76",""
"20/02/2024 14:00:00 - 20/02/2024 15:00:00","BZN|ES","Without sequence","28.6",""
"20/02/2024 15:00:00 - 20/02/2024 16:00:00","BZN|ES","Without sequence","29.68",""
"20/02/2024 16:00:00 - 20/02/2024 17:00:00","BZN|ES","Without sequence","30.62",""
"20/02/2024 17:00:00 - 20/02/2024 18:00:00","BZN|ES","Without sequence","43.06",""
"20/02/2024 18:00:00 - 20/02/2024 19:00:00","BZN|ES","Without sequence","72.64",""
"20/02/2024 19:00:00 - 20/02/2024 20:00:00","BZN|ES","Without sequence","75.44",""
"20/02/2024 20:00:00 - 20/02/2024 21:00:00","BZN|ES","Without sequence","181.0",""
"20/02/2024 21:00:00 - 20/02/2024 22:00:00","BZN|ES","Without sequence","119.47",""
"20/02/2024 22:00:00 - 20/02/2024 23:00:00","BZN|ES","Without sequence","63.16",""
"20/02/2024 23:00:00 - 21/02/2024 00:00:00","BZN|ES","Without sequence","54.76",""
"21/02/2024 00:00:00 - 21/02/2024 01:00:00","BZN|ES","Without sequence","52.84",""
"21/02/2024 01:00:00 - 21/02/2024 02:00:00","BZN|ES","Without sequence","49.5",""
"21/02/2024 02:00:00 - 21/02/2024 03:00:00","BZN|ES","Without sequence","46.99",""
"21/02/2024 03:00:00 - 21/02/2024 04:00:00","BZN|ES","Without sequence","44.95",""
"21/02/2024 04:00:00 - 21/02/2024 05:00:00","BZN|ES","Without sequence","45.68",""
"21/02/2024 05:00:00 - 21/02/2024 06:00:00","BZN|ES","Without sequence","50.35",""
"21/02/2024 06:00:00 - 21/02/2024 07:00:00","BZN|ES","Without sequence","50.98",""
"21/02/2024 07:00:00 - 21/02/2024 08:00:00","BZN|ES","Without sequence","69.6",""
"21/02/2024 08:00:00 - 21/02/2024 09:00:00","BZN|ES","Without sequence","76.7",""
"21/02/2024 09:00:00 - 21/02/2024 10:00:00","BZN|ES","Without sequence","48.77",""
"21/02/2024 10:00:00 - 21/02/2024 11:00:00","BZN|ES","Without sequence","35.0",""
"21/02/2024 11:00:00 - 21/02/2024 12:00:00","BZN|ES","Without sequence","32.72",""
"21/02/2024 12:00:00 - 21/02/2024 13:00:00","BZN|ES","Without sequence","33.2",""
"21/02/2024 13:00:00 - 21/02/2024 14:00:00","BZN|ES","Without sequence","30.0",""
"21/02/2024 14:00:00 - 21/02/2024 15:00:00","BZN|ES","Without sequence","28.6",""
"21/02/2024 15:00:00 - 21/02/2024 16:00:00","BZN|ES","Without sequence","28.6",""
"21/02/2024 16:00:00 - 21/02/2024 17:00:00","BZN|ES","Without sequence","32.0",""
"21/02/2024 17:00:00 - 21/02/2024 18:00:00","BZN|ES","Without sequence","36.0",""
"21/02/2024 18:00:00 - 21/02/2024 19:00:00","BZN|ES","Without sequence","47.67",""
"21/02/2024 19:00:00 - 21/02/2024 20:00:00","BZN|ES","Without sequence","63.47",""
"21/02/2024 20:00:00 - 21/02/2024 21:00:00","BZN|ES","Without sequence","54.76",""
"21/02/2024 21:00:00 - 21/02/2024 22:00:00","BZN|ES","Without sequence","47.91",""
"21/02/2024 22:00:00 - 21/02/2024 23:00:00","BZN|ES","Without sequence","43.76",""
"21/02/2024 23:00:00 - 22/02/2024 00:00:00","BZN|ES","Without sequence","37.14",""
"22/02/2024 00:00:00 - 22/02/2024 01:00:00","BZN|ES","Without sequence","22.73",""
"22/02/2024 01:00:00 - 22/02/2024 02:00:00","BZN|ES","Without sequence","16.29",""
"22/02/2024 02:00:00 - 22/02/2024 03:00:00","BZN|ES","Without sequence","14.0",""
"22/02/2024 03:00:00 - 22/02/2024 04:00:00","BZN|ES","Without sequence","14.0",""
"22/02/2024 04:00:00 - 22/02/2024 05:00:00","BZN|ES","Without sequence","11.27",""
"22/02/2024 05:00:00 - 22/02/2024 06:00:00","BZN|ES","Without sequence","11.27",""
"22/02/2024 06:00:00 - 22/02/2024 07:00:00","BZN|ES","Without sequence","16.17",""
"22/02/2024 07:00:00 - 22/02/2024 08:00:00","BZN|ES","Without sequence","14.69",""
"22/02/2024 08:00:00 - 22/02/2024 09:00:00","BZN|ES","Without sequence","16.2",""
"22/02/2024 09:00:00 - 22/02/2024 10:00:00","BZN|ES","Without sequence","13.75",""
"22/02/2024 10:00:00 - 22/02/2024 11:00:00","BZN|ES","Without sequence","10.07",""
"22/02/2024 11:00:00 - 22/02/2024 12:00:00","BZN|ES","Without sequence","8.87",""
"22/02/2024 12:00:00 - 22/02/2024 13:00:00","BZN|ES","Without sequence","3.5",""
"22/02/2024 13:00:00 - 22/02/2024 14:00:00","BZN|ES","Without sequence","3.2",""
"22/02/2024 14:00:00 - 22/02/2024 15:00:00","BZN|ES","Without sequence","3.2",""
"22/02/2024 15:00:00 - 22/02/2024 16:00:00","BZN|ES","Without sequence","3.2",""
"22/02/2024 16:00:00 - 22/02/2024 17:00:00","BZN|ES","Without sequence","5.0",""
"22/02/2024 17:00:00 - 22/02/2024 18:00:00","BZN|ES","Without sequence","9.0",""
"22/02/2024 18:00:00 - 22/02/2024 19:00:00","BZN|ES","Without sequence","10.07",""
"22/02/2024 19:00:00 - 22/02/2024 20:00:00","BZN|ES","Without sequence","9.99",""
"22/02/2024 20:00:00 - 22/02/2024 21:00:00","BZN|ES","Without sequence","11.8",""
"22/02/2024 21:00:00 - 22/02/2024 22:00:00","BZN|ES","Without sequence","13.0",""
"22/02/2024 22:00:00 - 22/02/2024 23:00:00","BZN|ES","Without sequence","10.07",""
"22/02/2024 23:00:00 - 23/02/2024 00:00:00","BZN|ES","Without sequence","5.67",""
"23/02/2024 00:00:00 - 23/02/2024 01:00:00","BZN|ES","Without sequence","9.57",""
"23/02/2024 01:00:00 - 23/02/2024 02:00:00","BZN|ES","Without sequence","4.09",""
"23/02/2024 02:00:00 - 23/02/2024 03:00:00","BZN|ES","Without sequence","3.2",""
"23/02/2024 03:00:00 - 23/02/2024 04:00:00","BZN|ES","Without sequence","1.83",""
"23/02/2024 04:00:00 - 23/02/2024 05:00:00","BZN|ES","Without sequence","2.58",""
"23/02/2024 05:00:00 - 23/02/2024 06:00:00","BZN|ES","Without sequence","3.2",""
"23/02/2024 06:00:00 - 23/02/2024 07:00:00","BZN|ES","Without sequence","6.8",""
"23/02/2024 07:00:00 - 23/02/2024 08:00:00","BZN|ES","Without sequence","11.0",""
"23/02/2024 08:00:00 - 23/02/2024 09:00:00","BZN|ES","Without sequence","11.22",""
"23/02/2024 09:00:00 - 23/02/2024 10:00:00","BZN|ES","Without sequence","6.8",""
"23/02/2024 10:00:00 - 23/02/2024 11:00:00","BZN|ES","Without sequence","3.2",""
"23/02/2024 11:00:00 - 23/02/2024 12:00:00","BZN|ES","Without sequence","3.2",""
"23/02/2024 12:00:00 - 23/02/2024 13:00:00","BZN|ES","Without sequence","3.0",""
"23/02/2024 13:00:00 - 23/02/2024 14:00:00","BZN|ES","Without sequence","0.43",""
"23/02/2024 14:00:00 - 23/02/2024 15:00:00","BZN|ES","Without sequence","0.01",""
"23/02/2024 15:00:00 - 23/02/2024 16:00:00","BZN|ES","Without sequence","0.01",""
"23/02/2024 16:00:00 - 23/02/2024 17:00:00","BZN|ES","Without sequence","0.43",""
"23/02/2024 17:00:00 - 23/02/2024 18:00:00","BZN|ES","Without sequence","3.2",""
"23/02/2024 18:00:00 - 23/02/2024 19:00:00","BZN|ES","Without sequence","11.17",""
"23/02/2024 19:00:00 - 23/02/2024 20:00:00","BZN|ES","Without sequence","15.1",""
"23/02/2024 20:00:00 - 23/02/2024 21:00:00","BZN|ES","Without sequence","17.15",""
"23/02/2024 21:00:00 - 23/02/2024 22:00:00","BZN|ES","Without sequence","18.36",""
"23/02/2024 22:00:00 - 23/02/2024 23:00:00","BZN|ES","Without sequence","13.94",""
"23/02/2024 23:00:00 - 24/02/2024 00:00:00","BZN|ES","Without sequence","11.69",""
"24/02/2024 00:00:00 - 24/02/2024 01:00:00","BZN|ES","Without sequence","7.41",""
"24/02/2024 01:00:00 - 24/02/2024 02:00:00","BZN|ES","Without sequence","5.0",""
"24/02/2024 02:00:00 - 24/02/2024 03:00:00","BZN|ES","Without sequence","3.2",""
"24/02/2024 03:00:00 - 24/02/2024 04:00:00","BZN|ES","Without sequence","4.2",""
"24/02/2024 04:00:00 - 24/02/2024 05:00:00","BZN|ES","Without sequence","5.0",""
"24/02/2024 05:00:00 - 24/02/2024 06:00:00","BZN|ES","Without sequence","5.0",""
"24/02/2024 06:00:00 - 24/02/2024 07:00:00","BZN|ES","Without sequence","6.2",""
"24/02/2024 07:00:00 - 24/02/2024 08:00:00","BZN|ES","Without sequence","8.18",""
"24/02/2024 08:00:00 - 24/02/2024 09:00:00","BZN|ES","Without sequence","7.41",""
"24/02/2024 09:00:00 - 24/02/2024 10:00:00","BZN|ES","Without sequence","3.7",""
"24/02/2024 10:00:00 - 24/02/2024 11:00:00","BZN|ES","Without sequence","3.2",""
"24/02/2024 11:00:00 - 24/02/2024 12:00:00","BZN|ES","Without sequence","0.0",""
"24/02/2024 12:00:00 - 24/02/2024 13:00:00","BZN|ES","Without sequence","0.0",""
"24/02/2024 13:00:00 - 24/02/2024 14:00:00","BZN|ES","Without sequence","0.0",""
"24/02/2024 14:00:00 - 24/02/2024 15:00:00","BZN|ES","Without sequence","0.0",""
"24/02/2024 15:00:00 - 24/02/2024 16:00:00","BZN|ES","Without sequence","0.0",""
"24/02/2024 16:00:00 - 24/02/2024 17:00:00","BZN|ES","Without sequence","0.0",""
"24/02/2024 17:00:00 - 24/02/2024 18:00:00","BZN|ES","Without sequence","3.2",""
"24/02/2024 18:00:00 - 24/02/2024 19:00:00","BZN|ES","Without sequence","8.22",""
"24/02/2024 19:00:00 - 24/02/2024 20:00:00","BZN|ES","Without sequence","15.83",""
"24/02/2024 20:00:00 - 24/02/2024 21:00:00","BZN|ES","Without sequence","32.37",""
"24/02/2024 21:00:00 - 24/02/2024 22:00:00","BZN|ES","Without sequence","25.0",""
"24/02/2024 22:00:00 - 24/02/2024 23:00:00","BZN|ES","Without sequence","14.0",""
"24/02/2024 23:00:00 - 25/02/2024 00:00:00","BZN|ES","Without sequence","9.48",""
"25/02/2024 00:00:00 - 25/02/2024 01:00:00","BZN|ES","Without sequence","4.3",""
"25/02/2024 01:00:00 - 25/02/2024 02:00:00","BZN|ES","Without sequence","3.2",""
"25/02/2024 02:00:00 - 25/02/2024 03:00:00","BZN|ES","Without sequence","3.2",""
"25/02/2024 03:00:00 - 25/02/2024 04:00:00","BZN|ES","Without sequence","3.2",""
"25/02/2024 04:00:00 - 25/02/2024 05:00:00","BZN|ES","Without sequence","3.2",""
"25/02/2024 05:00:00 - 25/02/2024 06:00:00","BZN|ES","Without sequence","3.0",""
"25/02/2024 06:00:00 - 25/02/2024 07:00:00","BZN|ES","Without sequence","3.2",""
"25/02/2024 07:00:00 - 25/02/2024 08:00:00","BZN|ES","Without sequence","3.2",""
"25/02/2024 08:00:00 - 25/02/2024 09:00:00","BZN|ES","Without sequence","3.2",""
"25/02/2024 09:00:00 - 25/02/2024 10:00:00","BZN|ES","Without sequence","3.2",""
"25/02/2024 10:00:00 - 25/02/2024 11:00:00","BZN|ES","Without sequence","3.2",""
"25/02/2024 11:00:00 - 25/02/2024 12:00:00","BZN|ES","Without sequence","3.2",""
"25/02/2024 12:00:00 - 25/02/2024 13:00:00","BZN|ES","Without sequence","0.43",""
"25/02/2024 13:00:00 - 25/02/2024 14:00:00","BZN|ES","Without sequence","0.43",""
"25/02/2024 14:00:00 - 25/02/2024 15:00:00","BZN|ES","Without sequence","0.43",""
"25/02/2024 15:00:00 - 25/02/2024 16:00:00","BZN|ES","Without sequence","0.0",""
"25/02/2024 16:00:00 - 25/02/2024 17:00:00","BZN|ES","Without sequence","0.01",""
"25/02/2024 17:00:00 - 25/02/2024 18:00:00","BZN|ES","Without sequence","2.33",""
"25/02/2024 18:00:00 - 25/02/2024 19:00:00","BZN|ES","Without sequence","3.3",""
"25/02/2024 19:00:00 - 25/02/2024 20:00:00","BZN|ES","Without sequence","4.82",""
"25/02/2024 20:00:00 - 25/02/2024 21:00:00","BZN|ES","Without sequence","7.0",""
"25/02/2024 21:00:00 - 25/02/2024 22:00:00","BZN|ES","Without sequence","7.2",""
"25/02/2024 22:00:00 - 25/02/2024 23:00:00","BZN|ES","Without sequence","5.0",""
"25/02/2024 23:00:00 - 26/02/2024 00:00:00","BZN|ES","Without sequence","3.2",""
"26/02/2024 00:00:00 - 26/02/2024 01:00:00","BZN|ES","Without sequence","3.2",""
"26/02/2024 01:00:00 - 26/02/2024 02:00:00","BZN|ES","Without sequence","3.2",""
"26/02/2024 02:00:00 - 26/02/2024 03:00:00","BZN|ES","Without sequence","0.1",""
"26/02/2024 03:00:00 - 26/02/2024 04:00:00","BZN|ES","Without sequence","0.1",""
"26/02/2024 04:00:00 - 26/02/2024 05:00:00","BZN|ES","Without sequence","0.1",""
"26/02/2024 05:00:00 - 26/02/2024 06:00:00","BZN|ES","Without sequence","3.0",""
"26/02/2024 06:00:00 - 26/02/2024 07:00:00","BZN|ES","Without sequence","3.2",""
"26/02/2024 07:00:00 - 26/02/2024 08:00:00","BZN|ES","Without sequence","11.24",""
"26/02/2024 08:00:00 - 26/02/2024 09:00:00","BZN|ES","Without sequence","10.5",""
"26/02/2024 09:00:00 - 26/02/2024 10:00:00","BZN|ES","Without sequence","3.35",""
"26/02/2024 10:00:00 - 26/02/2024 11:00:00","BZN|ES","Without sequence","3.2",""
"26/02/2024 11:00:00 - 26/02/2024 12:00:00","BZN|ES","Without sequence","3.2",""
"26/02/2024 12:00:00 - 26/02/2024 13:00:00","BZN|ES","Without sequence","0.43",""
"26/02/2024 13:00:00 - 26/02/2024 14:00:00","BZN|ES","Without sequence","0.43",""
"26/02/2024 14:00:00 - 26/02/2024 15:00:00","BZN|ES","Without sequence","0.01",""
"26/02/2024 15:00:00 - 26/02/2024 16:00:00","BZN|ES","Without sequence","0.0",""
"26/02/2024 16:00:00 - 26/02/2024 17:00:00","BZN|ES","Without sequence","0.2",""
"26/02/2024 17:00:00 - 26/02/2024 18:00:00","BZN|ES","Without sequence","3.2",""
"26/02/2024 18:00:00 - 26/02/2024 19:00:00","BZN|ES","Without sequence","3.21",""
"26/02/2024 19:00:00 - 26/02/2024 20:00:00","BZN|ES","Without sequence","10.0",""
"26/02/2024 20:00:00 - 26/02/2024 21:00:00","BZN|ES","Without sequence","11.75",""
"26/02/2024 21:00:00 - 26/02/2024 22:00:00","BZN|ES","Without sequence","10.0",""
"26/02/2024 22:00:00 - 26/02/2024 23:00:00","BZN|ES","Without sequence","4.7",""
"26/02/2024 23:00:00 - 27/02/2024 00:00:00","BZN|ES","Without sequence","3.3",""
"27/02/2024 00:00:00 - 27/02/2024 01:00:00","BZN|ES","Without sequence","2.58",""
"27/02/2024 01:00:00 - 27/02/2024 02:00:00","BZN|ES","Without sequence","1.0",""
"27/02/2024 02:00:00 - 27/02/2024 03:00:00","BZN|ES","Without sequence","0.0",""
"27/02/2024 03:00:00 - 27/02/2024 04:00:00","BZN|ES","Without sequence","0.0",""
"27/02/2024 04:00:00 - 27/02/2024 05:00:00","BZN|ES","Without sequence","0.0",""
"27/02/2024 05:00:00 - 27/02/2024 06:00:00","BZN|ES","Without sequence","0.0",""
"27/02/2024 06:00:00 - 27/02/2024 07:00:00","BZN|ES","Without sequence","3.2",""
"27/02/2024 07:00:00 - 27/02/2024 08:00:00","BZN|ES","Without sequence","4.38",""
"27/02/2024 08:00:00 - 27/02/2024 09:00:00","BZN|ES","Without sequence","4.8",""
"27/02/2024 09:00:00 - 27/02/2024 10:00:00","BZN|ES","Without sequence","3.2",""
"27/02/2024 10:00:00 - 27/02/2024 11:00:00","BZN|ES","Without sequence","0.43",""
"27/02/2024 11:00:00 - 27/02/2024 12:00:00","BZN|ES","Without sequence","0.0",""
"27/02/2024 12:00:00 - 27/02/2024 13:00:00","BZN|ES","Without sequence","0.0",""
"27/02/2024 13:00:00 - 27/02/2024 14:00:00","BZN|ES","Without sequence","0.0",""
"27/02/2024 14:00:00 - 27/02/2024 15:00:00","BZN|ES","Without sequence","0.0",""
"27/02/2024 15:00:00 - 27/02/2024 16:00:00","BZN|ES","Without sequence","0.0",""
"27/02/2024 16:00:00 - 27/02/2024 17:00:00","BZN|ES","Without sequence","0.43",""
"27/02/2024 17:00:00 - 27/02/2024 18:00:00","BZN|ES","Without sequence","1.8",""
"27/02/2024 18:00:00 - 27/02/2024 19:00:00","BZN|ES","Without sequence","4.51",""
"27/02/2024 19:00:00 - 27/02/2024 20:00:00","BZN|ES","Without sequence","10.0",""
"27/02/2024 20:00:00 - 27/02/2024 21:00:00","BZN|ES","Without sequence","25.0",""
"27/02/2024 21:00:00 - 27/02/2024 22:00:00","BZN|ES","Without sequence","14.0",""
"27/02/2024 22:00:00 - 27/02/2024 23:00:00","BZN|ES","Without sequence","6.56",""
"27/02/2024 23:00:00 - 28/02/2024 00:00:00","BZN|ES","Without sequence","5.83",""
"28/02/2024 00:00:00 - 28/02/2024 01:00:00","BZN|ES","Without sequence","3.2",""
"28/02/2024 01:00:00 - 28/02/2024 02:00:00","BZN|ES","Without sequence","3.2",""
"28/02/2024 02:00:00 - 28/02/2024 03:00:00","BZN|ES","Without sequence","3.2",""
"28/02/2024 03:00:00 - 28/02/2024 04:00:00","BZN|ES","Without sequence","3.2",""
"28/02/2024 04:00:00 - 28/02/2024 05:00:00","BZN|ES","Without sequence","3.2",""
"28/02/2024 05:00:00 - 28/02/2024 06:00:00","BZN|ES","Without sequence","3.2",""
"28/02/2024 06:00:00 - 28/02/2024 07:00:00","BZN|ES","Without sequence","3.2",""
"28/02/2024 07:00:00 - 28/02/2024 08:00:00","BZN|ES","Without sequence","5.68",""
"28/02/2024 08:00:00 - 28/02/2024 09:00:00","BZN|ES","Without sequence","5.9",""
"28/02/2024 09:00:00 - 28/02/2024 10:00:00","BZN|ES","Without sequence","3.2",""
"28/02/2024 10:00:00 - 28/02/2024 11:00:00","BZN|ES","Without sequence","0.43",""
"28/02/2024 11:00:00 - 28/02/2024 12:00:00","BZN|ES","Without sequence","0.0",""
"28/02/2024 12:00:00 - 28/02/2024 13:00:00","BZN|ES","Without sequence","0.0",""
"28/02/2024 13:00:00 - 28/02/2024 14:00:00","BZN|ES","Without sequence","0.0",""
"28/02/2024 14:00:00 - 28/02/2024 15:00:00","BZN|ES","Without sequence","0.0",""
"28/02/2024 15:00:00 - 28/02/2024 16:00:00","BZN|ES","Without sequence","0.0",""
"28/02/2024 16:00:00 - 28/02/2024 17:00:00","BZN|ES","Without sequence","0.0",""
"28/02/2024 17:00:00 - 28/02/2024 18:00:00","BZN|ES","Without sequence","3.2",""
"28/02/2024 18:00:00 - 28/02/2024 19:00:00","BZN|ES","Without sequence","10.54",""
"28/02/2024 19:00:00 - 28/02/2024 20:00:00","BZN|ES","Without sequence","25.0",""
"28/02/2024 20:00:00 - 28/02/2024 21:00:00","BZN|ES","Without sequence","66.96",""
"28/02/2024 21:00:00 - 28/02/2024 22:00:00","BZN|ES","Without sequence","50.0",""
"28/02/2024 22:00:00 - 28/02/2024 23:00:00","BZN|ES","Without sequence","19.71",""
"28/02/2024 23:00:00 - 29/02/2024 00:00:00","BZN|ES","Without sequence","11.29",""
"29/02/2024 00:00:00 - 29/02/2024 01:00:00","BZN|ES","Without sequence","14.67",""
"29/02/2024 01:00:00 - 29/02/2024 02:00:00","BZN|ES","Without sequence","10.0",""
"29/02/2024 02:00:00 - 29/02/2024 03:00:00","BZN|ES","Without sequence","6.48",""
"29/02/2024 03:00:00 - 29/02/2024 04:00:00","BZN|ES","Without sequence","6.0",""
"29/02/2024 04:00:00 - 29/02/2024 05:00:00","BZN|ES","Without sequence","5.68",""
"29/02/2024 05:00:00 - 29/02/2024 06:00:00","BZN|ES","Without sequence","5.83",""
"29/02/2024 06:00:00 - 29/02/2024 07:00:00","BZN|ES","Without sequence","5.6",""
"29/02/2024 07:00:00 - 29/02/2024 08:00:00","BZN|ES","Without sequence","10.67",""
"29/02/2024 08:00:00 - 29/02/2024 09:00:00","BZN|ES","Without sequence","10.0",""
"29/02/2024 09:00:00 - 29/02/2024 10:00:00","BZN|ES","Without sequence","5.9",""
"29/02/2024 10:00:00 - 29/02/2024 11:00:00","BZN|ES","Without sequence","3.2",""
"29/02/2024 11:00:00 - 29/02/2024 12:00:00","BZN|ES","Without sequence","0.1",""
"29/02/2024 12:00:00 - 29/02/2024 13:00:00","BZN|ES","Without sequence","0.0",""
"29/02/2024 13:00:00 - 29/02/2024 14:00:00","BZN|ES","Without sequence","0.0",""
"29/02/2024 14:00:00 - 29/02/2024 15:00:00","BZN|ES","Without sequence","0.0",""
"29/02/2024 15:00:00 - 29/02/2024 16:00:00","BZN|ES","Without sequence","0.0",""
"29/02/2024 16:00:00 - 29/02/2024 17:00:00","BZN|ES","Without sequence","0.0",""
"29/02/2024 17:00:00 - 29/02/2024 18:00:00","BZN|ES","Without sequence","0.01",""
"29/02/2024 18:00:00 - 29/02/2024 19:00:00","BZN|ES","Without sequence","3.28",""
"29/02/2024 19:00:00 - 29/02/2024 20:00:00","BZN|ES","Without sequence","5.0",""
"29/02/2024 20:00:00 - 29/02/2024 21:00:00","BZN|ES","Without sequence","7.97",""
"29/02/2024 21:00:00 - 29/02/2024 22:00:00","BZN|ES","Without sequence","6.33",""
"29/02/2024 22:00:00 - 29/02/2024 23:00:00","BZN|ES","Without sequence","5.0",""
"29/02/2024 23:00:00 - 01/03/2024 00:00:00","BZN|ES","Without sequence","3.4",""
"01/03/2024 00:00:00 - 01/03/2024 01:00:00","BZN|ES","Without sequence","2.17",""
"01/03/2024 01:00:00 - 01/03/2024 02:00:00","BZN|ES","Without sequence","0.5",""
"01/03/2024 02:00:00 - 01/03/2024 03:00:00","BZN|ES","Without sequence","0.2",""
"01/03/2024 03:00:00 - 01/03/2024 04:00:00","BZN|ES","Without sequence","0.1",""
"01/03/2024 04:00:00 - 01/03/2024 05:00:00","BZN|ES","Without sequence","0.01",""
"01/03/2024 05:00:00 - 01/03/2024 06:00:00","BZN|ES","Without sequence","0.5",""
"01/03/2024 06:00:00 - 01/03/2024 07:00:00","BZN|ES","Without sequence","3.0",""
"01/03/2024 07:00:00 - 01/03/2024 08:00:00","BZN|ES","Without sequence","3.25",""
"01/03/2024 08:00:00 - 01/03/2024 09:00:00","BZN|ES","Without sequence","3.25",""
"01/03/2024 09:00:00 - 01/03/2024 10:00:00","BZN|ES","Without sequence","3.2",""
"01/03/2024 10:00:00 - 01/03/2024 11:00:00","BZN|ES","Without sequence","0.0",""
"01/03/2024 11:00:00 - 01/03/2024 12:00:00","BZN|ES","Without sequence","0.0",""
"01/03/2024 12:00:00 - 01/03/2024 13:00:00","BZN|ES","Without sequence","0.0",""
"01/03/2024 13:00:00 - 01/03/2024 14:00:00","BZN|ES","Without sequence","0.0",""
"01/03/2024 14:00:00 - 01/03/2024 15:00:00","BZN|ES","Without sequence","0.0",""
"01/03/2024 15:00:00 - 01/03/2024 16:00:00","BZN|ES","Without sequence","0.0",""
"01/03/2024 16:00:00 - 01/03/2024 17:00:00","BZN|ES","Without sequence","0.0",""
"01/03/2024 17:00:00 - 01/03/2024 18:00:00","BZN|ES","Without sequence","0.84",""
"01/03/2024 18:00:00 - 01/03/2024 19:00:00","BZN|ES","Without sequence","3.25",""
"01/03/2024 19:00:00 - 01/03/2024 20:00:00","BZN|ES","Without sequence","5.68",""
"01/03/2024 20:00:00 - 01/03/2024 21:00:00","BZN|ES","Without sequence","10.1",""
"01/03/2024 21:00:00 - 01/03/2024 22:00:00","BZN|ES","Without sequence","6.48",""
"01/03/2024 22:00:00 - 01/03/2024 23:00:00","BZN|ES","Without sequence","5.0",""
"01/03/2024 23:00:00 - 02/03/2024 00:00:00","BZN|ES","Without sequence","3.8",""
"02/03/2024 00:00:00 - 02/03/2024 01:00:00","BZN|ES","Without sequence","3.2",""
"02/03/2024 01:00:00 - 02/03/2024 02:00:00","BZN|ES","Without sequence","2.0",""
"02/03/2024 02:00:00 - 02/03/2024 03:00:00","BZN|ES","Without sequence","0.5",""
"02/03/2024 03:00:00 - 02/03/2024 04:00:00","BZN|ES","Without sequence","0.01",""
"02/03/2024 04:00:00 - 02/03/2024 05:00:00","BZN|ES","Without sequence","0.01",""
"02/03/2024 05:00:00 - 02/03/2024 06:00:00","BZN|ES","Without sequence","0.0",""
"02/03/2024 06:00:00 - 02/03/2024 07:00:00","BZN|ES","Without sequence","0.1",""
"02/03/2024 07:00:00 - 02/03/2024 08:00:00","BZN|ES","Without sequence","2.1",""
"02/03/2024 08:00:00 - 02/03/2024 09:00:00","BZN|ES","Without sequence","2.17",""
"02/03/2024 09:00:00 - 02/03/2024 10:00:00","BZN|ES","Without sequence","2.05",""
"02/03/2024 10:00:00 - 02/03/2024 11:00:00","BZN|ES","Without sequence","1.68",""
"02/03/2024 11:00:00 - 02/03/2024 12:00:00","BZN|ES","Without sequence","0.01",""
"02/03/2024 12:00:00 - 02/03/2024 13:00:00","BZN|ES","Without sequence","0.0",""
"02/03/2024 13:00:00 - 02/03/2024 14:00:00","BZN|ES","Without sequence","0.01",""
"02/03/2024 14:00:00 - 02/03/2024 15:00:00","BZN|ES","Without sequence","0.01",""
"02/03/2024 15:00:00 - 02/03/2024 16:00:00","BZN|ES","Without sequence","0.01",""
"02/03/2024 16:00:00 - 02/03/2024 17:00:00","BZN|ES","Without sequence","1.02",""
"02/03/2024 17:00:00 - 02/03/2024 18:00:00","BZN|ES","Without sequence","2.1",""
"02/03/2024 18:00:00 - 02/03/2024 19:00:00","BZN|ES","Without sequence","3.2",""
"02/03/2024 19:00:00 - 02/03/2024 20:00:00","BZN|ES","Without sequence","8.12",""
"02/03/2024 20:00:00 - 02/03/2024 21:00:00","BZN|ES","Without sequence","31.25",""
"02/03/2024 21:00:00 - 02/03/2024 22:00:00","BZN|ES","Without sequence","30.6",""
"02/03/2024 22:00:00 - 02/03/2024 23:00:00","BZN|ES","Without sequence","5.6",""
"02/03/2024 23:00:00 - 03/03/2024 00:00:00","BZN|ES","Without sequence","4.2",""
"03/03/2024 00:00:00 - 03/03/2024 01:00:00","BZN|ES","Without sequence","1.8",""
"03/03/2024 01:00:00 - 03/03/2024 02:00:00","BZN|ES","Without sequence","0.1",""
"03/03/2024 02:00:00 - 03/03/2024 03:00:00","BZN|ES","Without sequence","0.0",""
"03/03/2024 03:00:00 - 03/03/2024 04:00:00","BZN|ES","Without sequence","0.0",""
"03/03/2024 04:00:00 - 03/03/2024 05:00:00","BZN|ES","Without sequence","0.0",""
"03/03/2024 05:00:00 - 03/03/2024 06:00:00","BZN|ES","Without sequence","0.0",""
"03/03/2024 06:00:00 - 03/03/2024 07:00:00","BZN|ES","Without sequence","0.01",""
"03/03/2024 07:00:00 - 03/03/2024 08:00:00","BZN|ES","Without sequence","0.19",""
"03/03/2024 08:00:00 - 03/03/2024 09:00:00","BZN|ES","Without sequence","0.0",""
"03/03/2024 09:00:00 - 03/03/2024 10:00:00","BZN|ES","Without sequence","0.0",""
"03/03/2024 10:00:00 - 03/03/2024 11:00:00","BZN|ES","Without sequence","0.0",""
"03/03/2024 11:00:00 - 03/03/2024 12:00:00","BZN|ES","Without sequence","0.0",""
"03/03/2024 12:00:00 - 03/03/2024 13:00:00","BZN|ES","Without sequence","0.0",""
"03/03/2024 13:00:00 - 03/03/2024 14:00:00","BZN|ES","Without sequence","0.0",""
"03/03/2024 14:00:00 - 03/03/2024 15:00:00","BZN|ES","Without sequence","0.0",""
"03/03/2024 15:00:00 - 03/03/2024 16:00:00","BZN|ES","Without sequence","0.0",""
"03/03/2024 16:00:00 - 03/03/2024 17:00:00","BZN|ES","Without sequence","0.0",""
"03/03/2024 17:00:00 - 03/03/2024 18:00:00","BZN|ES","Without sequence","0.0",""
"03/03/2024 18:00:00 - 03/03/2024 19:00:00","BZN|ES","Without sequence","2.06",""
"03/03/2024 19:00:00 - 03/03/2024 20:00:00","BZN|ES","Without sequence","7.98",""
"03/03/2024 20:00:00 - 03/03/2024 21:00:00","BZN|ES","Without sequence","29.6",""
"03/03/2024 21:00:00 - 03/03/2024 22:00:00","BZN|ES","Without sequence","30.6",""
"03/03/2024 22:00:00 - 03/03/2024 23:00:00","BZN|ES","Without sequence","14.0",""
"03/03/2024 23:00:00 - 04/03/2024 00:00:00","BZN|ES","Without sequence","4.6",""
"04/03/2024 00:00:00 - 04/03/2024 01:00:00","BZN|ES","Without sequence","6.0",""
"04/03/2024 01:00:00 - 04/03/2024 02:00:00","BZN|ES","Without sequence","3.2",""
"04/03/2024 02:00:00 - 04/03/2024 03:00:00","BZN|ES","Without sequence","3.2",""
"04/03/2024 03:00:00 - 04/03/2024 04:00:00","BZN|ES","Without sequence","3.2",""
"04/03/2024 04:00:00 - 04/03/2024 05:00:00","BZN|ES","Without sequence","3.19",""
"04/03/2024 05:00:00 - 04/03/2024 06:00:00","BZN|ES","Without sequence","3.2",""
"04/03/2024 06:00:00 - 04/03/2024 07:00:00","BZN|ES","Without sequence","3.2",""
"04/03/2024 07:00:00 - 04/03/2024 08:00:00","BZN|ES","Without sequence","20.0",""
"04/03/2024 08:00:00 - 04/03/2024 09:00:00","BZN|ES","Without sequence","25.0",""
"04/03/2024 09:00:00 - 04/03/2024 10:00:00","BZN|ES","Without sequence","15.0",""
"04/03/2024 10:00:00 - 04/03/2024 11:00:00","BZN|ES","Without sequence","7.6",""
"04/03/2024 11:00:00 - 04/03/2024 12:00:00","BZN|ES","Without sequence","3.2",""
"04/03/2024 12:00:00 - 04/03/2024 13:00:00","BZN|ES","Without sequence","3.2",""
"04/03/2024 13:00:00 - 04/03/2024 14:00:00","BZN|ES","Without sequence","2.91",""
"04/03/2024 14:00:00 - 04/03/2024 15:00:00","BZN|ES","Without sequence","1.68",""
"04/03/2024 15:00:00 - 04/03/2024 16:00:00","BZN|ES","Without sequence","1.0",""
"04/03/2024 16:00:00 - 04/03/2024 17:00:00","BZN|ES","Without sequence","2.33",""
"04/03/2024 17:00:00 - 04/03/2024 18:00:00","BZN|ES","Without sequence","3.2",""
"04/03/2024 18:00:00 - 04/03/2024 19:00:00","BZN|ES","Without sequence","5.0",""
"04/03/2024 19:00:00 - 04/03/2024 20:00:00","BZN|ES","Without sequence","14.0",""
"04/03/2024 20:00:00 - 04/03/2024 21:00:00","BZN|ES","Without sequence","25.0",""
"04/03/2024 21:00:00 - 04/03/2024 22:00:00","BZN|ES","Without sequence","17.98",""
"04/03/2024 22:00:00 - 04/03/2024 23:00:00","BZN|ES","Without sequence","12.5",""
"04/03/2024 23:00:00 - 05/03/2024 00:00:00","BZN|ES","Without sequence","6.1",""
"05/03/2024 00:00:00 - 05/03/2024 01:00:00","BZN|ES","Without sequence","7.36",""
"05/03/2024 01:00:00 - 05/03/2024 02:00:00","BZN|ES","Without sequence","4.66",""
"05/03/2024 02:00:00 - 05/03/2024 03:00:00","BZN|ES","Without sequence","4.66",""
"05/03/2024 03:00:00 - 05/03/2024 04:00:00","BZN|ES","Without sequence","5.0",""
"05/03/2024 04:00:00 - 05/03/2024 05:00:00","BZN|ES","Without sequence","6.0",""
"05/03/2024 05:00:00 - 05/03/2024 06:00:00","BZN|ES","Without sequence","8.23",""
"05/03/2024 06:00:00 - 05/03/2024 07:00:00","BZN|ES","Without sequence","24.1",""
"05/03/2024 07:00:00 - 05/03/2024 08:00:00","BZN|ES","Without sequence","50.01",""
"05/03/2024 08:00:00 - 05/03/2024 09:00:00","BZN|ES","Without sequence","61.45",""
"05/03/2024 09:00:00 - 05/03/2024 10:00:00","BZN|ES","Without sequence","17.63",""
"05/03/2024 10:00:00 - 05/03/2024 11:00:00","BZN|ES","Without sequence","8.0",""
"05/03/2024 11:00:00 - 05/03/2024 12:00:00","BZN|ES","Without sequence","4.6",""
"05/03/2024 12:00:00 - 05/03/2024 13:00:00","BZN|ES","Without sequence","4.0",""
"05/03/2024 13:00:00 - 05/03/2024 14:00:00","BZN|ES","Without sequence","3.9",""
"05/03/2024 14:00:00 - 05/03/2024 15:00:00","BZN|ES","Without sequence","3.9",""
"05/03/2024 15:00:00 - 05/03/2024 16:00:00","BZN|ES","Without sequence","4.0",""
"05/03/2024 16:00:00 - 05/03/2024 17:00:00","BZN|ES","Without sequence","5.83",""
"05/03/2024 17:00:00 - 05/03/2024 18:00:00","BZN|ES","Without sequence","17.0",""
"05/03/2024 18:00:00 - 05/03/2024 19:00:00","BZN|ES","Without sequence","50.51",""
"05/03/2024 19:00:00 - 05/03/2024 20:00:00","BZN|ES","Without sequence","125.17",""
"05/03/2024 20:00:00 - 05/03/2024 21:00:00","BZN|ES","Without sequence","129.47",""
"05/03/2024 21:00:00 - 05/03/2024 22:00:00","BZN|ES","Without sequence","99.12",""
"05/03/2024 22:00:00 - 05/03/2024 23:00:00","BZN|ES","Without sequence","85.41",""
"05/03/2024 23:00:00 - 06/03/2024 00:00:00","BZN|ES","Without sequence","72.86",""
"06/03/2024 00:00:00 - 06/03/2024 01:00:00","BZN|ES","Without sequence","71.0",""
"06/03/2024 01:00:00 - 06/03/2024 02:00:00","BZN|ES","Without sequence","50.5",""
"06/03/2024 02:00:00 - 06/03/2024 03:00:00","BZN|ES","Without sequence","50.51",""
"06/03/2024 03:00:00 - 06/03/2024 04:00:00","BZN|ES","Without sequence","50.01",""
"06/03/2024 04:00:00 - 06/03/2024 05:00:00","BZN|ES","Without sequence","41.64",""
"06/03/2024 05:00:00 - 06/03/2024 06:00:00","BZN|ES","Without sequence","50.01",""
"06/03/2024 06:00:00 - 06/03/2024 07:00:00","BZN|ES","Without sequence","65.68",""
"06/03/2024 07:00:00 - 06/03/2024 08:00:00","BZN|ES","Without sequence","106.64",""
"06/03/2024 08:00:00 - 06/03/2024 09:00:00","BZN|ES","Without sequence","108.7",""
"06/03/2024 09:00:00 - 06/03/2024 10:00:00","BZN|ES","Without sequence","25.0",""
"06/03/2024 10:00:00 - 06/03/2024 11:00:00","BZN|ES","Without sequence","14.24",""
"06/03/2024 11:00:00 - 06/03/2024 12:00:00","BZN|ES","Without sequence","5.96",""
"06/03/2024 12:00:00 - 06/03/2024 13:00:00","BZN|ES","Without sequence","4.07",""
"06/03/2024 13:00:00 - 06/03/2024 14:00:00","BZN|ES","Without sequence","3.9",""
"06/03/2024 14:00:00 - 06/03/2024 15:00:00","BZN|ES","Without sequence","3.87",""
"06/03/2024 15:00:00 - 06/03/2024 16:00:00","BZN|ES","Without sequence","3.9",""
"06/03/2024 16:00:00 - 06/03/2024 17:00:00","BZN|ES","Without sequence","5.87",""
"06/03/2024 17:00:00 - 06/03/2024 18:00:00","BZN|ES","Without sequence","18.75",""
"06/03/2024 18:00:00 - 06/03/2024 19:00:00","BZN|ES","Without sequence","41.64",""
"06/03/2024 19:00:00 - 06/03/2024 20:00:00","BZN|ES","Without sequence","119.27",""
"06/03/2024 20:00:00 - 06/03/2024 21:00:00","BZN|ES","Without sequence","103.75",""
"06/03/2024 21:00:00 - 06/03/2024 22:00:00","BZN|ES","Without sequence","80.15",""
"06/03/2024 22:00:00 - 06/03/2024 23:00:00","BZN|ES","Without sequence","54.46",""
"06/03/2024 23:00:00 - 07/03/2024 00:00:00","BZN|ES","Without sequence","23.67",""
"07/03/2024 00:00:00 - 07/03/2024 01:00:00","BZN|ES","Without sequence","14.13",""
"07/03/2024 01:00:00 - 07/03/2024 02:00:00","BZN|ES","Without sequence","4.89",""
"07/03/2024 02:00:00 - 07/03/2024 03:00:00","BZN|ES","Without sequence","3.51",""
"07/03/2024 03:00:00 - 07/03/2024 04:00:00","BZN|ES","Without sequence","3.2",""
"07/03/2024 04:00:00 - 07/03/2024 05:00:00","BZN|ES","Without sequence","3.2",""
"07/03/2024 05:00:00 - 07/03/2024 06:00:00","BZN|ES","Without sequence","3.2",""
"07/03/2024 06:00:00 - 07/03/2024 07:00:00","BZN|ES","Without sequence","4.89",""
"07/03/2024 07:00:00 - 07/03/2024 08:00:00","BZN|ES","Without sequence","14.0",""
"07/03/2024 08:00:00 - 07/03/2024 09:00:00","BZN|ES","Without sequence","17.0",""
"07/03/2024 09:00:00 - 07/03/2024 10:00:00","BZN|ES","Without sequence","5.7",""
"07/03/2024 10:00:00 - 07/03/2024 11:00:00","BZN|ES","Without sequence","3.9",""
"07/03/2024 11:00:00 - 07/03/2024 12:00:00","BZN|ES","Without sequence","3.2",""
"07/03/2024 12:00:00 - 07/03/2024 13:00:00","BZN|ES","Without sequence","2.0",""
"07/03/2024 13:00:00 - 07/03/2024 14:00:00","BZN|ES","Without sequence","0.43",""
"07/03/2024 14:00:00 - 07/03/2024 15:00:00","BZN|ES","Without sequence","0.43",""
"07/03/2024 15:00:00 - 07/03/2024 16:00:00","BZN|ES","Without sequence","0.43",""
"07/03/2024 16:00:00 - 07/03/2024 17:00:00","BZN|ES","Without sequence","0.76",""
"07/03/2024 17:00:00 - 07/03/2024 18:00:00","BZN|ES","Without sequence","3.2",""
"07/03/2024 18:00:00 - 07/03/2024 19:00:00","BZN|ES","Without sequence","5.48",""
"07/03/2024 19:00:00 - 07/03/2024 20:00:00","BZN|ES","Without sequence","24.67",""
"07/03/2024 20:00:00 - 07/03/2024 21:00:00","BZN|ES","Without sequence","35.0",""
"07/03/2024 21:00:00 - 07/03/2024 22:00:00","BZN|ES","Without sequence","30.0",""
"07/03/2024 22:00:00 - 07/03/2024 23:00:00","BZN|ES","Without sequence","16.0",""
"07/03/2024 23:00:00 - 08/03/2024 00:00:00","BZN|ES","Without sequence","5.33",""
"08/03/2024 00:00:00 - 08/03/2024 01:00:00","BZN|ES","Without sequence","3.2",""
"08/03/2024 01:00:00 - 08/03/2024 02:00:00","BZN|ES","Without sequence","0.59",""
"08/03/2024 02:00:00 - 08/03/2024 03:00:00","BZN|ES","Without sequence","0.35",""
"08/03/2024 03:00:00 - 08/03/2024 04:00:00","BZN|ES","Without sequence","0.05",""
"08/03/2024 04:00:00 - 08/03/2024 05:00:00","BZN|ES","Without sequence","0.01",""
"08/03/2024 05:00:00 - 08/03/2024 06:00:00","BZN|ES","Without sequence","0.13",""
"08/03/2024 06:00:00 - 08/03/2024 07:00:00","BZN|ES","Without sequence","3.2",""
"08/03/2024 07:00:00 - 08/03/2024 08:00:00","BZN|ES","Without sequence","4.0",""
"08/03/2024 08:00:00 - 08/03/2024 09:00:00","BZN|ES","Without sequence","4.0",""
"08/03/2024 09:00:00 - 08/03/2024 10:00:00","BZN|ES","Without sequence","3.2",""
"08/03/2024 10:00:00 - 08/03/2024 11:00:00","BZN|ES","Without sequence","0.43",""
"08/03/2024 11:00:00 - 08/03/2024 12:00:00","BZN|ES","Without sequence","0.0",""
"08/03/2024 12:00:00 - 08/03/2024 13:00:00","BZN|ES","Without sequence","0.0",""
"08/03/2024 13:00:00 - 08/03/2024 14:00:00","BZN|ES","Without sequence","0.0",""
"08/03/2024 14:00:00 - 08/03/2024 15:00:00","BZN|ES","Without sequence","0.0",""
"08/03/2024 15:00:00 - 08/03/2024 16:00:00","BZN|ES","Without sequence","0.0",""
"08/03/2024 16:00:00 - 08/03/2024 17:00:00","BZN|ES","Without sequence","0.0",""
"08/03/2024 17:00:00 - 08/03/2024 18:00:00","BZN|ES","Without sequence","2.41",""
"08/03/2024 18:00:00 - 08/03/2024 19:00:00","BZN|ES","Without sequence","1.59",""
"08/03/2024 19:00:00 - 08/03/2024 20:00:00","BZN|ES","Without sequence","3.2",""
"08/03/2024 20:00:00 - 08/03/2024 21:00:00","BZN|ES","Without sequence","5.98",""
"08/03/2024 21:00:00 - 08/03/2024 22:00:00","BZN|ES","Without sequence","4.0",""
"08/03/2024 22:00:00 - 08/03/2024 23:00:00","BZN|ES","Without sequence","3.2",""
"08/03/2024 23:00:00 - 09/03/2024 00:00:00","BZN|ES","Without sequence","0.43",""
"09/03/2024 00:00:00 - 09/03/2024 01:00:00","BZN|ES","Without sequence","0.01",""
"09/03/2024 01:00:00 - 09/03/2024 02:00:00","BZN|ES","Without sequence","0.0",""
"09/03/2024 02:00:00 - 09/03/2024 03:00:00","BZN|ES","Without sequence","0.0",""
"09/03/2024 03:00:00 - 09/03/2024 04:00:00","BZN|ES","Without sequence","0.0",""
"09/03/2024 04:00:00 - 09/03/2024 05:00:00","BZN|ES","Without sequence","0.0",""
"09/03/2024 05:00:00 - 09/03/2024 06:00:00","BZN|ES","Without sequence","0.0",""
"09/03/2024 06:00:00 - 09/03/2024 07:00:00","BZN|ES","Without sequence","0.0",""
"09/03/2024 07:00:00 - 09/03/2024 08:00:00","BZN|ES","Without sequence","0.0",""
"09/03/2024 08:00:00 - 09/03/2024 09:00:00","BZN|ES","Without sequence","0.01",""
"09/03/2024 09:00:00 - 09/03/2024 10:00:00","BZN|ES","Without sequence","0.13",""
"09/03/2024 10:00:00 - 09/03/2024 11:00:00","BZN|ES","Without sequence","0.43",""
"09/03/2024 11:00:00 - 09/03/2024 12:00:00","BZN|ES","Without sequence","0.1",""
"09/03/2024 12:00:00 - 09/03/2024 13:00:00","BZN|ES","Without sequence","0.0",""
"09/03/2024 13:00:00 - 09/03/2024 14:00:00","BZN|ES","Without sequence","0.0",""
"09/03/2024 14:00:00 - 09/03/2024 15:00:00","BZN|ES","Without sequence","0.0",""
"09/03/2024 15:00:00 - 09/03/2024 16:00:00","BZN|ES","Without sequence","0.0",""
"09/03/2024 16:00:00 - 09/03/2024 17:00:00","BZN|ES","Without sequence","0.0",""
"09/03/2024 17:00:00 - 09/03/2024 18:00:00","BZN|ES","Without sequence","0.0",""
"09/03/2024 18:00:00 - 09/03/2024 19:00:00","BZN|ES","Without sequence","0.2",""
"09/03/2024 19:00:00 - 09/03/2024 20:00:00","BZN|ES","Without sequence","3.2",""
"09/03/2024 20:00:00 - 09/03/2024 21:00:00","BZN|ES","Without sequence","3.5",""
"09/03/2024 21:00:00 - 09/03/2024 22:00:00","BZN|ES","Without sequence","3.2",""
"09/03/2024 22:00:00 - 09/03/2024 23:00:00","BZN|ES","Without sequence","3.2",""
"09/03/2024 23:00:00 - 10/03/2024 00:00:00","BZN|ES","Without sequence","0.2",""
"10/03/2024 00:00:00 - 10/03/2024 01:00:00","BZN|ES","Without sequence","0.0",""
"10/03/2024 01:00:00 - 10/03/2024 02:00:00","BZN|ES","Without sequence","0.0",""
"10/03/2024 02:00:00 - 10/03/2024 03:00:00","BZN|ES","Without sequence","0.0",""
"10/03/2024 03:00:00 - 10/03/2024 04:00:00","BZN|ES","Without sequence","0.0",""
"10/03/2024 04:00:00 - 10/03/2024 05:00:00","BZN|ES","Without sequence","0.0",""
"10/03/2024 05:00:00 - 10/03/2024 06:00:00","BZN|ES","Without sequence","0.0",""
"10/03/2024 06:00:00 - 10/03/2024 07:00:00","BZN|ES","Without sequence","0.0",""
"10/03/2024 07:00:00 - 10/03/2024 08:00:00","BZN|ES","Without sequence","0.0",""
"10/03/2024 08:00:00 - 10/03/2024 09:00:00","BZN|ES","Without sequence","0.0",""
"10/03/2024 09:00:00 - 10/03/2024 10:00:00","BZN|ES","Without sequence","0.0",""
"10/03/2024 10:00:00 - 10/03/2024 11:00:00","BZN|ES","Without sequence","0.0",""
"10/03/2024 11:00:00 - 10/03/2024 12:00:00","BZN|ES","Without sequence","0.0",""
"10/03/2024 12:00:00 - 10/03/2024 13:00:00","BZN|ES","Without sequence","0.0",""
"10/03/2024 13:00:00 - 10/03/2024 14:00:00","BZN|ES","Without sequence","0.0",""
"10/03/2024 14:00:00 - 10/03/2024 15:00:00","BZN|ES","Without sequence","0.0",""
"10/03/2024 15:00:00 - 10/03/2024 16:00:00","BZN|ES","Without sequence","0.0",""
"10/03/2024 16:00:00 - 10/03/2024 17:00:00","BZN|ES","Without sequence","0.0",""
"10/03/2024 17:00:00 - 10/03/2024 18:00:00","BZN|ES","Without sequence","0.0",""
"10/03/2024 18:00:00 - 10/03/2024 19:00:00","BZN|ES","Without sequence","0.0",""
"10/03/2024 19:00:00 - 10/03/2024 20:00:00","BZN|ES","Without sequence","3.19",""
"10/03/2024 20:00:00 - 10/03/2024 21:00:00","BZN|ES","Without sequence","3.2",""
"10/03/2024 21:00:00 - 10/03/2024 22:00:00","BZN|ES","Without sequence","3.2",""
"10/03/2024 22:00:00 - 10/03/2024 23:00:00","BZN|ES","Without sequence","3.2",""
"10/03/2024 23:00:00 - 11/03/2024 00:00:00","BZN|ES","Without sequence","0.1",""
"11/03/2024 00:00:00 - 11/03/2024 01:00:00","BZN|ES","Without sequence","0.1",""
"11/03/2024 01:00:00 - 11/03/2024 02:00:00","BZN|ES","Without sequence","0.0",""
"11/03/2024 02:00:00 - 11/03/2024 03:00:00","BZN|ES","Without sequence","0.0",""
"11/03/2024 03:00:00 - 11/03/2024 04:00:00","BZN|ES","Without sequence","0.0",""
"11/03/2024 04:00:00 - 11/03/2024 05:00:00","BZN|ES","Without sequence","0.0",""
"11/03/2024 05:00:00 - 11/03/2024 06:00:00","BZN|ES","Without sequence","0.0",""
"11/03/2024 06:00:00 - 11/03/2024 07:00:00","BZN|ES","Without sequence","1.68",""
"11/03/2024 07:00:00 - 11/03/2024 08:00:00","BZN|ES","Without sequence","4.97",""
"11/03/2024 08:00:00 - 11/03/2024 09:00:00","BZN|ES","Without sequence","3.2",""
"11/03/2024 09:00:00 - 11/03/2024 10:00:00","BZN|ES","Without sequence","0.01",""
"11/03/2024 10:00:00 - 11/03/2024 11:00:00","BZN|ES","Without sequence","0.0",""
"11/03/2024 11:00:00 - 11/03/2024 12:00:00","BZN|ES","Without sequence","0.0",""
"11/03/2024 12:00:00 - 11/03/2024 13:00:00","BZN|ES","Without sequence","0.0",""
"11/03/2024 13:00:00 - 11/03/2024 14:00:00","BZN|ES","Without sequence","0.0",""
"11/03/2024 14:00:00 - 11/03/2024 15:00:00","BZN|ES","Without sequence","0.0",""
"11/03/2024 15:00:00 - 11/03/2024 16:00:00","BZN|ES","Without sequence","0.0",""
"11/03/2024 16:00:00 - 11/03/2024 17:00:00","BZN|ES","Without sequence","0.0",""
"11/03/2024 17:00:00 - 11/03/2024 18:00:00","BZN|ES","Without sequence","0.0",""
"11/03/2024 18:00:00 - 11/03/2024 19:00:00","BZN|ES","Without sequence","5.51",""
"11/03/2024 19:00:00 - 11/03/2024 20:00:00","BZN|ES","Without sequence","70.0",""
"11/03/2024 20:00:00 - 11/03/2024 21:00:00","BZN|ES","Without sequence","87.97",""
"11/03/2024 21:00:00 - 11/03/2024 22:00:00","BZN|ES","Without sequence","76.64",""
"11/03/2024 22:00:00 - 11/03/2024 23:00:00","BZN|ES","Without sequence","75.0",""
"11/03/2024 23:00:00 - 12/03/2024 00:00:00","BZN|ES","Without sequence","26.1",""
"12/03/2024 00:00:00 - 12/03/2024 01:00:00","BZN|ES","Without sequence","35.0",""
"12/03/2024 01:00:00 - 12/03/2024 02:00:00","BZN|ES","Without sequence","27.3",""
"12/03/2024 02:00:00 - 12/03/2024 03:00:00","BZN|ES","Without sequence","25.0",""
"12/03/2024 03:00:00 - 12/03/2024 04:00:00","BZN|ES","Without sequence","24.6",""
"12/03/2024 04:00:00 - 12/03/2024 05:00:00","BZN|ES","Without sequence","25.0",""
"12/03/2024 05:00:00 - 12/03/2024 06:00:00","BZN|ES","Without sequence","25.0",""
"12/03/2024 06:00:00 - 12/03/2024 07:00:00","BZN|ES","Without sequence","60.02",""
"12/03/2024 07:00:00 - 12/03/2024 08:00:00","BZN|ES","Without sequence","89.8",""
"12/03/2024 08:00:00 - 12/03/2024 09:00:00","BZN|ES","Without sequence","75.0",""
"12/03/2024 09:00:00 - 12/03/2024 10:00:00","BZN|ES","Without sequence","20.0",""
"12/03/2024 10:00:00 - 12/03/2024 11:00:00","BZN|ES","Without sequence","0.5",""
"12/03/2024 11:00:00 - 12/03/2024 12:00:00","BZN|ES","Without sequence","0.43",""
"12/03/2024 12:00:00 - 12/03/2024 13:00:00","BZN|ES","Without sequence","0.15",""
"12/03/2024 13:00:00 - 12/03/2024 14:00:00","BZN|ES","Without sequence","0.1",""
"12/03/2024 14:00:00 - 12/03/2024 15:00:00","BZN|ES","Without sequence","0.1",""
"12/03/2024 15:00:00 - 12/03/2024 16:00:00","BZN|ES","Without sequence","0.42",""
"12/03/2024 16:00:00 - 12/03/2024 17:00:00","BZN|ES","Without sequence","3.0",""
"12/03/2024 17:00:00 - 12/03/2024 18:00:00","BZN|ES","Without sequence","20.1",""
"12/03/2024 18:00:00 - 12/03/2024 19:00:00","BZN|ES","Without sequence","60.02",""
"12/03/2024 19:00:00 - 12/03/2024 20:00:00","BZN|ES","Without sequence","98.99",""
"12/03/2024 20:00:00 - 12/03/2024 21:00:00","BZN|ES","Without sequence","173.82",""
"12/03/2024 21:00:00 - 12/03/2024 22:00:00","BZN|ES","Without sequence","117.9",""
"12/03/2024 22:00:00 - 12/03/2024 23:00:00","BZN|ES","Without sequence","70.54",""
"12/03/2024 23:00:00 - 13/03/2024 00:00:00","BZN|ES","Without sequence","61.99",""
"13/03/2024 00:00:00 - 13/03/2024 01:00:00","BZN|ES","Without sequence","55.09",""
"13/03/2024 01:00:00 - 13/03/2024 02:00:00","BZN|ES","Without sequence","35.0",""
"13/03/2024 02:00:00 - 13/03/2024 03:00:00","BZN|ES","Without sequence","26.1",""
"13/03/2024 03:00:00 - 13/03/2024 04:00:00","BZN|ES","Without sequence","24.1",""
"13/03/2024 04:00:00 - 13/03/2024 05:00:00","BZN|ES","Without sequence","24.74",""
"13/03/2024 05:00:00 - 13/03/2024 06:00:00","BZN|ES","Without sequence","25.11",""
"13/03/2024 06:00:00 - 13/03/2024 07:00:00","BZN|ES","Without sequence","57.54",""
"13/03/2024 07:00:00 - 13/03/2024 08:00:00","BZN|ES","Without sequence","88.03",""
"13/03/2024 08:00:00 - 13/03/2024 09:00:00","BZN|ES","Without sequence","86.74",""
"13/03/2024 09:00:00 - 13/03/2024 10:00:00","BZN|ES","Without sequence","22.08",""
"13/03/2024 10:00:00 - 13/03/2024 11:00:00","BZN|ES","Without sequence","10.0",""
"13/03/2024 11:00:00 - 13/03/2024 12:00:00","BZN|ES","Without sequence","3.2",""
"13/03/2024 12:00:00 - 13/03/2024 13:00:00","BZN|ES","Without sequence","3.0",""
"13/03/2024 13:00:00 - 13/03/2024 14:00:00","BZN|ES","Without sequence","2.3",""
"13/03/2024 14:00:00 - 13/03/2024 15:00:00","BZN|ES","Without sequence","2.01",""
"13/03/2024 15:00:00 - 13/03/2024 16:00:00","BZN|ES","Without sequence","2.3",""
"13/03/2024 16:00:00 - 13/03/2024 17:00:00","BZN|ES","Without sequence","3.2",""
"13/03/2024 17:00:00 - 13/03/2024 18:00:00","BZN|ES","Without sequence","21.62",""
"13/03/2024 18:00:00 - 13/03/2024 19:00:00","BZN|ES","Without sequence","76.41",""
"13/03/2024 19:00:00 - 13/03/2024 20:00:00","BZN|ES","Without sequence","98.78",""
"13/03/2024 20:00:00 - 13/03/2024 21:00:00","BZN|ES","Without sequence","134.32",""
"13/03/2024 21:00:00 - 13/03/2024 22:00:00","BZN|ES","Without sequence","89.05",""
"13/03/2024 22:00:00 - 13/03/2024 23:00:00","BZN|ES","Without sequence","68.26",""
"13/03/2024 23:00:00 - 14/03/2024 00:00:00","BZN|ES","Without sequence","57.56",""
"14/03/2024 00:00:00 - 14/03/2024 01:00:00","BZN|ES","Without sequence","37.48",""
"14/03/2024 01:00:00 - 14/03/2024 02:00:00","BZN|ES","Without sequence","31.05",""
"14/03/2024 02:00:00 - 14/03/2024 03:00:00","BZN|ES","Without sequence","26.1",""
"14/03/2024 03:00:00 - 14/03/2024 04:00:00","BZN|ES","Without sequence","24.6",""
"14/03/2024 04:00:00 - 14/03/2024 05:00:00","BZN|ES","Without sequence","24.6",""
"14/03/2024 05:00:00 - 14/03/2024 06:00:00","BZN|ES","Without sequence","31.05",""
"14/03/2024 06:00:00 - 14/03/2024 07:00:00","BZN|ES","Without sequence","36.83",""
"14/03/2024 07:00:00 - 14/03/2024 08:00:00","BZN|ES","Without sequence","87.85",""
"14/03/2024 08:00:00 - 14/03/2024 09:00:00","BZN|ES","Without sequence","70.0",""
"14/03/2024 09:00:00 - 14/03/2024 10:00:00","BZN|ES","Without sequence","35.0",""
"14/03/2024 10:00:00 - 14/03/2024 11:00:00","BZN|ES","Without sequence","31.05",""
"14/03/2024 11:00:00 - 14/03/2024 12:00:00","BZN|ES","Without sequence","12.0",""
"14/03/2024 12:00:00 - 14/03/2024 13:00:00","BZN|ES","Without sequence","10.2",""
"14/03/2024 13:00:00 - 14/03/2024 14:00:00","BZN|ES","Without sequence","9.14",""
"14/03/2024 14:00:00 - 14/03/2024 15:00:00","BZN|ES","Without sequence","3.5",""
"14/03/2024 15:00:00 - 14/03/2024 16:00:00","BZN|ES","Without sequence","3.2",""
"14/03/2024 16:00:00 - 14/03/2024 17:00:00","BZN|ES","Without sequence","9.14",""
"14/03/2024 17:00:00 - 14/03/2024 18:00:00","BZN|ES","Without sequence","21.71",""
"14/03/2024 18:00:00 - 14/03/2024 19:00:00","BZN|ES","Without sequence","35.0",""
"14/03/2024 19:00:00 - 14/03/2024 20:00:00","BZN|ES","Without sequence","85.82",""
"14/03/2024 20:00:00 - 14/03/2024 21:00:00","BZN|ES","Without sequence","78.25",""
"14/03/2024 21:00:00 - 14/03/2024 22:00:00","BZN|ES","Without sequence","62.8",""
"14/03/2024 22:00:00 - 14/03/2024 23:00:00","BZN|ES","Without sequence","59.91",""
"14/03/2024 23:00:00 - 15/03/2024 00:00:00","BZN|ES","Without sequence","37.48",""
"15/03/2024 00:00:00 - 15/03/2024 01:00:00","BZN|ES","Without sequence","34.97",""
"15/03/2024 01:00:00 - 15/03/2024 02:00:00","BZN|ES","Without sequence","27.2",""
"15/03/2024 02:00:00 - 15/03/2024 03:00:00","BZN|ES","Without sequence","24.1",""
"15/03/2024 03:00:00 - 15/03/2024 04:00:00","BZN|ES","Without sequence","23.6",""
"15/03/2024 04:00:00 - 15/03/2024 05:00:00","BZN|ES","Without sequence","20.89",""
"15/03/2024 05:00:00 - 15/03/2024 06:00:00","BZN|ES","Without sequence","24.1",""
"15/03/2024 06:00:00 - 15/03/2024 07:00:00","BZN|ES","Without sequence","33.26",""
"15/03/2024 07:00:00 - 15/03/2024 08:00:00","BZN|ES","Without sequence","51.92",""
"15/03/2024 08:00:00 - 15/03/2024 09:00:00","BZN|ES","Without sequence","40.33",""
"15/03/2024 09:00:00 - 15/03/2024 10:00:00","BZN|ES","Without sequence","24.1",""
"15/03/2024 10:00:00 - 15/03/2024 11:00:00","BZN|ES","Without sequence","15.35",""
"15/03/2024 11:00:00 - 15/03/2024 12:00:00","BZN|ES","Without sequence","15.05",""
"15/03/2024 12:00:00 - 15/03/2024 13:00:00","BZN|ES","Without sequence","12.43",""
"15/03/2024 13:00:00 - 15/03/2024 14:00:00","BZN|ES","Without sequence","10.95",""
"15/03/2024 14:00:00 - 15/03/2024 15:00:00","BZN|ES","Without sequence","10.55",""
"15/03/2024 15:00:00 - 15/03/2024 16:00:00","BZN|ES","Without sequence","10.55",""
"15/03/2024 16:00:00 - 15/03/2024 17:00:00","BZN|ES","Without sequence","15.15",""
"15/03/2024 17:00:00 - 15/03/2024 18:00:00","BZN|ES","Without sequence","25.0",""
"15/03/2024 18:00:00 - 15/03/2024 19:00:00","BZN|ES","Without sequence","40.0",""
"15/03/2024 19:00:00 - 15/03/2024 20:00:00","BZN|ES","Without sequence","88.01",""
"15/03/2024 20:00:00 - 15/03/2024 21:00:00","BZN|ES","Without sequence","123.58",""
"15/03/2024 21:00:00 - 15/03/2024 22:00:00","BZN|ES","Without sequence","110.0",""
"15/03/2024 22:00:00 - 15/03/2024 23:00:00","BZN|ES","Without sequence","74.9",""
"15/03/2024 23:00:00 - 16/03/2024 00:00:00","BZN|ES","Without sequence","49.59",""
"16/03/2024 00:00:00 - 16/03/2024 01:00:00","BZN|ES","Without sequence","45.18",""
"16/03/2024 01:00:00 - 16/03/2024 02:00:00","BZN|ES","Without sequence","42.31",""
"16/03/2024 02:00:00 - 16/03/2024 03:00:00","BZN|ES","Without sequence","37.99",""
"16/03/2024 03:00:00 - 16/03/2024 04:00:00","BZN|ES","Without sequence","35.58",""
"16/03/2024 04:00:00 - 16/03/2024 05:00:00","BZN|ES","Without sequence","35.0",""
"16/03/2024 05:00:00 - 16/03/2024 06:00:00","BZN|ES","Without sequence","41.17",""
"16/03/2024 06:00:00 - 16/03/2024 07:00:00","BZN|ES","Without sequence","48.28",""
"16/03/2024 07:00:00 - 16/03/2024 08:00:00","BZN|ES","Without sequence","37.45",""
"16/03/2024 08:00:00 - 16/03/2024 09:00:00","BZN|ES","Without sequence","26.45",""
"16/03/2024 09:00:00 - 16/03/2024 10:00:00","BZN|ES","Without sequence","14.77",""
"16/03/2024 10:00:00 - 16/03/2024 11:00:00","BZN|ES","Without sequence","10.5",""
"16/03/2024 11:00:00 - 16/03/2024 12:00:00","BZN|ES","Without sequence","5.42",""
"16/03/2024 12:00:00 - 16/03/2024 13:00:00","BZN|ES","Without sequence","3.2",""
"16/03/2024 13:00:00 - 16/03/2024 14:00:00","BZN|ES","Without sequence","3.2",""
"16/03/2024 14:00:00 - 16/03/2024 15:00:00","BZN|ES","Without sequence","1.0",""
"16/03/2024 15:00:00 - 16/03/2024 16:00:00","BZN|ES","Without sequence","0.43",""
"16/03/2024 16:00:00 - 16/03/2024 17:00:00","BZN|ES","Without sequence","4.25",""
"16/03/2024 17:00:00 - 16/03/2024 18:00:00","BZN|ES","Without sequence","13.45",""
"16/03/2024 18:00:00 - 16/03/2024 19:00:00","BZN|ES","Without sequence","30.0",""
"16/03/2024 19:00:00 - 16/03/2024 20:00:00","BZN|ES","Without sequence","80.5",""
"16/03/2024 20:00:00 - 16/03/2024 21:00:00","BZN|ES","Without sequence","82.61",""
"16/03/2024 21:00:00 - 16/03/2024 22:00:00","BZN|ES","Without sequence","73.35",""
"16/03/2024 22:00:00 - 16/03/2024 23:00:00","BZN|ES","Without sequence","51.06",""
"16/03/2024 23:00:00 - 17/03/2024 00:00:00","BZN|ES","Without sequence","35.58",""
"17/03/2024 00:00:00 - 17/03/2024 01:00:00","BZN|ES","Without sequence","35.0",""
"17/03/2024 01:00:00 - 17/03/2024 02:00:00","BZN|ES","Without sequence","30.0",""
"17/03/2024 02:00:00 - 17/03/2024 03:00:00","BZN|ES","Without sequence","25.15",""
"17/03/2024 03:00:00 - 17/03/2024 04:00:00","BZN|ES","Without sequence","25.15",""
"17/03/2024 04:00:00 - 17/03/2024 05:00:00","BZN|ES","Without sequence","25.15",""
"17/03/2024 05:00:00 - 17/03/2024 06:00:00","BZN|ES","Without sequence","25.0",""
"17/03/2024 06:00:00 - 17/03/2024 07:00:00","BZN|ES","Without sequence","21.45",""
"17/03/2024 07:00:00 - 17/03/2024 08:00:00","BZN|ES","Without sequence","24.0",""
"17/03/2024 08:00:00 - 17/03/2024 09:00:00","BZN|ES","Without sequence","11.25",""
"17/03/2024 09:00:00 - 17/03/2024 10:00:00","BZN|ES","Without sequence","11.34",""
"17/03/2024 10:00:00 - 17/03/2024 11:00:00","BZN|ES","Without sequence","9.72",""
"17/03/2024 11:00:00 - 17/03/2024 12:00:00","BZN|ES","Without sequence","0.43",""
"17/03/2024 12:00:00 - 17/03/2024 13:00:00","BZN|ES","Without sequence","0.43",""
"17/03/2024 13:00:00 - 17/03/2024 14:00:00","BZN|ES","Without sequence","0.43",""
"17/03/2024 14:00:00 - 17/03/2024 15:00:00","BZN|ES","Without sequence","0.43",""
"17/03/2024 15:00:00 - 17/03/2024 16:00:00","BZN|ES","Without sequence","0.43",""
"17/03/2024 16:00:00 - 17/03/2024 17:00:00","BZN|ES","Without sequence","9.72",""
"17/03/2024 17:00:00 - 17/03/2024 18:00:00","BZN|ES","Without sequence","14.95",""
"17/03/2024 18:00:00 - 17/03/2024 19:00:00","BZN|ES","Without sequence","35.0",""
"17/03/2024 19:00:00 - 17/03/2024 20:00:00","BZN|ES","Without sequence","79.96",""
"17/03/2024 20:00:00 - 17/03/2024 21:00:00","BZN|ES","Without sequence","77.89",""
"17/03/2024 21:00:00 - 17/03/2024 22:00:00","BZN|ES","Without sequence","72.33",""
"17/03/2024 22:00:00 - 17/03/2024 23:00:00","BZN|ES","Without sequence","72.1",""
"17/03/2024 23:00:00 - 18/03/2024 00:00:00","BZN|ES","Without sequence","65.91",""
"18/03/2024 00:00:00 - 18/03/2024 01:00:00","BZN|ES","Without sequence","64.12",""
"18/03/2024 01:00:00 - 18/03/2024 02:00:00","BZN|ES","Without sequence","50.3",""
"18/03/2024 02:00:00 - 18/03/2024 03:00:00","BZN|ES","Without sequence","48.85",""
"18/03/2024 03:00:00 - 18/03/2024 04:00:00","BZN|ES","Without sequence","48.85",""
"18/03/2024 04:00:00 - 18/03/2024 05:00:00","BZN|ES","Without sequence","46.03",""
"18/03/2024 05:00:00 - 18/03/2024 06:00:00","BZN|ES","Without sequence","44.28",""
"18/03/2024 06:00:00 - 18/03/2024 07:00:00","BZN|ES","Without sequence","61.71",""
"18/03/2024 07:00:00 - 18/03/2024 08:00:00","BZN|ES","Without sequence","94.68",""
"18/03/2024 08:00:00 - 18/03/2024 09:00:00","BZN|ES","Without sequence","94.45",""
"18/03/2024 09:00:00 - 18/03/2024 10:00:00","BZN|ES","Without sequence","52.61",""
"18/03/2024 10:00:00 - 18/03/2024 11:00:00","BZN|ES","Without sequence","42.1",""
"18/03/2024 11:00:00 - 18/03/2024 12:00:00","BZN|ES","Without sequence","35.0",""
"18/03/2024 12:00:00 - 18/03/2024 13:00:00","BZN|ES","Without sequence","35.0",""
"18/03/2024 13:00:00 - 18/03/2024 14:00:00","BZN|ES","Without sequence","35.0",""
"18/03/2024 14:00:00 - 18/03/2024 15:00:00","BZN|ES","Without sequence","35.0",""
"18/03/2024 15:00:00 - 18/03/2024 16:00:00","BZN|ES","Without sequence","35.5",""
"18/03/2024 16:00:00 - 18/03/2024 17:00:00","BZN|ES","Without sequence","43.86",""
"18/03/2024 17:00:00 - 18/03/2024 18:00:00","BZN|ES","Without sequence","47.7",""
"18/03/2024 18:00:00 - 18/03/2024 19:00:00","BZN|ES","Without sequence","73.45",""
"18/03/2024 19:00:00 - 18/03/2024 20:00:00","BZN|ES","Without sequence","125.16",""
"18/03/2024 20:00:00 - 18/03/2024 21:00:00","BZN|ES","Without sequence","114.24",""
"18/03/2024 21:00:00 - 18/03/2024 22:00:00","BZN|ES","Without sequence","95.85",""
"18/03/2024 22:00:00 - 18/03/2024 23:00:00","BZN|ES","Without sequence","77.8",""
"18/03/2024 23:00:00 - 19/03/2024 00:00:00","BZN|ES","Without sequence","70.51",""
"19/03/2024 00:00:00 - 19/03/2024 01:00:00","BZN|ES","Without sequence","69.14",""
"19/03/2024 01:00:00 - 19/03/2024 02:00:00","BZN|ES","Without sequence","65.06",""
"19/03/2024 02:00:00 - 19/03/2024 03:00:00","BZN|ES","Without sequence","58.13",""
"19/03/2024 03:00:00 - 19/03/2024 04:00:00","BZN|ES","Without sequence","56.18",""
"19/03/2024 04:00:00 - 19/03/2024 05:00:00","BZN|ES","Without sequence","53.0",""
"19/03/2024 05:00:00 - 19/03/2024 06:00:00","BZN|ES","Without sequence","58.76",""
"19/03/2024 06:00:00 - 19/03/2024 07:00:00","BZN|ES","Without sequence","76.18",""
"19/03/2024 07:00:00 - 19/03/2024 08:00:00","BZN|ES","Without sequence","101.64",""
"19/03/2024 08:00:00 - 19/03/2024 09:00:00","BZN|ES","Without sequence","95.87",""
"19/03/2024 09:00:00 - 19/03/2024 10:00:00","BZN|ES","Without sequence","58.13",""
"19/03/2024 10:00:00 - 19/03/2024 11:00:00","BZN|ES","Without sequence","37.28",""
"19/03/2024 11:00:00 - 19/03/2024 12:00:00","BZN|ES","Without sequence","35.26",""
"19/03/2024 12:00:00 - 19/03/2024 13:00:00","BZN|ES","Without sequence","35.0",""
"19/03/2024 13:00:00 - 19/03/2024 14:00:00","BZN|ES","Without sequence","35.0",""
"19/03/2024 14:00:00 - 19/03/2024 15:00:00","BZN|ES","Without sequence","35.0",""
"19/03/2024 15:00:00 - 19/03/2024 16:00:00","BZN|ES","Without sequence","35.0",""
"19/03/2024 16:00:00 - 19/03/2024 17:00:00","BZN|ES","Without sequence","35.54",""
"19/03/2024 17:00:00 - 19/03/2024 18:00:00","BZN|ES","Without sequence","54.5",""
"19/03/2024 18:00:00 - 19/03/2024 19:00:00","BZN|ES","Without sequence","76.62",""
"19/03/2024 19:00:00 - 19/03/2024 20:00:00","BZN|ES","Without sequence","128.96",""
"19/03/2024 20:00:00 - 19/03/2024 21:00:00","BZN|ES","Without sequence","110.0",""
"19/03/2024 21:00:00 - 19/03/2024 22:00:00","BZN|ES","Without sequence","92.01",""
"19/03/2024 22:00:00 - 19/03/2024 23:00:00","BZN|ES","Without sequence","81.75",""
"19/03/2024 23:00:00 - 20/03/2024 00:00:00","BZN|ES","Without sequence","76.1",""
"20/03/2024 00:00:00 - 20/03/2024 01:00:00","BZN|ES","Without sequence","70.0",""
"20/03/2024 01:00:00 - 20/03/2024 02:00:00","BZN|ES","Without sequence","68.57",""
"20/03/2024 02:00:00 - 20/03/2024 03:00:00","BZN|ES","Without sequence","60.78",""
"20/03/2024 03:00:00 - 20/03/2024 04:00:00","BZN|ES","Without sequence","50.53",""
"20/03/2024 04:00:00 - 20/03/2024 05:00:00","BZN|ES","Without sequence","42.84",""
"20/03/2024 05:00:00 - 20/03/2024 06:00:00","BZN|ES","Without sequence","58.0",""
"20/03/2024 06:00:00 - 20/03/2024 07:00:00","BZN|ES","Without sequence","68.0",""
"20/03/2024 07:00:00 - 20/03/2024 08:00:00","BZN|ES","Without sequence","88.38",""
"20/03/2024 08:00:00 - 20/03/2024 09:00:00","BZN|ES","Without sequence","85.25",""
"20/03/2024 09:00:00 - 20/03/2024 10:00:00","BZN|ES","Without sequence","61.76",""
"20/03/2024 10:00:00 - 20/03/2024 11:00:00","BZN|ES","Without sequence","35.7",""
"20/03/2024 11:00:00 - 20/03/2024 12:00:00","BZN|ES","Without sequence","35.0",""
"20/03/2024 12:00:00 - 20/03/2024 13:00:00","BZN|ES","Without sequence","33.26",""
"20/03/2024 13:00:00 - 20/03/2024 14:00:00","BZN|ES","Without sequence","27.0",""
"20/03/2024 14:00:00 - 20/03/2024 15:00:00","BZN|ES","Without sequence","27.28",""
"20/03/2024 15:00:00 - 20/03/2024 16:00:00","BZN|ES","Without sequence","28.69",""
"20/03/2024 16:00:00 - 20/03/2024 17:00:00","BZN|ES","Without sequence","34.15",""
"20/03/2024 17:00:00 - 20/03/2024 18:00:00","BZN|ES","Without sequence","35.43",""
"20/03/2024 18:00:00 - 20/03/2024 19:00:00","BZN|ES","Without sequence","61.02",""
"20/03/2024 19:00:00 - 20/03/2024 20:00:00","BZN|ES","Without sequence","97.01",""
"20/03/2024 20:00:00 - 20/03/2024 21:00:00","BZN|ES","Without sequence","100.76",""
"20/03/2024 21:00:00 - 20/03/2024 22:00:00","BZN|ES","Without sequence","79.25",""
"20/03/2024 22:00:00 - 20/03/2024 23:00:00","BZN|ES","Without sequence","68.0",""
"20/03/2024 23:00:00 - 21/03/2024 00:00:00","BZN|ES","Without sequence","50.0",""
"21/03/2024 00:00:00 - 21/03/2024 01:00:00","BZN|ES","Without sequence","35.0",""
"21/03/2024 01:00:00 - 21/03/2024 02:00:00","BZN|ES","Without sequence","34.47",""
"21/03/2024 02:00:00 - 21/03/2024 03:00:00","BZN|ES","Without sequence","33.97",""
"21/03/2024 03:00:00 - 21/03/2024 04:00:00","BZN|ES","Without sequence","34.17",""
"21/03/2024 04:00:00 - 21/03/2024 05:00:00","BZN|ES","Without sequence","34.07",""
"21/03/2024 05:00:00 - 21/03/2024 06:00:00","BZN|ES","Without sequence","35.0",""
"21/03/2024 06:00:00 - 21/03/2024 07:00:00","BZN|ES","Without sequence","35.0",""
"21/03/2024 07:00:00 - 21/03/2024 08:00:00","BZN|ES","Without sequence","55.96",""
"21/03/2024 08:00:00 - 21/03/2024 09:00:00","BZN|ES","Without sequence","45.02",""
"21/03/2024 09:00:00 - 21/03/2024 10:00:00","BZN|ES","Without sequence","35.0",""
"21/03/2024 10:00:00 - 21/03/2024 11:00:00","BZN|ES","Without sequence","30.0",""
"21/03/2024 11:00:00 - 21/03/2024 12:00:00","BZN|ES","Without sequence","17.27",""
"21/03/2024 12:00:00 - 21/03/2024 13:00:00","BZN|ES","Without sequence","15.99",""
"21/03/2024 13:00:00 - 21/03/2024 14:00:00","BZN|ES","Without sequence","14.0",""
"21/03/2024 14:00:00 - 21/03/2024 15:00:00","BZN|ES","Without sequence","10.83",""
"21/03/2024 15:00:00 - 21/03/2024 16:00:00","BZN|ES","Without sequence","10.61",""
"21/03/2024 16:00:00 - 21/03/2024 17:00:00","BZN|ES","Without sequence","15.98",""
"21/03/2024 17:00:00 - 21/03/2024 18:00:00","BZN|ES","Without sequence","26.1",""
"21/03/2024 18:00:00 - 21/03/2024 19:00:00","BZN|ES","Without sequence","35.0",""
"21/03/2024 19:00:00 - 21/03/2024 20:00:00","BZN|ES","Without sequence","70.4",""
"21/03/2024 20:00:00 - 21/03/2024 21:00:00","BZN|ES","Without sequence","84.0",""
"21/03/2024 21:00:00 - 21/03/2024 22:00:00","BZN|ES","Without sequence","65.86",""
"21/03/2024 22:00:00 - 21/03/2024 23:00:00","BZN|ES","Without sequence","48.0",""
"21/03/2024 23:00:00 - 22/03/2024 00:00:00","BZN|ES","Without sequence","40.0",""
"22/03/2024 00:00:00 - 22/03/2024 01:00:00","BZN|ES","Without sequence","25.0",""
"22/03/2024 01:00:00 - 22/03/2024 02:00:00","BZN|ES","Without sequence","20.1",""
"22/03/2024 02:00:00 - 22/03/2024 03:00:00","BZN|ES","Without sequence","17.2",""
"22/03/2024 03:00:00 - 22/03/2024 04:00:00","BZN|ES","Without sequence","16.7",""
"22/03/2024 04:00:00 - 22/03/2024 05:00:00","BZN|ES","Without sequence","18.9",""
"22/03/2024 05:00:00 - 22/03/2024 06:00:00","BZN|ES","Without sequence","25.0",""
"22/03/2024 06:00:00 - 22/03/2024 07:00:00","BZN|ES","Without sequence","35.0",""
"22/03/2024 07:00:00 - 22/03/2024 08:00:00","BZN|ES","Without sequence","49.19",""
"22/03/2024 08:00:00 - 22/03/2024 09:00:00","BZN|ES","Without sequence","35.0",""
"22/03/2024 09:00:00 - 22/03/2024 10:00:00","BZN|ES","Without sequence","20.0",""
"22/03/2024 10:00:00 - 22/03/2024 11:00:00","BZN|ES","Without sequence","14.5",""
"22/03/2024 11:00:00 - 22/03/2024 12:00:00","BZN|ES","Without sequence","7.0",""
"22/03/2024 12:00:00 - 22/03/2024 13:00:00","BZN|ES","Without sequence","3.35",""
"22/03/2024 13:00:00 - 22/03/2024 14:00:00","BZN|ES","Without sequence","2.44",""
"22/03/2024 14:00:00 - 22/03/2024 15:00:00","BZN|ES","Without sequence","1.1",""
"22/03/2024 15:00:00 - 22/03/2024 16:00:00","BZN|ES","Without sequence","3.19",""
"22/03/2024 16:00:00 - 22/03/2024 17:00:00","BZN|ES","Without sequence","3.35",""
"22/03/2024 17:00:00 - 22/03/2024 18:00:00","BZN|ES","Without sequence","14.7",""
"22/03/2024 18:00:00 - 22/03/2024 19:00:00","BZN|ES","Without sequence","35.0",""
"22/03/2024 19:00:00 - 22/03/2024 20:00:00","BZN|ES","Without sequence","57.3",""
"22/03/2024 20:00:00 - 22/03/2024 21:00:00","BZN|ES","Without sequence","53.92",""
"22/03/2024 21:00:00 - 22/03/2024 22:00:00","BZN|ES","Without sequence","35.0",""
"22/03/2024 22:00:00 - 22/03/2024 23:00:00","BZN|ES","Without sequence","29.16",""
"22/03/2024 23:00:00 - 23/03/2024 00:00:00","BZN|ES","Without sequence","15.6",""
"23/03/2024 00:00:00 - 23/03/2024 01:00:00","BZN|ES","Without sequence","3.2",""
"23/03/2024 01:00:00 - 23/03/2024 02:00:00","BZN|ES","Without sequence","3.03",""
"23/03/2024 02:00:00 - 23/03/2024 03:00:00","BZN|ES","Without sequence","0.9",""
"23/03/2024 03:00:00 - 23/03/2024 04:00:00","BZN|ES","Without sequence","2.71",""
"23/03/2024 04:00:00 - 23/03/2024 05:00:00","BZN|ES","Without sequence","2.05",""
"23/03/2024 05:00:00 - 23/03/2024 06:00:00","BZN|ES","Without sequence","2.0",""
"23/03/2024 06:00:00 - 23/03/2024 07:00:00","BZN|ES","Without sequence","2.1",""
"23/03/2024 07:00:00 - 23/03/2024 08:00:00","BZN|ES","Without sequence","2.3",""
"23/03/2024 08:00:00 - 23/03/2024 09:00:00","BZN|ES","Without sequence","0.43",""
"23/03/2024 09:00:00 - 23/03/2024 10:00:00","BZN|ES","Without sequence","0.0",""
"23/03/2024 10:00:00 - 23/03/2024 11:00:00","BZN|ES","Without sequence","0.0",""
"23/03/2024 11:00:00 - 23/03/2024 12:00:00","BZN|ES","Without sequence","0.0",""
"23/03/2024 12:00:00 - 23/03/2024 13:00:00","BZN|ES","Without sequence","0.0",""
"23/03/2024 13:00:00 - 23/03/2024 14:00:00","BZN|ES","Without sequence","0.0",""
"23/03/2024 14:00:00 - 23/03/2024 15:00:00","BZN|ES","Without sequence","0.0",""
"23/03/2024 15:00:00 - 23/03/2024 16:00:00","BZN|ES","Without sequence","0.0",""
"23/03/2024 16:00:00 - 23/03/2024 17:00:00","BZN|ES","Without sequence","0.0",""
"23/03/2024 17:00:00 - 23/03/2024 18:00:00","BZN|ES","Without sequence","0.43",""
"23/03/2024 18:00:00 - 23/03/2024 19:00:00","BZN|ES","Without sequence","3.19",""
"23/03/2024 19:00:00 - 23/03/2024 20:00:00","BZN|ES","Without sequence","3.2",""
"23/03/2024 20:00:00 - 23/03/2024 21:00:00","BZN|ES","Without sequence","9.01",""
"23/03/2024 21:00:00 - 23/03/2024 22:00:00","BZN|ES","Without sequence","7.18",""
"23/03/2024 22:00:00 - 23/03/2024 23:00:00","BZN|ES","Without sequence","3.2",""
"23/03/2024 23:00:00 - 24/03/2024 00:00:00","BZN|ES","Without sequence","3.2",""
"24/03/2024 00:00:00 - 24/03/2024 01:00:00","BZN|ES","Without sequence","0.16",""
"24/03/2024 01:00:00 - 24/03/2024 02:00:00","BZN|ES","Without sequence","0.0",""
"24/03/2024 02:00:00 - 24/03/2024 03:00:00","BZN|ES","Without sequence","0.0",""
"24/03/2024 03:00:00 - 24/03/2024 04:00:00","BZN|ES","Without sequence","0.0",""
"24/03/2024 04:00:00 - 24/03/2024 05:00:00","BZN|ES","Without sequence","0.0",""
"24/03/2024 05:00:00 - 24/03/2024 06:00:00","BZN|ES","Without sequence","0.0",""
"24/03/2024 06:00:00 - 24/03/2024 07:00:00","BZN|ES","Without sequence","0.01",""
"24/03/2024 07:00:00 - 24/03/2024 08:00:00","BZN|ES","Without sequence","0.1",""
"24/03/2024 08:00:00 - 24/03/2024 09:00:00","BZN|ES","Without sequence","0.0",""
"24/03/2024 09:00:00 - 24/03/2024 10:00:00","BZN|ES","Without sequence","0.0",""
"24/03/2024 10:00:00 - 24/03/2024 11:00:00","BZN|ES","Without sequence","0.0",""
"24/03/2024 11:00:00 - 24/03/2024 12:00:00","BZN|ES","Without sequence","0.0",""
"24/03/2024 12:00:00 - 24/03/2024 13:00:00","BZN|ES","Without sequence","0.0",""
"24/03/2024 13:00:00 - 24/03/2024 14:00:00","BZN|ES","Without sequence","0.0",""
"24/03/2024 14:00:00 - 24/03/2024 15:00:00","BZN|ES","Without sequence","0.0",""
"24/03/2024 15:00:00 - 24/03/2024 16:00:00","BZN|ES","Without sequence","0.0",""
"24/03/2024 16:00:00 - 24/03/2024 17:00:00","BZN|ES","Without sequence","0.0",""
"24/03/2024 17:00:00 - 24/03/2024 18:00:00","BZN|ES","Without sequence","0.43",""
"24/03/2024 18:00:00 - 24/03/2024 19:00:00","BZN|ES","Without sequence","3.2",""
"24/03/2024 19:00:00 - 24/03/2024 20:00:00","BZN|ES","Without sequence","16.7",""
"24/03/2024 20:00:00 - 24/03/2024 21:00:00","BZN|ES","Without sequence","35.0",""
"24/03/2024 21:00:00 - 24/03/2024 22:00:00","BZN|ES","Without sequence","35.0",""
"24/03/2024 22:00:00 - 24/03/2024 23:00:00","BZN|ES","Without sequence","35.0",""
"24/03/2024 23:00:00 - 25/03/2024 00:00:00","BZN|ES","Without sequence","35.0",""
"25/03/2024 00:00:00 - 25/03/2024 01:00:00","BZN|ES","Without sequence","35.0",""
"25/03/2024 01:00:00 - 25/03/2024 02:00:00","BZN|ES","Without sequence","30.0",""
"25/03/2024 02:00:00 - 25/03/2024 03:00:00","BZN|ES","Without sequence","28.26",""
"25/03/2024 03:00:00 - 25/03/2024 04:00:00","BZN|ES","Without sequence","30.5",""
"25/03/2024 04:00:00 - 25/03/2024 05:00:00","BZN|ES","Without sequence","28.35",""
"25/03/2024 05:00:00 - 25/03/2024 06:00:00","BZN|ES","Without sequence","34.47",""
"25/03/2024 06:00:00 - 25/03/2024 07:00:00","BZN|ES","Without sequence","35.0",""
"25/03/2024 07:00:00 - 25/03/2024 08:00:00","BZN|ES","Without sequence","75.75",""
"25/03/2024 08:00:00 - 25/03/2024 09:00:00","BZN|ES","Without sequence","59.0",""
"25/03/2024 09:00:00 - 25/03/2024 10:00:00","BZN|ES","Without sequence","35.0",""
"25/03/2024 10:00:00 - 25/03/2024 11:00:00","BZN|ES","Without sequence","20.0",""
"25/03/2024 11:00:00 - 25/03/2024 12:00:00","BZN|ES","Without sequence","13.3",""
"25/03/2024 12:00:00 - 25/03/2024 13:00:00","BZN|ES","Without sequence","12.21",""
"25/03/2024 13:00:00 - 25/03/2024 14:00:00","BZN|ES","Without sequence","4.0",""
"25/03/2024 14:00:00 - 25/03/2024 15:00:00","BZN|ES","Without sequence","3.2",""
"25/03/2024 15:00:00 - 25/03/2024 16:00:00","BZN|ES","Without sequence","2.1",""
"25/03/2024 16:00:00 - 25/03/2024 17:00:00","BZN|ES","Without sequence","3.12",""
"25/03/2024 17:00:00 - 25/03/2024 18:00:00","BZN|ES","Without sequence","3.2",""
"25/03/2024 18:00:00 - 25/03/2024 19:00:00","BZN|ES","Without sequence","3.2",""
"25/03/2024 19:00:00 - 25/03/2024 20:00:00","BZN|ES","Without sequence","20.02",""
"25/03/2024 20:00:00 - 25/03/2024 21:00:00","BZN|ES","Without sequence","35.0",""
"25/03/2024 21:00:00 - 25/03/2024 22:00:00","BZN|ES","Without sequence","29.11",""
"25/03/2024 22:00:00 - 25/03/2024 23:00:00","BZN|ES","Without sequence","17.2",""
"25/03/2024 23:00:00 - 26/03/2024 00:00:00","BZN|ES","Without sequence","12.9",""
"26/03/2024 00:00:00 - 26/03/2024 01:00:00","BZN|ES","Without sequence","3.2",""
"26/03/2024 01:00:00 - 26/03/2024 02:00:00","BZN|ES","Without sequence","3.19",""
"26/03/2024 02:00:00 - 26/03/2024 03:00:00","BZN|ES","Without sequence","1.54",""
"26/03/2024 03:00:00 - 26/03/2024 04:00:00","BZN|ES","Without sequence","1.0",""
"26/03/2024 04:00:00 - 26/03/2024 05:00:00","BZN|ES","Without sequence","0.98",""
"26/03/2024 05:00:00 - 26/03/2024 06:00:00","BZN|ES","Without sequence","0.98",""
"26/03/2024 06:00:00 - 26/03/2024 07:00:00","BZN|ES","Without sequence","3.2",""
"26/03/2024 07:00:00 - 26/03/2024 08:00:00","BZN|ES","Without sequence","4.0",""
"26/03/2024 08:00:00 - 26/03/2024 09:00:00","BZN|ES","Without sequence","3.2",""
"26/03/2024 09:00:00 - 26/03/2024 10:00:00","BZN|ES","Without sequence","1.2",""
"26/03/2024 10:00:00 - 26/03/2024 11:00:00","BZN|ES","Without sequence","0.2",""
"26/03/2024 11:00:00 - 26/03/2024 12:00:00","BZN|ES","Without sequence","0.0",""
"26/03/2024 12:00:00 - 26/03/2024 13:00:00","BZN|ES","Without sequence","0.0",""
"26/03/2024 13:00:00 - 26/03/2024 14:00:00","BZN|ES","Without sequence","0.0",""
"26/03/2024 14:00:00 - 26/03/2024 15:00:00","BZN|ES","Without sequence","0.0",""
"26/03/2024 15:00:00 - 26/03/2024 16:00:00","BZN|ES","Without sequence","0.0",""
"26/03/2024 16:00:00 - 26/03/2024 17:00:00","BZN|ES","Without sequence","0.0",""
"26/03/2024 17:00:00 - 26/03/2024 18:00:00","BZN|ES","Without sequence","0.55",""
"26/03/2024 18:00:00 - 26/03/2024 19:00:00","BZN|ES","Without sequence","2.0",""
"26/03/2024 19:00:00 - 26/03/2024 20:00:00","BZN|ES","Without sequence","5.0",""
"26/03/2024 20:00:00 - 26/03/2024 21:00:00","BZN|ES","Without sequence","14.0",""
"26/03/2024 21:00:00 - 26/03/2024 22:00:00","BZN|ES","Without sequence","7.5",""
"26/03/2024 22:00:00 - 26/03/2024 23:00:00","BZN|ES","Without sequence","3.2",""
"26/03/2024 23:00:00 - 27/03/2024 00:00:00","BZN|ES","Without sequence","1.69",""
"27/03/2024 00:00:00 - 27/03/2024 01:00:00","BZN|ES","Without sequence","3.2",""
"27/03/2024 01:00:00 - 27/03/2024 02:00:00","BZN|ES","Without sequence","0.57",""
"27/03/2024 02:00:00 - 27/03/2024 03:00:00","BZN|ES","Without sequence","0.01",""
"27/03/2024 03:00:00 - 27/03/2024 04:00:00","BZN|ES","Without sequence","0.0",""
"27/03/2024 04:00:00 - 27/03/2024 05:00:00","BZN|ES","Without sequence","0.0",""
"27/03/2024 05:00:00 - 27/03/2024 06:00:00","BZN|ES","Without sequence","0.0",""
"27/03/2024 06:00:00 - 27/03/2024 07:00:00","BZN|ES","Without sequence","0.1",""
"27/03/2024 07:00:00 - 27/03/2024 08:00:00","BZN|ES","Without sequence","0.54",""
"27/03/2024 08:00:00 - 27/03/2024 09:00:00","BZN|ES","Without sequence","0.43",""
"27/03/2024 09:00:00 - 27/03/2024 10:00:00","BZN|ES","Without sequence","0.13",""
"27/03/2024 10:00:00 - 27/03/2024 11:00:00","BZN|ES","Without sequence","0.0",""
"27/03/2024 11:00:00 - 27/03/2024 12:00:00","BZN|ES","Without sequence","0.0",""
"27/03/2024 12:00:00 - 27/03/2024 13:00:00","BZN|ES","Without sequence","0.0",""
"27/03/2024 13:00:00 - 27/03/2024 14:00:00","BZN|ES","Without sequence","0.0",""
"27/03/2024 14:00:00 - 27/03/2024 15:00:00","BZN|ES","Without sequence","0.0",""
"27/03/2024 15:00:00 - 27/03/2024 16:00:00","BZN|ES","Without sequence","0.0",""
"27/03/2024 16:00:00 - 27/03/2024 17:00:00","BZN|ES","Without sequence","0.0",""
"27/03/2024 17:00:00 - 27/03/2024 18:00:00","BZN|ES","Without sequence","0.0",""
"27/03/2024 18:00:00 - 27/03/2024 19:00:00","BZN|ES","Without sequence","0.43",""
"27/03/2024 19:00:00 - 27/03/2024 20:00:00","BZN|ES","Without sequence","3.17",""
"27/03/2024 20:00:00 - 27/03/2024 21:00:00","BZN|ES","Without sequence","3.2",""
"27/03/2024 21:00:00 - 27/03/2024 22:00:00","BZN|ES","Without sequence","3.2",""
"27/03/2024 22:00:00 - 27/03/2024 23:00:00","BZN|ES","Without sequence","3.02",""
"27/03/2024 23:00:00 - 28/03/2024 00:00:00","BZN|ES","Without sequence","0.12",""
"28/03/2024 00:00:00 - 28/03/2024 01:00:00","BZN|ES","Without sequence","0.4",""
"28/03/2024 01:00:00 - 28/03/2024 02:00:00","BZN|ES","Without sequence","0.0",""
"28/03/2024 02:00:00 - 28/03/2024 03:00:00","BZN|ES","Without sequence","0.0",""
"28/03/2024 03:00:00 - 28/03/2024 04:00:00","BZN|ES","Without sequence","0.0",""
"28/03/2024 04:00:00 - 28/03/2024 05:00:00","BZN|ES","Without sequence","0.0",""
"28/03/2024 05:00:00 - 28/03/2024 06:00:00","BZN|ES","Without sequence","0.0",""
"28/03/2024 06:00:00 - 28/03/2024 07:00:00","BZN|ES","Without sequence","0.02",""
"28/03/2024 07:00:00 - 28/03/2024 08:00:00","BZN|ES","Without sequence","0.34",""
"28/03/2024 08:00:00 - 28/03/2024 09:00:00","BZN|ES","Without sequence","0.19",""
"28/03/2024 09:00:00 - 28/03/2024 10:00:00","BZN|ES","Without sequence","0.0",""
"28/03/2024 10:00:00 - 28/03/2024 11:00:00","BZN|ES","Without sequence","0.0",""
"28/03/2024 11:00:00 - 28/03/2024 12:00:00","BZN|ES","Without sequence","0.0",""
"28/03/2024 12:00:00 - 28/03/2024 13:00:00","BZN|ES","Without sequence","0.0",""
"28/03/2024 13:00:00 - 28/03/2024 14:00:00","BZN|ES","Without sequence","0.0",""
"28/03/2024 14:00:00 - 28/03/2024 15:00:00","BZN|ES","Without sequence","0.0",""
"28/03/2024 15:00:00 - 28/03/2024 16:00:00","BZN|ES","Without sequence","0.0",""
"28/03/2024 16:00:00 - 28/03/2024 17:00:00","BZN|ES","Without sequence","0.0",""
"28/03/2024 17:00:00 - 28/03/2024 18:00:00","BZN|ES","Without sequence","0.02",""
"28/03/2024 18:00:00 - 28/03/2024 19:00:00","BZN|ES","Without sequence","0.6",""
"28/03/2024 19:00:00 - 28/03/2024 20:00:00","BZN|ES","Without sequence","3.2",""
"28/03/2024 20:00:00 - 28/03/2024 21:00:00","BZN|ES","Without sequence","3.2",""
"28/03/2024 21:00:00 - 28/03/2024 22:00:00","BZN|ES","Without sequence","3.2",""
"28/03/2024 22:00:00 - 28/03/2024 23:00:00","BZN|ES","Without sequence","3.2",""
"28/03/2024 23:00:00 - 29/03/2024 00:00:00","BZN|ES","Without sequence","1.47",""
"29/03/2024 00:00:00 - 29/03/2024 01:00:00","BZN|ES","Without sequence","2.0",""
"29/03/2024 01:00:00 - 29/03/2024 02:00:00","BZN|ES","Without sequence","0.58",""
"29/03/2024 02:00:00 - 29/03/2024 03:00:00","BZN|ES","Without sequence","0.52",""
"29/03/2024 03:00:00 - 29/03/2024 04:00:00","BZN|ES","Without sequence","0.5",""
"29/03/2024 04:00:00 - 29/03/2024 05:00:00","BZN|ES","Without sequence","0.57",""
"29/03/2024 05:00:00 - 29/03/2024 06:00:00","BZN|ES","Without sequence","1.0",""
"29/03/2024 06:00:00 - 29/03/2024 07:00:00","BZN|ES","Without sequence","2.0",""
"29/03/2024 07:00:00 - 29/03/2024 08:00:00","BZN|ES","Without sequence","3.1",""
"29/03/2024 08:00:00 - 29/03/2024 09:00:00","BZN|ES","Without sequence","1.47",""
"29/03/2024 09:00:00 - 29/03/2024 10:00:00","BZN|ES","Without sequence","1.0",""
"29/03/2024 10:00:00 - 29/03/2024 11:00:00","BZN|ES","Without sequence","0.9",""
"29/03/2024 11:00:00 - 29/03/2024 12:00:00","BZN|ES","Without sequence","0.77",""
"29/03/2024 12:00:00 - 29/03/2024 13:00:00","BZN|ES","Without sequence","0.53",""
"29/03/2024 13:00:00 - 29/03/2024 14:00:00","BZN|ES","Without sequence","0.5",""
"29/03/2024 14:00:00 - 29/03/2024 15:00:00","BZN|ES","Without sequence","0.47",""
"29/03/2024 15:00:00 - 29/03/2024 16:00:00","BZN|ES","Without sequence","0.4",""
"29/03/2024 16:00:00 - 29/03/2024 17:00:00","BZN|ES","Without sequence","0.4",""
"29/03/2024 17:00:00 - 29/03/2024 18:00:00","BZN|ES","Without sequence","0.5",""
"29/03/2024 18:00:00 - 29/03/2024 19:00:00","BZN|ES","Without sequence","3.2",""
"29/03/2024 19:00:00 - 29/03/2024 20:00:00","BZN|ES","Without sequence","6.82",""
"29/03/2024 20:00:00 - 29/03/2024 21:00:00","BZN|ES","Without sequence","17.47",""
"29/03/2024 21:00:00 - 29/03/2024 22:00:00","BZN|ES","Without sequence","21.42",""
"29/03/2024 22:00:00 - 29/03/2024 23:00:00","BZN|ES","Without sequence","16.0",""
"29/03/2024 23:00:00 - 30/03/2024 00:00:00","BZN|ES","Without sequence","15.14",""
"30/03/2024 00:00:00 - 30/03/2024 01:00:00","BZN|ES","Without sequence","10.6",""
"30/03/2024 01:00:00 - 30/03/2024 02:00:00","BZN|ES","Without sequence","6.66",""
"30/03/2024 02:00:00 - 30/03/2024 03:00:00","BZN|ES","Without sequence","4.91",""
"30/03/2024 03:00:00 - 30/03/2024 04:00:00","BZN|ES","Without sequence","3.2",""
"30/03/2024 04:00:00 - 30/03/2024 05:00:00","BZN|ES","Without sequence","3.2",""
"30/03/2024 05:00:00 - 30/03/2024 06:00:00","BZN|ES","Without sequence","4.0",""
"30/03/2024 06:00:00 - 30/03/2024 07:00:00","BZN|ES","Without sequence","6.0",""
"30/03/2024 07:00:00 - 30/03/2024 08:00:00","BZN|ES","Without sequence","5.04",""
"30/03/2024 08:00:00 - 30/03/2024 09:00:00","BZN|ES","Without sequence","3.2",""
"30/03/2024 09:00:00 - 30/03/2024 10:00:00","BZN|ES","Without sequence","1.0",""
"30/03/2024 10:00:00 - 30/03/2024 11:00:00","BZN|ES","Without sequence","0.58",""
"30/03/2024 11:00:00 - 30/03/2024 12:00:00","BZN|ES","Without sequence","0.43",""
"30/03/2024 12:00:00 - 30/03/2024 13:00:00","BZN|ES","Without sequence","0.43",""
"30/03/2024 13:00:00 - 30/03/2024 14:00:00","BZN|ES","Without sequence","0.43",""
"30/03/2024 14:00:00 - 30/03/2024 15:00:00","BZN|ES","Without sequence","0.43",""
"30/03/2024 15:00:00 - 30/03/2024 16:00:00","BZN|ES","Without sequence","0.43",""
"30/03/2024 16:00:00 - 30/03/2024 17:00:00","BZN|ES","Without sequence","0.5",""
"30/03/2024 17:00:00 - 30/03/2024 18:00:00","BZN|ES","Without sequence","1.47",""
"30/03/2024 18:00:00 - 30/03/2024 19:00:00","BZN|ES","Without sequence","3.5",""
"30/03/2024 19:00:00 - 30/03/2024 20:00:00","BZN|ES","Without sequence","9.36",""
"30/03/2024 20:00:00 - 30/03/2024 21:00:00","BZN|ES","Without sequence","16.7",""
"30/03/2024 21:00:00 - 30/03/2024 22:00:00","BZN|ES","Without sequence","16.27",""
"30/03/2024 22:00:00 - 30/03/2024 23:00:00","BZN|ES","Without sequence","6.66",""
"30/03/2024 23:00:00 - 31/03/2024 00:00:00","BZN|ES","Without sequence","3.38",""
"31/03/2024 00:00:00 - 31/03/2024 01:00:00","BZN|ES","Without sequence","3.2",""
"31/03/2024 01:00:00 - 31/03/2024 03:00:00","BZN|ES","Without sequence","1.63",""
"31/03/2024 03:00:00 - 31/03/2024 04:00:00","BZN|ES","Without sequence","0.5",""
"31/03/2024 04:00:00 - 31/03/2024 05:00:00","BZN|ES","Without sequence","0.5",""
"31/03/2024 05:00:00 - 31/03/2024 06:00:00","BZN|ES","Without sequence","0.5",""
"31/03/2024 06:00:00 - 31/03/2024 07:00:00","BZN|ES","Without sequence","0.6",""
"31/03/2024 07:00:00 - 31/03/2024 08:00:00","BZN|ES","Without sequence","0.5",""
"31/03/2024 08:00:00 - 31/03/2024 09:00:00","BZN|ES","Without sequence","0.6",""
"31/03/2024 09:00:00 - 31/03/2024 10:00:00","BZN|ES","Without sequence","0.5",""
"31/03/2024 10:00:00 - 31/03/2024 11:00:00","BZN|ES","Without sequence","0.5",""
"31/03/2024 11:00:00 - 31/03/2024 12:00:00","BZN|ES","Without sequence","0.4",""
"31/03/2024 12:00:00 - 31/03/2024 13:00:00","BZN|ES","Without sequence","0.0",""
"31/03/2024 13:00:00 - 31/03/2024 14:00:00","BZN|ES","Without sequence","0.0",""
"31/03/2024 14:00:00 - 31/03/2024 15:00:00","BZN|ES","Without sequence","0.0",""
"31/03/2024 15:00:00 - 31/03/2024 16:00:00","BZN|ES","Without sequence","0.0",""
"31/03/2024 16:00:00 - 31/03/2024 17:00:00","BZN|ES","Without sequence","0.0",""
"31/03/2024 17:00:00 - 31/03/2024 18:00:00","BZN|ES","Without sequence","0.0",""
"31/03/2024 18:00:00 - 31/03/2024 19:00:00","BZN|ES","Without sequence","0.0",""
"31/03/2024 19:00:00 - 31/03/2024 20:00:00","BZN|ES","Without sequence","0.0",""
"31/03/2024 20:00:00 - 31/03/2024 21:00:00","BZN|ES","Without sequence","1.69",""
"31/03/2024 21:00:00 - 31/03/2024 22:00:00","BZN|ES","Without sequence","3.2",""
"31/03/2024 22:00:00 - 31/03/2024 23:00:00","BZN|ES","Without sequence","3.2",""
"31/03/2024 23:00:00 - 01/04/2024 00:00:00","BZN|ES","Without sequence","1.63",""
"01/04/2024 00:00:00 - 01/04/2024 01:00:00","BZN|ES","Without sequence","0.7",""
"01/04/2024 01:00:00 - 01/04/2024 02:00:00","BZN|ES","Without sequence","0.02",""
"01/04/2024 02:00:00 - 01/04/2024 03:00:00","BZN|ES","Without sequence","0.0",""
"01/04/2024 03:00:00 - 01/04/2024 04:00:00","BZN|ES","Without sequence","0.0",""
"01/04/2024 04:00:00 - 01/04/2024 05:00:00","BZN|ES","Without sequence","0.0",""
"01/04/2024 05:00:00 - 01/04/2024 06:00:00","BZN|ES","Without sequence","0.0",""
"01/04/2024 06:00:00 - 01/04/2024 07:00:00","BZN|ES","Without sequence","0.13",""
"01/04/2024 07:00:00 - 01/04/2024 08:00:00","BZN|ES","Without sequence","1.19",""
"01/04/2024 08:00:00 - 01/04/2024 09:00:00","BZN|ES","Without sequence","0.94",""
"01/04/2024 09:00:00 - 01/04/2024 10:00:00","BZN|ES","Without sequence","0.13",""
"01/04/2024 10:00:00 - 01/04/2024 11:00:00","BZN|ES","Without sequence","0.0",""
"01/04/2024 11:00:00 - 01/04/2024 12:00:00","BZN|ES","Without sequence","0.0",""
"01/04/2024 12:00:00 - 01/04/2024 13:00:00","BZN|ES","Without sequence","0.0",""
"01/04/2024 13:00:00 - 01/04/2024 14:00:00","BZN|ES","Without sequence","0.0",""
"01/04/2024 14:00:00 - 01/04/2024 15:00:00","BZN|ES","Without sequence","-0.01",""
"01/04/2024 15:00:00 - 01/04/2024 16:00:00","BZN|ES","Without sequence","-0.01",""
"01/04/2024 16:00:00 - 01/04/2024 17:00:00","BZN|ES","Without sequence","-0.01",""
"01/04/2024 17:00:00 - 01/04/2024 18:00:00","BZN|ES","Without sequence","0.0",""
"01/04/2024 18:00:00 - 01/04/2024 19:00:00","BZN|ES","Without sequence","0.0",""
"01/04/2024 19:00:00 - 01/04/2024 20:00:00","BZN|ES","Without sequence","0.44",""
"01/04/2024 20:00:00 - 01/04/2024 21:00:00","BZN|ES","Without sequence","11.33",""
"01/04/2024 21:00:00 - 01/04/2024 22:00:00","BZN|ES","Without sequence","21.43",""
"01/04/2024 22:00:00 - 01/04/2024 23:00:00","BZN|ES","Without sequence","17.47",""
"01/04/2024 23:00:00 - 02/04/2024 00:00:00","BZN|ES","Without sequence","12.58",""
"02/04/2024 00:00:00 - 02/04/2024 01:00:00","BZN|ES","Without sequence","3.6",""
"02/04/2024 01:00:00 - 02/04/2024 02:00:00","BZN|ES","Without sequence","3.25",""
"02/04/2024 02:00:00 - 02/04/2024 03:00:00","BZN|ES","Without sequence","3.25",""
"02/04/2024 03:00:00 - 02/04/2024 04:00:00","BZN|ES","Without sequence","1.63",""
"02/04/2024 04:00:00 - 02/04/2024 05:00:00","BZN|ES","Without sequence","2.0",""
"02/04/2024 05:00:00 - 02/04/2024 06:00:00","BZN|ES","Without sequence","3.25",""
"02/04/2024 06:00:00 - 02/04/2024 07:00:00","BZN|ES","Without sequence","20.0",""
"02/04/2024 07:00:00 - 02/04/2024 08:00:00","BZN|ES","Without sequence","35.0",""
"02/04/2024 08:00:00 - 02/04/2024 09:00:00","BZN|ES","Without sequence","35.0",""
"02/04/2024 09:00:00 - 02/04/2024 10:00:00","BZN|ES","Without sequence","10.02",""
"02/04/2024 10:00:00 - 02/04/2024 11:00:00","BZN|ES","Without sequence","1.63",""
"02/04/2024 11:00:00 - 02/04/2024 12:00:00","BZN|ES","Without sequence","0.44",""
"02/04/2024 12:00:00 - 02/04/2024 13:00:00","BZN|ES","Without sequence","0.44",""
"02/04/2024 13:00:00 - 02/04/2024 14:00:00","BZN|ES","Without sequence","0.01",""
"02/04/2024 14:00:00 - 02/04/2024 15:00:00","BZN|ES","Without sequence","0.0",""
"02/04/2024 15:00:00 - 02/04/2024 16:00:00","BZN|ES","Without sequence","0.0",""
"02/04/2024 16:00:00 - 02/04/2024 17:00:00","BZN|ES","Without sequence","0.01",""
"02/04/2024 17:00:00 - 02/04/2024 18:00:00","BZN|ES","Without sequence","0.94",""
"02/04/2024 18:00:00 - 02/04/2024 19:00:00","BZN|ES","Without sequence","2.77",""
"02/04/2024 19:00:00 - 02/04/2024 20:00:00","BZN|ES","Without sequence","8.69",""
"02/04/2024 20:00:00 - 02/04/2024 21:00:00","BZN|ES","Without sequence","34.9",""
"02/04/2024 21:00:00 - 02/04/2024 22:00:00","BZN|ES","Without sequence","35.0",""
"02/04/2024 22:00:00 - 02/04/2024 23:00:00","BZN|ES","Without sequence","29.6",""
"02/04/2024 23:00:00 - 03/04/2024 00:00:00","BZN|ES","Without sequence","5.0",""
"03/04/2024 00:00:00 - 03/04/2024 01:00:00","BZN|ES","Without sequence","3.25",""
"03/04/2024 01:00:00 - 03/04/2024 02:00:00","BZN|ES","Without sequence","1.68",""
"03/04/2024 02:00:00 - 03/04/2024 03:00:00","BZN|ES","Without sequence","1.35",""
"03/04/2024 03:00:00 - 03/04/2024 04:00:00","BZN|ES","Without sequence","1.0",""
"03/04/2024 04:00:00 - 03/04/2024 05:00:00","BZN|ES","Without sequence","0.09",""
"03/04/2024 05:00:00 - 03/04/2024 06:00:00","BZN|ES","Without sequence","1.0",""
"03/04/2024 06:00:00 - 03/04/2024 07:00:00","BZN|ES","Without sequence","3.25",""
"03/04/2024 07:00:00 - 03/04/2024 08:00:00","BZN|ES","Without sequence","28.07",""
"03/04/2024 08:00:00 - 03/04/2024 09:00:00","BZN|ES","Without sequence","34.9",""
"03/04/2024 09:00:00 - 03/04/2024 10:00:00","BZN|ES","Without sequence","5.5",""
"03/04/2024 10:00:00 - 03/04/2024 11:00:00","BZN|ES","Without sequence","2.0",""
"03/04/2024 11:00:00 - 03/04/2024 12:00:00","BZN|ES","Without sequence","0.44",""
"03/04/2024 12:00:00 - 03/04/2024 13:00:00","BZN|ES","Without sequence","0.0",""
"03/04/2024 13:00:00 - 03/04/2024 14:00:00","BZN|ES","Without sequence","0.0",""
"03/04/2024 14:00:00 - 03/04/2024 15:00:00","BZN|ES","Without sequence","0.0",""
"03/04/2024 15:00:00 - 03/04/2024 16:00:00","BZN|ES","Without sequence","0.0",""
"03/04/2024 16:00:00 - 03/04/2024 17:00:00","BZN|ES","Without sequence","0.0",""
"03/04/2024 17:00:00 - 03/04/2024 18:00:00","BZN|ES","Without sequence","0.0",""
"03/04/2024 18:00:00 - 03/04/2024 19:00:00","BZN|ES","Without sequence","0.4",""
"03/04/2024 19:00:00 - 03/04/2024 20:00:00","BZN|ES","Without sequence","6.76",""
"03/04/2024 20:00:00 - 03/04/2024 21:00:00","BZN|ES","Without sequence","35.0",""
"03/04/2024 21:00:00 - 03/04/2024 22:00:00","BZN|ES","Without sequence","35.0",""
"03/04/2024 22:00:00 - 03/04/2024 23:00:00","BZN|ES","Without sequence","31.62",""
"03/04/2024 23:00:00 - 04/04/2024 00:00:00","BZN|ES","Without sequence","25.43",""
"04/04/2024 00:00:00 - 04/04/2024 01:00:00","BZN|ES","Without sequence","2.6",""
"04/04/2024 01:00:00 - 04/04/2024 02:00:00","BZN|ES","Without sequence","0.44",""
"04/04/2024 02:00:00 - 04/04/2024 03:00:00","BZN|ES","Without sequence","3.25",""
"04/04/2024 03:00:00 - 04/04/2024 04:00:00","BZN|ES","Without sequence","4.99",""
"04/04/2024 04:00:00 - 04/04/2024 05:00:00","BZN|ES","Without sequence","3.25",""
"04/04/2024 05:00:00 - 04/04/2024 06:00:00","BZN|ES","Without sequence","3.25",""
"04/04/2024 06:00:00 - 04/04/2024 07:00:00","BZN|ES","Without sequence","3.25",""
"04/04/2024 07:00:00 - 04/04/2024 08:00:00","BZN|ES","Without sequence","11.19",""
"04/04/2024 08:00:00 - 04/04/2024 09:00:00","BZN|ES","Without sequence","13.47",""
"04/04/2024 09:00:00 - 04/04/2024 10:00:00","BZN|ES","Without sequence","3.74",""
"04/04/2024 10:00:00 - 04/04/2024 11:00:00","BZN|ES","Without sequence","0.44",""
"04/04/2024 11:00:00 - 04/04/2024 12:00:00","BZN|ES","Without sequence","0.0",""
"04/04/2024 12:00:00 - 04/04/2024 13:00:00","BZN|ES","Without sequence","0.0",""
"04/04/2024 13:00:00 - 04/04/2024 14:00:00","BZN|ES","Without sequence","0.0",""
"04/04/2024 14:00:00 - 04/04/2024 15:00:00","BZN|ES","Without sequence","0.0",""
"04/04/2024 15:00:00 - 04/04/2024 16:00:00","BZN|ES","Without sequence","0.0",""
"04/04/2024 16:00:00 - 04/04/2024 17:00:00","BZN|ES","Without sequence","0.0",""
"04/04/2024 17:00:00 - 04/04/2024 18:00:00","BZN|ES","Without sequence","0.0",""
"04/04/2024 18:00:00 - 04/04/2024 19:00:00","BZN|ES","Without sequence","0.0",""
"04/04/2024 19:00:00 - 04/04/2024 20:00:00","BZN|ES","Without sequence","3.25",""
"04/04/2024 20:00:00 - 04/04/2024 21:00:00","BZN|ES","Without sequence","10.0",""
"04/04/2024 21:00:00 - 04/04/2024 22:00:00","BZN|ES","Without sequence","25.0",""
"04/04/2024 22:00:00 - 04/04/2024 23:00:00","BZN|ES","Without sequence","4.6",""
"04/04/2024 23:00:00 - 05/04/2024 00:00:00","BZN|ES","Without sequence","3.25",""
"05/04/2024 00:00:00 - 05/04/2024 01:00:00","BZN|ES","Without sequence","0.44",""
"05/04/2024 01:00:00 - 05/04/2024 02:00:00","BZN|ES","Without sequence","0.48",""
"05/04/2024 02:00:00 - 05/04/2024 03:00:00","BZN|ES","Without sequence","0.01",""
"05/04/2024 03:00:00 - 05/04/2024 04:00:00","BZN|ES","Without sequence","0.0",""
"05/04/2024 04:00:00 - 05/04/2024 05:00:00","BZN|ES","Without sequence","0.0",""
"05/04/2024 05:00:00 - 05/04/2024 06:00:00","BZN|ES","Without sequence","0.0",""
"05/04/2024 06:00:00 - 05/04/2024 07:00:00","BZN|ES","Without sequence","0.4",""
"05/04/2024 07:00:00 - 05/04/2024 08:00:00","BZN|ES","Without sequence","3.25",""
"05/04/2024 08:00:00 - 05/04/2024 09:00:00","BZN|ES","Without sequence","2.97",""
"05/04/2024 09:00:00 - 05/04/2024 10:00:00","BZN|ES","Without sequence","0.0",""
"05/04/2024 10:00:00 - 05/04/2024 11:00:00","BZN|ES","Without sequence","0.0",""
"05/04/2024 11:00:00 - 05/04/2024 12:00:00","BZN|ES","Without sequence","0.0",""
"05/04/2024 12:00:00 - 05/04/2024 13:00:00","BZN|ES","Without sequence","0.0",""
"05/04/2024 13:00:00 - 05/04/2024 14:00:00","BZN|ES","Without sequence","0.0",""
"05/04/2024 14:00:00 - 05/04/2024 15:00:00","BZN|ES","Without sequence","-0.01",""
"05/04/2024 15:00:00 - 05/04/2024 16:00:00","BZN|ES","Without sequence","-0.01",""
"05/04/2024 16:00:00 - 05/04/2024 17:00:00","BZN|ES","Without sequence","0.0",""
"05/04/2024 17:00:00 - 05/04/2024 18:00:00","BZN|ES","Without sequence","0.0",""
"05/04/2024 18:00:00 - 05/04/2024 19:00:00","BZN|ES","Without sequence","0.0",""
"05/04/2024 19:00:00 - 05/04/2024 20:00:00","BZN|ES","Without sequence","0.0",""
"05/04/2024 20:00:00 - 05/04/2024 21:00:00","BZN|ES","Without sequence","0.02",""
"05/04/2024 21:00:00 - 05/04/2024 22:00:00","BZN|ES","Without sequence","2.0",""
"05/04/2024 22:00:00 - 05/04/2024 23:00:00","BZN|ES","Without sequence","1.0",""
"05/04/2024 23:00:00 - 06/04/2024 00:00:00","BZN|ES","Without sequence","0.0",""
"06/04/2024 00:00:00 - 06/04/2024 01:00:00","BZN|ES","Without sequence","0.0",""
"06/04/2024 01:00:00 - 06/04/2024 02:00:00","BZN|ES","Without sequence","0.0",""
"06/04/2024 02:00:00 - 06/04/2024 03:00:00","BZN|ES","Without sequence","0.0",""
"06/04/2024 03:00:00 - 06/04/2024 04:00:00","BZN|ES","Without sequence","0.0",""
"06/04/2024 04:00:00 - 06/04/2024 05:00:00","BZN|ES","Without sequence","0.0",""
"06/04/2024 05:00:00 - 06/04/2024 06:00:00","BZN|ES","Without sequence","0.0",""
"06/04/2024 06:00:00 - 06/04/2024 07:00:00","BZN|ES","Without sequence","0.0",""
"06/04/2024 07:00:00 - 06/04/2024 08:00:00","BZN|ES","Without sequence","0.0",""
"06/04/2024 08:00:00 - 06/04/2024 09:00:00","BZN|ES","Without sequence","0.0",""
"06/04/2024 09:00:00 - 06/04/2024 10:00:00","BZN|ES","Without sequence","0.0",""
"06/04/2024 10:00:00 - 06/04/2024 11:00:00","BZN|ES","Without sequence","-0.01",""
"06/04/2024 11:00:00 - 06/04/2024 12:00:00","BZN|ES","Without sequence","-0.01",""
"06/04/2024 12:00:00 - 06/04/2024 13:00:00","BZN|ES","Without sequence","-0.01",""
"06/04/2024 13:00:00 - 06/04/2024 14:00:00","BZN|ES","Without sequence","-0.01",""
"06/04/2024 14:00:00 - 06/04/2024 15:00:00","BZN|ES","Without sequence","-0.01",""
"06/04/2024 15:00:00 - 06/04/2024 16:00:00","BZN|ES","Without sequence","-0.02",""
"06/04/2024 16:00:00 - 06/04/2024 17:00:00","BZN|ES","Without sequence","-0.01",""
"06/04/2024 17:00:00 - 06/04/2024 18:00:00","BZN|ES","Without sequence","-0.01",""
"06/04/2024 18:00:00 - 06/04/2024 19:00:00","BZN|ES","Without sequence","0.0",""
"06/04/2024 19:00:00 - 06/04/2024 20:00:00","BZN|ES","Without sequence","0.01",""
"06/04/2024 20:00:00 - 06/04/2024 21:00:00","BZN|ES","Without sequence","3.25",""
"06/04/2024 21:00:00 - 06/04/2024 22:00:00","BZN|ES","Without sequence","8.0",""
"06/04/2024 22:00:00 - 06/04/2024 23:00:00","BZN|ES","Without sequence","3.44",""
"06/04/2024 23:00:00 - 07/04/2024 00:00:00","BZN|ES","Without sequence","3.25",""
"07/04/2024 00:00:00 - 07/04/2024 01:00:00","BZN|ES","Without sequence","0.97",""
"07/04/2024 01:00:00 - 07/04/2024 02:00:00","BZN|ES","Without sequence","0.15",""
"07/04/2024 02:00:00 - 07/04/2024 03:00:00","BZN|ES","Without sequence","0.0",""
"07/04/2024 03:00:00 - 07/04/2024 04:00:00","BZN|ES","Without sequence","0.0",""
"07/04/2024 04:00:00 - 07/04/2024 05:00:00","BZN|ES","Without sequence","0.0",""
"07/04/2024 05:00:00 - 07/04/2024 06:00:00","BZN|ES","Without sequence","0.0",""
"07/04/2024 06:00:00 - 07/04/2024 07:00:00","BZN|ES","Without sequence","0.0",""
"07/04/2024 07:00:00 - 07/04/2024 08:00:00","BZN|ES","Without sequence","0.0",""
"07/04/2024 08:00:00 - 07/04/2024 09:00:00","BZN|ES","Without sequence","0.0",""
"07/04/2024 09:00:00 - 07/04/2024 10:00:00","BZN|ES","Without sequence","0.0",""
"07/04/2024 10:00:00 - 07/04/2024 11:00:00","BZN|ES","Without sequence","0.0",""
"07/04/2024 11:00:00 - 07/04/2024 12:00:00","BZN|ES","Without sequence","0.0",""
"07/04/2024 12:00:00 - 07/04/2024 13:00:00","BZN|ES","Without sequence","0.0",""
"07/04/2024 13:00:00 - 07/04/2024 14:00:00","BZN|ES","Without sequence","-0.01",""
"07/04/2024 14:00:00 - 07/04/2024 15:00:00","BZN|ES","Without sequence","-0.01",""
"07/04/2024 15:00:00 - 07/04/2024 16:00:00","BZN|ES","Without sequence","-0.01",""
"07/04/2024 16:00:00 - 07/04/2024 17:00:00","BZN|ES","Without sequence","-0.01",""
"07/04/2024 17:00:00 - 07/04/2024 18:00:00","BZN|ES","Without sequence","0.0",""
"07/04/2024 18:00:00 - 07/04/2024 19:00:00","BZN|ES","Without sequence","0.0",""
"07/04/2024 19:00:00 - 07/04/2024 20:00:00","BZN|ES","Without sequence","0.4",""
"07/04/2024 20:00:00 - 07/04/2024 21:00:00","BZN|ES","Without sequence","25.0",""
"07/04/2024 21:00:00 - 07/04/2024 22:00:00","BZN|ES","Without sequence","35.0",""
"07/04/2024 22:00:00 - 07/04/2024 23:00:00","BZN|ES","Without sequence","25.0",""
"07/04/2024 23:00:00 - 08/04/2024 00:00:00","BZN|ES","Without sequence","10.66",""
"08/04/2024 00:00:00 - 08/04/2024 01:00:00","BZN|ES","Without sequence","1.33",""
"08/04/2024 01:00:00 - 08/04/2024 02:00:00","BZN|ES","Without sequence","0.0",""
"08/04/2024 02:00:00 - 08/04/2024 03:00:00","BZN|ES","Without sequence","0.0",""
"08/04/2024 03:00:00 - 08/04/2024 04:00:00","BZN|ES","Without sequence","0.0",""
"08/04/2024 04:00:00 - 08/04/2024 05:00:00","BZN|ES","Without sequence","0.0",""
"08/04/2024 05:00:00 - 08/04/2024 06:00:00","BZN|ES","Without sequence","0.0",""
"08/04/2024 06:00:00 - 08/04/2024 07:00:00","BZN|ES","Without sequence","0.0",""
"08/04/2024 07:00:00 - 08/04/2024 08:00:00","BZN|ES","Without sequence","3.25",""
"08/04/2024 08:00:00 - 08/04/2024 09:00:00","BZN|ES","Without sequence","3.25",""
"08/04/2024 09:00:00 - 08/04/2024 10:00:00","BZN|ES","Without sequence","0.0",""
"08/04/2024 10:00:00 - 08/04/2024 11:00:00","BZN|ES","Without sequence","0.0",""
"08/04/2024 11:00:00 - 08/04/2024 12:00:00","BZN|ES","Without sequence","0.0",""
"08/04/2024 12:00:00 - 08/04/2024 13:00:00","BZN|ES","Without sequence","0.0",""
"08/04/2024 13:00:00 - 08/04/2024 14:00:00","BZN|ES","Without sequence","0.0",""
"08/04/2024 14:00:00 - 08/04/2024 15:00:00","BZN|ES","Without sequence","0.0",""
"08/04/2024 15:00:00 - 08/04/2024 16:00:00","BZN|ES","Without sequence","0.0",""
"08/04/2024 16:00:00 - 08/04/2024 17:00:00","BZN|ES","Without sequence","-0.01",""
"08/04/2024 17:00:00 - 08/04/2024 18:00:00","BZN|ES","Without sequence","0.0",""
"08/04/2024 18:00:00 - 08/04/2024 19:00:00","BZN|ES","Without sequence","0.0",""
"08/04/2024 19:00:00 - 08/04/2024 20:00:00","BZN|ES","Without sequence","0.0",""
"08/04/2024 20:00:00 - 08/04/2024 21:00:00","BZN|ES","Without sequence","0.44",""
"08/04/2024 21:00:00 - 08/04/2024 22:00:00","BZN|ES","Without sequence","3.25",""
"08/04/2024 22:00:00 - 08/04/2024 23:00:00","BZN|ES","Without sequence","1.0",""
"08/04/2024 23:00:00 - 09/04/2024 00:00:00","BZN|ES","Without sequence","0.0",""
"09/04/2024 00:00:00 - 09/04/2024 01:00:00","BZN|ES","Without sequence","0.0",""
"09/04/2024 01:00:00 - 09/04/2024 02:00:00","BZN|ES","Without sequence","0.0",""
"09/04/2024 02:00:00 - 09/04/2024 03:00:00","BZN|ES","Without sequence","0.0",""
"09/04/2024 03:00:00 - 09/04/2024 04:00:00","BZN|ES","Without sequence","0.0",""
"09/04/2024 04:00:00 - 09/04/2024 05:00:00","BZN|ES","Without sequence","0.0",""
"09/04/2024 05:00:00 - 09/04/2024 06:00:00","BZN|ES","Without sequence","0.0",""
"09/04/2024 06:00:00 - 09/04/2024 07:00:00","BZN|ES","Without sequence","0.0",""
"09/04/2024 07:00:00 - 09/04/2024 08:00:00","BZN|ES","Without sequence","0.0",""
"09/04/2024 08:00:00 - 09/04/2024 09:00:00","BZN|ES","Without sequence","0.0",""
"09/04/2024 09:00:00 - 09/04/2024 10:00:00","BZN|ES","Without sequence","0.0",""
"09/04/2024 10:00:00 - 09/04/2024 11:00:00","BZN|ES","Without sequence","0.0",""
"09/04/2024 11:00:00 - 09/04/2024 12:00:00","BZN|ES","Without sequence","-0.01",""
"09/04/2024 12:00:00 - 09/04/2024 13:00:00","BZN|ES","Without sequence","-0.02",""
"09/04/2024 13:00:00 - 09/04/2024 14:00:00","BZN|ES","Without sequence","-0.02",""
"09/04/2024 14:00:00 - 09/04/2024 15:00:00","BZN|ES","Without sequence","-0.02",""
"09/04/2024 15:00:00 - 09/04/2024 16:00:00","BZN|ES","Without sequence","-0.02",""
"09/04/2024 16:00:00 - 09/04/2024 17:00:00","BZN|ES","Without sequence","-0.02",""
"09/04/2024 17:00:00 - 09/04/2024 18:00:00","BZN|ES","Without sequence","-0.02",""
"09/04/2024 18:00:00 - 09/04/2024 19:00:00","BZN|ES","Without sequence","0.0",""
"09/04/2024 19:00:00 - 09/04/2024 20:00:00","BZN|ES","Without sequence","0.01",""
"09/04/2024 20:00:00 - 09/04/2024 21:00:00","BZN|ES","Without sequence","5.0",""
"09/04/2024 21:00:00 - 09/04/2024 22:00:00","BZN|ES","Without sequence","14.72",""
"09/04/2024 22:00:00 - 09/04/2024 23:00:00","BZN|ES","Without sequence","6.35",""
"09/04/2024 23:00:00 - 10/04/2024 00:00:00","BZN|ES","Without sequence","5.0",""
"10/04/2024 00:00:00 - 10/04/2024 01:00:00","BZN|ES","Without sequence","4.21",""
"10/04/2024 01:00:00 - 10/04/2024 02:00:00","BZN|ES","Without sequence","3.25",""
"10/04/2024 02:00:00 - 10/04/2024 03:00:00","BZN|ES","Without sequence","1.0",""
"10/04/2024 03:00:00 - 10/04/2024 04:00:00","BZN|ES","Without sequence","0.44",""
"10/04/2024 04:00:00 - 10/04/2024 05:00:00","BZN|ES","Without sequence","0.35",""
"10/04/2024 05:00:00 - 10/04/2024 06:00:00","BZN|ES","Without sequence","1.0",""
"10/04/2024 06:00:00 - 10/04/2024 07:00:00","BZN|ES","Without sequence","2.17",""
"10/04/2024 07:00:00 - 10/04/2024 08:00:00","BZN|ES","Without sequence","35.0",""
"10/04/2024 08:00:00 - 10/04/2024 09:00:00","BZN|ES","Without sequence","7.68",""
"10/04/2024 09:00:00 - 10/04/2024 10:00:00","BZN|ES","Without sequence","0.0",""
"10/04/2024 10:00:00 - 10/04/2024 11:00:00","BZN|ES","Without sequence","-0.01",""
"10/04/2024 11:00:00 - 10/04/2024 12:00:00","BZN|ES","Without sequence","-0.03",""
"10/04/2024 12:00:00 - 10/04/2024 13:00:00","BZN|ES","Without sequence","-0.03",""
"10/04/2024 13:00:00 - 10/04/2024 14:00:00","BZN|ES","Without sequence","-0.03",""
"10/04/2024 14:00:00 - 10/04/2024 15:00:00","BZN|ES","Without sequence","-0.05",""
"10/04/2024 15:00:00 - 10/04/2024 16:00:00","BZN|ES","Without sequence","-0.05",""
"10/04/2024 16:00:00 - 10/04/2024 17:00:00","BZN|ES","Without sequence","-0.05",""
"10/04/2024 17:00:00 - 10/04/2024 18:00:00","BZN|ES","Without sequence","-0.05",""
"10/04/2024 18:00:00 - 10/04/2024 19:00:00","BZN|ES","Without sequence","-0.01",""
"10/04/2024 19:00:00 - 10/04/2024 20:00:00","BZN|ES","Without sequence","0.0",""
"10/04/2024 20:00:00 - 10/04/2024 21:00:00","BZN|ES","Without sequence","6.0",""
"10/04/2024 21:00:00 - 10/04/2024 22:00:00","BZN|ES","Without sequence","34.45",""
"10/04/2024 22:00:00 - 10/04/2024 23:00:00","BZN|ES","Without sequence","5.0",""
"10/04/2024 23:00:00 - 11/04/2024 00:00:00","BZN|ES","Without sequence","3.25",""
"11/04/2024 00:00:00 - 11/04/2024 01:00:00","BZN|ES","Without sequence","3.25",""
"11/04/2024 01:00:00 - 11/04/2024 02:00:00","BZN|ES","Without sequence","1.0",""
"11/04/2024 02:00:00 - 11/04/2024 03:00:00","BZN|ES","Without sequence","0.04",""
"11/04/2024 03:00:00 - 11/04/2024 04:00:00","BZN|ES","Without sequence","0.0",""
"11/04/2024 04:00:00 - 11/04/2024 05:00:00","BZN|ES","Without sequence","0.0",""
"11/04/2024 05:00:00 - 11/04/2024 06:00:00","BZN|ES","Without sequence","1.47",""
"11/04/2024 06:00:00 - 11/04/2024 07:00:00","BZN|ES","Without sequence","3.6",""
"11/04/2024 07:00:00 - 11/04/2024 08:00:00","BZN|ES","Without sequence","22.42",""
"11/04/2024 08:00:00 - 11/04/2024 09:00:00","BZN|ES","Without sequence","17.04",""
"11/04/2024 09:00:00 - 11/04/2024 10:00:00","BZN|ES","Without sequence","0.01",""
"11/04/2024 10:00:00 - 11/04/2024 11:00:00","BZN|ES","Without sequence","0.0",""
"11/04/2024 11:00:00 - 11/04/2024 12:00:00","BZN|ES","Without sequence","-0.01",""
"11/04/2024 12:00:00 - 11/04/2024 13:00:00","BZN|ES","Without sequence","-0.01",""
"11/04/2024 13:00:00 - 11/04/2024 14:00:00","BZN|ES","Without sequence","-0.01",""
"11/04/2024 14:00:00 - 11/04/2024 15:00:00","BZN|ES","Without sequence","-0.02",""
"11/04/2024 15:00:00 - 11/04/2024 16:00:00","BZN|ES","Without sequence","-0.01",""
"11/04/2024 16:00:00 - 11/04/2024 17:00:00","BZN|ES","Without sequence","-0.01",""
"11/04/2024 17:00:00 - 11/04/2024 18:00:00","BZN|ES","Without sequence","-0.01",""
"11/04/2024 18:00:00 - 11/04/2024 19:00:00","BZN|ES","Without sequence","0.0",""
"11/04/2024 19:00:00 - 11/04/2024 20:00:00","BZN|ES","Without sequence","4.9",""
"11/04/2024 20:00:00 - 11/04/2024 21:00:00","BZN|ES","Without sequence","60.0",""
"11/04/2024 21:00:00 - 11/04/2024 22:00:00","BZN|ES","Without sequence","70.95",""
"11/04/2024 22:00:00 - 11/04/2024 23:00:00","BZN|ES","Without sequence","70.01",""
"11/04/2024 23:00:00 - 12/04/2024 00:00:00","BZN|ES","Without sequence","34.08",""
"12/04/2024 00:00:00 - 12/04/2024 01:00:00","BZN|ES","Without sequence","23.77",""
"12/04/2024 01:00:00 - 12/04/2024 02:00:00","BZN|ES","Without sequence","15.37",""
"12/04/2024 02:00:00 - 12/04/2024 03:00:00","BZN|ES","Without sequence","12.5",""
"12/04/2024 03:00:00 - 12/04/2024 04:00:00","BZN|ES","Without sequence","11.94",""
"12/04/2024 04:00:00 - 12/04/2024 05:00:00","BZN|ES","Without sequence","12.49",""
"12/04/2024 05:00:00 - 12/04/2024 06:00:00","BZN|ES","Without sequence","16.93",""
"12/04/2024 06:00:00 - 12/04/2024 07:00:00","BZN|ES","Without sequence","33.47",""
"12/04/2024 07:00:00 - 12/04/2024 08:00:00","BZN|ES","Without sequence","78.44",""
"12/04/2024 08:00:00 - 12/04/2024 09:00:00","BZN|ES","Without sequence","74.04",""
"12/04/2024 09:00:00 - 12/04/2024 10:00:00","BZN|ES","Without sequence","5.85",""
"12/04/2024 10:00:00 - 12/04/2024 11:00:00","BZN|ES","Without sequence","0.0",""
"12/04/2024 11:00:00 - 12/04/2024 12:00:00","BZN|ES","Without sequence","0.0",""
"12/04/2024 12:00:00 - 12/04/2024 13:00:00","BZN|ES","Without sequence","0.0",""
"12/04/2024 13:00:00 - 12/04/2024 14:00:00","BZN|ES","Without sequence","-0.06",""
"12/04/2024 14:00:00 - 12/04/2024 15:00:00","BZN|ES","Without sequence","-0.06",""
"12/04/2024 15:00:00 - 12/04/2024 16:00:00","BZN|ES","Without sequence","-0.1",""
"12/04/2024 16:00:00 - 12/04/2024 17:00:00","BZN|ES","Without sequence","-0.03",""
"12/04/2024 17:00:00 - 12/04/2024 18:00:00","BZN|ES","Without sequence","0.0",""
"12/04/2024 18:00:00 - 12/04/2024 19:00:00","BZN|ES","Without sequence","0.0",""
"12/04/2024 19:00:00 - 12/04/2024 20:00:00","BZN|ES","Without sequence","15.77",""
"12/04/2024 20:00:00 - 12/04/2024 21:00:00","BZN|ES","Without sequence","39.35",""
"12/04/2024 21:00:00 - 12/04/2024 22:00:00","BZN|ES","Without sequence","74.23",""
"12/04/2024 22:00:00 - 12/04/2024 23:00:00","BZN|ES","Without sequence","38.05",""
"12/04/2024 23:00:00 - 13/04/2024 00:00:00","BZN|ES","Without sequence","26.67",""
"13/04/2024 00:00:00 - 13/04/2024 01:00:00","BZN|ES","Without sequence","24.15",""
"13/04/2024 01:00:00 - 13/04/2024 02:00:00","BZN|ES","Without sequence","17.73",""
"13/04/2024 02:00:00 - 13/04/2024 03:00:00","BZN|ES","Without sequence","17.15",""
"13/04/2024 03:00:00 - 13/04/2024 04:00:00","BZN|ES","Without sequence","11.13",""
"13/04/2024 04:00:00 - 13/04/2024 05:00:00","BZN|ES","Without sequence","7.74",""
"13/04/2024 05:00:00 - 13/04/2024 06:00:00","BZN|ES","Without sequence","6.79",""
"13/04/2024 06:00:00 - 13/04/2024 07:00:00","BZN|ES","Without sequence","10.39",""
"13/04/2024 07:00:00 - 13/04/2024 08:00:00","BZN|ES","Without sequence","11.76",""
"13/04/2024 08:00:00 - 13/04/2024 09:00:00","BZN|ES","Without sequence","13.26",""
"13/04/2024 09:00:00 - 13/04/2024 10:00:00","BZN|ES","Without sequence","0.01",""
"13/04/2024 10:00:00 - 13/04/2024 11:00:00","BZN|ES","Without sequence","-0.02",""
"13/04/2024 11:00:00 - 13/04/2024 12:00:00","BZN|ES","Without sequence","-0.1",""
"13/04/2024 12:00:00 - 13/04/2024 13:00:00","BZN|ES","Without sequence","-0.1",""
"13/04/2024 13:00:00 - 13/04/2024 14:00:00","BZN|ES","Without sequence","-0.1",""
"13/04/2024 14:00:00 - 13/04/2024 15:00:00","BZN|ES","Without sequence","-0.2",""
"13/04/2024 15:00:00 - 13/04/2024 16:00:00","BZN|ES","Without sequence","-0.4",""
"13/04/2024 16:00:00 - 13/04/2024 17:00:00","BZN|ES","Without sequence","-0.4",""
"13/04/2024 17:00:00 - 13/04/2024 18:00:00","BZN|ES","Without sequence","-0.08",""
"13/04/2024 18:00:00 - 13/04/2024 19:00:00","BZN|ES","Without sequence","0.0",""
"13/04/2024 19:00:00 - 13/04/2024 20:00:00","BZN|ES","Without sequence","3.25",""
"13/04/2024 20:00:00 - 13/04/2024 21:00:00","BZN|ES","Without sequence","24.96",""
"13/04/2024 21:00:00 - 13/04/2024 22:00:00","BZN|ES","Without sequence","35.0",""
"13/04/2024 22:00:00 - 13/04/2024 23:00:00","BZN|ES","Without sequence","24.26",""
"13/04/2024 23:00:00 - 14/04/2024 00:00:00","BZN|ES","Without sequence","13.83",""
"14/04/2024 00:00:00 - 14/04/2024 01:00:00","BZN|ES","Without sequence","5.79",""
"14/04/2024 01:00:00 - 14/04/2024 02:00:00","BZN|ES","Without sequence","2.74",""
"14/04/2024 02:00:00 - 14/04/2024 03:00:00","BZN|ES","Without sequence","1.69",""
"14/04/2024 03:00:00 - 14/04/2024 04:00:00","BZN|ES","Without sequence","1.51",""
"14/04/2024 04:00:00 - 14/04/2024 05:00:00","BZN|ES","Without sequence","3.25",""
"14/04/2024 05:00:00 - 14/04/2024 06:00:00","BZN|ES","Without sequence","6.35",""
"14/04/2024 06:00:00 - 14/04/2024 07:00:00","BZN|ES","Without sequence","12.86",""
"14/04/2024 07:00:00 - 14/04/2024 08:00:00","BZN|ES","Without sequence","13.0",""
"14/04/2024 08:00:00 - 14/04/2024 09:00:00","BZN|ES","Without sequence","5.6",""
"14/04/2024 09:00:00 - 14/04/2024 10:00:00","BZN|ES","Without sequence","0.0",""
"14/04/2024 10:00:00 - 14/04/2024 11:00:00","BZN|ES","Without sequence","-0.53",""
"14/04/2024 11:00:00 - 14/04/2024 12:00:00","BZN|ES","Without sequence","-1.0",""
"14/04/2024 12:00:00 - 14/04/2024 13:00:00","BZN|ES","Without sequence","-1.0",""
"14/04/2024 13:00:00 - 14/04/2024 14:00:00","BZN|ES","Without sequence","-1.0",""
"14/04/2024 14:00:00 - 14/04/2024 15:00:00","BZN|ES","Without sequence","-1.0",""
"14/04/2024 15:00:00 - 14/04/2024 16:00:00","BZN|ES","Without sequence","-1.01",""
"14/04/2024 16:00:00 - 14/04/2024 17:00:00","BZN|ES","Without sequence","-1.01",""
"14/04/2024 17:00:00 - 14/04/2024 18:00:00","BZN|ES","Without sequence","-0.25",""
"14/04/2024 18:00:00 - 14/04/2024 19:00:00","BZN|ES","Without sequence","-0.02",""
"14/04/2024 19:00:00 - 14/04/2024 20:00:00","BZN|ES","Without sequence","2.5",""
"14/04/2024 20:00:00 - 14/04/2024 21:00:00","BZN|ES","Without sequence","18.41",""
"14/04/2024 21:00:00 - 14/04/2024 22:00:00","BZN|ES","Without sequence","30.77",""
"14/04/2024 22:00:00 - 14/04/2024 23:00:00","BZN|ES","Without sequence","19.72",""
"14/04/2024 23:00:00 - 15/04/2024 00:00:00","BZN|ES","Without sequence","17.0",""
"15/04/2024 00:00:00 - 15/04/2024 01:00:00","BZN|ES","Without sequence","7.3",""
"15/04/2024 01:00:00 - 15/04/2024 02:00:00","BZN|ES","Without sequence","3.25",""
"15/04/2024 02:00:00 - 15/04/2024 03:00:00","BZN|ES","Without sequence","1.77",""
"15/04/2024 03:00:00 - 15/04/2024 04:00:00","BZN|ES","Without sequence","0.44",""
"15/04/2024 04:00:00 - 15/04/2024 05:00:00","BZN|ES","Without sequence","0.03",""
"15/04/2024 05:00:00 - 15/04/2024 06:00:00","BZN|ES","Without sequence","0.07",""
"15/04/2024 06:00:00 - 15/04/2024 07:00:00","BZN|ES","Without sequence","1.0",""
"15/04/2024 07:00:00 - 15/04/2024 08:00:00","BZN|ES","Without sequence","10.75",""
"15/04/2024 08:00:00 - 15/04/2024 09:00:00","BZN|ES","Without sequence","18.7",""
"15/04/2024 09:00:00 - 15/04/2024 10:00:00","BZN|ES","Without sequence","1.5",""
"15/04/2024 10:00:00 - 15/04/2024 11:00:00","BZN|ES","Without sequence","0.0",""
"15/04/2024 11:00:00 - 15/04/2024 12:00:00","BZN|ES","Without sequence","0.0",""
"15/04/2024 12:00:00 - 15/04/2024 13:00:00","BZN|ES","Without sequence","-0.01",""
"15/04/2024 13:00:00 - 15/04/2024 14:00:00","BZN|ES","Without sequence","-0.04",""
"15/04/2024 14:00:00 - 15/04/2024 15:00:00","BZN|ES","Without sequence","-0.1",""
"15/04/2024 15:00:00 - 15/04/2024 16:00:00","BZN|ES","Without sequence","-0.32",""
"15/04/2024 16:00:00 - 15/04/2024 17:00:00","BZN|ES","Without sequence","-1.0",""
"15/04/2024 17:00:00 - 15/04/2024 18:00:00","BZN|ES","Without sequence","-0.09",""
"15/04/2024 18:00:00 - 15/04/2024 19:00:00","BZN|ES","Without sequence","0.0",""
"15/04/2024 19:00:00 - 15/04/2024 20:00:00","BZN|ES","Without sequence","0.44",""
"15/04/2024 20:00:00 - 15/04/2024 21:00:00","BZN|ES","Without sequence","10.0",""
"15/04/2024 21:00:00 - 15/04/2024 22:00:00","BZN|ES","Without sequence","19.72",""
"15/04/2024 22:00:00 - 15/04/2024 23:00:00","BZN|ES","Without sequence","6.0",""
"15/04/2024 23:00:00 - 16/04/2024 00:00:00","BZN|ES","Without sequence","4.2",""
"16/04/2024 00:00:00 - 16/04/2024 01:00:00","BZN|ES","Without sequence","0.44",""
"16/04/2024 01:00:00 - 16/04/2024 02:00:00","BZN|ES","Without sequence","0.0",""
"16/04/2024 02:00:00 - 16/04/2024 03:00:00","BZN|ES","Without sequence","0.0",""
"16/04/2024 03:00:00 - 16/04/2024 04:00:00","BZN|ES","Without sequence","0.0",""
"16/04/2024 04:00:00 - 16/04/2024 05:00:00","BZN|ES","Without sequence","0.0",""
"16/04/2024 05:00:00 - 16/04/2024 06:00:00","BZN|ES","Without sequence","0.0",""
"16/04/2024 06:00:00 - 16/04/2024 07:00:00","BZN|ES","Without sequence","0.08",""
"16/04/2024 07:00:00 - 16/04/2024 08:00:00","BZN|ES","Without sequence","6.0",""
"16/04/2024 08:00:00 - 16/04/2024 09:00:00","BZN|ES","Without sequence","4.47",""
"16/04/2024 09:00:00 - 16/04/2024 10:00:00","BZN|ES","Without sequence","0.0",""
"16/04/2024 10:00:00 - 16/04/2024 11:00:00","BZN|ES","Without sequence","-0.01",""
"16/04/2024 11:00:00 - 16/04/2024 12:00:00","BZN|ES","Without sequence","-0.01",""
"16/04/2024 12:00:00 - 16/04/2024 13:00:00","BZN|ES","Without sequence","-0.03",""
"16/04/2024 13:00:00 - 16/04/2024 14:00:00","BZN|ES","Without sequence","-0.1",""
"16/04/2024 14:00:00 - 16/04/2024 15:00:00","BZN|ES","Without sequence","-0.1",""
"16/04/2024 15:00:00 - 16/04/2024 16:00:00","BZN|ES","Without sequence","-0.1",""
"16/04/2024 16:00:00 - 16/04/2024 17:00:00","BZN|ES","Without sequence","-0.13",""
"16/04/2024 17:00:00 - 16/04/2024 18:00:00","BZN|ES","Without sequence","-0.1",""
"16/04/2024 18:00:00 - 16/04/2024 19:00:00","BZN|ES","Without sequence","-0.01",""
"16/04/2024 19:00:00 - 16/04/2024 20:00:00","BZN|ES","Without sequence","0.0",""
"16/04/2024 20:00:00 - 16/04/2024 21:00:00","BZN|ES","Without sequence","4.15",""
"16/04/2024 21:00:00 - 16/04/2024 22:00:00","BZN|ES","Without sequence","10.01",""
"16/04/2024 22:00:00 - 16/04/2024 23:00:00","BZN|ES","Without sequence","5.0",""
"16/04/2024 23:00:00 - 17/04/2024 00:00:00","BZN|ES","Without sequence","3.25",""
"17/04/2024 00:00:00 - 17/04/2024 01:00:00","BZN|ES","Without sequence","3.25",""
"17/04/2024 01:00:00 - 17/04/2024 02:00:00","BZN|ES","Without sequence","3.25",""
"17/04/2024 02:00:00 - 17/04/2024 03:00:00","BZN|ES","Without sequence","1.77",""
"17/04/2024 03:00:00 - 17/04/2024 04:00:00","BZN|ES","Without sequence","1.24",""
"17/04/2024 04:00:00 - 17/04/2024 05:00:00","BZN|ES","Without sequence","1.0",""
"17/04/2024 05:00:00 - 17/04/2024 06:00:00","BZN|ES","Without sequence","1.5",""
"17/04/2024 06:00:00 - 17/04/2024 07:00:00","BZN|ES","Without sequence","3.25",""
"17/04/2024 07:00:00 - 17/04/2024 08:00:00","BZN|ES","Without sequence","19.72",""
"17/04/2024 08:00:00 - 17/04/2024 09:00:00","BZN|ES","Without sequence","5.0",""
"17/04/2024 09:00:00 - 17/04/2024 10:00:00","BZN|ES","Without sequence","0.44",""
"17/04/2024 10:00:00 - 17/04/2024 11:00:00","BZN|ES","Without sequence","0.0",""
"17/04/2024 11:00:00 - 17/04/2024 12:00:00","BZN|ES","Without sequence","-0.01",""
"17/04/2024 12:00:00 - 17/04/2024 13:00:00","BZN|ES","Without sequence","-0.02",""
"17/04/2024 13:00:00 - 17/04/2024 14:00:00","BZN|ES","Without sequence","-0.03",""
"17/04/2024 14:00:00 - 17/04/2024 15:00:00","BZN|ES","Without sequence","-0.05",""
"17/04/2024 15:00:00 - 17/04/2024 16:00:00","BZN|ES","Without sequence","-0.05",""
"17/04/2024 16:00:00 - 17/04/2024 17:00:00","BZN|ES","Without sequence","-0.03",""
"17/04/2024 17:00:00 - 17/04/2024 18:00:00","BZN|ES","Without sequence","-0.01",""
"17/04/2024 18:00:00 - 17/04/2024 19:00:00","BZN|ES","Without sequence","0.0",""
"17/04/2024 19:00:00 - 17/04/2024 20:00:00","BZN|ES","Without sequence","0.44",""
"17/04/2024 20:00:00 - 17/04/2024 21:00:00","BZN|ES","Without sequence","6.0",""
"17/04/2024 21:00:00 - 17/04/2024 22:00:00","BZN|ES","Without sequence","22.34",""
"17/04/2024 22:00:00 - 17/04/2024 23:00:00","BZN|ES","Without sequence","6.0",""
"17/04/2024 23:00:00 - 18/04/2024 00:00:00","BZN|ES","Without sequence","3.25",""
"18/04/2024 00:00:00 - 18/04/2024 01:00:00","BZN|ES","Without sequence","3.25",""
"18/04/2024 01:00:00 - 18/04/2024 02:00:00","BZN|ES","Without sequence","2.9",""
"18/04/2024 02:00:00 - 18/04/2024 03:00:00","BZN|ES","Without sequence","2.2",""
"18/04/2024 03:00:00 - 18/04/2024 04:00:00","BZN|ES","Without sequence","2.0",""
"18/04/2024 04:00:00 - 18/04/2024 05:00:00","BZN|ES","Without sequence","1.77",""
"18/04/2024 05:00:00 - 18/04/2024 06:00:00","BZN|ES","Without sequence","2.0",""
"18/04/2024 06:00:00 - 18/04/2024 07:00:00","BZN|ES","Without sequence","3.25",""
"18/04/2024 07:00:00 - 18/04/2024 08:00:00","BZN|ES","Without sequence","21.03",""
"18/04/2024 08:00:00 - 18/04/2024 09:00:00","BZN|ES","Without sequence","6.0",""
"18/04/2024 09:00:00 - 18/04/2024 10:00:00","BZN|ES","Without sequence","1.77",""
"18/04/2024 10:00:00 - 18/04/2024 11:00:00","BZN|ES","Without sequence","0.0",""
"18/04/2024 11:00:00 - 18/04/2024 12:00:00","BZN|ES","Without sequence","0.0",""
"18/04/2024 12:00:00 - 18/04/2024 13:00:00","BZN|ES","Without sequence","0.0",""
"18/04/2024 13:00:00 - 18/04/2024 14:00:00","BZN|ES","Without sequence","0.0",""
"18/04/2024 14:00:00 - 18/04/2024 15:00:00","BZN|ES","Without sequence","0.0",""
"18/04/2024 15:00:00 - 18/04/2024 16:00:00","BZN|ES","Without sequence","-0.01",""
"18/04/2024 16:00:00 - 18/04/2024 17:00:00","BZN|ES","Without sequence","0.0",""
"18/04/2024 17:00:00 - 18/04/2024 18:00:00","BZN|ES","Without sequence","0.0",""
"18/04/2024 18:00:00 - 18/04/2024 19:00:00","BZN|ES","Without sequence","0.0",""
"18/04/2024 19:00:00 - 18/04/2024 20:00:00","BZN|ES","Without sequence","2.0",""
"18/04/2024 20:00:00 - 18/04/2024 21:00:00","BZN|ES","Without sequence","12.17",""
"18/04/2024 21:00:00 - 18/04/2024 22:00:00","BZN|ES","Without sequence","30.77",""
"18/04/2024 22:00:00 - 18/04/2024 23:00:00","BZN|ES","Without sequence","14.21",""
"18/04/2024 23:00:00 - 19/04/2024 00:00:00","BZN|ES","Without sequence","3.6",""
"19/04/2024 00:00:00 - 19/04/2024 01:00:00","BZN|ES","Without sequence","13.07",""
"19/04/2024 01:00:00 - 19/04/2024 02:00:00","BZN|ES","Without sequence","12.17",""
"19/04/2024 02:00:00 - 19/04/2024 03:00:00","BZN|ES","Without sequence","12.59",""
"19/04/2024 03:00:00 - 19/04/2024 04:00:00","BZN|ES","Without sequence","13.75",""
"19/04/2024 04:00:00 - 19/04/2024 05:00:00","BZN|ES","Without sequence","9.02",""
"19/04/2024 05:00:00 - 19/04/2024 06:00:00","BZN|ES","Without sequence","17.59",""
"19/04/2024 06:00:00 - 19/04/2024 07:00:00","BZN|ES","Without sequence","25.73",""
"19/04/2024 07:00:00 - 19/04/2024 08:00:00","BZN|ES","Without sequence","35.0",""
"19/04/2024 08:00:00 - 19/04/2024 09:00:00","BZN|ES","Without sequence","35.0",""
"19/04/2024 09:00:00 - 19/04/2024 10:00:00","BZN|ES","Without sequence","8.6",""
"19/04/2024 10:00:00 - 19/04/2024 11:00:00","BZN|ES","Without sequence","3.35",""
"19/04/2024 11:00:00 - 19/04/2024 12:00:00","BZN|ES","Without sequence","3.25",""
"19/04/2024 12:00:00 - 19/04/2024 13:00:00","BZN|ES","Without sequence","0.6",""
"19/04/2024 13:00:00 - 19/04/2024 14:00:00","BZN|ES","Without sequence","0.04",""
"19/04/2024 14:00:00 - 19/04/2024 15:00:00","BZN|ES","Without sequence","0.02",""
"19/04/2024 15:00:00 - 19/04/2024 16:00:00","BZN|ES","Without sequence","0.0",""
"19/04/2024 16:00:00 - 19/04/2024 17:00:00","BZN|ES","Without sequence","0.0",""
"19/04/2024 17:00:00 - 19/04/2024 18:00:00","BZN|ES","Without sequence","2.5",""
"19/04/2024 18:00:00 - 19/04/2024 19:00:00","BZN|ES","Without sequence","7.62",""
"19/04/2024 19:00:00 - 19/04/2024 20:00:00","BZN|ES","Without sequence","21.96",""
"19/04/2024 20:00:00 - 19/04/2024 21:00:00","BZN|ES","Without sequence","34.96",""
"19/04/2024 21:00:00 - 19/04/2024 22:00:00","BZN|ES","Without sequence","37.52",""
"19/04/2024 22:00:00 - 19/04/2024 23:00:00","BZN|ES","Without sequence","35.0",""
"19/04/2024 23:00:00 - 20/04/2024 00:00:00","BZN|ES","Without sequence","35.0",""
"20/04/2024 00:00:00 - 20/04/2024 01:00:00","BZN|ES","Without sequence","24.69",""
"20/04/2024 01:00:00 - 20/04/2024 02:00:00","BZN|ES","Without sequence","10.0",""
"20/04/2024 02:00:00 - 20/04/2024 03:00:00","BZN|ES","Without sequence","11.39",""
"20/04/2024 03:00:00 - 20/04/2024 04:00:00","BZN|ES","Without sequence","10.0",""
"20/04/2024 04:00:00 - 20/04/2024 05:00:00","BZN|ES","Without sequence","9.57",""
"20/04/2024 05:00:00 - 20/04/2024 06:00:00","BZN|ES","Without sequence","7.0",""
"20/04/2024 06:00:00 - 20/04/2024 07:00:00","BZN|ES","Without sequence","7.54",""
"20/04/2024 07:00:00 - 20/04/2024 08:00:00","BZN|ES","Without sequence","8.43",""
"20/04/2024 08:00:00 - 20/04/2024 09:00:00","BZN|ES","Without sequence","7.42",""
"20/04/2024 09:00:00 - 20/04/2024 10:00:00","BZN|ES","Without sequence","2.1",""
"20/04/2024 10:00:00 - 20/04/2024 11:00:00","BZN|ES","Without sequence","0.44",""
"20/04/2024 11:00:00 - 20/04/2024 12:00:00","BZN|ES","Without sequence","0.05",""
"20/04/2024 12:00:00 - 20/04/2024 13:00:00","BZN|ES","Without sequence","0.0",""
"20/04/2024 13:00:00 - 20/04/2024 14:00:00","BZN|ES","Without sequence","0.0",""
"20/04/2024 14:00:00 - 20/04/2024 15:00:00","BZN|ES","Without sequence","0.0",""
"20/04/2024 15:00:00 - 20/04/2024 16:00:00","BZN|ES","Without sequence","-0.04",""
"20/04/2024 16:00:00 - 20/04/2024 17:00:00","BZN|ES","Without sequence","-0.07",""
"20/04/2024 17:00:00 - 20/04/2024 18:00:00","BZN|ES","Without sequence","-0.01",""
"20/04/2024 18:00:00 - 20/04/2024 19:00:00","BZN|ES","Without sequence","0.04",""
"20/04/2024 19:00:00 - 20/04/2024 20:00:00","BZN|ES","Without sequence","3.25",""
"20/04/2024 20:00:00 - 20/04/2024 21:00:00","BZN|ES","Without sequence","7.88",""
"20/04/2024 21:00:00 - 20/04/2024 22:00:00","BZN|ES","Without sequence","10.0",""
"20/04/2024 22:00:00 - 20/04/2024 23:00:00","BZN|ES","Without sequence","8.58",""
"20/04/2024 23:00:00 - 21/04/2024 00:00:00","BZN|ES","Without sequence","7.54",""
"21/04/2024 00:00:00 - 21/04/2024 01:00:00","BZN|ES","Without sequence","3.25",""
"21/04/2024 01:00:00 - 21/04/2024 02:00:00","BZN|ES","Without sequence","3.25",""
"21/04/2024 02:00:00 - 21/04/2024 03:00:00","BZN|ES","Without sequence","3.22",""
"21/04/2024 03:00:00 - 21/04/2024 04:00:00","BZN|ES","Without sequence","3.25",""
"21/04/2024 04:00:00 - 21/04/2024 05:00:00","BZN|ES","Without sequence","3.25",""
"21/04/2024 05:00:00 - 21/04/2024 06:00:00","BZN|ES","Without sequence","3.25",""
"21/04/2024 06:00:00 - 21/04/2024 07:00:00","BZN|ES","Without sequence","3.6",""
"21/04/2024 07:00:00 - 21/04/2024 08:00:00","BZN|ES","Without sequence","7.46",""
"21/04/2024 08:00:00 - 21/04/2024 09:00:00","BZN|ES","Without sequence","3.25",""
"21/04/2024 09:00:00 - 21/04/2024 10:00:00","BZN|ES","Without sequence","0.44",""
"21/04/2024 10:00:00 - 21/04/2024 11:00:00","BZN|ES","Without sequence","0.0",""
"21/04/2024 11:00:00 - 21/04/2024 12:00:00","BZN|ES","Without sequence","-0.01",""
"21/04/2024 12:00:00 - 21/04/2024 13:00:00","BZN|ES","Without sequence","-0.07",""
"21/04/2024 13:00:00 - 21/04/2024 14:00:00","BZN|ES","Without sequence","-1.21",""
"21/04/2024 14:00:00 - 21/04/2024 15:00:00","BZN|ES","Without sequence","-1.49",""
"21/04/2024 15:00:00 - 21/04/2024 16:00:00","BZN|ES","Without sequence","-1.5",""
"21/04/2024 16:00:00 - 21/04/2024 17:00:00","BZN|ES","Without sequence","-1.32",""
"21/04/2024 17:00:00 - 21/04/2024 18:00:00","BZN|ES","Without sequence","-0.25",""
"21/04/2024 18:00:00 - 21/04/2024 19:00:00","BZN|ES","Without sequence","-0.01",""
"21/04/2024 19:00:00 - 21/04/2024 20:00:00","BZN|ES","Without sequence","0.44",""
"21/04/2024 20:00:00 - 21/04/2024 21:00:00","BZN|ES","Without sequence","3.35",""
"21/04/2024 21:00:00 - 21/04/2024 22:00:00","BZN|ES","Without sequence","8.93",""
"21/04/2024 22:00:00 - 21/04/2024 23:00:00","BZN|ES","Without sequence","7.46",""
"21/04/2024 23:00:00 - 22/04/2024 00:00:00","BZN|ES","Without sequence","3.6",""
"22/04/2024 00:00:00 - 22/04/2024 01:00:00","BZN|ES","Without sequence","3.0",""
"22/04/2024 01:00:00 - 22/04/2024 02:00:00","BZN|ES","Without sequence","2.0",""
"22/04/2024 02:00:00 - 22/04/2024 03:00:00","BZN|ES","Without sequence","1.1",""
"22/04/2024 03:00:00 - 22/04/2024 04:00:00","BZN|ES","Without sequence","1.01",""
"22/04/2024 04:00:00 - 22/04/2024 05:00:00","BZN|ES","Without sequence","0.49",""
"22/04/2024 05:00:00 - 22/04/2024 06:00:00","BZN|ES","Without sequence","1.0",""
"22/04/2024 06:00:00 - 22/04/2024 07:00:00","BZN|ES","Without sequence","1.1",""
"22/04/2024 07:00:00 - 22/04/2024 08:00:00","BZN|ES","Without sequence","3.25",""
"22/04/2024 08:00:00 - 22/04/2024 09:00:00","BZN|ES","Without sequence","1.1",""
"22/04/2024 09:00:00 - 22/04/2024 10:00:00","BZN|ES","Without sequence","0.0",""
"22/04/2024 10:00:00 - 22/04/2024 11:00:00","BZN|ES","Without sequence","0.0",""
"22/04/2024 11:00:00 - 22/04/2024 12:00:00","BZN|ES","Without sequence","-0.01",""
"22/04/2024 12:00:00 - 22/04/2024 13:00:00","BZN|ES","Without sequence","-0.03",""
"22/04/2024 13:00:00 - 22/04/2024 14:00:00","BZN|ES","Without sequence","-0.05",""
"22/04/2024 14:00:00 - 22/04/2024 15:00:00","BZN|ES","Without sequence","-0.1",""
"22/04/2024 15:00:00 - 22/04/2024 16:00:00","BZN|ES","Without sequence","-0.25",""
"22/04/2024 16:00:00 - 22/04/2024 17:00:00","BZN|ES","Without sequence","-0.3",""
"22/04/2024 17:00:00 - 22/04/2024 18:00:00","BZN|ES","Without sequence","-0.1",""
"22/04/2024 18:00:00 - 22/04/2024 19:00:00","BZN|ES","Without sequence","0.0",""
"22/04/2024 19:00:00 - 22/04/2024 20:00:00","BZN|ES","Without sequence","0.45",""
"22/04/2024 20:00:00 - 22/04/2024 21:00:00","BZN|ES","Without sequence","6.0",""
"22/04/2024 21:00:00 - 22/04/2024 22:00:00","BZN|ES","Without sequence","12.81",""
"22/04/2024 22:00:00 - 22/04/2024 23:00:00","BZN|ES","Without sequence","7.62",""
"22/04/2024 23:00:00 - 23/04/2024 00:00:00","BZN|ES","Without sequence","5.54",""
"23/04/2024 00:00:00 - 23/04/2024 01:00:00","BZN|ES","Without sequence","6.15",""
"23/04/2024 01:00:00 - 23/04/2024 02:00:00","BZN|ES","Without sequence","3.6",""
"23/04/2024 02:00:00 - 23/04/2024 03:00:00","BZN|ES","Without sequence","3.25",""
"23/04/2024 03:00:00 - 23/04/2024 04:00:00","BZN|ES","Without sequence","3.35",""
"23/04/2024 04:00:00 - 23/04/2024 05:00:00","BZN|ES","Without sequence","3.6",""
"23/04/2024 05:00:00 - 23/04/2024 06:00:00","BZN|ES","Without sequence","5.0",""
"23/04/2024 06:00:00 - 23/04/2024 07:00:00","BZN|ES","Without sequence","6.58",""
"23/04/2024 07:00:00 - 23/04/2024 08:00:00","BZN|ES","Without sequence","20.0",""
"23/04/2024 08:00:00 - 23/04/2024 09:00:00","BZN|ES","Without sequence","6.9",""
"23/04/2024 09:00:00 - 23/04/2024 10:00:00","BZN|ES","Without sequence","0.5",""
"23/04/2024 10:00:00 - 23/04/2024 11:00:00","BZN|ES","Without sequence","0.0",""
"23/04/2024 11:00:00 - 23/04/2024 12:00:00","BZN|ES","Without sequence","0.0",""
"23/04/2024 12:00:00 - 23/04/2024 13:00:00","BZN|ES","Without sequence","0.0",""
"23/04/2024 13:00:00 - 23/04/2024 14:00:00","BZN|ES","Without sequence","0.0",""
"23/04/2024 14:00:00 - 23/04/2024 15:00:00","BZN|ES","Without sequence","-0.01",""
"23/04/2024 15:00:00 - 23/04/2024 16:00:00","BZN|ES","Without sequence","-0.01",""
"23/04/2024 16:00:00 - 23/04/2024 17:00:00","BZN|ES","Without sequence","-0.01",""
"23/04/2024 17:00:00 - 23/04/2024 18:00:00","BZN|ES","Without sequence","0.0",""
"23/04/2024 18:00:00 - 23/04/2024 19:00:00","BZN|ES","Without sequence","0.0",""
"23/04/2024 19:00:00 - 23/04/2024 20:00:00","BZN|ES","Without sequence","1.0",""
"23/04/2024 20:00:00 - 23/04/2024 21:00:00","BZN|ES","Without sequence","12.17",""
"23/04/2024 21:00:00 - 23/04/2024 22:00:00","BZN|ES","Without sequence","35.0",""
"23/04/2024 22:00:00 - 23/04/2024 23:00:00","BZN|ES","Without sequence","24.89",""
"23/04/2024 23:00:00 - 24/04/2024 00:00:00","BZN|ES","Without sequence","8.21",""
"24/04/2024 00:00:00 - 24/04/2024 01:00:00","BZN|ES","Without sequence","23.21",""
"24/04/2024 01:00:00 - 24/04/2024 02:00:00","BZN|ES","Without sequence","16.05",""
"24/04/2024 02:00:00 - 24/04/2024 03:00:00","BZN|ES","Without sequence","12.08",""
"24/04/2024 03:00:00 - 24/04/2024 04:00:00","BZN|ES","Without sequence","11.28",""
"24/04/2024 04:00:00 - 24/04/2024 05:00:00","BZN|ES","Without sequence","10.7",""
"24/04/2024 05:00:00 - 24/04/2024 06:00:00","BZN|ES","Without sequence","11.93",""
"24/04/2024 06:00:00 - 24/04/2024 07:00:00","BZN|ES","Without sequence","17.33",""
"24/04/2024 07:00:00 - 24/04/2024 08:00:00","BZN|ES","Without sequence","33.69",""
"24/04/2024 08:00:00 - 24/04/2024 09:00:00","BZN|ES","Without sequence","24.89",""
"24/04/2024 09:00:00 - 24/04/2024 10:00:00","BZN|ES","Without sequence","5.0",""
"24/04/2024 10:00:00 - 24/04/2024 11:00:00","BZN|ES","Without sequence","1.0",""
"24/04/2024 11:00:00 - 24/04/2024 12:00:00","BZN|ES","Without sequence","0.04",""
"24/04/2024 12:00:00 - 24/04/2024 13:00:00","BZN|ES","Without sequence","0.0",""
"24/04/2024 13:00:00 - 24/04/2024 14:00:00","BZN|ES","Without sequence","0.0",""
"24/04/2024 14:00:00 - 24/04/2024 15:00:00","BZN|ES","Without sequence","0.0",""
"24/04/2024 15:00:00 - 24/04/2024 16:00:00","BZN|ES","Without sequence","0.0",""
"24/04/2024 16:00:00 - 24/04/2024 17:00:00","BZN|ES","Without sequence","0.0",""
"24/04/2024 17:00:00 - 24/04/2024 18:00:00","BZN|ES","Without sequence","0.04",""
"24/04/2024 18:00:00 - 24/04/2024 19:00:00","BZN|ES","Without sequence","3.25",""
"24/04/2024 19:00:00 - 24/04/2024 20:00:00","BZN|ES","Without sequence","24.89",""
"24/04/2024 20:00:00 - 24/04/2024 21:00:00","BZN|ES","Without sequence","35.02",""
"24/04/2024 21:00:00 - 24/04/2024 22:00:00","BZN|ES","Without sequence","101.48",""
"24/04/2024 22:00:00 - 24/04/2024 23:00:00","BZN|ES","Without sequence","78.85",""
"24/04/2024 23:00:00 - 25/04/2024 00:00:00","BZN|ES","Without sequence","35.01",""
"25/04/2024 00:00:00 - 25/04/2024 01:00:00","BZN|ES","Without sequence","38.07",""
"25/04/2024 01:00:00 - 25/04/2024 02:00:00","BZN|ES","Without sequence","35.02",""
"25/04/2024 02:00:00 - 25/04/2024 03:00:00","BZN|ES","Without sequence","35.01",""
"25/04/2024 03:00:00 - 25/04/2024 04:00:00","BZN|ES","Without sequence","35.01",""
"25/04/2024 04:00:00 - 25/04/2024 05:00:00","BZN|ES","Without sequence","35.01",""
"25/04/2024 05:00:00 - 25/04/2024 06:00:00","BZN|ES","Without sequence","35.01",""
"25/04/2024 06:00:00 - 25/04/2024 07:00:00","BZN|ES","Without sequence","38.69",""
"25/04/2024 07:00:00 - 25/04/2024 08:00:00","BZN|ES","Without sequence","100.0",""
"25/04/2024 08:00:00 - 25/04/2024 09:00:00","BZN|ES","Without sequence","66.85",""
"25/04/2024 09:00:00 - 25/04/2024 10:00:00","BZN|ES","Without sequence","35.0",""
"25/04/2024 10:00:00 - 25/04/2024 11:00:00","BZN|ES","Without sequence","26.96",""
"25/04/2024 11:00:00 - 25/04/2024 12:00:00","BZN|ES","Without sequence","22.3",""
"25/04/2024 12:00:00 - 25/04/2024 13:00:00","BZN|ES","Without sequence","19.29",""
"25/04/2024 13:00:00 - 25/04/2024 14:00:00","BZN|ES","Without sequence","15.65",""
"25/04/2024 14:00:00 - 25/04/2024 15:00:00","BZN|ES","Without sequence","9.99",""
"25/04/2024 15:00:00 - 25/04/2024 16:00:00","BZN|ES","Without sequence","7.0",""
"25/04/2024 16:00:00 - 25/04/2024 17:00:00","BZN|ES","Without sequence","6.0",""
"25/04/2024 17:00:00 - 25/04/2024 18:00:00","BZN|ES","Without sequence","9.35",""
"25/04/2024 18:00:00 - 25/04/2024 19:00:00","BZN|ES","Without sequence","22.3",""
"25/04/2024 19:00:00 - 25/04/2024 20:00:00","BZN|ES","Without sequence","32.56",""
"25/04/2024 20:00:00 - 25/04/2024 21:00:00","BZN|ES","Without sequence","88.61",""
"25/04/2024 21:00:00 - 25/04/2024 22:00:00","BZN|ES","Without sequence","109.9",""
"25/04/2024 22:00:00 - 25/04/2024 23:00:00","BZN|ES","Without sequence","91.35",""
"25/04/2024 23:00:00 - 26/04/2024 00:00:00","BZN|ES","Without sequence","79.74",""
"26/04/2024 00:00:00 - 26/04/2024 01:00:00","BZN|ES","Without sequence","79.87",""
"26/04/2024 01:00:00 - 26/04/2024 02:00:00","BZN|ES","Without sequence","74.0",""
"26/04/2024 02:00:00 - 26/04/2024 03:00:00","BZN|ES","Without sequence","65.15",""
"26/04/2024 03:00:00 - 26/04/2024 04:00:00","BZN|ES","Without sequence","74.07",""
"26/04/2024 04:00:00 - 26/04/2024 05:00:00","BZN|ES","Without sequence","77.1",""
"26/04/2024 05:00:00 - 26/04/2024 06:00:00","BZN|ES","Without sequence","73.88",""
"26/04/2024 06:00:00 - 26/04/2024 07:00:00","BZN|ES","Without sequence","91.82",""
"26/04/2024 07:00:00 - 26/04/2024 08:00:00","BZN|ES","Without sequence","104.06",""
"26/04/2024 08:00:00 - 26/04/2024 09:00:00","BZN|ES","Without sequence","96.06",""
"26/04/2024 09:00:00 - 26/04/2024 10:00:00","BZN|ES","Without sequence","81.08",""
"26/04/2024 10:00:00 - 26/04/2024 11:00:00","BZN|ES","Without sequence","35.33",""
"26/04/2024 11:00:00 - 26/04/2024 12:00:00","BZN|ES","Without sequence","35.0",""
"26/04/2024 12:00:00 - 26/04/2024 13:00:00","BZN|ES","Without sequence","33.75",""
"26/04/2024 13:00:00 - 26/04/2024 14:00:00","BZN|ES","Without sequence","31.2",""
"26/04/2024 14:00:00 - 26/04/2024 15:00:00","BZN|ES","Without sequence","21.2",""
"26/04/2024 15:00:00 - 26/04/2024 16:00:00","BZN|ES","Without sequence","20.1",""
"26/04/2024 16:00:00 - 26/04/2024 17:00:00","BZN|ES","Without sequence","16.98",""
"26/04/2024 17:00:00 - 26/04/2024 18:00:00","BZN|ES","Without sequence","20.2",""
"26/04/2024 18:00:00 - 26/04/2024 19:00:00","BZN|ES","Without sequence","24.89",""
"26/04/2024 19:00:00 - 26/04/2024 20:00:00","BZN|ES","Without sequence","35.0",""
"26/04/2024 20:00:00 - 26/04/2024 21:00:00","BZN|ES","Without sequence","58.53",""
"26/04/2024 21:00:00 - 26/04/2024 22:00:00","BZN|ES","Without sequence","96.06",""
"26/04/2024 22:00:00 - 26/04/2024 23:00:00","BZN|ES","Without sequence","81.49",""
"26/04/2024 23:00:00 - 27/04/2024 00:00:00","BZN|ES","Without sequence","52.97",""
"27/04/2024 00:00:00 - 27/04/2024 01:00:00","BZN|ES","Without sequence","47.88",""
"27/04/2024 01:00:00 - 27/04/2024 02:00:00","BZN|ES","Without sequence","40.0",""
"27/04/2024 02:00:00 - 27/04/2024 03:00:00","BZN|ES","Without sequence","35.0",""
"27/04/2024 03:00:00 - 27/04/2024 04:00:00","BZN|ES","Without sequence","35.0",""
"27/04/2024 04:00:00 - 27/04/2024 05:00:00","BZN|ES","Without sequence","35.0",""
"27/04/2024 05:00:00 - 27/04/2024 06:00:00","BZN|ES","Without sequence","35.0",""
"27/04/2024 06:00:00 - 27/04/2024 07:00:00","BZN|ES","Without sequence","35.0",""
"27/04/2024 07:00:00 - 27/04/2024 08:00:00","BZN|ES","Without sequence","34.21",""
"27/04/2024 08:00:00 - 27/04/2024 09:00:00","BZN|ES","Without sequence","30.0",""
"27/04/2024 09:00:00 - 27/04/2024 10:00:00","BZN|ES","Without sequence","15.4",""
"27/04/2024 10:00:00 - 27/04/2024 11:00:00","BZN|ES","Without sequence","7.3",""
"27/04/2024 11:00:00 - 27/04/2024 12:00:00","BZN|ES","Without sequence","3.25",""
"27/04/2024 12:00:00 - 27/04/2024 13:00:00","BZN|ES","Without sequence","0.03",""
"27/04/2024 13:00:00 - 27/04/2024 14:00:00","BZN|ES","Without sequence","0.0",""
"27/04/2024 14:00:00 - 27/04/2024 15:00:00","BZN|ES","Without sequence","0.0",""
"27/04/2024 15:00:00 - 27/04/2024 16:00:00","BZN|ES","Without sequence","0.0",""
"27/04/2024 16:00:00 - 27/04/2024 17:00:00","BZN|ES","Without sequence","0.0",""
"27/04/2024 17:00:00 - 27/04/2024 18:00:00","BZN|ES","Without sequence","0.0",""
"27/04/2024 18:00:00 - 27/04/2024 19:00:00","BZN|ES","Without sequence","0.44",""
"27/04/2024 19:00:00 - 27/04/2024 20:00:00","BZN|ES","Without sequence","14.98",""
"27/04/2024 20:00:00 - 27/04/2024 21:00:00","BZN|ES","Without sequence","45.51",""
"27/04/2024 21:00:00 - 27/04/2024 22:00:00","BZN|ES","Without sequence","65.27",""
"27/04/2024 22:00:00 - 27/04/2024 23:00:00","BZN|ES","Without sequence","62.78",""
"27/04/2024 23:00:00 - 28/04/2024 00:00:00","BZN|ES","Without sequence","58.52",""
"28/04/2024 00:00:00 - 28/04/2024 01:00:00","BZN|ES","Without sequence","56.39",""
"28/04/2024 01:00:00 - 28/04/2024 02:00:00","BZN|ES","Without sequence","38.96",""
"28/04/2024 02:00:00 - 28/04/2024 03:00:00","BZN|ES","Without sequence","39.6",""
"28/04/2024 03:00:00 - 28/04/2024 04:00:00","BZN|ES","Without sequence","35.01",""
"28/04/2024 04:00:00 - 28/04/2024 05:00:00","BZN|ES","Without sequence","35.01",""
"28/04/2024 05:00:00 - 28/04/2024 06:00:00","BZN|ES","Without sequence","35.5",""
"28/04/2024 06:00:00 - 28/04/2024 07:00:00","BZN|ES","Without sequence","35.76",""
"28/04/2024 07:00:00 - 28/04/2024 08:00:00","BZN|ES","Without sequence","36.73",""
"28/04/2024 08:00:00 - 28/04/2024 09:00:00","BZN|ES","Without sequence","35.0",""
"28/04/2024 09:00:00 - 28/04/2024 10:00:00","BZN|ES","Without sequence","14.98",""
"28/04/2024 10:00:00 - 28/04/2024 11:00:00","BZN|ES","Without sequence","0.44",""
"28/04/2024 11:00:00 - 28/04/2024 12:00:00","BZN|ES","Without sequence","0.0",""
"28/04/2024 12:00:00 - 28/04/2024 13:00:00","BZN|ES","Without sequence","0.0",""
"28/04/2024 13:00:00 - 28/04/2024 14:00:00","BZN|ES","Without sequence","0.0",""
"28/04/2024 14:00:00 - 28/04/2024 15:00:00","BZN|ES","Without sequence","0.0",""
"28/04/2024 15:00:00 - 28/04/2024 16:00:00","BZN|ES","Without sequence","0.0",""
"28/04/2024 16:00:00 - 28/04/2024 17:00:00","BZN|ES","Without sequence","-0.01",""
"28/04/2024 17:00:00 - 28/04/2024 18:00:00","BZN|ES","Without sequence","0.0",""
"28/04/2024 18:00:00 - 28/04/2024 19:00:00","BZN|ES","Without sequence","20.66",""
"28/04/2024 19:00:00 - 28/04/2024 20:00:00","BZN|ES","Without sequence","35.01",""
"28/04/2024 20:00:00 - 28/04/2024 21:00:00","BZN|ES","Without sequence","58.88",""
"28/04/2024 21:00:00 - 28/04/2024 22:00:00","BZN|ES","Without sequence","78.56",""
"28/04/2024 22:00:00 - 28/04/2024 23:00:00","BZN|ES","Without sequence","72.21",""
"28/04/2024 23:00:00 - 29/04/2024 00:00:00","BZN|ES","Without sequence","60.65",""
"29/04/2024 00:00:00 - 29/04/2024 01:00:00","BZN|ES","Without sequence","63.15",""
"29/04/2024 01:00:00 - 29/04/2024 02:00:00","BZN|ES","Without sequence","60.05",""
"29/04/2024 02:00:00 - 29/04/2024 03:00:00","BZN|ES","Without sequence","58.93",""
"29/04/2024 03:00:00 - 29/04/2024 04:00:00","BZN|ES","Without sequence","58.87",""
"29/04/2024 04:00:00 - 29/04/2024 05:00:00","BZN|ES","Without sequence","56.0",""
"29/04/2024 05:00:00 - 29/04/2024 06:00:00","BZN|ES","Without sequence","58.52",""
"29/04/2024 06:00:00 - 29/04/2024 07:00:00","BZN|ES","Without sequence","52.25",""
"29/04/2024 07:00:00 - 29/04/2024 08:00:00","BZN|ES","Without sequence","102.26",""
"29/04/2024 08:00:00 - 29/04/2024 09:00:00","BZN|ES","Without sequence","96.24",""
"29/04/2024 09:00:00 - 29/04/2024 10:00:00","BZN|ES","Without sequence","59.79",""
"29/04/2024 10:00:00 - 29/04/2024 11:00:00","BZN|ES","Without sequence","45.5",""
"29/04/2024 11:00:00 - 29/04/2024 12:00:00","BZN|ES","Without sequence","36.73",""
"29/04/2024 12:00:00 - 29/04/2024 13:00:00","BZN|ES","Without sequence","35.1",""
"29/04/2024 13:00:00 - 29/04/2024 14:00:00","BZN|ES","Without sequence","35.01",""
"29/04/2024 14:00:00 - 29/04/2024 15:00:00","BZN|ES","Without sequence","35.01",""
"29/04/2024 15:00:00 - 29/04/2024 16:00:00","BZN|ES","Without sequence","35.01",""
"29/04/2024 16:00:00 - 29/04/2024 17:00:00","BZN|ES","Without sequence","35.0",""
"29/04/2024 17:00:00 - 29/04/2024 18:00:00","BZN|ES","Without sequence","35.2",""
"29/04/2024 18:00:00 - 29/04/2024 19:00:00","BZN|ES","Without sequence","40.74",""
"29/04/2024 19:00:00 - 29/04/2024 20:00:00","BZN|ES","Without sequence","60.53",""
"29/04/2024 20:00:00 - 29/04/2024 21:00:00","BZN|ES","Without sequence","87.21",""
"29/04/2024 21:00:00 - 29/04/2024 22:00:00","BZN|ES","Without sequence","97.92",""
"29/04/2024 22:00:00 - 29/04/2024 23:00:00","BZN|ES","Without sequence","83.75",""
"29/04/2024 23:00:00 - 30/04/2024 00:00:00","BZN|ES","Without sequence","69.77",""
"30/04/2024 00:00:00 - 30/04/2024 01:00:00","BZN|ES","Without sequence","73.73",""
"30/04/2024 01:00:00 - 30/04/2024 02:00:00","BZN|ES","Without sequence","57.83",""
"30/04/2024 02:00:00 - 30/04/2024 03:00:00","BZN|ES","Without sequence","58.99",""
"30/04/2024 03:00:00 - 30/04/2024 04:00:00","BZN|ES","Without sequence","68.81",""
"30/04/2024 04:00:00 - 30/04/2024 05:00:00","BZN|ES","Without sequence","64.77",""
"30/04/2024 05:00:00 - 30/04/2024 06:00:00","BZN|ES","Without sequence","77.13",""
"30/04/2024 06:00:00 - 30/04/2024 07:00:00","BZN|ES","Without sequence","85.36",""
"30/04/2024 07:00:00 - 30/04/2024 08:00:00","BZN|ES","Without sequence","99.32",""
"30/04/2024 08:00:00 - 30/04/2024 09:00:00","BZN|ES","Without sequence","84.41",""
"30/04/2024 09:00:00 - 30/04/2024 10:00:00","BZN|ES","Without sequence","58.0",""
"30/04/2024 10:00:00 - 30/04/2024 11:00:00","BZN|ES","Without sequence","41.0",""
"30/04/2024 11:00:00 - 30/04/2024 12:00:00","BZN|ES","Without sequence","35.01",""
"30/04/2024 12:00:00 - 30/04/2024 13:00:00","BZN|ES","Without sequence","28.26",""
"30/04/2024 13:00:00 - 30/04/2024 14:00:00","BZN|ES","Without sequence","15.1",""
"30/04/2024 14:00:00 - 30/04/2024 15:00:00","BZN|ES","Without sequence","17.5",""
"30/04/2024 15:00:00 - 30/04/2024 16:00:00","BZN|ES","Without sequence","19.14",""
"30/04/2024 16:00:00 - 30/04/2024 17:00:00","BZN|ES","Without sequence","17.5",""
"30/04/2024 17:00:00 - 30/04/2024 18:00:00","BZN|ES","Without sequence","20.4",""
"30/04/2024 18:00:00 - 30/04/2024 19:00:00","BZN|ES","Without sequence","31.96",""
"30/04/2024 19:00:00 - 30/04/2024 20:00:00","BZN|ES","Without sequence","48.25",""
"30/04/2024 20:00:00 - 30/04/2024 21:00:00","BZN|ES","Without sequence","60.1",""
"30/04/2024 21:00:00 - 30/04/2024 22:00:00","BZN|ES","Without sequence","83.91",""
"30/04/2024 22:00:00 - 30/04/2024 23:00:00","BZN|ES","Without sequence","70.98",""
"30/04/2024 23:00:00 - 01/05/2024 00:00:00","BZN|ES","Without sequence","65.0",""
"01/05/2024 00:00:00 - 01/05/2024 01:00:00","BZN|ES","Without sequence","35.01",""
"01/05/2024 01:00:00 - 01/05/2024 02:00:00","BZN|ES","Without sequence","34.99",""
"01/05/2024 02:00:00 - 01/05/2024 03:00:00","BZN|ES","Without sequence","21.07",""
"01/05/2024 03:00:00 - 01/05/2024 04:00:00","BZN|ES","Without sequence","19.77",""
"01/05/2024 04:00:00 - 01/05/2024 05:00:00","BZN|ES","Without sequence","17.83",""
"01/05/2024 05:00:00 - 01/05/2024 06:00:00","BZN|ES","Without sequence","17.83",""
"01/05/2024 06:00:00 - 01/05/2024 07:00:00","BZN|ES","Without sequence","18.97",""
"01/05/2024 07:00:00 - 01/05/2024 08:00:00","BZN|ES","Without sequence","17.83",""
"01/05/2024 08:00:00 - 01/05/2024 09:00:00","BZN|ES","Without sequence","8.0",""
"01/05/2024 09:00:00 - 01/05/2024 10:00:00","BZN|ES","Without sequence","3.0",""
"01/05/2024 10:00:00 - 01/05/2024 11:00:00","BZN|ES","Without sequence","-0.01",""
"01/05/2024 11:00:00 - 01/05/2024 12:00:00","BZN|ES","Without sequence","-0.07",""
"01/05/2024 12:00:00 - 01/05/2024 13:00:00","BZN|ES","Without sequence","-0.06",""
"01/05/2024 13:00:00 - 01/05/2024 14:00:00","BZN|ES","Without sequence","-1.0",""
"01/05/2024 14:00:00 - 01/05/2024 15:00:00","BZN|ES","Without sequence","-1.26",""
"01/05/2024 15:00:00 - 01/05/2024 16:00:00","BZN|ES","Without sequence","-1.29",""
"01/05/2024 16:00:00 - 01/05/2024 17:00:00","BZN|ES","Without sequence","-1.29",""
"01/05/2024 17:00:00 - 01/05/2024 18:00:00","BZN|ES","Without sequence","-0.13",""
"01/05/2024 18:00:00 - 01/05/2024 19:00:00","BZN|ES","Without sequence","0.0",""
"01/05/2024 19:00:00 - 01/05/2024 20:00:00","BZN|ES","Without sequence","0.44",""
"01/05/2024 20:00:00 - 01/05/2024 21:00:00","BZN|ES","Without sequence","19.0",""
"01/05/2024 21:00:00 - 01/05/2024 22:00:00","BZN|ES","Without sequence","35.0",""
"01/05/2024 22:00:00 - 01/05/2024 23:00:00","BZN|ES","Without sequence","33.4",""
"01/05/2024 23:00:00 - 02/05/2024 00:00:00","BZN|ES","Without sequence","23.71",""
"02/05/2024 00:00:00 - 02/05/2024 01:00:00","BZN|ES","Without sequence","14.56",""
"02/05/2024 01:00:00 - 02/05/2024 02:00:00","BZN|ES","Without sequence","10.94",""
"02/05/2024 02:00:00 - 02/05/2024 03:00:00","BZN|ES","Without sequence","10.0",""
"02/05/2024 03:00:00 - 02/05/2024 04:00:00","BZN|ES","Without sequence","7.8",""
"02/05/2024 04:00:00 - 02/05/2024 05:00:00","BZN|ES","Without sequence","8.0",""
"02/05/2024 05:00:00 - 02/05/2024 06:00:00","BZN|ES","Without sequence","10.94",""
"02/05/2024 06:00:00 - 02/05/2024 07:00:00","BZN|ES","Without sequence","22.9",""
"02/05/2024 07:00:00 - 02/05/2024 08:00:00","BZN|ES","Without sequence","35.01",""
"02/05/2024 08:00:00 - 02/05/2024 09:00:00","BZN|ES","Without sequence","35.0",""
"02/05/2024 09:00:00 - 02/05/2024 10:00:00","BZN|ES","Without sequence","10.94",""
"02/05/2024 10:00:00 - 02/05/2024 11:00:00","BZN|ES","Without sequence","3.25",""
"02/05/2024 11:00:00 - 02/05/2024 12:00:00","BZN|ES","Without sequence","2.49",""
"02/05/2024 12:00:00 - 02/05/2024 13:00:00","BZN|ES","Without sequence","1.79",""
"02/05/2024 13:00:00 - 02/05/2024 14:00:00","BZN|ES","Without sequence","1.83",""
"02/05/2024 14:00:00 - 02/05/2024 15:00:00","BZN|ES","Without sequence","0.0",""
"02/05/2024 15:00:00 - 02/05/2024 16:00:00","BZN|ES","Without sequence","0.44",""
"02/05/2024 16:00:00 - 02/05/2024 17:00:00","BZN|ES","Without sequence","1.06",""
"02/05/2024 17:00:00 - 02/05/2024 18:00:00","BZN|ES","Without sequence","0.44",""
"02/05/2024 18:00:00 - 02/05/2024 19:00:00","BZN|ES","Without sequence","5.39",""
"02/05/2024 19:00:00 - 02/05/2024 20:00:00","BZN|ES","Without sequence","17.6",""
"02/05/2024 20:00:00 - 02/05/2024 21:00:00","BZN|ES","Without sequence","35.4",""
"02/05/2024 21:00:00 - 02/05/2024 22:00:00","BZN|ES","Without sequence","59.14",""
"02/05/2024 22:00:00 - 02/05/2024 23:00:00","BZN|ES","Without sequence","43.9",""
"02/05/2024 23:00:00 - 03/05/2024 00:00:00","BZN|ES","Without sequence","35.64",""
"03/05/2024 00:00:00 - 03/05/2024 01:00:00","BZN|ES","Without sequence","35.01",""
"03/05/2024 01:00:00 - 03/05/2024 02:00:00","BZN|ES","Without sequence","35.01",""
"03/05/2024 02:00:00 - 03/05/2024 03:00:00","BZN|ES","Without sequence","35.0",""
"03/05/2024 03:00:00 - 03/05/2024 04:00:00","BZN|ES","Without sequence","35.0",""
"03/05/2024 04:00:00 - 03/05/2024 05:00:00","BZN|ES","Without sequence","35.0",""
"03/05/2024 05:00:00 - 03/05/2024 06:00:00","BZN|ES","Without sequence","34.43",""
"03/05/2024 06:00:00 - 03/05/2024 07:00:00","BZN|ES","Without sequence","35.0",""
"03/05/2024 07:00:00 - 03/05/2024 08:00:00","BZN|ES","Without sequence","41.0",""
"03/05/2024 08:00:00 - 03/05/2024 09:00:00","BZN|ES","Without sequence","35.0",""
"03/05/2024 09:00:00 - 03/05/2024 10:00:00","BZN|ES","Without sequence","28.9",""
"03/05/2024 10:00:00 - 03/05/2024 11:00:00","BZN|ES","Without sequence","16.2",""
"03/05/2024 11:00:00 - 03/05/2024 12:00:00","BZN|ES","Without sequence","4.99",""
"03/05/2024 12:00:00 - 03/05/2024 13:00:00","BZN|ES","Without sequence","6.1",""
"03/05/2024 13:00:00 - 03/05/2024 14:00:00","BZN|ES","Without sequence","5.0",""
"03/05/2024 14:00:00 - 03/05/2024 15:00:00","BZN|ES","Without sequence","3.25",""
"03/05/2024 15:00:00 - 03/05/2024 16:00:00","BZN|ES","Without sequence","2.51",""
"03/05/2024 16:00:00 - 03/05/2024 17:00:00","BZN|ES","Without sequence","0.44",""
"03/05/2024 17:00:00 - 03/05/2024 18:00:00","BZN|ES","Without sequence","3.25",""
"03/05/2024 18:00:00 - 03/05/2024 19:00:00","BZN|ES","Without sequence","9.08",""
"03/05/2024 19:00:00 - 03/05/2024 20:00:00","BZN|ES","Without sequence","27.94",""
"03/05/2024 20:00:00 - 03/05/2024 21:00:00","BZN|ES","Without sequence","40.0",""
"03/05/2024 21:00:00 - 03/05/2024 22:00:00","BZN|ES","Without sequence","66.52",""
"03/05/2024 22:00:00 - 03/05/2024 23:00:00","BZN|ES","Without sequence","50.02",""
"03/05/2024 23:00:00 - 04/05/2024 00:00:00","BZN|ES","Without sequence","42.0",""
"04/05/2024 00:00:00 - 04/05/2024 01:00:00","BZN|ES","Without sequence","35.0",""
"04/05/2024 01:00:00 - 04/05/2024 02:00:00","BZN|ES","Without sequence","33.11",""
"04/05/2024 02:00:00 - 04/05/2024 03:00:00","BZN|ES","Without sequence","27.94",""
"04/05/2024 03:00:00 - 04/05/2024 04:00:00","BZN|ES","Without sequence","18.9",""
"04/05/2024 04:00:00 - 04/05/2024 05:00:00","BZN|ES","Without sequence","16.2",""
"04/05/2024 05:00:00 - 04/05/2024 06:00:00","BZN|ES","Without sequence","18.9",""
"04/05/2024 06:00:00 - 04/05/2024 07:00:00","BZN|ES","Without sequence","22.23",""
"04/05/2024 07:00:00 - 04/05/2024 08:00:00","BZN|ES","Without sequence","26.22",""
"04/05/2024 08:00:00 - 04/05/2024 09:00:00","BZN|ES","Without sequence","16.2",""
"04/05/2024 09:00:00 - 04/05/2024 10:00:00","BZN|ES","Without sequence","2.1",""
"04/05/2024 10:00:00 - 04/05/2024 11:00:00","BZN|ES","Without sequence","0.01",""
"04/05/2024 11:00:00 - 04/05/2024 12:00:00","BZN|ES","Without sequence","0.0",""
"04/05/2024 12:00:00 - 04/05/2024 13:00:00","BZN|ES","Without sequence","0.0",""
"04/05/2024 13:00:00 - 04/05/2024 14:00:00","BZN|ES","Without sequence","0.0",""
"04/05/2024 14:00:00 - 04/05/2024 15:00:00","BZN|ES","Without sequence","0.0",""
"04/05/2024 15:00:00 - 04/05/2024 16:00:00","BZN|ES","Without sequence","0.0",""
"04/05/2024 16:00:00 - 04/05/2024 17:00:00","BZN|ES","Without sequence","0.0",""
"04/05/2024 17:00:00 - 04/05/2024 18:00:00","BZN|ES","Without sequence","0.0",""
"04/05/2024 18:00:00 - 04/05/2024 19:00:00","BZN|ES","Without sequence","0.0",""
"04/05/2024 19:00:00 - 04/05/2024 20:00:00","BZN|ES","Without sequence","3.25",""
"04/05/2024 20:00:00 - 04/05/2024 21:00:00","BZN|ES","Without sequence","30.0",""
"04/05/2024 21:00:00 - 04/05/2024 22:00:00","BZN|ES","Without sequence","35.01",""
"04/05/2024 22:00:00 - 04/05/2024 23:00:00","BZN|ES","Without sequence","35.02",""
"04/05/2024 23:00:00 - 05/05/2024 00:00:00","BZN|ES","Without sequence","35.01",""
"05/05/2024 00:00:00 - 05/05/2024 01:00:00","BZN|ES","Without sequence","30.0",""
"05/05/2024 01:00:00 - 05/05/2024 02:00:00","BZN|ES","Without sequence","26.87",""
"05/05/2024 02:00:00 - 05/05/2024 03:00:00","BZN|ES","Without sequence","24.13",""
"05/05/2024 03:00:00 - 05/05/2024 04:00:00","BZN|ES","Without sequence","22.62",""
"05/05/2024 04:00:00 - 05/05/2024 05:00:00","BZN|ES","Without sequence","22.86",""
"05/05/2024 05:00:00 - 05/05/2024 06:00:00","BZN|ES","Without sequence","24.81",""
"05/05/2024 06:00:00 - 05/05/2024 07:00:00","BZN|ES","Without sequence","26.87",""
"05/05/2024 07:00:00 - 05/05/2024 08:00:00","BZN|ES","Without sequence","25.63",""
"05/05/2024 08:00:00 - 05/05/2024 09:00:00","BZN|ES","Without sequence","16.72",""
"05/05/2024 09:00:00 - 05/05/2024 10:00:00","BZN|ES","Without sequence","3.25",""
"05/05/2024 10:00:00 - 05/05/2024 11:00:00","BZN|ES","Without sequence","1.88",""
"05/05/2024 11:00:00 - 05/05/2024 12:00:00","BZN|ES","Without sequence","0.44",""
"05/05/2024 12:00:00 - 05/05/2024 13:00:00","BZN|ES","Without sequence","0.0",""
"05/05/2024 13:00:00 - 05/05/2024 14:00:00","BZN|ES","Without sequence","-0.04",""
"05/05/2024 14:00:00 - 05/05/2024 15:00:00","BZN|ES","Without sequence","-0.58",""
"05/05/2024 15:00:00 - 05/05/2024 16:00:00","BZN|ES","Without sequence","-0.1",""
"05/05/2024 16:00:00 - 05/05/2024 17:00:00","BZN|ES","Without sequence","0.0",""
"05/05/2024 17:00:00 - 05/05/2024 18:00:00","BZN|ES","Without sequence","0.0",""
"05/05/2024 18:00:00 - 05/05/2024 19:00:00","BZN|ES","Without sequence","3.25",""
"05/05/2024 19:00:00 - 05/05/2024 20:00:00","BZN|ES","Without sequence","6.1",""
"05/05/2024 20:00:00 - 05/05/2024 21:00:00","BZN|ES","Without sequence","29.9",""
"05/05/2024 21:00:00 - 05/05/2024 22:00:00","BZN|ES","Without sequence","54.33",""
"05/05/2024 22:00:00 - 05/05/2024 23:00:00","BZN|ES","Without sequence","51.61",""
"05/05/2024 23:00:00 - 06/05/2024 00:00:00","BZN|ES","Without sequence","50.15",""
"06/05/2024 00:00:00 - 06/05/2024 01:00:00","BZN|ES","Without sequence","63.58",""
"06/05/2024 01:00:00 - 06/05/2024 02:00:00","BZN|ES","Without sequence","55.99",""
"06/05/2024 02:00:00 - 06/05/2024 03:00:00","BZN|ES","Without sequence","51.91",""
"06/05/2024 03:00:00 - 06/05/2024 04:00:00","BZN|ES","Without sequence","53.96",""
"06/05/2024 04:00:00 - 06/05/2024 05:00:00","BZN|ES","Without sequence","51.08",""
"06/05/2024 05:00:00 - 06/05/2024 06:00:00","BZN|ES","Without sequence","53.96",""
"06/05/2024 06:00:00 - 06/05/2024 07:00:00","BZN|ES","Without sequence","57.1",""
"06/05/2024 07:00:00 - 06/05/2024 08:00:00","BZN|ES","Without sequence","84.03",""
"06/05/2024 08:00:00 - 06/05/2024 09:00:00","BZN|ES","Without sequence","86.89",""
"06/05/2024 09:00:00 - 06/05/2024 10:00:00","BZN|ES","Without sequence","61.54",""
"06/05/2024 10:00:00 - 06/05/2024 11:00:00","BZN|ES","Without sequence","45.13",""
"06/05/2024 11:00:00 - 06/05/2024 12:00:00","BZN|ES","Without sequence","35.0",""
"06/05/2024 12:00:00 - 06/05/2024 13:00:00","BZN|ES","Without sequence","18.9",""
"06/05/2024 13:00:00 - 06/05/2024 14:00:00","BZN|ES","Without sequence","10.0",""
"06/05/2024 14:00:00 - 06/05/2024 15:00:00","BZN|ES","Without sequence","6.1",""
"06/05/2024 15:00:00 - 06/05/2024 16:00:00","BZN|ES","Without sequence","4.99",""
"06/05/2024 16:00:00 - 06/05/2024 17:00:00","BZN|ES","Without sequence","4.23",""
"06/05/2024 17:00:00 - 06/05/2024 18:00:00","BZN|ES","Without sequence","5.0",""
"06/05/2024 18:00:00 - 06/05/2024 19:00:00","BZN|ES","Without sequence","9.9",""
"06/05/2024 19:00:00 - 06/05/2024 20:00:00","BZN|ES","Without sequence","37.62",""
"06/05/2024 20:00:00 - 06/05/2024 21:00:00","BZN|ES","Without sequence","75.1",""
"06/05/2024 21:00:00 - 06/05/2024 22:00:00","BZN|ES","Without sequence","97.69",""
"06/05/2024 22:00:00 - 06/05/2024 23:00:00","BZN|ES","Without sequence","93.2",""
"06/05/2024 23:00:00 - 07/05/2024 00:00:00","BZN|ES","Without sequence","84.42",""
"07/05/2024 00:00:00 - 07/05/2024 01:00:00","BZN|ES","Without sequence","81.73",""
"07/05/2024 01:00:00 - 07/05/2024 02:00:00","BZN|ES","Without sequence","77.64",""
"07/05/2024 02:00:00 - 07/05/2024 03:00:00","BZN|ES","Without sequence","74.77",""
"07/05/2024 03:00:00 - 07/05/2024 04:00:00","BZN|ES","Without sequence","68.24",""
"07/05/2024 04:00:00 - 07/05/2024 05:00:00","BZN|ES","Without sequence","66.82",""
"07/05/2024 05:00:00 - 07/05/2024 06:00:00","BZN|ES","Without sequence","69.09",""
"07/05/2024 06:00:00 - 07/05/2024 07:00:00","BZN|ES","Without sequence","75.98",""
"07/05/2024 07:00:00 - 07/05/2024 08:00:00","BZN|ES","Without sequence","99.87",""
"07/05/2024 08:00:00 - 07/05/2024 09:00:00","BZN|ES","Without sequence","75.62",""
"07/05/2024 09:00:00 - 07/05/2024 10:00:00","BZN|ES","Without sequence","35.0",""
"07/05/2024 10:00:00 - 07/05/2024 11:00:00","BZN|ES","Without sequence","10.0",""
"07/05/2024 11:00:00 - 07/05/2024 12:00:00","BZN|ES","Without sequence","3.6",""
"07/05/2024 12:00:00 - 07/05/2024 13:00:00","BZN|ES","Without sequence","0.0",""
"07/05/2024 13:00:00 - 07/05/2024 14:00:00","BZN|ES","Without sequence","0.0",""
"07/05/2024 14:00:00 - 07/05/2024 15:00:00","BZN|ES","Without sequence","0.0",""
"07/05/2024 15:00:00 - 07/05/2024 16:00:00","BZN|ES","Without sequence","0.0",""
"07/05/2024 16:00:00 - 07/05/2024 17:00:00","BZN|ES","Without sequence","0.0",""
"07/05/2024 17:00:00 - 07/05/2024 18:00:00","BZN|ES","Without sequence","0.0",""
"07/05/2024 18:00:00 - 07/05/2024 19:00:00","BZN|ES","Without sequence","0.0",""
"07/05/2024 19:00:00 - 07/05/2024 20:00:00","BZN|ES","Without sequence","35.0",""
"07/05/2024 20:00:00 - 07/05/2024 21:00:00","BZN|ES","Without sequence","56.18",""
"07/05/2024 21:00:00 - 07/05/2024 22:00:00","BZN|ES","Without sequence","67.44",""
"07/05/2024 22:00:00 - 07/05/2024 23:00:00","BZN|ES","Without sequence","62.0",""
"07/05/2024 23:00:00 - 08/05/2024 00:00:00","BZN|ES","Without sequence","50.01",""
"08/05/2024 00:00:00 - 08/05/2024 01:00:00","BZN|ES","Without sequence","30.0",""
"08/05/2024 01:00:00 - 08/05/2024 02:00:00","BZN|ES","Without sequence","20.18",""
"08/05/2024 02:00:00 - 08/05/2024 03:00:00","BZN|ES","Without sequence","19.47",""
"08/05/2024 03:00:00 - 08/05/2024 04:00:00","BZN|ES","Without sequence","17.27",""
"08/05/2024 04:00:00 - 08/05/2024 05:00:00","BZN|ES","Without sequence","19.47",""
"08/05/2024 05:00:00 - 08/05/2024 06:00:00","BZN|ES","Without sequence","18.67",""
"08/05/2024 06:00:00 - 08/05/2024 07:00:00","BZN|ES","Without sequence","21.07",""
"08/05/2024 07:00:00 - 08/05/2024 08:00:00","BZN|ES","Without sequence","35.01",""
"08/05/2024 08:00:00 - 08/05/2024 09:00:00","BZN|ES","Without sequence","30.0",""
"08/05/2024 09:00:00 - 08/05/2024 10:00:00","BZN|ES","Without sequence","18.67",""
"08/05/2024 10:00:00 - 08/05/2024 11:00:00","BZN|ES","Without sequence","10.0",""
"08/05/2024 11:00:00 - 08/05/2024 12:00:00","BZN|ES","Without sequence","6.55",""
"08/05/2024 12:00:00 - 08/05/2024 13:00:00","BZN|ES","Without sequence","3.25",""
"08/05/2024 13:00:00 - 08/05/2024 14:00:00","BZN|ES","Without sequence","3.25",""
"08/05/2024 14:00:00 - 08/05/2024 15:00:00","BZN|ES","Without sequence","3.25",""
"08/05/2024 15:00:00 - 08/05/2024 16:00:00","BZN|ES","Without sequence","3.25",""
"08/05/2024 16:00:00 - 08/05/2024 17:00:00","BZN|ES","Without sequence","3.25",""
"08/05/2024 17:00:00 - 08/05/2024 18:00:00","BZN|ES","Without sequence","3.6",""
"08/05/2024 18:00:00 - 08/05/2024 19:00:00","BZN|ES","Without sequence","10.0",""
"08/05/2024 19:00:00 - 08/05/2024 20:00:00","BZN|ES","Without sequence","24.5",""
"08/05/2024 20:00:00 - 08/05/2024 21:00:00","BZN|ES","Without sequence","39.52",""
"08/05/2024 21:00:00 - 08/05/2024 22:00:00","BZN|ES","Without sequence","63.38",""
"08/05/2024 22:00:00 - 08/05/2024 23:00:00","BZN|ES","Without sequence","54.36",""
"08/05/2024 23:00:00 - 09/05/2024 00:00:00","BZN|ES","Without sequence","51.91",""
"09/05/2024 00:00:00 - 09/05/2024 01:00:00","BZN|ES","Without sequence","35.01",""
"09/05/2024 01:00:00 - 09/05/2024 02:00:00","BZN|ES","Without sequence","35.01",""
"09/05/2024 02:00:00 - 09/05/2024 03:00:00","BZN|ES","Without sequence","35.0",""
"09/05/2024 03:00:00 - 09/05/2024 04:00:00","BZN|ES","Without sequence","35.0",""
"09/05/2024 04:00:00 - 09/05/2024 05:00:00","BZN|ES","Without sequence","35.01",""
"09/05/2024 05:00:00 - 09/05/2024 06:00:00","BZN|ES","Without sequence","35.01",""
"09/05/2024 06:00:00 - 09/05/2024 07:00:00","BZN|ES","Without sequence","47.33",""
"09/05/2024 07:00:00 - 09/05/2024 08:00:00","BZN|ES","Without sequence","68.78",""
"09/05/2024 08:00:00 - 09/05/2024 09:00:00","BZN|ES","Without sequence","40.15",""
"09/05/2024 09:00:00 - 09/05/2024 10:00:00","BZN|ES","Without sequence","29.9",""
"09/05/2024 10:00:00 - 09/05/2024 11:00:00","BZN|ES","Without sequence","10.99",""
"09/05/2024 11:00:00 - 09/05/2024 12:00:00","BZN|ES","Without sequence","3.25",""
"09/05/2024 12:00:00 - 09/05/2024 13:00:00","BZN|ES","Without sequence","0.44",""
"09/05/2024 13:00:00 - 09/05/2024 14:00:00","BZN|ES","Without sequence","0.44",""
"09/05/2024 14:00:00 - 09/05/2024 15:00:00","BZN|ES","Without sequence","0.44",""
"09/05/2024 15:00:00 - 09/05/2024 16:00:00","BZN|ES","Without sequence","0.44",""
"09/05/2024 16:00:00 - 09/05/2024 17:00:00","BZN|ES","Without sequence","1.74",""
"09/05/2024 17:00:00 - 09/05/2024 18:00:00","BZN|ES","Without sequence","5.89",""
"09/05/2024 18:00:00 - 09/05/2024 19:00:00","BZN|ES","Without sequence","14.99",""
"09/05/2024 19:00:00 - 09/05/2024 20:00:00","BZN|ES","Without sequence","35.0",""
"09/05/2024 20:00:00 - 09/05/2024 21:00:00","BZN|ES","Without sequence","72.94",""
"09/05/2024 21:00:00 - 09/05/2024 22:00:00","BZN|ES","Without sequence","104.62",""
"09/05/2024 22:00:00 - 09/05/2024 23:00:00","BZN|ES","Without sequence","91.83",""
"09/05/2024 23:00:00 - 10/05/2024 00:00:00","BZN|ES","Without sequence","65.72",""
"10/05/2024 00:00:00 - 10/05/2024 01:00:00","BZN|ES","Without sequence","45.0",""
"10/05/2024 01:00:00 - 10/05/2024 02:00:00","BZN|ES","Without sequence","40.74",""
"10/05/2024 02:00:00 - 10/05/2024 03:00:00","BZN|ES","Without sequence","39.95",""
"10/05/2024 03:00:00 - 10/05/2024 04:00:00","BZN|ES","Without sequence","38.0",""
"10/05/2024 04:00:00 - 10/05/2024 05:00:00","BZN|ES","Without sequence","38.55",""
"10/05/2024 05:00:00 - 10/05/2024 06:00:00","BZN|ES","Without sequence","40.86",""
"10/05/2024 06:00:00 - 10/05/2024 07:00:00","BZN|ES","Without sequence","57.0",""
"10/05/2024 07:00:00 - 10/05/2024 08:00:00","BZN|ES","Without sequence","75.72",""
"10/05/2024 08:00:00 - 10/05/2024 09:00:00","BZN|ES","Without sequence","40.89",""
"10/05/2024 09:00:00 - 10/05/2024 10:00:00","BZN|ES","Without sequence","22.98",""
"10/05/2024 10:00:00 - 10/05/2024 11:00:00","BZN|ES","Without sequence","12.1",""
"10/05/2024 11:00:00 - 10/05/2024 12:00:00","BZN|ES","Without sequence","3.25",""
"10/05/2024 12:00:00 - 10/05/2024 13:00:00","BZN|ES","Without sequence","0.98",""
"10/05/2024 13:00:00 - 10/05/2024 14:00:00","BZN|ES","Without sequence","0.44",""
"10/05/2024 14:00:00 - 10/05/2024 15:00:00","BZN|ES","Without sequence","0.44",""
"10/05/2024 15:00:00 - 10/05/2024 16:00:00","BZN|ES","Without sequence","0.88",""
"10/05/2024 16:00:00 - 10/05/2024 17:00:00","BZN|ES","Without sequence","3.25",""
"10/05/2024 17:00:00 - 10/05/2024 18:00:00","BZN|ES","Without sequence","6.31",""
"10/05/2024 18:00:00 - 10/05/2024 19:00:00","BZN|ES","Without sequence","9.76",""
"10/05/2024 19:00:00 - 10/05/2024 20:00:00","BZN|ES","Without sequence","14.99",""
"10/05/2024 20:00:00 - 10/05/2024 21:00:00","BZN|ES","Without sequence","39.52",""
"10/05/2024 21:00:00 - 10/05/2024 22:00:00","BZN|ES","Without sequence","75.72",""
"10/05/2024 22:00:00 - 10/05/2024 23:00:00","BZN|ES","Without sequence","47.25",""
"10/05/2024 23:00:00 - 11/05/2024 00:00:00","BZN|ES","Without sequence","40.17",""
"11/05/2024 00:00:00 - 11/05/2024 01:00:00","BZN|ES","Without sequence","38.86",""
"11/05/2024 01:00:00 - 11/05/2024 02:00:00","BZN|ES","Without sequence","35.01",""
"11/05/2024 02:00:00 - 11/05/2024 03:00:00","BZN|ES","Without sequence","35.0",""
"11/05/2024 03:00:00 - 11/05/2024 04:00:00","BZN|ES","Without sequence","35.01",""
"11/05/2024 04:00:00 - 11/05/2024 05:00:00","BZN|ES","Without sequence","35.01",""
"11/05/2024 05:00:00 - 11/05/2024 06:00:00","BZN|ES","Without sequence","35.01",""
"11/05/2024 06:00:00 - 11/05/2024 07:00:00","BZN|ES","Without sequence","35.01",""
"11/05/2024 07:00:00 - 11/05/2024 08:00:00","BZN|ES","Without sequence","35.01",""
"11/05/2024 08:00:00 - 11/05/2024 09:00:00","BZN|ES","Without sequence","28.07",""
"11/05/2024 09:00:00 - 11/05/2024 10:00:00","BZN|ES","Without sequence","6.4",""
"11/05/2024 10:00:00 - 11/05/2024 11:00:00","BZN|ES","Without sequence","0.0",""
"11/05/2024 11:00:00 - 11/05/2024 12:00:00","BZN|ES","Without sequence","0.0",""
"11/05/2024 12:00:00 - 11/05/2024 13:00:00","BZN|ES","Without sequence","0.0",""
"11/05/2024 13:00:00 - 11/05/2024 14:00:00","BZN|ES","Without sequence","0.0",""
"11/05/2024 14:00:00 - 11/05/2024 15:00:00","BZN|ES","Without sequence","-0.01",""
"11/05/2024 15:00:00 - 11/05/2024 16:00:00","BZN|ES","Without sequence","-0.25",""
"11/05/2024 16:00:00 - 11/05/2024 17:00:00","BZN|ES","Without sequence","-0.41",""
"11/05/2024 17:00:00 - 11/05/2024 18:00:00","BZN|ES","Without sequence","0.0",""
"11/05/2024 18:00:00 - 11/05/2024 19:00:00","BZN|ES","Without sequence","3.25",""
"11/05/2024 19:00:00 - 11/05/2024 20:00:00","BZN|ES","Without sequence","11.1",""
"11/05/2024 20:00:00 - 11/05/2024 21:00:00","BZN|ES","Without sequence","35.0",""
"11/05/2024 21:00:00 - 11/05/2024 22:00:00","BZN|ES","Without sequence","44.0",""
"11/05/2024 22:00:00 - 11/05/2024 23:00:00","BZN|ES","Without sequence","41.63",""
"11/05/2024 23:00:00 - 12/05/2024 00:00:00","BZN|ES","Without sequence","41.46",""
"12/05/2024 00:00:00 - 12/05/2024 01:00:00","BZN|ES","Without sequence","35.01",""
"12/05/2024 01:00:00 - 12/05/2024 02:00:00","BZN|ES","Without sequence","35.0",""
"12/05/2024 02:00:00 - 12/05/2024 03:00:00","BZN|ES","Without sequence","35.0",""
"12/05/2024 03:00:00 - 12/05/2024 04:00:00","BZN|ES","Without sequence","35.0",""
"12/05/2024 04:00:00 - 12/05/2024 05:00:00","BZN|ES","Without sequence","35.0",""
"12/05/2024 05:00:00 - 12/05/2024 06:00:00","BZN|ES","Without sequence","35.0",""
"12/05/2024 06:00:00 - 12/05/2024 07:00:00","BZN|ES","Without sequence","35.0",""
"12/05/2024 07:00:00 - 12/05/2024 08:00:00","BZN|ES","Without sequence","34.07",""
"12/05/2024 08:00:00 - 12/05/2024 09:00:00","BZN|ES","Without sequence","2.35",""
"12/05/2024 09:00:00 - 12/05/2024 10:00:00","BZN|ES","Without sequence","0.0",""
"12/05/2024 10:00:00 - 12/05/2024 11:00:00","BZN|ES","Without sequence","0.0",""
"12/05/2024 11:00:00 - 12/05/2024 12:00:00","BZN|ES","Without sequence","-0.75",""
"12/05/2024 12:00:00 - 12/05/2024 13:00:00","BZN|ES","Without sequence","-0.62",""
"12/05/2024 13:00:00 - 12/05/2024 14:00:00","BZN|ES","Without sequence","-0.66",""
"12/05/2024 14:00:00 - 12/05/2024 15:00:00","BZN|ES","Without sequence","-0.66",""
"12/05/2024 15:00:00 - 12/05/2024 16:00:00","BZN|ES","Without sequence","-1.0",""
"12/05/2024 16:00:00 - 12/05/2024 17:00:00","BZN|ES","Without sequence","-1.0",""
"12/05/2024 17:00:00 - 12/05/2024 18:00:00","BZN|ES","Without sequence","0.0",""
"12/05/2024 18:00:00 - 12/05/2024 19:00:00","BZN|ES","Without sequence","14.3",""
"12/05/2024 19:00:00 - 12/05/2024 20:00:00","BZN|ES","Without sequence","35.0",""
"12/05/2024 20:00:00 - 12/05/2024 21:00:00","BZN|ES","Without sequence","39.53",""
"12/05/2024 21:00:00 - 12/05/2024 22:00:00","BZN|ES","Without sequence","61.5",""
"12/05/2024 22:00:00 - 12/05/2024 23:00:00","BZN|ES","Without sequence","49.98",""
"12/05/2024 23:00:00 - 13/05/2024 00:00:00","BZN|ES","Without sequence","39.68",""
"13/05/2024 00:00:00 - 13/05/2024 01:00:00","BZN|ES","Without sequence","35.0",""
"13/05/2024 01:00:00 - 13/05/2024 02:00:00","BZN|ES","Without sequence","35.0",""
"13/05/2024 02:00:00 - 13/05/2024 03:00:00","BZN|ES","Without sequence","35.0",""
"13/05/2024 03:00:00 - 13/05/2024 04:00:00","BZN|ES","Without sequence","34.04",""
"13/05/2024 04:00:00 - 13/05/2024 05:00:00","BZN|ES","Without sequence","34.03",""
"13/05/2024 05:00:00 - 13/05/2024 06:00:00","BZN|ES","Without sequence","34.0",""
"13/05/2024 06:00:00 - 13/05/2024 07:00:00","BZN|ES","Without sequence","35.0",""
"13/05/2024 07:00:00 - 13/05/2024 08:00:00","BZN|ES","Without sequence","49.35",""
"13/05/2024 08:00:00 - 13/05/2024 09:00:00","BZN|ES","Without sequence","50.0",""
"13/05/2024 09:00:00 - 13/05/2024 10:00:00","BZN|ES","Without sequence","38.03",""
"13/05/2024 10:00:00 - 13/05/2024 11:00:00","BZN|ES","Without sequence","11.7",""
"13/05/2024 11:00:00 - 13/05/2024 12:00:00","BZN|ES","Without sequence","1.52",""
"13/05/2024 12:00:00 - 13/05/2024 13:00:00","BZN|ES","Without sequence","0.0",""
"13/05/2024 13:00:00 - 13/05/2024 14:00:00","BZN|ES","Without sequence","0.0",""
"13/05/2024 14:00:00 - 13/05/2024 15:00:00","BZN|ES","Without sequence","0.0",""
"13/05/2024 15:00:00 - 13/05/2024 16:00:00","BZN|ES","Without sequence","0.0",""
"13/05/2024 16:00:00 - 13/05/2024 17:00:00","BZN|ES","Without sequence","0.44",""
"13/05/2024 17:00:00 - 13/05/2024 18:00:00","BZN|ES","Without sequence","1.7",""
"13/05/2024 18:00:00 - 13/05/2024 19:00:00","BZN|ES","Without sequence","3.25",""
"13/05/2024 19:00:00 - 13/05/2024 20:00:00","BZN|ES","Without sequence","14.3",""
"13/05/2024 20:00:00 - 13/05/2024 21:00:00","BZN|ES","Without sequence","35.0",""
"13/05/2024 21:00:00 - 13/05/2024 22:00:00","BZN|ES","Without sequence","38.03",""
"13/05/2024 22:00:00 - 13/05/2024 23:00:00","BZN|ES","Without sequence","39.68",""
"13/05/2024 23:00:00 - 14/05/2024 00:00:00","BZN|ES","Without sequence","35.01",""
"14/05/2024 00:00:00 - 14/05/2024 01:00:00","BZN|ES","Without sequence","11.1",""
"14/05/2024 01:00:00 - 14/05/2024 02:00:00","BZN|ES","Without sequence","5.0",""
"14/05/2024 02:00:00 - 14/05/2024 03:00:00","BZN|ES","Without sequence","4.16",""
"14/05/2024 03:00:00 - 14/05/2024 04:00:00","BZN|ES","Without sequence","2.0",""
"14/05/2024 04:00:00 - 14/05/2024 05:00:00","BZN|ES","Without sequence","0.01",""
"14/05/2024 05:00:00 - 14/05/2024 06:00:00","BZN|ES","Without sequence","0.49",""
"14/05/2024 06:00:00 - 14/05/2024 07:00:00","BZN|ES","Without sequence","3.25",""
"14/05/2024 07:00:00 - 14/05/2024 08:00:00","BZN|ES","Without sequence","22.0",""
"14/05/2024 08:00:00 - 14/05/2024 09:00:00","BZN|ES","Without sequence","16.5",""
"14/05/2024 09:00:00 - 14/05/2024 10:00:00","BZN|ES","Without sequence","7.67",""
"14/05/2024 10:00:00 - 14/05/2024 11:00:00","BZN|ES","Without sequence","0.0",""
"14/05/2024 11:00:00 - 14/05/2024 12:00:00","BZN|ES","Without sequence","0.0",""
"14/05/2024 12:00:00 - 14/05/2024 13:00:00","BZN|ES","Without sequence","0.0",""
"14/05/2024 13:00:00 - 14/05/2024 14:00:00","BZN|ES","Without sequence","0.0",""
"14/05/2024 14:00:00 - 14/05/2024 15:00:00","BZN|ES","Without sequence","-0.01",""
"14/05/2024 15:00:00 - 14/05/2024 16:00:00","BZN|ES","Without sequence","-0.06",""
"14/05/2024 16:00:00 - 14/05/2024 17:00:00","BZN|ES","Without sequence","-0.01",""
"14/05/2024 17:00:00 - 14/05/2024 18:00:00","BZN|ES","Without sequence","0.0",""
"14/05/2024 18:00:00 - 14/05/2024 19:00:00","BZN|ES","Without sequence","0.0",""
"14/05/2024 19:00:00 - 14/05/2024 20:00:00","BZN|ES","Without sequence","3.25",""
"14/05/2024 20:00:00 - 14/05/2024 21:00:00","BZN|ES","Without sequence","21.96",""
"14/05/2024 21:00:00 - 14/05/2024 22:00:00","BZN|ES","Without sequence","35.0",""
"14/05/2024 22:00:00 - 14/05/2024 23:00:00","BZN|ES","Without sequence","35.0",""
"14/05/2024 23:00:00 - 15/05/2024 00:00:00","BZN|ES","Without sequence","28.07",""
"15/05/2024 00:00:00 - 15/05/2024 01:00:00","BZN|ES","Without sequence","17.84",""
"15/05/2024 01:00:00 - 15/05/2024 02:00:00","BZN|ES","Without sequence","14.99",""
"15/05/2024 02:00:00 - 15/05/2024 03:00:00","BZN|ES","Without sequence","12.03",""
"15/05/2024 03:00:00 - 15/05/2024 04:00:00","BZN|ES","Without sequence","10.96",""
"15/05/2024 04:00:00 - 15/05/2024 05:00:00","BZN|ES","Without sequence","11.0",""
"15/05/2024 05:00:00 - 15/05/2024 06:00:00","BZN|ES","Without sequence","16.55",""
"15/05/2024 06:00:00 - 15/05/2024 07:00:00","BZN|ES","Without sequence","30.64",""
"15/05/2024 07:00:00 - 15/05/2024 08:00:00","BZN|ES","Without sequence","35.01",""
"15/05/2024 08:00:00 - 15/05/2024 09:00:00","BZN|ES","Without sequence","30.0",""
"15/05/2024 09:00:00 - 15/05/2024 10:00:00","BZN|ES","Without sequence","3.25",""
"15/05/2024 10:00:00 - 15/05/2024 11:00:00","BZN|ES","Without sequence","3.21",""
"15/05/2024 11:00:00 - 15/05/2024 12:00:00","BZN|ES","Without sequence","0.15",""
"15/05/2024 12:00:00 - 15/05/2024 13:00:00","BZN|ES","Without sequence","0.0",""
"15/05/2024 13:00:00 - 15/05/2024 14:00:00","BZN|ES","Without sequence","0.0",""
"15/05/2024 14:00:00 - 15/05/2024 15:00:00","BZN|ES","Without sequence","0.0",""
"15/05/2024 15:00:00 - 15/05/2024 16:00:00","BZN|ES","Without sequence","0.0",""
"15/05/2024 16:00:00 - 15/05/2024 17:00:00","BZN|ES","Without sequence","0.0",""
"15/05/2024 17:00:00 - 15/05/2024 18:00:00","BZN|ES","Without sequence","0.0",""
"15/05/2024 18:00:00 - 15/05/2024 19:00:00","BZN|ES","Without sequence","0.01",""
"15/05/2024 19:00:00 - 15/05/2024 20:00:00","BZN|ES","Without sequence","3.25",""
"15/05/2024 20:00:00 - 15/05/2024 21:00:00","BZN|ES","Without sequence","22.78",""
"15/05/2024 21:00:00 - 15/05/2024 22:00:00","BZN|ES","Without sequence","43.12",""
"15/05/2024 22:00:00 - 15/05/2024 23:00:00","BZN|ES","Without sequence","51.29",""
"15/05/2024 23:00:00 - 16/05/2024 00:00:00","BZN|ES","Without sequence","35.01",""
"16/05/2024 00:00:00 - 16/05/2024 01:00:00","BZN|ES","Without sequence","53.52",""
"16/05/2024 01:00:00 - 16/05/2024 02:00:00","BZN|ES","Without sequence","39.52",""
"16/05/2024 02:00:00 - 16/05/2024 03:00:00","BZN|ES","Without sequence","35.5",""
"16/05/2024 03:00:00 - 16/05/2024 04:00:00","BZN|ES","Without sequence","35.01",""
"16/05/2024 04:00:00 - 16/05/2024 05:00:00","BZN|ES","Without sequence","35.0",""
"16/05/2024 05:00:00 - 16/05/2024 06:00:00","BZN|ES","Without sequence","34.47",""
"16/05/2024 06:00:00 - 16/05/2024 07:00:00","BZN|ES","Without sequence","35.0",""
"16/05/2024 07:00:00 - 16/05/2024 08:00:00","BZN|ES","Without sequence","35.01",""
"16/05/2024 08:00:00 - 16/05/2024 09:00:00","BZN|ES","Without sequence","35.01",""
"16/05/2024 09:00:00 - 16/05/2024 10:00:00","BZN|ES","Without sequence","30.0",""
"16/05/2024 10:00:00 - 16/05/2024 11:00:00","BZN|ES","Without sequence","12.0",""
"16/05/2024 11:00:00 - 16/05/2024 12:00:00","BZN|ES","Without sequence","3.25",""
"16/05/2024 12:00:00 - 16/05/2024 13:00:00","BZN|ES","Without sequence","3.25",""
"16/05/2024 13:00:00 - 16/05/2024 14:00:00","BZN|ES","Without sequence","2.95",""
"16/05/2024 14:00:00 - 16/05/2024 15:00:00","BZN|ES","Without sequence","2.15",""
"16/05/2024 15:00:00 - 16/05/2024 16:00:00","BZN|ES","Without sequence","0.49",""
"16/05/2024 16:00:00 - 16/05/2024 17:00:00","BZN|ES","Without sequence","0.57",""
"16/05/2024 17:00:00 - 16/05/2024 18:00:00","BZN|ES","Without sequence","2.6",""
"16/05/2024 18:00:00 - 16/05/2024 19:00:00","BZN|ES","Without sequence","3.25",""
"16/05/2024 19:00:00 - 16/05/2024 20:00:00","BZN|ES","Without sequence","30.0",""
"16/05/2024 20:00:00 - 16/05/2024 21:00:00","BZN|ES","Without sequence","39.52",""
"16/05/2024 21:00:00 - 16/05/2024 22:00:00","BZN|ES","Without sequence","120.0",""
"16/05/2024 22:00:00 - 16/05/2024 23:00:00","BZN|ES","Without sequence","106.39",""
"16/05/2024 23:00:00 - 17/05/2024 00:00:00","BZN|ES","Without sequence","81.94",""
"17/05/2024 00:00:00 - 17/05/2024 01:00:00","BZN|ES","Without sequence","90.34",""
"17/05/2024 01:00:00 - 17/05/2024 02:00:00","BZN|ES","Without sequence","80.32",""
"17/05/2024 02:00:00 - 17/05/2024 03:00:00","BZN|ES","Without sequence","67.51",""
"17/05/2024 03:00:00 - 17/05/2024 04:00:00","BZN|ES","Without sequence","60.0",""
"17/05/2024 04:00:00 - 17/05/2024 05:00:00","BZN|ES","Without sequence","50.6",""
"17/05/2024 05:00:00 - 17/05/2024 06:00:00","BZN|ES","Without sequence","59.5",""
"17/05/2024 06:00:00 - 17/05/2024 07:00:00","BZN|ES","Without sequence","67.78",""
"17/05/2024 07:00:00 - 17/05/2024 08:00:00","BZN|ES","Without sequence","102.66",""
"17/05/2024 08:00:00 - 17/05/2024 09:00:00","BZN|ES","Without sequence","89.46",""
"17/05/2024 09:00:00 - 17/05/2024 10:00:00","BZN|ES","Without sequence","49.84",""
"17/05/2024 10:00:00 - 17/05/2024 11:00:00","BZN|ES","Without sequence","35.01",""
"17/05/2024 11:00:00 - 17/05/2024 12:00:00","BZN|ES","Without sequence","33.49",""
"17/05/2024 12:00:00 - 17/05/2024 13:00:00","BZN|ES","Without sequence","35.01",""
"17/05/2024 13:00:00 - 17/05/2024 14:00:00","BZN|ES","Without sequence","20.39",""
"17/05/2024 14:00:00 - 17/05/2024 15:00:00","BZN|ES","Without sequence","16.84",""
"17/05/2024 15:00:00 - 17/05/2024 16:00:00","BZN|ES","Without sequence","11.9",""
"17/05/2024 16:00:00 - 17/05/2024 17:00:00","BZN|ES","Without sequence","10.61",""
"17/05/2024 17:00:00 - 17/05/2024 18:00:00","BZN|ES","Without sequence","17.74",""
"17/05/2024 18:00:00 - 17/05/2024 19:00:00","BZN|ES","Without sequence","29.57",""
"17/05/2024 19:00:00 - 17/05/2024 20:00:00","BZN|ES","Without sequence","37.93",""
"17/05/2024 20:00:00 - 17/05/2024 21:00:00","BZN|ES","Without sequence","64.8",""
"17/05/2024 21:00:00 - 17/05/2024 22:00:00","BZN|ES","Without sequence","84.24",""
"17/05/2024 22:00:00 - 17/05/2024 23:00:00","BZN|ES","Without sequence","89.4",""
"17/05/2024 23:00:00 - 18/05/2024 00:00:00","BZN|ES","Without sequence","77.18",""
"18/05/2024 00:00:00 - 18/05/2024 01:00:00","BZN|ES","Without sequence","71.37",""
"18/05/2024 01:00:00 - 18/05/2024 02:00:00","BZN|ES","Without sequence","63.23",""
"18/05/2024 02:00:00 - 18/05/2024 03:00:00","BZN|ES","Without sequence","45.13",""
"18/05/2024 03:00:00 - 18/05/2024 04:00:00","BZN|ES","Without sequence","44.98",""
"18/05/2024 04:00:00 - 18/05/2024 05:00:00","BZN|ES","Without sequence","47.78",""
"18/05/2024 05:00:00 - 18/05/2024 06:00:00","BZN|ES","Without sequence","48.16",""
"18/05/2024 06:00:00 - 18/05/2024 07:00:00","BZN|ES","Without sequence","50.85",""
"18/05/2024 07:00:00 - 18/05/2024 08:00:00","BZN|ES","Without sequence","43.48",""
"18/05/2024 08:00:00 - 18/05/2024 09:00:00","BZN|ES","Without sequence","31.96",""
"18/05/2024 09:00:00 - 18/05/2024 10:00:00","BZN|ES","Without sequence","20.6",""
"18/05/2024 10:00:00 - 18/05/2024 11:00:00","BZN|ES","Without sequence","9.43",""
"18/05/2024 11:00:00 - 18/05/2024 12:00:00","BZN|ES","Without sequence","0.71",""
"18/05/2024 12:00:00 - 18/05/2024 13:00:00","BZN|ES","Without sequence","0.0",""
"18/05/2024 13:00:00 - 18/05/2024 14:00:00","BZN|ES","Without sequence","0.0",""
"18/05/2024 14:00:00 - 18/05/2024 15:00:00","BZN|ES","Without sequence","0.0",""
"18/05/2024 15:00:00 - 18/05/2024 16:00:00","BZN|ES","Without sequence","0.0",""
"18/05/2024 16:00:00 - 18/05/2024 17:00:00","BZN|ES","Without sequence","0.0",""
"18/05/2024 17:00:00 - 18/05/2024 18:00:00","BZN|ES","Without sequence","4.9",""
"18/05/2024 18:00:00 - 18/05/2024 19:00:00","BZN|ES","Without sequence","15.25",""
"18/05/2024 19:00:00 - 18/05/2024 20:00:00","BZN|ES","Without sequence","35.0",""
"18/05/2024 20:00:00 - 18/05/2024 21:00:00","BZN|ES","Without sequence","45.42",""
"18/05/2024 21:00:00 - 18/05/2024 22:00:00","BZN|ES","Without sequence","72.87",""
"18/05/2024 22:00:00 - 18/05/2024 23:00:00","BZN|ES","Without sequence","74.46",""
"18/05/2024 23:00:00 - 19/05/2024 00:00:00","BZN|ES","Without sequence","66.17",""
"19/05/2024 00:00:00 - 19/05/2024 01:00:00","BZN|ES","Without sequence","58.15",""
"19/05/2024 01:00:00 - 19/05/2024 02:00:00","BZN|ES","Without sequence","53.85",""
"19/05/2024 02:00:00 - 19/05/2024 03:00:00","BZN|ES","Without sequence","50.91",""
"19/05/2024 03:00:00 - 19/05/2024 04:00:00","BZN|ES","Without sequence","49.98",""
"19/05/2024 04:00:00 - 19/05/2024 05:00:00","BZN|ES","Without sequence","48.47",""
"19/05/2024 05:00:00 - 19/05/2024 06:00:00","BZN|ES","Without sequence","39.9",""
"19/05/2024 06:00:00 - 19/05/2024 07:00:00","BZN|ES","Without sequence","41.2",""
"19/05/2024 07:00:00 - 19/05/2024 08:00:00","BZN|ES","Without sequence","49.19",""
"19/05/2024 08:00:00 - 19/05/2024 09:00:00","BZN|ES","Without sequence","35.0",""
"19/05/2024 09:00:00 - 19/05/2024 10:00:00","BZN|ES","Without sequence","6.69",""
"19/05/2024 10:00:00 - 19/05/2024 11:00:00","BZN|ES","Without sequence","0.0",""
"19/05/2024 11:00:00 - 19/05/2024 12:00:00","BZN|ES","Without sequence","0.0",""
"19/05/2024 12:00:00 - 19/05/2024 13:00:00","BZN|ES","Without sequence","0.0",""
"19/05/2024 13:00:00 - 19/05/2024 14:00:00","BZN|ES","Without sequence","0.0",""
"19/05/2024 14:00:00 - 19/05/2024 15:00:00","BZN|ES","Without sequence","0.0",""
"19/05/2024 15:00:00 - 19/05/2024 16:00:00","BZN|ES","Without sequence","-0.62",""
"19/05/2024 16:00:00 - 19/05/2024 17:00:00","BZN|ES","Without sequence","-0.62",""
"19/05/2024 17:00:00 - 19/05/2024 18:00:00","BZN|ES","Without sequence","0.0",""
"19/05/2024 18:00:00 - 19/05/2024 19:00:00","BZN|ES","Without sequence","5.0",""
"19/05/2024 19:00:00 - 19/05/2024 20:00:00","BZN|ES","Without sequence","20.8",""
"19/05/2024 20:00:00 - 19/05/2024 21:00:00","BZN|ES","Without sequence","35.0",""
"19/05/2024 21:00:00 - 19/05/2024 22:00:00","BZN|ES","Without sequence","51.86",""
"19/05/2024 22:00:00 - 19/05/2024 23:00:00","BZN|ES","Without sequence","45.54",""
"19/05/2024 23:00:00 - 20/05/2024 00:00:00","BZN|ES","Without sequence","48.15",""
"20/05/2024 00:00:00 - 20/05/2024 01:00:00","BZN|ES","Without sequence","49.12",""
"20/05/2024 01:00:00 - 20/05/2024 02:00:00","BZN|ES","Without sequence","44.0",""
"20/05/2024 02:00:00 - 20/05/2024 03:00:00","BZN|ES","Without sequence","46.62",""
"20/05/2024 03:00:00 - 20/05/2024 04:00:00","BZN|ES","Without sequence","48.16",""
"20/05/2024 04:00:00 - 20/05/2024 05:00:00","BZN|ES","Without sequence","48.4",""
"20/05/2024 05:00:00 - 20/05/2024 06:00:00","BZN|ES","Without sequence","50.5",""
"20/05/2024 06:00:00 - 20/05/2024 07:00:00","BZN|ES","Without sequence","55.99",""
"20/05/2024 07:00:00 - 20/05/2024 08:00:00","BZN|ES","Without sequence","58.82",""
"20/05/2024 08:00:00 - 20/05/2024 09:00:00","BZN|ES","Without sequence","49.98",""
"20/05/2024 09:00:00 - 20/05/2024 10:00:00","BZN|ES","Without sequence","33.8",""
"20/05/2024 10:00:00 - 20/05/2024 11:00:00","BZN|ES","Without sequence","13.5",""
"20/05/2024 11:00:00 - 20/05/2024 12:00:00","BZN|ES","Without sequence","8.33",""
"20/05/2024 12:00:00 - 20/05/2024 13:00:00","BZN|ES","Without sequence","3.26",""
"20/05/2024 13:00:00 - 20/05/2024 14:00:00","BZN|ES","Without sequence","1.09",""
"20/05/2024 14:00:00 - 20/05/2024 15:00:00","BZN|ES","Without sequence","0.78",""
"20/05/2024 15:00:00 - 20/05/2024 16:00:00","BZN|ES","Without sequence","0.54",""
"20/05/2024 16:00:00 - 20/05/2024 17:00:00","BZN|ES","Without sequence","3.25",""
"20/05/2024 17:00:00 - 20/05/2024 18:00:00","BZN|ES","Without sequence","5.0",""
"20/05/2024 18:00:00 - 20/05/2024 19:00:00","BZN|ES","Without sequence","15.17",""
"20/05/2024 19:00:00 - 20/05/2024 20:00:00","BZN|ES","Without sequence","33.8",""
"20/05/2024 20:00:00 - 20/05/2024 21:00:00","BZN|ES","Without sequence","49.12",""
"20/05/2024 21:00:00 - 20/05/2024 22:00:00","BZN|ES","Without sequence","59.31",""
"20/05/2024 22:00:00 - 20/05/2024 23:00:00","BZN|ES","Without sequence","57.63",""
"20/05/2024 23:00:00 - 21/05/2024 00:00:00","BZN|ES","Without sequence","49.0",""
"21/05/2024 00:00:00 - 21/05/2024 01:00:00","BZN|ES","Without sequence","72.43",""
"21/05/2024 01:00:00 - 21/05/2024 02:00:00","BZN|ES","Without sequence","70.5",""
"21/05/2024 02:00:00 - 21/05/2024 03:00:00","BZN|ES","Without sequence","69.13",""
"21/05/2024 03:00:00 - 21/05/2024 04:00:00","BZN|ES","Without sequence","69.0",""
"21/05/2024 04:00:00 - 21/05/2024 05:00:00","BZN|ES","Without sequence","68.01",""
"21/05/2024 05:00:00 - 21/05/2024 06:00:00","BZN|ES","Without sequence","68.84",""
"21/05/2024 06:00:00 - 21/05/2024 07:00:00","BZN|ES","Without sequence","67.0",""
"21/05/2024 07:00:00 - 21/05/2024 08:00:00","BZN|ES","Without sequence","67.92",""
"21/05/2024 08:00:00 - 21/05/2024 09:00:00","BZN|ES","Without sequence","72.87",""
"21/05/2024 09:00:00 - 21/05/2024 10:00:00","BZN|ES","Without sequence","41.7",""
"21/05/2024 10:00:00 - 21/05/2024 11:00:00","BZN|ES","Without sequence","30.0",""
"21/05/2024 11:00:00 - 21/05/2024 12:00:00","BZN|ES","Without sequence","18.82",""
"21/05/2024 12:00:00 - 21/05/2024 13:00:00","BZN|ES","Without sequence","20.43",""
"21/05/2024 13:00:00 - 21/05/2024 14:00:00","BZN|ES","Without sequence","14.7",""
"21/05/2024 14:00:00 - 21/05/2024 15:00:00","BZN|ES","Without sequence","9.66",""
"21/05/2024 15:00:00 - 21/05/2024 16:00:00","BZN|ES","Without sequence","8.21",""
"21/05/2024 16:00:00 - 21/05/2024 17:00:00","BZN|ES","Without sequence","7.44",""
"21/05/2024 17:00:00 - 21/05/2024 18:00:00","BZN|ES","Without sequence","14.7",""
"21/05/2024 18:00:00 - 21/05/2024 19:00:00","BZN|ES","Without sequence","19.44",""
"21/05/2024 19:00:00 - 21/05/2024 20:00:00","BZN|ES","Without sequence","34.79",""
"21/05/2024 20:00:00 - 21/05/2024 21:00:00","BZN|ES","Without sequence","62.73",""
"21/05/2024 21:00:00 - 21/05/2024 22:00:00","BZN|ES","Without sequence","68.01",""
"21/05/2024 22:00:00 - 21/05/2024 23:00:00","BZN|ES","Without sequence","66.77",""
"21/05/2024 23:00:00 - 22/05/2024 00:00:00","BZN|ES","Without sequence","63.08",""
"22/05/2024 00:00:00 - 22/05/2024 01:00:00","BZN|ES","Without sequence","72.0",""
"22/05/2024 01:00:00 - 22/05/2024 02:00:00","BZN|ES","Without sequence","68.9",""
"22/05/2024 02:00:00 - 22/05/2024 03:00:00","BZN|ES","Without sequence","65.9",""
"22/05/2024 03:00:00 - 22/05/2024 04:00:00","BZN|ES","Without sequence","66.32",""
"22/05/2024 04:00:00 - 22/05/2024 05:00:00","BZN|ES","Without sequence","64.76",""
"22/05/2024 05:00:00 - 22/05/2024 06:00:00","BZN|ES","Without sequence","67.88",""
"22/05/2024 06:00:00 - 22/05/2024 07:00:00","BZN|ES","Without sequence","62.9",""
"22/05/2024 07:00:00 - 22/05/2024 08:00:00","BZN|ES","Without sequence","66.43",""
"22/05/2024 08:00:00 - 22/05/2024 09:00:00","BZN|ES","Without sequence","58.58",""
"22/05/2024 09:00:00 - 22/05/2024 10:00:00","BZN|ES","Without sequence","38.65",""
"22/05/2024 10:00:00 - 22/05/2024 11:00:00","BZN|ES","Without sequence","24.17",""
"22/05/2024 11:00:00 - 22/05/2024 12:00:00","BZN|ES","Without sequence","22.0",""
"22/05/2024 12:00:00 - 22/05/2024 13:00:00","BZN|ES","Without sequence","21.76",""
"22/05/2024 13:00:00 - 22/05/2024 14:00:00","BZN|ES","Without sequence","11.72",""
"22/05/2024 14:00:00 - 22/05/2024 15:00:00","BZN|ES","Without sequence","10.23",""
"22/05/2024 15:00:00 - 22/05/2024 16:00:00","BZN|ES","Without sequence","3.25",""
"22/05/2024 16:00:00 - 22/05/2024 17:00:00","BZN|ES","Without sequence","3.25",""
"22/05/2024 17:00:00 - 22/05/2024 18:00:00","BZN|ES","Without sequence","8.47",""
"22/05/2024 18:00:00 - 22/05/2024 19:00:00","BZN|ES","Without sequence","25.1",""
"22/05/2024 19:00:00 - 22/05/2024 20:00:00","BZN|ES","Without sequence","41.2",""
"22/05/2024 20:00:00 - 22/05/2024 21:00:00","BZN|ES","Without sequence","57.24",""
"22/05/2024 21:00:00 - 22/05/2024 22:00:00","BZN|ES","Without sequence","74.63",""
"22/05/2024 22:00:00 - 22/05/2024 23:00:00","BZN|ES","Without sequence","67.88",""
"22/05/2024 23:00:00 - 23/05/2024 00:00:00","BZN|ES","Without sequence","71.0",""
"23/05/2024 00:00:00 - 23/05/2024 01:00:00","BZN|ES","Without sequence","72.0",""
"23/05/2024 01:00:00 - 23/05/2024 02:00:00","BZN|ES","Without sequence","71.12",""
"23/05/2024 02:00:00 - 23/05/2024 03:00:00","BZN|ES","Without sequence","54.0",""
"23/05/2024 03:00:00 - 23/05/2024 04:00:00","BZN|ES","Without sequence","71.3",""
"23/05/2024 04:00:00 - 23/05/2024 05:00:00","BZN|ES","Without sequence","71.12",""
"23/05/2024 05:00:00 - 23/05/2024 06:00:00","BZN|ES","Without sequence","71.74",""
"23/05/2024 06:00:00 - 23/05/2024 07:00:00","BZN|ES","Without sequence","72.0",""
"23/05/2024 07:00:00 - 23/05/2024 08:00:00","BZN|ES","Without sequence","80.58",""
"23/05/2024 08:00:00 - 23/05/2024 09:00:00","BZN|ES","Without sequence","82.67",""
"23/05/2024 09:00:00 - 23/05/2024 10:00:00","BZN|ES","Without sequence","71.74",""
"23/05/2024 10:00:00 - 23/05/2024 11:00:00","BZN|ES","Without sequence","49.21",""
"23/05/2024 11:00:00 - 23/05/2024 12:00:00","BZN|ES","Without sequence","42.63",""
"23/05/2024 12:00:00 - 23/05/2024 13:00:00","BZN|ES","Without sequence","35.01",""
"23/05/2024 13:00:00 - 23/05/2024 14:00:00","BZN|ES","Without sequence","35.0",""
"23/05/2024 14:00:00 - 23/05/2024 15:00:00","BZN|ES","Without sequence","30.39",""
"23/05/2024 15:00:00 - 23/05/2024 16:00:00","BZN|ES","Without sequence","26.1",""
"23/05/2024 16:00:00 - 23/05/2024 17:00:00","BZN|ES","Without sequence","26.31",""
"23/05/2024 17:00:00 - 23/05/2024 18:00:00","BZN|ES","Without sequence","35.01",""
"23/05/2024 18:00:00 - 23/05/2024 19:00:00","BZN|ES","Without sequence","43.56",""
"23/05/2024 19:00:00 - 23/05/2024 20:00:00","BZN|ES","Without sequence","71.12",""
"23/05/2024 20:00:00 - 23/05/2024 21:00:00","BZN|ES","Without sequence","68.43",""
"23/05/2024 21:00:00 - 23/05/2024 22:00:00","BZN|ES","Without sequence","91.73",""
"23/05/2024 22:00:00 - 23/05/2024 23:00:00","BZN|ES","Without sequence","92.3",""
"23/05/2024 23:00:00 - 24/05/2024 00:00:00","BZN|ES","Without sequence","85.65",""
"24/05/2024 00:00:00 - 24/05/2024 01:00:00","BZN|ES","Without sequence","85.0",""
"24/05/2024 01:00:00 - 24/05/2024 02:00:00","BZN|ES","Without sequence","78.34",""
"24/05/2024 02:00:00 - 24/05/2024 03:00:00","BZN|ES","Without sequence","77.51",""
"24/05/2024 03:00:00 - 24/05/2024 04:00:00","BZN|ES","Without sequence","72.0",""
"24/05/2024 04:00:00 - 24/05/2024 05:00:00","BZN|ES","Without sequence","71.0",""
"24/05/2024 05:00:00 - 24/05/2024 06:00:00","BZN|ES","Without sequence","81.09",""
"24/05/2024 06:00:00 - 24/05/2024 07:00:00","BZN|ES","Without sequence","83.34",""
"24/05/2024 07:00:00 - 24/05/2024 08:00:00","BZN|ES","Without sequence","89.72",""
"24/05/2024 08:00:00 - 24/05/2024 09:00:00","BZN|ES","Without sequence","86.84",""
"24/05/2024 09:00:00 - 24/05/2024 10:00:00","BZN|ES","Without sequence","74.9",""
"24/05/2024 10:00:00 - 24/05/2024 11:00:00","BZN|ES","Without sequence","61.22",""
"24/05/2024 11:00:00 - 24/05/2024 12:00:00","BZN|ES","Without sequence","48.1",""
"24/05/2024 12:00:00 - 24/05/2024 13:00:00","BZN|ES","Without sequence","48.3",""
"24/05/2024 13:00:00 - 24/05/2024 14:00:00","BZN|ES","Without sequence","40.8",""
"24/05/2024 14:00:00 - 24/05/2024 15:00:00","BZN|ES","Without sequence","36.76",""
"24/05/2024 15:00:00 - 24/05/2024 16:00:00","BZN|ES","Without sequence","35.01",""
"24/05/2024 16:00:00 - 24/05/2024 17:00:00","BZN|ES","Without sequence","38.5",""
"24/05/2024 17:00:00 - 24/05/2024 18:00:00","BZN|ES","Without sequence","41.1",""
"24/05/2024 18:00:00 - 24/05/2024 19:00:00","BZN|ES","Without sequence","68.0",""
"24/05/2024 19:00:00 - 24/05/2024 20:00:00","BZN|ES","Without sequence","81.56",""
"24/05/2024 20:00:00 - 24/05/2024 21:00:00","BZN|ES","Without sequence","92.76",""
"24/05/2024 21:00:00 - 24/05/2024 22:00:00","BZN|ES","Without sequence","117.19",""
"24/05/2024 22:00:00 - 24/05/2024 23:00:00","BZN|ES","Without sequence","111.1",""
"24/05/2024 23:00:00 - 25/05/2024 00:00:00","BZN|ES","Without sequence","99.84",""
"25/05/2024 00:00:00 - 25/05/2024 01:00:00","BZN|ES","Without sequence","94.88",""
"25/05/2024 01:00:00 - 25/05/2024 02:00:00","BZN|ES","Without sequence","85.74",""
"25/05/2024 02:00:00 - 25/05/2024 03:00:00","BZN|ES","Without sequence","74.88",""
"25/05/2024 03:00:00 - 25/05/2024 04:00:00","BZN|ES","Without sequence","72.0",""
"25/05/2024 04:00:00 - 25/05/2024 05:00:00","BZN|ES","Without sequence","70.99",""
"25/05/2024 05:00:00 - 25/05/2024 06:00:00","BZN|ES","Without sequence","70.0",""
"25/05/2024 06:00:00 - 25/05/2024 07:00:00","BZN|ES","Without sequence","71.3",""
"25/05/2024 07:00:00 - 25/05/2024 08:00:00","BZN|ES","Without sequence","71.74",""
"25/05/2024 08:00:00 - 25/05/2024 09:00:00","BZN|ES","Without sequence","30.52",""
"25/05/2024 09:00:00 - 25/05/2024 10:00:00","BZN|ES","Without sequence","24.44",""
"25/05/2024 10:00:00 - 25/05/2024 11:00:00","BZN|ES","Without sequence","16.5",""
"25/05/2024 11:00:00 - 25/05/2024 12:00:00","BZN|ES","Without sequence","9.32",""
"25/05/2024 12:00:00 - 25/05/2024 13:00:00","BZN|ES","Without sequence","3.24",""
"25/05/2024 13:00:00 - 25/05/2024 14:00:00","BZN|ES","Without sequence","0.04",""
"25/05/2024 14:00:00 - 25/05/2024 15:00:00","BZN|ES","Without sequence","0.0",""
"25/05/2024 15:00:00 - 25/05/2024 16:00:00","BZN|ES","Without sequence","0.0",""
"25/05/2024 16:00:00 - 25/05/2024 17:00:00","BZN|ES","Without sequence","0.0",""
"25/05/2024 17:00:00 - 25/05/2024 18:00:00","BZN|ES","Without sequence","0.0",""
"25/05/2024 18:00:00 - 25/05/2024 19:00:00","BZN|ES","Without sequence","2.0",""
"25/05/2024 19:00:00 - 25/05/2024 20:00:00","BZN|ES","Without sequence","28.5",""
"25/05/2024 20:00:00 - 25/05/2024 21:00:00","BZN|ES","Without sequence","70.99",""
"25/05/2024 21:00:00 - 25/05/2024 22:00:00","BZN|ES","Without sequence","80.54",""
"25/05/2024 22:00:00 - 25/05/2024 23:00:00","BZN|ES","Without sequence","86.85",""
"25/05/2024 23:00:00 - 26/05/2024 00:00:00","BZN|ES","Without sequence","84.68",""
"26/05/2024 00:00:00 - 26/05/2024 01:00:00","BZN|ES","Without sequence","56.64",""
"26/05/2024 01:00:00 - 26/05/2024 02:00:00","BZN|ES","Without sequence","53.71",""
"26/05/2024 02:00:00 - 26/05/2024 03:00:00","BZN|ES","Without sequence","46.65",""
"26/05/2024 03:00:00 - 26/05/2024 04:00:00","BZN|ES","Without sequence","46.65",""
"26/05/2024 04:00:00 - 26/05/2024 05:00:00","BZN|ES","Without sequence","50.0",""
"26/05/2024 05:00:00 - 26/05/2024 06:00:00","BZN|ES","Without sequence","55.92",""
"26/05/2024 06:00:00 - 26/05/2024 07:00:00","BZN|ES","Without sequence","56.16",""
"26/05/2024 07:00:00 - 26/05/2024 08:00:00","BZN|ES","Without sequence","35.8",""
"26/05/2024 08:00:00 - 26/05/2024 09:00:00","BZN|ES","Without sequence","20.33",""
"26/05/2024 09:00:00 - 26/05/2024 10:00:00","BZN|ES","Without sequence","0.02",""
"26/05/2024 10:00:00 - 26/05/2024 11:00:00","BZN|ES","Without sequence","0.0",""
"26/05/2024 11:00:00 - 26/05/2024 12:00:00","BZN|ES","Without sequence","-0.01",""
"26/05/2024 12:00:00 - 26/05/2024 13:00:00","BZN|ES","Without sequence","-0.01",""
"26/05/2024 13:00:00 - 26/05/2024 14:00:00","BZN|ES","Without sequence","-0.01",""
"26/05/2024 14:00:00 - 26/05/2024 15:00:00","BZN|ES","Without sequence","-0.03",""
"26/05/2024 15:00:00 - 26/05/2024 16:00:00","BZN|ES","Without sequence","-0.6",""
"26/05/2024 16:00:00 - 26/05/2024 17:00:00","BZN|ES","Without sequence","-0.6",""
"26/05/2024 17:00:00 - 26/05/2024 18:00:00","BZN|ES","Without sequence","0.0",""
"26/05/2024 18:00:00 - 26/05/2024 19:00:00","BZN|ES","Without sequence","0.44",""
"26/05/2024 19:00:00 - 26/05/2024 20:00:00","BZN|ES","Without sequence","16.72",""
"26/05/2024 20:00:00 - 26/05/2024 21:00:00","BZN|ES","Without sequence","35.23",""
"26/05/2024 21:00:00 - 26/05/2024 22:00:00","BZN|ES","Without sequence","46.0",""
"26/05/2024 22:00:00 - 26/05/2024 23:00:00","BZN|ES","Without sequence","55.52",""
"26/05/2024 23:00:00 - 27/05/2024 00:00:00","BZN|ES","Without sequence","35.6",""
"27/05/2024 00:00:00 - 27/05/2024 01:00:00","BZN|ES","Without sequence","32.3",""
"27/05/2024 01:00:00 - 27/05/2024 02:00:00","BZN|ES","Without sequence","33.0",""
"27/05/2024 02:00:00 - 27/05/2024 03:00:00","BZN|ES","Without sequence","31.0",""
"27/05/2024 03:00:00 - 27/05/2024 04:00:00","BZN|ES","Without sequence","30.9",""
"27/05/2024 04:00:00 - 27/05/2024 05:00:00","BZN|ES","Without sequence","28.0",""
"27/05/2024 05:00:00 - 27/05/2024 06:00:00","BZN|ES","Without sequence","30.8",""
"27/05/2024 06:00:00 - 27/05/2024 07:00:00","BZN|ES","Without sequence","35.01",""
"27/05/2024 07:00:00 - 27/05/2024 08:00:00","BZN|ES","Without sequence","43.01",""
"27/05/2024 08:00:00 - 27/05/2024 09:00:00","BZN|ES","Without sequence","35.0",""
"27/05/2024 09:00:00 - 27/05/2024 10:00:00","BZN|ES","Without sequence","33.5",""
"27/05/2024 10:00:00 - 27/05/2024 11:00:00","BZN|ES","Without sequence","31.53",""
"27/05/2024 11:00:00 - 27/05/2024 12:00:00","BZN|ES","Without sequence","26.12",""
"27/05/2024 12:00:00 - 27/05/2024 13:00:00","BZN|ES","Without sequence","30.6",""
"27/05/2024 13:00:00 - 27/05/2024 14:00:00","BZN|ES","Without sequence","25.0",""
"27/05/2024 14:00:00 - 27/05/2024 15:00:00","BZN|ES","Without sequence","22.23",""
"27/05/2024 15:00:00 - 27/05/2024 16:00:00","BZN|ES","Without sequence","14.33",""
"27/05/2024 16:00:00 - 27/05/2024 17:00:00","BZN|ES","Without sequence","6.0",""
"27/05/2024 17:00:00 - 27/05/2024 18:00:00","BZN|ES","Without sequence","17.72",""
"27/05/2024 18:00:00 - 27/05/2024 19:00:00","BZN|ES","Without sequence","25.57",""
"27/05/2024 19:00:00 - 27/05/2024 20:00:00","BZN|ES","Without sequence","31.66",""
"27/05/2024 20:00:00 - 27/05/2024 21:00:00","BZN|ES","Without sequence","35.01",""
"27/05/2024 21:00:00 - 27/05/2024 22:00:00","BZN|ES","Without sequence","54.0",""
"27/05/2024 22:00:00 - 27/05/2024 23:00:00","BZN|ES","Without sequence","52.82",""
"27/05/2024 23:00:00 - 28/05/2024 00:00:00","BZN|ES","Without sequence","35.05",""
"28/05/2024 00:00:00 - 28/05/2024 01:00:00","BZN|ES","Without sequence","35.0",""
"28/05/2024 01:00:00 - 28/05/2024 02:00:00","BZN|ES","Without sequence","35.0",""
"28/05/2024 02:00:00 - 28/05/2024 03:00:00","BZN|ES","Without sequence","35.01",""
"28/05/2024 03:00:00 - 28/05/2024 04:00:00","BZN|ES","Without sequence","35.01",""
"28/05/2024 04:00:00 - 28/05/2024 05:00:00","BZN|ES","Without sequence","35.01",""
"28/05/2024 05:00:00 - 28/05/2024 06:00:00","BZN|ES","Without sequence","35.01",""
"28/05/2024 06:00:00 - 28/05/2024 07:00:00","BZN|ES","Without sequence","41.22",""
"28/05/2024 07:00:00 - 28/05/2024 08:00:00","BZN|ES","Without sequence","51.79",""
"28/05/2024 08:00:00 - 28/05/2024 09:00:00","BZN|ES","Without sequence","40.74",""
"28/05/2024 09:00:00 - 28/05/2024 10:00:00","BZN|ES","Without sequence","35.0",""
"28/05/2024 10:00:00 - 28/05/2024 11:00:00","BZN|ES","Without sequence","28.2",""
"28/05/2024 11:00:00 - 28/05/2024 12:00:00","BZN|ES","Without sequence","0.07",""
"28/05/2024 12:00:00 - 28/05/2024 13:00:00","BZN|ES","Without sequence","0.08",""
"28/05/2024 13:00:00 - 28/05/2024 14:00:00","BZN|ES","Without sequence","0.0",""
"28/05/2024 14:00:00 - 28/05/2024 15:00:00","BZN|ES","Without sequence","0.0",""
"28/05/2024 15:00:00 - 28/05/2024 16:00:00","BZN|ES","Without sequence","0.0",""
"28/05/2024 16:00:00 - 28/05/2024 17:00:00","BZN|ES","Without sequence","0.01",""
"28/05/2024 17:00:00 - 28/05/2024 18:00:00","BZN|ES","Without sequence","5.0",""
"28/05/2024 18:00:00 - 28/05/2024 19:00:00","BZN|ES","Without sequence","8.0",""
"28/05/2024 19:00:00 - 28/05/2024 20:00:00","BZN|ES","Without sequence","29.6",""
"28/05/2024 20:00:00 - 28/05/2024 21:00:00","BZN|ES","Without sequence","41.1",""
"28/05/2024 21:00:00 - 28/05/2024 22:00:00","BZN|ES","Without sequence","70.96",""
"28/05/2024 22:00:00 - 28/05/2024 23:00:00","BZN|ES","Without sequence","55.94",""
"28/05/2024 23:00:00 - 29/05/2024 00:00:00","BZN|ES","Without sequence","41.46",""
"29/05/2024 00:00:00 - 29/05/2024 01:00:00","BZN|ES","Without sequence","54.77",""
"29/05/2024 01:00:00 - 29/05/2024 02:00:00","BZN|ES","Without sequence","40.94",""
"29/05/2024 02:00:00 - 29/05/2024 03:00:00","BZN|ES","Without sequence","40.58",""
"29/05/2024 03:00:00 - 29/05/2024 04:00:00","BZN|ES","Without sequence","40.34",""
"29/05/2024 04:00:00 - 29/05/2024 05:00:00","BZN|ES","Without sequence","40.7",""
"29/05/2024 05:00:00 - 29/05/2024 06:00:00","BZN|ES","Without sequence","40.94",""
"29/05/2024 06:00:00 - 29/05/2024 07:00:00","BZN|ES","Without sequence","59.36",""
"29/05/2024 07:00:00 - 29/05/2024 08:00:00","BZN|ES","Without sequence","65.0",""
"29/05/2024 08:00:00 - 29/05/2024 09:00:00","BZN|ES","Without sequence","52.19",""
"29/05/2024 09:00:00 - 29/05/2024 10:00:00","BZN|ES","Without sequence","38.5",""
"29/05/2024 10:00:00 - 29/05/2024 11:00:00","BZN|ES","Without sequence","29.0",""
"29/05/2024 11:00:00 - 29/05/2024 12:00:00","BZN|ES","Without sequence","20.5",""
"29/05/2024 12:00:00 - 29/05/2024 13:00:00","BZN|ES","Without sequence","24.08",""
"29/05/2024 13:00:00 - 29/05/2024 14:00:00","BZN|ES","Without sequence","18.4",""
"29/05/2024 14:00:00 - 29/05/2024 15:00:00","BZN|ES","Without sequence","17.47",""
"29/05/2024 15:00:00 - 29/05/2024 16:00:00","BZN|ES","Without sequence","11.98",""
"29/05/2024 16:00:00 - 29/05/2024 17:00:00","BZN|ES","Without sequence","11.0",""
"29/05/2024 17:00:00 - 29/05/2024 18:00:00","BZN|ES","Without sequence","19.76",""
"29/05/2024 18:00:00 - 29/05/2024 19:00:00","BZN|ES","Without sequence","29.38",""
"29/05/2024 19:00:00 - 29/05/2024 20:00:00","BZN|ES","Without sequence","35.01",""
"29/05/2024 20:00:00 - 29/05/2024 21:00:00","BZN|ES","Without sequence","40.94",""
"29/05/2024 21:00:00 - 29/05/2024 22:00:00","BZN|ES","Without sequence","67.94",""
"29/05/2024 22:00:00 - 29/05/2024 23:00:00","BZN|ES","Without sequence","69.87",""
"29/05/2024 23:00:00 - 30/05/2024 00:00:00","BZN|ES","Without sequence","63.95",""
"30/05/2024 00:00:00 - 30/05/2024 01:00:00","BZN|ES","Without sequence","50.94",""
"30/05/2024 01:00:00 - 30/05/2024 02:00:00","BZN|ES","Without sequence","45.32",""
"30/05/2024 02:00:00 - 30/05/2024 03:00:00","BZN|ES","Without sequence","43.12",""
"30/05/2024 03:00:00 - 30/05/2024 04:00:00","BZN|ES","Without sequence","40.53",""
"30/05/2024 04:00:00 - 30/05/2024 05:00:00","BZN|ES","Without sequence","38.64",""
"30/05/2024 05:00:00 - 30/05/2024 06:00:00","BZN|ES","Without sequence","42.79",""
"30/05/2024 06:00:00 - 30/05/2024 07:00:00","BZN|ES","Without sequence","45.44",""
"30/05/2024 07:00:00 - 30/05/2024 08:00:00","BZN|ES","Without sequence","45.44",""
"30/05/2024 08:00:00 - 30/05/2024 09:00:00","BZN|ES","Without sequence","38.64",""
"30/05/2024 09:00:00 - 30/05/2024 10:00:00","BZN|ES","Without sequence","27.42",""
"30/05/2024 10:00:00 - 30/05/2024 11:00:00","BZN|ES","Without sequence","10.27",""
"30/05/2024 11:00:00 - 30/05/2024 12:00:00","BZN|ES","Without sequence","3.82",""
"30/05/2024 12:00:00 - 30/05/2024 13:00:00","BZN|ES","Without sequence","3.25",""
"30/05/2024 13:00:00 - 30/05/2024 14:00:00","BZN|ES","Without sequence","0.44",""
"30/05/2024 14:00:00 - 30/05/2024 15:00:00","BZN|ES","Without sequence","0.0",""
"30/05/2024 15:00:00 - 30/05/2024 16:00:00","BZN|ES","Without sequence","0.0",""
"30/05/2024 16:00:00 - 30/05/2024 17:00:00","BZN|ES","Without sequence","0.0",""
"30/05/2024 17:00:00 - 30/05/2024 18:00:00","BZN|ES","Without sequence","0.0",""
"30/05/2024 18:00:00 - 30/05/2024 19:00:00","BZN|ES","Without sequence","1.0",""
"30/05/2024 19:00:00 - 30/05/2024 20:00:00","BZN|ES","Without sequence","7.0",""
"30/05/2024 20:00:00 - 30/05/2024 21:00:00","BZN|ES","Without sequence","37.5",""
"30/05/2024 21:00:00 - 30/05/2024 22:00:00","BZN|ES","Without sequence","35.01",""
"30/05/2024 22:00:00 - 30/05/2024 23:00:00","BZN|ES","Without sequence","37.92",""
"30/05/2024 23:00:00 - 31/05/2024 00:00:00","BZN|ES","Without sequence","30.33",""
"31/05/2024 00:00:00 - 31/05/2024 01:00:00","BZN|ES","Without sequence","10.0",""
"31/05/2024 01:00:00 - 31/05/2024 02:00:00","BZN|ES","Without sequence","5.5",""
"31/05/2024 02:00:00 - 31/05/2024 03:00:00","BZN|ES","Without sequence","4.77",""
"31/05/2024 03:00:00 - 31/05/2024 04:00:00","BZN|ES","Without sequence","3.25",""
"31/05/2024 04:00:00 - 31/05/2024 05:00:00","BZN|ES","Without sequence","3.25",""
"31/05/2024 05:00:00 - 31/05/2024 06:00:00","BZN|ES","Without sequence","4.37",""
"31/05/2024 06:00:00 - 31/05/2024 07:00:00","BZN|ES","Without sequence","6.67",""
"31/05/2024 07:00:00 - 31/05/2024 08:00:00","BZN|ES","Without sequence","5.0",""
"31/05/2024 08:00:00 - 31/05/2024 09:00:00","BZN|ES","Without sequence","2.47",""
"31/05/2024 09:00:00 - 31/05/2024 10:00:00","BZN|ES","Without sequence","0.0",""
"31/05/2024 10:00:00 - 31/05/2024 11:00:00","BZN|ES","Without sequence","0.0",""
"31/05/2024 11:00:00 - 31/05/2024 12:00:00","BZN|ES","Without sequence","0.0",""
"31/05/2024 12:00:00 - 31/05/2024 13:00:00","BZN|ES","Without sequence","0.0",""
"31/05/2024 13:00:00 - 31/05/2024 14:00:00","BZN|ES","Without sequence","0.0",""
"31/05/2024 14:00:00 - 31/05/2024 15:00:00","BZN|ES","Without sequence","-0.01",""
"31/05/2024 15:00:00 - 31/05/2024 16:00:00","BZN|ES","Without sequence","-0.01",""
"31/05/2024 16:00:00 - 31/05/2024 17:00:00","BZN|ES","Without sequence","-0.01",""
"31/05/2024 17:00:00 - 31/05/2024 18:00:00","BZN|ES","Without sequence","-0.01",""
"31/05/2024 18:00:00 - 31/05/2024 19:00:00","BZN|ES","Without sequence","0.0",""
"31/05/2024 19:00:00 - 31/05/2024 20:00:00","BZN|ES","Without sequence","0.0",""
"31/05/2024 20:00:00 - 31/05/2024 21:00:00","BZN|ES","Without sequence","3.25",""
"31/05/2024 21:00:00 - 31/05/2024 22:00:00","BZN|ES","Without sequence","7.3",""
"31/05/2024 22:00:00 - 31/05/2024 23:00:00","BZN|ES","Without sequence","5.5",""
"31/05/2024 23:00:00 - 01/06/2024 00:00:00","BZN|ES","Without sequence","3.25",""
"01/06/2024 00:00:00 - 01/06/2024 01:00:00","BZN|ES","Without sequence","4.99",""
"01/06/2024 01:00:00 - 01/06/2024 02:00:00","BZN|ES","Without sequence","3.25",""
"01/06/2024 02:00:00 - 01/06/2024 03:00:00","BZN|ES","Without sequence","3.25",""
"01/06/2024 03:00:00 - 01/06/2024 04:00:00","BZN|ES","Without sequence","1.23",""
"01/06/2024 04:00:00 - 01/06/2024 05:00:00","BZN|ES","Without sequence","0.09",""
"01/06/2024 05:00:00 - 01/06/2024 06:00:00","BZN|ES","Without sequence","3.25",""
"01/06/2024 06:00:00 - 01/06/2024 07:00:00","BZN|ES","Without sequence","3.25",""
"01/06/2024 07:00:00 - 01/06/2024 08:00:00","BZN|ES","Without sequence","3.25",""
"01/06/2024 08:00:00 - 01/06/2024 09:00:00","BZN|ES","Without sequence","0.0",""
"01/06/2024 09:00:00 - 01/06/2024 10:00:00","BZN|ES","Without sequence","0.0",""
"01/06/2024 10:00:00 - 01/06/2024 11:00:00","BZN|ES","Without sequence","-0.01",""
"01/06/2024 11:00:00 - 01/06/2024 12:00:00","BZN|ES","Without sequence","-0.36",""
"01/06/2024 12:00:00 - 01/06/2024 13:00:00","BZN|ES","Without sequence","-0.5",""
"01/06/2024 13:00:00 - 01/06/2024 14:00:00","BZN|ES","Without sequence","-0.36",""
"01/06/2024 14:00:00 - 01/06/2024 15:00:00","BZN|ES","Without sequence","-0.6",""
"01/06/2024 15:00:00 - 01/06/2024 16:00:00","BZN|ES","Without sequence","-0.62",""
"01/06/2024 16:00:00 - 01/06/2024 17:00:00","BZN|ES","Without sequence","-0.66",""
"01/06/2024 17:00:00 - 01/06/2024 18:00:00","BZN|ES","Without sequence","-0.6",""
"01/06/2024 18:00:00 - 01/06/2024 19:00:00","BZN|ES","Without sequence","-0.01",""
"01/06/2024 19:00:00 - 01/06/2024 20:00:00","BZN|ES","Without sequence","0.0",""
"01/06/2024 20:00:00 - 01/06/2024 21:00:00","BZN|ES","Without sequence","3.25",""
"01/06/2024 21:00:00 - 01/06/2024 22:00:00","BZN|ES","Without sequence","7.2",""
"01/06/2024 22:00:00 - 01/06/2024 23:00:00","BZN|ES","Without sequence","8.44",""
"01/06/2024 23:00:00 - 02/06/2024 00:00:00","BZN|ES","Without sequence","4.5",""
"02/06/2024 00:00:00 - 02/06/2024 01:00:00","BZN|ES","Without sequence","7.2",""
"02/06/2024 01:00:00 - 02/06/2024 02:00:00","BZN|ES","Without sequence","5.0",""
"02/06/2024 02:00:00 - 02/06/2024 03:00:00","BZN|ES","Without sequence","4.35",""
"02/06/2024 03:00:00 - 02/06/2024 04:00:00","BZN|ES","Without sequence","3.6",""
"02/06/2024 04:00:00 - 02/06/2024 05:00:00","BZN|ES","Without sequence","3.6",""
"02/06/2024 05:00:00 - 02/06/2024 06:00:00","BZN|ES","Without sequence","5.0",""
"02/06/2024 06:00:00 - 02/06/2024 07:00:00","BZN|ES","Without sequence","4.43",""
"02/06/2024 07:00:00 - 02/06/2024 08:00:00","BZN|ES","Without sequence","3.25",""
"02/06/2024 08:00:00 - 02/06/2024 09:00:00","BZN|ES","Without sequence","0.0",""
"02/06/2024 09:00:00 - 02/06/2024 10:00:00","BZN|ES","Without sequence","-0.03",""
"02/06/2024 10:00:00 - 02/06/2024 11:00:00","BZN|ES","Without sequence","-1.05",""
"02/06/2024 11:00:00 - 02/06/2024 12:00:00","BZN|ES","Without sequence","-1.86",""
"02/06/2024 12:00:00 - 02/06/2024 13:00:00","BZN|ES","Without sequence","-1.86",""
"02/06/2024 13:00:00 - 02/06/2024 14:00:00","BZN|ES","Without sequence","-1.86",""
"02/06/2024 14:00:00 - 02/06/2024 15:00:00","BZN|ES","Without sequence","-1.86",""
"02/06/2024 15:00:00 - 02/06/2024 16:00:00","BZN|ES","Without sequence","-1.86",""
"02/06/2024 16:00:00 - 02/06/2024 17:00:00","BZN|ES","Without sequence","-1.86",""
"02/06/2024 17:00:00 - 02/06/2024 18:00:00","BZN|ES","Without sequence","-1.0",""
"02/06/2024 18:00:00 - 02/06/2024 19:00:00","BZN|ES","Without sequence","-0.01",""
"02/06/2024 19:00:00 - 02/06/2024 20:00:00","BZN|ES","Without sequence","0.44",""
"02/06/2024 20:00:00 - 02/06/2024 21:00:00","BZN|ES","Without sequence","11.35",""
"02/06/2024 21:00:00 - 02/06/2024 22:00:00","BZN|ES","Without sequence","25.01",""
"02/06/2024 22:00:00 - 02/06/2024 23:00:00","BZN|ES","Without sequence","28.87",""
"02/06/2024 23:00:00 - 03/06/2024 00:00:00","BZN|ES","Without sequence","13.42",""
"03/06/2024 00:00:00 - 03/06/2024 01:00:00","BZN|ES","Without sequence","9.16",""
"03/06/2024 01:00:00 - 03/06/2024 02:00:00","BZN|ES","Without sequence","14.1",""
"03/06/2024 02:00:00 - 03/06/2024 03:00:00","BZN|ES","Without sequence","14.1",""
"03/06/2024 03:00:00 - 03/06/2024 04:00:00","BZN|ES","Without sequence","12.5",""
"03/06/2024 04:00:00 - 03/06/2024 05:00:00","BZN|ES","Without sequence","14.32",""
"03/06/2024 05:00:00 - 03/06/2024 06:00:00","BZN|ES","Without sequence","10.15",""
"03/06/2024 06:00:00 - 03/06/2024 07:00:00","BZN|ES","Without sequence","35.01",""
"03/06/2024 07:00:00 - 03/06/2024 08:00:00","BZN|ES","Without sequence","37.94",""
"03/06/2024 08:00:00 - 03/06/2024 09:00:00","BZN|ES","Without sequence","41.93",""
"03/06/2024 09:00:00 - 03/06/2024 10:00:00","BZN|ES","Without sequence","35.0",""
"03/06/2024 10:00:00 - 03/06/2024 11:00:00","BZN|ES","Without sequence","16.9",""
"03/06/2024 11:00:00 - 03/06/2024 12:00:00","BZN|ES","Without sequence","5.44",""
"03/06/2024 12:00:00 - 03/06/2024 13:00:00","BZN|ES","Without sequence","4.46",""
"03/06/2024 13:00:00 - 03/06/2024 14:00:00","BZN|ES","Without sequence","8.3",""
"03/06/2024 14:00:00 - 03/06/2024 15:00:00","BZN|ES","Without sequence","3.25",""
"03/06/2024 15:00:00 - 03/06/2024 16:00:00","BZN|ES","Without sequence","1.31",""
"03/06/2024 16:00:00 - 03/06/2024 17:00:00","BZN|ES","Without sequence","3.25",""
"03/06/2024 17:00:00 - 03/06/2024 18:00:00","BZN|ES","Without sequence","11.86",""
"03/06/2024 18:00:00 - 03/06/2024 19:00:00","BZN|ES","Without sequence","35.0",""
"03/06/2024 19:00:00 - 03/06/2024 20:00:00","BZN|ES","Without sequence","49.22",""
"03/06/2024 20:00:00 - 03/06/2024 21:00:00","BZN|ES","Without sequence","75.37",""
"03/06/2024 21:00:00 - 03/06/2024 22:00:00","BZN|ES","Without sequence","102.15",""
"03/06/2024 22:00:00 - 03/06/2024 23:00:00","BZN|ES","Without sequence","81.31",""
"03/06/2024 23:00:00 - 04/06/2024 00:00:00","BZN|ES","Without sequence","63.3",""
"04/06/2024 00:00:00 - 04/06/2024 01:00:00","BZN|ES","Without sequence","99.2",""
"04/06/2024 01:00:00 - 04/06/2024 02:00:00","BZN|ES","Without sequence","92.72",""
"04/06/2024 02:00:00 - 04/06/2024 03:00:00","BZN|ES","Without sequence","94.88",""
"04/06/2024 03:00:00 - 04/06/2024 04:00:00","BZN|ES","Without sequence","84.82",""
"04/06/2024 04:00:00 - 04/06/2024 05:00:00","BZN|ES","Without sequence","94.88",""
"04/06/2024 05:00:00 - 04/06/2024 06:00:00","BZN|ES","Without sequence","95.4",""
"04/06/2024 06:00:00 - 04/06/2024 07:00:00","BZN|ES","Without sequence","150.0",""
"04/06/2024 07:00:00 - 04/06/2024 08:00:00","BZN|ES","Without sequence","175.55",""
"04/06/2024 08:00:00 - 04/06/2024 09:00:00","BZN|ES","Without sequence","113.22",""
"04/06/2024 09:00:00 - 04/06/2024 10:00:00","BZN|ES","Without sequence","81.82",""
"04/06/2024 10:00:00 - 04/06/2024 11:00:00","BZN|ES","Without sequence","70.0",""
"04/06/2024 11:00:00 - 04/06/2024 12:00:00","BZN|ES","Without sequence","37.3",""
"04/06/2024 12:00:00 - 04/06/2024 13:00:00","BZN|ES","Without sequence","35.01",""
"04/06/2024 13:00:00 - 04/06/2024 14:00:00","BZN|ES","Without sequence","35.0",""
"04/06/2024 14:00:00 - 04/06/2024 15:00:00","BZN|ES","Without sequence","35.0",""
"04/06/2024 15:00:00 - 04/06/2024 16:00:00","BZN|ES","Without sequence","27.5",""
"04/06/2024 16:00:00 - 04/06/2024 17:00:00","BZN|ES","Without sequence","30.0",""
"04/06/2024 17:00:00 - 04/06/2024 18:00:00","BZN|ES","Without sequence","35.01",""
"04/06/2024 18:00:00 - 04/06/2024 19:00:00","BZN|ES","Without sequence","59.48",""
"04/06/2024 19:00:00 - 04/06/2024 20:00:00","BZN|ES","Without sequence","67.18",""
"04/06/2024 20:00:00 - 04/06/2024 21:00:00","BZN|ES","Without sequence","116.24",""
"04/06/2024 21:00:00 - 04/06/2024 22:00:00","BZN|ES","Without sequence","171.15",""
"04/06/2024 22:00:00 - 04/06/2024 23:00:00","BZN|ES","Without sequence","157.0",""
"04/06/2024 23:00:00 - 05/06/2024 00:00:00","BZN|ES","Without sequence","145.0",""
"05/06/2024 00:00:00 - 05/06/2024 01:00:00","BZN|ES","Without sequence","117.01",""
"05/06/2024 01:00:00 - 05/06/2024 02:00:00","BZN|ES","Without sequence","112.42",""
"05/06/2024 02:00:00 - 05/06/2024 03:00:00","BZN|ES","Without sequence","110.0",""
"05/06/2024 03:00:00 - 05/06/2024 04:00:00","BZN|ES","Without sequence","110.0",""
"05/06/2024 04:00:00 - 05/06/2024 05:00:00","BZN|ES","Without sequence","104.68",""
"05/06/2024 05:00:00 - 05/06/2024 06:00:00","BZN|ES","Without sequence","107.19",""
"05/06/2024 06:00:00 - 05/06/2024 07:00:00","BZN|ES","Without sequence","110.0",""
"05/06/2024 07:00:00 - 05/06/2024 08:00:00","BZN|ES","Without sequence","123.08",""
"05/06/2024 08:00:00 - 05/06/2024 09:00:00","BZN|ES","Without sequence","120.22",""
"05/06/2024 09:00:00 - 05/06/2024 10:00:00","BZN|ES","Without sequence","110.91",""
"05/06/2024 10:00:00 - 05/06/2024 11:00:00","BZN|ES","Without sequence","81.56",""
"05/06/2024 11:00:00 - 05/06/2024 12:00:00","BZN|ES","Without sequence","55.0",""
"05/06/2024 12:00:00 - 05/06/2024 13:00:00","BZN|ES","Without sequence","50.21",""
"05/06/2024 13:00:00 - 05/06/2024 14:00:00","BZN|ES","Without sequence","47.25",""
"05/06/2024 14:00:00 - 05/06/2024 15:00:00","BZN|ES","Without sequence","35.01",""
"05/06/2024 15:00:00 - 05/06/2024 16:00:00","BZN|ES","Without sequence","35.01",""
"05/06/2024 16:00:00 - 05/06/2024 17:00:00","BZN|ES","Without sequence","35.01",""
"05/06/2024 17:00:00 - 05/06/2024 18:00:00","BZN|ES","Without sequence","54.88",""
"05/06/2024 18:00:00 - 05/06/2024 19:00:00","BZN|ES","Without sequence","79.0",""
"05/06/2024 19:00:00 - 05/06/2024 20:00:00","BZN|ES","Without sequence","108.41",""
"05/06/2024 20:00:00 - 05/06/2024 21:00:00","BZN|ES","Without sequence","124.12",""
"05/06/2024 21:00:00 - 05/06/2024 22:00:00","BZN|ES","Without sequence","170.01",""
"05/06/2024 22:00:00 - 05/06/2024 23:00:00","BZN|ES","Without sequence","124.07",""
"05/06/2024 23:00:00 - 06/06/2024 00:00:00","BZN|ES","Without sequence","113.2",""
"06/06/2024 00:00:00 - 06/06/2024 01:00:00","BZN|ES","Without sequence","103.72",""
"06/06/2024 01:00:00 - 06/06/2024 02:00:00","BZN|ES","Without sequence","107.63",""
"06/06/2024 02:00:00 - 06/06/2024 03:00:00","BZN|ES","Without sequence","110.3",""
"06/06/2024 03:00:00 - 06/06/2024 04:00:00","BZN|ES","Without sequence","109.53",""
"06/06/2024 04:00:00 - 06/06/2024 05:00:00","BZN|ES","Without sequence","110.0",""
"06/06/2024 05:00:00 - 06/06/2024 06:00:00","BZN|ES","Without sequence","110.3",""
"06/06/2024 06:00:00 - 06/06/2024 07:00:00","BZN|ES","Without sequence","112.88",""
"06/06/2024 07:00:00 - 06/06/2024 08:00:00","BZN|ES","Without sequence","114.47",""
"06/06/2024 08:00:00 - 06/06/2024 09:00:00","BZN|ES","Without sequence","101.44",""
"06/06/2024 09:00:00 - 06/06/2024 10:00:00","BZN|ES","Without sequence","84.16",""
"06/06/2024 10:00:00 - 06/06/2024 11:00:00","BZN|ES","Without sequence","81.15",""
"06/06/2024 11:00:00 - 06/06/2024 12:00:00","BZN|ES","Without sequence","69.0",""
"06/06/2024 12:00:00 - 06/06/2024 13:00:00","BZN|ES","Without sequence","62.0",""
"06/06/2024 13:00:00 - 06/06/2024 14:00:00","BZN|ES","Without sequence","56.3",""
"06/06/2024 14:00:00 - 06/06/2024 15:00:00","BZN|ES","Without sequence","56.2",""
"06/06/2024 15:00:00 - 06/06/2024 16:00:00","BZN|ES","Without sequence","55.9",""
"06/06/2024 16:00:00 - 06/06/2024 17:00:00","BZN|ES","Without sequence","62.0",""
"06/06/2024 17:00:00 - 06/06/2024 18:00:00","BZN|ES","Without sequence","80.0",""
"06/06/2024 18:00:00 - 06/06/2024 19:00:00","BZN|ES","Without sequence","90.0",""
"06/06/2024 19:00:00 - 06/06/2024 20:00:00","BZN|ES","Without sequence","100.3",""
"06/06/2024 20:00:00 - 06/06/2024 21:00:00","BZN|ES","Without sequence","115.23",""
"06/06/2024 21:00:00 - 06/06/2024 22:00:00","BZN|ES","Without sequence","122.37",""
"06/06/2024 22:00:00 - 06/06/2024 23:00:00","BZN|ES","Without sequence","116.87",""
"06/06/2024 23:00:00 - 07/06/2024 00:00:00","BZN|ES","Without sequence","110.41",""
"07/06/2024 00:00:00 - 07/06/2024 01:00:00","BZN|ES","Without sequence","98.98",""
"07/06/2024 01:00:00 - 07/06/2024 02:00:00","BZN|ES","Without sequence","98.0",""
"07/06/2024 02:00:00 - 07/06/2024 03:00:00","BZN|ES","Without sequence","95.0",""
"07/06/2024 03:00:00 - 07/06/2024 04:00:00","BZN|ES","Without sequence","97.79",""
"07/06/2024 04:00:00 - 07/06/2024 05:00:00","BZN|ES","Without sequence","97.79",""
"07/06/2024 05:00:00 - 07/06/2024 06:00:00","BZN|ES","Without sequence","98.0",""
"07/06/2024 06:00:00 - 07/06/2024 07:00:00","BZN|ES","Without sequence","98.0",""
"07/06/2024 07:00:00 - 07/06/2024 08:00:00","BZN|ES","Without sequence","99.82",""
"07/06/2024 08:00:00 - 07/06/2024 09:00:00","BZN|ES","Without sequence","103.49",""
"07/06/2024 09:00:00 - 07/06/2024 10:00:00","BZN|ES","Without sequence","97.65",""
"07/06/2024 10:00:00 - 07/06/2024 11:00:00","BZN|ES","Without sequence","78.2",""
"07/06/2024 11:00:00 - 07/06/2024 12:00:00","BZN|ES","Without sequence","52.4",""
"07/06/2024 12:00:00 - 07/06/2024 13:00:00","BZN|ES","Without sequence","50.69",""
"07/06/2024 13:00:00 - 07/06/2024 14:00:00","BZN|ES","Without sequence","45.1",""
"07/06/2024 14:00:00 - 07/06/2024 15:00:00","BZN|ES","Without sequence","39.5",""
"07/06/2024 15:00:00 - 07/06/2024 16:00:00","BZN|ES","Without sequence","38.1",""
"07/06/2024 16:00:00 - 07/06/2024 17:00:00","BZN|ES","Without sequence","38.1",""
"07/06/2024 17:00:00 - 07/06/2024 18:00:00","BZN|ES","Without sequence","40.0",""
"07/06/2024 18:00:00 - 07/06/2024 19:00:00","BZN|ES","Without sequence","56.2",""
"07/06/2024 19:00:00 - 07/06/2024 20:00:00","BZN|ES","Without sequence","82.84",""
"07/06/2024 20:00:00 - 07/06/2024 21:00:00","BZN|ES","Without sequence","94.2",""
"07/06/2024 21:00:00 - 07/06/2024 22:00:00","BZN|ES","Without sequence","100.0",""
"07/06/2024 22:00:00 - 07/06/2024 23:00:00","BZN|ES","Without sequence","99.94",""
"07/06/2024 23:00:00 - 08/06/2024 00:00:00","BZN|ES","Without sequence","99.4",""
"08/06/2024 00:00:00 - 08/06/2024 01:00:00","BZN|ES","Without sequence","95.09",""
"08/06/2024 01:00:00 - 08/06/2024 02:00:00","BZN|ES","Without sequence","90.0",""
"08/06/2024 02:00:00 - 08/06/2024 03:00:00","BZN|ES","Without sequence","85.86",""
"08/06/2024 03:00:00 - 08/06/2024 04:00:00","BZN|ES","Without sequence","85.64",""
"08/06/2024 04:00:00 - 08/06/2024 05:00:00","BZN|ES","Without sequence","85.64",""
"08/06/2024 05:00:00 - 08/06/2024 06:00:00","BZN|ES","Without sequence","85.88",""
"08/06/2024 06:00:00 - 08/06/2024 07:00:00","BZN|ES","Without sequence","99.35",""
"08/06/2024 07:00:00 - 08/06/2024 08:00:00","BZN|ES","Without sequence","101.44",""
"08/06/2024 08:00:00 - 08/06/2024 09:00:00","BZN|ES","Without sequence","100.3",""
"08/06/2024 09:00:00 - 08/06/2024 10:00:00","BZN|ES","Without sequence","94.01",""
"08/06/2024 10:00:00 - 08/06/2024 11:00:00","BZN|ES","Without sequence","70.2",""
"08/06/2024 11:00:00 - 08/06/2024 12:00:00","BZN|ES","Without sequence","51.44",""
"08/06/2024 12:00:00 - 08/06/2024 13:00:00","BZN|ES","Without sequence","42.1",""
"08/06/2024 13:00:00 - 08/06/2024 14:00:00","BZN|ES","Without sequence","41.6",""
"08/06/2024 14:00:00 - 08/06/2024 15:00:00","BZN|ES","Without sequence","35.13",""
"08/06/2024 15:00:00 - 08/06/2024 16:00:00","BZN|ES","Without sequence","35.0",""
"08/06/2024 16:00:00 - 08/06/2024 17:00:00","BZN|ES","Without sequence","30.49",""
"08/06/2024 17:00:00 - 08/06/2024 18:00:00","BZN|ES","Without sequence","25.3",""
"08/06/2024 18:00:00 - 08/06/2024 19:00:00","BZN|ES","Without sequence","35.01",""
"08/06/2024 19:00:00 - 08/06/2024 20:00:00","BZN|ES","Without sequence","47.7",""
"08/06/2024 20:00:00 - 08/06/2024 21:00:00","BZN|ES","Without sequence","85.03",""
"08/06/2024 21:00:00 - 08/06/2024 22:00:00","BZN|ES","Without sequence","101.12",""
"08/06/2024 22:00:00 - 08/06/2024 23:00:00","BZN|ES","Without sequence","100.76",""
"08/06/2024 23:00:00 - 09/06/2024 00:00:00","BZN|ES","Without sequence","90.0",""
"09/06/2024 00:00:00 - 09/06/2024 01:00:00","BZN|ES","Without sequence","35.13",""
"09/06/2024 01:00:00 - 09/06/2024 02:00:00","BZN|ES","Without sequence","22.41",""
"09/06/2024 02:00:00 - 09/06/2024 03:00:00","BZN|ES","Without sequence","12.76",""
"09/06/2024 03:00:00 - 09/06/2024 04:00:00","BZN|ES","Without sequence","8.46",""
"09/06/2024 04:00:00 - 09/06/2024 05:00:00","BZN|ES","Without sequence","8.94",""
"09/06/2024 05:00:00 - 09/06/2024 06:00:00","BZN|ES","Without sequence","22.99",""
"09/06/2024 06:00:00 - 09/06/2024 07:00:00","BZN|ES","Without sequence","10.0",""
"09/06/2024 07:00:00 - 09/06/2024 08:00:00","BZN|ES","Without sequence","5.0",""
"09/06/2024 08:00:00 - 09/06/2024 09:00:00","BZN|ES","Without sequence","3.25",""
"09/06/2024 09:00:00 - 09/06/2024 10:00:00","BZN|ES","Without sequence","0.0",""
"09/06/2024 10:00:00 - 09/06/2024 11:00:00","BZN|ES","Without sequence","0.0",""
"09/06/2024 11:00:00 - 09/06/2024 12:00:00","BZN|ES","Without sequence","0.0",""
"09/06/2024 12:00:00 - 09/06/2024 13:00:00","BZN|ES","Without sequence","0.0",""
"09/06/2024 13:00:00 - 09/06/2024 14:00:00","BZN|ES","Without sequence","0.0",""
"09/06/2024 14:00:00 - 09/06/2024 15:00:00","BZN|ES","Without sequence","0.0",""
"09/06/2024 15:00:00 - 09/06/2024 16:00:00","BZN|ES","Without sequence","-0.01",""
"09/06/2024 16:00:00 - 09/06/2024 17:00:00","BZN|ES","Without sequence","-0.01",""
"09/06/2024 17:00:00 - 09/06/2024 18:00:00","BZN|ES","Without sequence","0.0",""
"09/06/2024 18:00:00 - 09/06/2024 19:00:00","BZN|ES","Without sequence","3.25",""
"09/06/2024 19:00:00 - 09/06/2024 20:00:00","BZN|ES","Without sequence","35.0",""
"09/06/2024 20:00:00 - 09/06/2024 21:00:00","BZN|ES","Without sequence","41.8",""
"09/06/2024 21:00:00 - 09/06/2024 22:00:00","BZN|ES","Without sequence","58.76",""
"09/06/2024 22:00:00 - 09/06/2024 23:00:00","BZN|ES","Without sequence","69.64",""
"09/06/2024 23:00:00 - 10/06/2024 00:00:00","BZN|ES","Without sequence","56.9",""
"10/06/2024 00:00:00 - 10/06/2024 01:00:00","BZN|ES","Without sequence","69.41",""
"10/06/2024 01:00:00 - 10/06/2024 02:00:00","BZN|ES","Without sequence","35.5",""
"10/06/2024 02:00:00 - 10/06/2024 03:00:00","BZN|ES","Without sequence","38.2",""
"10/06/2024 03:00:00 - 10/06/2024 04:00:00","BZN|ES","Without sequence","35.01",""
"10/06/2024 04:00:00 - 10/06/2024 05:00:00","BZN|ES","Without sequence","35.0",""
"10/06/2024 05:00:00 - 10/06/2024 06:00:00","BZN|ES","Without sequence","35.01",""
"10/06/2024 06:00:00 - 10/06/2024 07:00:00","BZN|ES","Without sequence","38.5",""
"10/06/2024 07:00:00 - 10/06/2024 08:00:00","BZN|ES","Without sequence","55.05",""
"10/06/2024 08:00:00 - 10/06/2024 09:00:00","BZN|ES","Without sequence","35.5",""
"10/06/2024 09:00:00 - 10/06/2024 10:00:00","BZN|ES","Without sequence","38.3",""
"10/06/2024 10:00:00 - 10/06/2024 11:00:00","BZN|ES","Without sequence","35.13",""
"10/06/2024 11:00:00 - 10/06/2024 12:00:00","BZN|ES","Without sequence","35.1",""
"10/06/2024 12:00:00 - 10/06/2024 13:00:00","BZN|ES","Without sequence","35.01",""
"10/06/2024 13:00:00 - 10/06/2024 14:00:00","BZN|ES","Without sequence","35.01",""
"10/06/2024 14:00:00 - 10/06/2024 15:00:00","BZN|ES","Without sequence","35.0",""
"10/06/2024 15:00:00 - 10/06/2024 16:00:00","BZN|ES","Without sequence","34.8",""
"10/06/2024 16:00:00 - 10/06/2024 17:00:00","BZN|ES","Without sequence","34.8",""
"10/06/2024 17:00:00 - 10/06/2024 18:00:00","BZN|ES","Without sequence","35.0",""
"10/06/2024 18:00:00 - 10/06/2024 19:00:00","BZN|ES","Without sequence","35.0",""
"10/06/2024 19:00:00 - 10/06/2024 20:00:00","BZN|ES","Without sequence","40.56",""
"10/06/2024 20:00:00 - 10/06/2024 21:00:00","BZN|ES","Without sequence","71.36",""
"10/06/2024 21:00:00 - 10/06/2024 22:00:00","BZN|ES","Without sequence","86.75",""
"10/06/2024 22:00:00 - 10/06/2024 23:00:00","BZN|ES","Without sequence","71.48",""
"10/06/2024 23:00:00 - 11/06/2024 00:00:00","BZN|ES","Without sequence","70.06",""
"11/06/2024 00:00:00 - 11/06/2024 01:00:00","BZN|ES","Without sequence","98.3",""
"11/06/2024 01:00:00 - 11/06/2024 02:00:00","BZN|ES","Without sequence","95.09",""
"11/06/2024 02:00:00 - 11/06/2024 03:00:00","BZN|ES","Without sequence","84.83",""
"11/06/2024 03:00:00 - 11/06/2024 04:00:00","BZN|ES","Without sequence","78.2",""
"11/06/2024 04:00:00 - 11/06/2024 05:00:00","BZN|ES","Without sequence","78.2",""
"11/06/2024 05:00:00 - 11/06/2024 06:00:00","BZN|ES","Without sequence","85.41",""
"11/06/2024 06:00:00 - 11/06/2024 07:00:00","BZN|ES","Without sequence","71.48",""
"11/06/2024 07:00:00 - 11/06/2024 08:00:00","BZN|ES","Without sequence","90.34",""
"11/06/2024 08:00:00 - 11/06/2024 09:00:00","BZN|ES","Without sequence","98.13",""
"11/06/2024 09:00:00 - 11/06/2024 10:00:00","BZN|ES","Without sequence","70.0",""
"11/06/2024 10:00:00 - 11/06/2024 11:00:00","BZN|ES","Without sequence","44.8",""
"11/06/2024 11:00:00 - 11/06/2024 12:00:00","BZN|ES","Without sequence","42.3",""
"11/06/2024 12:00:00 - 11/06/2024 13:00:00","BZN|ES","Without sequence","41.2",""
"11/06/2024 13:00:00 - 11/06/2024 14:00:00","BZN|ES","Without sequence","40.0",""
"11/06/2024 14:00:00 - 11/06/2024 15:00:00","BZN|ES","Without sequence","35.02",""
"11/06/2024 15:00:00 - 11/06/2024 16:00:00","BZN|ES","Without sequence","35.01",""
"11/06/2024 16:00:00 - 11/06/2024 17:00:00","BZN|ES","Without sequence","35.01",""
"11/06/2024 17:00:00 - 11/06/2024 18:00:00","BZN|ES","Without sequence","35.13",""
"11/06/2024 18:00:00 - 11/06/2024 19:00:00","BZN|ES","Without sequence","43.0",""
"11/06/2024 19:00:00 - 11/06/2024 20:00:00","BZN|ES","Without sequence","66.05",""
"11/06/2024 20:00:00 - 11/06/2024 21:00:00","BZN|ES","Without sequence","71.12",""
"11/06/2024 21:00:00 - 11/06/2024 22:00:00","BZN|ES","Without sequence","85.41",""
"11/06/2024 22:00:00 - 11/06/2024 23:00:00","BZN|ES","Without sequence","77.29",""
"11/06/2024 23:00:00 - 12/06/2024 00:00:00","BZN|ES","Without sequence","70.13",""
"12/06/2024 00:00:00 - 12/06/2024 01:00:00","BZN|ES","Without sequence","83.13",""
"12/06/2024 01:00:00 - 12/06/2024 02:00:00","BZN|ES","Without sequence","61.4",""
"12/06/2024 02:00:00 - 12/06/2024 03:00:00","BZN|ES","Without sequence","61.58",""
"12/06/2024 03:00:00 - 12/06/2024 04:00:00","BZN|ES","Without sequence","60.1",""
"12/06/2024 04:00:00 - 12/06/2024 05:00:00","BZN|ES","Without sequence","55.2",""
"12/06/2024 05:00:00 - 12/06/2024 06:00:00","BZN|ES","Without sequence","55.2",""
"12/06/2024 06:00:00 - 12/06/2024 07:00:00","BZN|ES","Without sequence","60.0",""
"12/06/2024 07:00:00 - 12/06/2024 08:00:00","BZN|ES","Without sequence","90.34",""
"12/06/2024 08:00:00 - 12/06/2024 09:00:00","BZN|ES","Without sequence","75.0",""
"12/06/2024 09:00:00 - 12/06/2024 10:00:00","BZN|ES","Without sequence","42.5",""
"12/06/2024 10:00:00 - 12/06/2024 11:00:00","BZN|ES","Without sequence","35.02",""
"12/06/2024 11:00:00 - 12/06/2024 12:00:00","BZN|ES","Without sequence","35.01",""
"12/06/2024 12:00:00 - 12/06/2024 13:00:00","BZN|ES","Without sequence","35.01",""
"12/06/2024 13:00:00 - 12/06/2024 14:00:00","BZN|ES","Without sequence","35.01",""
"12/06/2024 14:00:00 - 12/06/2024 15:00:00","BZN|ES","Without sequence","33.0",""
"12/06/2024 15:00:00 - 12/06/2024 16:00:00","BZN|ES","Without sequence","12.25",""
"12/06/2024 16:00:00 - 12/06/2024 17:00:00","BZN|ES","Without sequence","10.43",""
"12/06/2024 17:00:00 - 12/06/2024 18:00:00","BZN|ES","Without sequence","25.73",""
"12/06/2024 18:00:00 - 12/06/2024 19:00:00","BZN|ES","Without sequence","40.0",""
"12/06/2024 19:00:00 - 12/06/2024 20:00:00","BZN|ES","Without sequence","55.1",""
"12/06/2024 20:00:00 - 12/06/2024 21:00:00","BZN|ES","Without sequence","75.0",""
"12/06/2024 21:00:00 - 12/06/2024 22:00:00","BZN|ES","Without sequence","101.34",""
"12/06/2024 22:00:00 - 12/06/2024 23:00:00","BZN|ES","Without sequence","100.98",""
"12/06/2024 23:00:00 - 13/06/2024 00:00:00","BZN|ES","Without sequence","85.17",""
"13/06/2024 00:00:00 - 13/06/2024 01:00:00","BZN|ES","Without sequence","97.86",""
"13/06/2024 01:00:00 - 13/06/2024 02:00:00","BZN|ES","Without sequence","93.1",""
"13/06/2024 02:00:00 - 13/06/2024 03:00:00","BZN|ES","Without sequence","90.34",""
"13/06/2024 03:00:00 - 13/06/2024 04:00:00","BZN|ES","Without sequence","95.26",""
"13/06/2024 04:00:00 - 13/06/2024 05:00:00","BZN|ES","Without sequence","101.76",""
"13/06/2024 05:00:00 - 13/06/2024 06:00:00","BZN|ES","Without sequence","105.36",""
"13/06/2024 06:00:00 - 13/06/2024 07:00:00","BZN|ES","Without sequence","120.0",""
"13/06/2024 07:00:00 - 13/06/2024 08:00:00","BZN|ES","Without sequence","130.0",""
"13/06/2024 08:00:00 - 13/06/2024 09:00:00","BZN|ES","Without sequence","90.0",""
"13/06/2024 09:00:00 - 13/06/2024 10:00:00","BZN|ES","Without sequence","72.94",""
"13/06/2024 10:00:00 - 13/06/2024 11:00:00","BZN|ES","Without sequence","35.02",""
"13/06/2024 11:00:00 - 13/06/2024 12:00:00","BZN|ES","Without sequence","35.0",""
"13/06/2024 12:00:00 - 13/06/2024 13:00:00","BZN|ES","Without sequence","33.9",""
"13/06/2024 13:00:00 - 13/06/2024 14:00:00","BZN|ES","Without sequence","10.0",""
"13/06/2024 14:00:00 - 13/06/2024 15:00:00","BZN|ES","Without sequence","0.0",""
"13/06/2024 15:00:00 - 13/06/2024 16:00:00","BZN|ES","Without sequence","0.0",""
"13/06/2024 16:00:00 - 13/06/2024 17:00:00","BZN|ES","Without sequence","0.0",""
"13/06/2024 17:00:00 - 13/06/2024 18:00:00","BZN|ES","Without sequence","5.49",""
"13/06/2024 18:00:00 - 13/06/2024 19:00:00","BZN|ES","Without sequence","14.74",""
"13/06/2024 19:00:00 - 13/06/2024 20:00:00","BZN|ES","Without sequence","35.45",""
"13/06/2024 20:00:00 - 13/06/2024 21:00:00","BZN|ES","Without sequence","82.1",""
"13/06/2024 21:00:00 - 13/06/2024 22:00:00","BZN|ES","Without sequence","111.81",""
"13/06/2024 22:00:00 - 13/06/2024 23:00:00","BZN|ES","Without sequence","109.81",""
"13/06/2024 23:00:00 - 14/06/2024 00:00:00","BZN|ES","Without sequence","95.26",""
"14/06/2024 00:00:00 - 14/06/2024 01:00:00","BZN|ES","Without sequence","78.86",""
"14/06/2024 01:00:00 - 14/06/2024 02:00:00","BZN|ES","Without sequence","76.44",""
"14/06/2024 02:00:00 - 14/06/2024 03:00:00","BZN|ES","Without sequence","75.72",""
"14/06/2024 03:00:00 - 14/06/2024 04:00:00","BZN|ES","Without sequence","75.3",""
"14/06/2024 04:00:00 - 14/06/2024 05:00:00","BZN|ES","Without sequence","75.72",""
"14/06/2024 05:00:00 - 14/06/2024 06:00:00","BZN|ES","Without sequence","78.02",""
"14/06/2024 06:00:00 - 14/06/2024 07:00:00","BZN|ES","Without sequence","79.1",""
"14/06/2024 07:00:00 - 14/06/2024 08:00:00","BZN|ES","Without sequence","90.0",""
"14/06/2024 08:00:00 - 14/06/2024 09:00:00","BZN|ES","Without sequence","79.34",""
"14/06/2024 09:00:00 - 14/06/2024 10:00:00","BZN|ES","Without sequence","45.91",""
"14/06/2024 10:00:00 - 14/06/2024 11:00:00","BZN|ES","Without sequence","35.01",""
"14/06/2024 11:00:00 - 14/06/2024 12:00:00","BZN|ES","Without sequence","12.21",""
"14/06/2024 12:00:00 - 14/06/2024 13:00:00","BZN|ES","Without sequence","3.25",""
"14/06/2024 13:00:00 - 14/06/2024 14:00:00","BZN|ES","Without sequence","0.44",""
"14/06/2024 14:00:00 - 14/06/2024 15:00:00","BZN|ES","Without sequence","0.02",""
"14/06/2024 15:00:00 - 14/06/2024 16:00:00","BZN|ES","Without sequence","0.0",""
"14/06/2024 16:00:00 - 14/06/2024 17:00:00","BZN|ES","Without sequence","0.0",""
"14/06/2024 17:00:00 - 14/06/2024 18:00:00","BZN|ES","Without sequence","0.0",""
"14/06/2024 18:00:00 - 14/06/2024 19:00:00","BZN|ES","Without sequence","0.96",""
"14/06/2024 19:00:00 - 14/06/2024 20:00:00","BZN|ES","Without sequence","7.0",""
"14/06/2024 20:00:00 - 14/06/2024 21:00:00","BZN|ES","Without sequence","35.02",""
"14/06/2024 21:00:00 - 14/06/2024 22:00:00","BZN|ES","Without sequence","75.72",""
"14/06/2024 22:00:00 - 14/06/2024 23:00:00","BZN|ES","Without sequence","76.44",""
"14/06/2024 23:00:00 - 15/06/2024 00:00:00","BZN|ES","Without sequence","49.36",""
"15/06/2024 00:00:00 - 15/06/2024 01:00:00","BZN|ES","Without sequence","38.1",""
"15/06/2024 01:00:00 - 15/06/2024 02:00:00","BZN|ES","Without sequence","35.02",""
"15/06/2024 02:00:00 - 15/06/2024 03:00:00","BZN|ES","Without sequence","35.02",""
"15/06/2024 03:00:00 - 15/06/2024 04:00:00","BZN|ES","Without sequence","35.02",""
"15/06/2024 04:00:00 - 15/06/2024 05:00:00","BZN|ES","Without sequence","35.02",""
"15/06/2024 05:00:00 - 15/06/2024 06:00:00","BZN|ES","Without sequence","35.02",""
"15/06/2024 06:00:00 - 15/06/2024 07:00:00","BZN|ES","Without sequence","35.02",""
"15/06/2024 07:00:00 - 15/06/2024 08:00:00","BZN|ES","Without sequence","35.01",""
"15/06/2024 08:00:00 - 15/06/2024 09:00:00","BZN|ES","Without sequence","17.8",""
"15/06/2024 09:00:00 - 15/06/2024 10:00:00","BZN|ES","Without sequence","0.0",""
"15/06/2024 10:00:00 - 15/06/2024 11:00:00","BZN|ES","Without sequence","-0.01",""
"15/06/2024 11:00:00 - 15/06/2024 12:00:00","BZN|ES","Without sequence","-0.6",""
"15/06/2024 12:00:00 - 15/06/2024 13:00:00","BZN|ES","Without sequence","-0.25",""
"15/06/2024 13:00:00 - 15/06/2024 14:00:00","BZN|ES","Without sequence","-0.5",""
"15/06/2024 14:00:00 - 15/06/2024 15:00:00","BZN|ES","Without sequence","-0.6",""
"15/06/2024 15:00:00 - 15/06/2024 16:00:00","BZN|ES","Without sequence","-0.72",""
"15/06/2024 16:00:00 - 15/06/2024 17:00:00","BZN|ES","Without sequence","-0.79",""
"15/06/2024 17:00:00 - 15/06/2024 18:00:00","BZN|ES","Without sequence","-0.62",""
"15/06/2024 18:00:00 - 15/06/2024 19:00:00","BZN|ES","Without sequence","0.0",""
"15/06/2024 19:00:00 - 15/06/2024 20:00:00","BZN|ES","Without sequence","9.59",""
"15/06/2024 20:00:00 - 15/06/2024 21:00:00","BZN|ES","Without sequence","35.01",""
"15/06/2024 21:00:00 - 15/06/2024 22:00:00","BZN|ES","Without sequence","41.64",""
"15/06/2024 22:00:00 - 15/06/2024 23:00:00","BZN|ES","Without sequence","47.7",""
"15/06/2024 23:00:00 - 16/06/2024 00:00:00","BZN|ES","Without sequence","41.76",""
"16/06/2024 00:00:00 - 16/06/2024 01:00:00","BZN|ES","Without sequence","35.01",""
"16/06/2024 01:00:00 - 16/06/2024 02:00:00","BZN|ES","Without sequence","35.0",""
"16/06/2024 02:00:00 - 16/06/2024 03:00:00","BZN|ES","Without sequence","35.0",""
"16/06/2024 03:00:00 - 16/06/2024 04:00:00","BZN|ES","Without sequence","35.0",""
"16/06/2024 04:00:00 - 16/06/2024 05:00:00","BZN|ES","Without sequence","35.0",""
"16/06/2024 05:00:00 - 16/06/2024 06:00:00","BZN|ES","Without sequence","35.0",""
"16/06/2024 06:00:00 - 16/06/2024 07:00:00","BZN|ES","Without sequence","35.01",""
"16/06/2024 07:00:00 - 16/06/2024 08:00:00","BZN|ES","Without sequence","18.5",""
"16/06/2024 08:00:00 - 16/06/2024 09:00:00","BZN|ES","Without sequence","0.0",""
"16/06/2024 09:00:00 - 16/06/2024 10:00:00","BZN|ES","Without sequence","-0.62",""
"16/06/2024 10:00:00 - 16/06/2024 11:00:00","BZN|ES","Without sequence","-1.01",""
"16/06/2024 11:00:00 - 16/06/2024 12:00:00","BZN|ES","Without sequence","-2.0",""
"16/06/2024 12:00:00 - 16/06/2024 13:00:00","BZN|ES","Without sequence","-2.0",""
"16/06/2024 13:00:00 - 16/06/2024 14:00:00","BZN|ES","Without sequence","-2.0",""
"16/06/2024 14:00:00 - 16/06/2024 15:00:00","BZN|ES","Without sequence","-2.0",""
"16/06/2024 15:00:00 - 16/06/2024 16:00:00","BZN|ES","Without sequence","-2.0",""
"16/06/2024 16:00:00 - 16/06/2024 17:00:00","BZN|ES","Without sequence","-2.0",""
"16/06/2024 17:00:00 - 16/06/2024 18:00:00","BZN|ES","Without sequence","-0.85",""
"16/06/2024 18:00:00 - 16/06/2024 19:00:00","BZN|ES","Without sequence","-0.01",""
"16/06/2024 19:00:00 - 16/06/2024 20:00:00","BZN|ES","Without sequence","3.25",""
"16/06/2024 20:00:00 - 16/06/2024 21:00:00","BZN|ES","Without sequence","16.8",""
"16/06/2024 21:00:00 - 16/06/2024 22:00:00","BZN|ES","Without sequence","35.02",""
"16/06/2024 22:00:00 - 16/06/2024 23:00:00","BZN|ES","Without sequence","41.26",""
"16/06/2024 23:00:00 - 17/06/2024 00:00:00","BZN|ES","Without sequence","41.62",""
"17/06/2024 00:00:00 - 17/06/2024 01:00:00","BZN|ES","Without sequence","41.49",""
"17/06/2024 01:00:00 - 17/06/2024 02:00:00","BZN|ES","Without sequence","35.01",""
"17/06/2024 02:00:00 - 17/06/2024 03:00:00","BZN|ES","Without sequence","35.0",""
"17/06/2024 03:00:00 - 17/06/2024 04:00:00","BZN|ES","Without sequence","35.0",""
"17/06/2024 04:00:00 - 17/06/2024 05:00:00","BZN|ES","Without sequence","32.0",""
"17/06/2024 05:00:00 - 17/06/2024 06:00:00","BZN|ES","Without sequence","35.0",""
"17/06/2024 06:00:00 - 17/06/2024 07:00:00","BZN|ES","Without sequence","35.01",""
"17/06/2024 07:00:00 - 17/06/2024 08:00:00","BZN|ES","Without sequence","46.5",""
"17/06/2024 08:00:00 - 17/06/2024 09:00:00","BZN|ES","Without sequence","46.5",""
"17/06/2024 09:00:00 - 17/06/2024 10:00:00","BZN|ES","Without sequence","35.01",""
"17/06/2024 10:00:00 - 17/06/2024 11:00:00","BZN|ES","Without sequence","22.28",""
"17/06/2024 11:00:00 - 17/06/2024 12:00:00","BZN|ES","Without sequence","3.25",""
"17/06/2024 12:00:00 - 17/06/2024 13:00:00","BZN|ES","Without sequence","1.5",""
"17/06/2024 13:00:00 - 17/06/2024 14:00:00","BZN|ES","Without sequence","0.44",""
"17/06/2024 14:00:00 - 17/06/2024 15:00:00","BZN|ES","Without sequence","0.0",""
"17/06/2024 15:00:00 - 17/06/2024 16:00:00","BZN|ES","Without sequence","0.0",""
"17/06/2024 16:00:00 - 17/06/2024 17:00:00","BZN|ES","Without sequence","0.0",""
"17/06/2024 17:00:00 - 17/06/2024 18:00:00","BZN|ES","Without sequence","0.44",""
"17/06/2024 18:00:00 - 17/06/2024 19:00:00","BZN|ES","Without sequence","3.25",""
"17/06/2024 19:00:00 - 17/06/2024 20:00:00","BZN|ES","Without sequence","21.72",""
"17/06/2024 20:00:00 - 17/06/2024 21:00:00","BZN|ES","Without sequence","46.38",""
"17/06/2024 21:00:00 - 17/06/2024 22:00:00","BZN|ES","Without sequence","72.75",""
"17/06/2024 22:00:00 - 17/06/2024 23:00:00","BZN|ES","Without sequence","91.27",""
"17/06/2024 23:00:00 - 18/06/2024 00:00:00","BZN|ES","Without sequence","62.78",""
"18/06/2024 00:00:00 - 18/06/2024 01:00:00","BZN|ES","Without sequence","51.76",""
"18/06/2024 01:00:00 - 18/06/2024 02:00:00","BZN|ES","Without sequence","37.0",""
"18/06/2024 02:00:00 - 18/06/2024 03:00:00","BZN|ES","Without sequence","51.01",""
"18/06/2024 03:00:00 - 18/06/2024 04:00:00","BZN|ES","Without sequence","52.59",""
"18/06/2024 04:00:00 - 18/06/2024 05:00:00","BZN|ES","Without sequence","53.99",""
"18/06/2024 05:00:00 - 18/06/2024 06:00:00","BZN|ES","Without sequence","66.75",""
"18/06/2024 06:00:00 - 18/06/2024 07:00:00","BZN|ES","Without sequence","96.13",""
"18/06/2024 07:00:00 - 18/06/2024 08:00:00","BZN|ES","Without sequence","101.0",""
"18/06/2024 08:00:00 - 18/06/2024 09:00:00","BZN|ES","Without sequence","96.13",""
"18/06/2024 09:00:00 - 18/06/2024 10:00:00","BZN|ES","Without sequence","53.39",""
"18/06/2024 10:00:00 - 18/06/2024 11:00:00","BZN|ES","Without sequence","39.0",""
"18/06/2024 11:00:00 - 18/06/2024 12:00:00","BZN|ES","Without sequence","35.0",""
"18/06/2024 12:00:00 - 18/06/2024 13:00:00","BZN|ES","Without sequence","28.37",""
"18/06/2024 13:00:00 - 18/06/2024 14:00:00","BZN|ES","Without sequence","20.97",""
"18/06/2024 14:00:00 - 18/06/2024 15:00:00","BZN|ES","Without sequence","11.21",""
"18/06/2024 15:00:00 - 18/06/2024 16:00:00","BZN|ES","Without sequence","10.6",""
"18/06/2024 16:00:00 - 18/06/2024 17:00:00","BZN|ES","Without sequence","9.99",""
"18/06/2024 17:00:00 - 18/06/2024 18:00:00","BZN|ES","Without sequence","20.27",""
"18/06/2024 18:00:00 - 18/06/2024 19:00:00","BZN|ES","Without sequence","35.0",""
"18/06/2024 19:00:00 - 18/06/2024 20:00:00","BZN|ES","Without sequence","45.28",""
"18/06/2024 20:00:00 - 18/06/2024 21:00:00","BZN|ES","Without sequence","80.23",""
"18/06/2024 21:00:00 - 18/06/2024 22:00:00","BZN|ES","Without sequence","124.12",""
"18/06/2024 22:00:00 - 18/06/2024 23:00:00","BZN|ES","Without sequence","130.9",""
"18/06/2024 23:00:00 - 19/06/2024 00:00:00","BZN|ES","Without sequence","110.41",""
"19/06/2024 00:00:00 - 19/06/2024 01:00:00","BZN|ES","Without sequence","105.16",""
"19/06/2024 01:00:00 - 19/06/2024 02:00:00","BZN|ES","Without sequence","99.96",""
"19/06/2024 02:00:00 - 19/06/2024 03:00:00","BZN|ES","Without sequence","94.76",""
"19/06/2024 03:00:00 - 19/06/2024 04:00:00","BZN|ES","Without sequence","90.56",""
"19/06/2024 04:00:00 - 19/06/2024 05:00:00","BZN|ES","Without sequence","90.56",""
"19/06/2024 05:00:00 - 19/06/2024 06:00:00","BZN|ES","Without sequence","94.76",""
"19/06/2024 06:00:00 - 19/06/2024 07:00:00","BZN|ES","Without sequence","100.0",""
"19/06/2024 07:00:00 - 19/06/2024 08:00:00","BZN|ES","Without sequence","114.32",""
"19/06/2024 08:00:00 - 19/06/2024 09:00:00","BZN|ES","Without sequence","100.0",""
"19/06/2024 09:00:00 - 19/06/2024 10:00:00","BZN|ES","Without sequence","84.69",""
"19/06/2024 10:00:00 - 19/06/2024 11:00:00","BZN|ES","Without sequence","74.71",""
"19/06/2024 11:00:00 - 19/06/2024 12:00:00","BZN|ES","Without sequence","46.41",""
"19/06/2024 12:00:00 - 19/06/2024 13:00:00","BZN|ES","Without sequence","43.54",""
"19/06/2024 13:00:00 - 19/06/2024 14:00:00","BZN|ES","Without sequence","37.0",""
"19/06/2024 14:00:00 - 19/06/2024 15:00:00","BZN|ES","Without sequence","36.4",""
"19/06/2024 15:00:00 - 19/06/2024 16:00:00","BZN|ES","Without sequence","35.02",""
"19/06/2024 16:00:00 - 19/06/2024 17:00:00","BZN|ES","Without sequence","35.01",""
"19/06/2024 17:00:00 - 19/06/2024 18:00:00","BZN|ES","Without sequence","35.02",""
"19/06/2024 18:00:00 - 19/06/2024 19:00:00","BZN|ES","Without sequence","38.47",""
"19/06/2024 19:00:00 - 19/06/2024 20:00:00","BZN|ES","Without sequence","79.83",""
"19/06/2024 20:00:00 - 19/06/2024 21:00:00","BZN|ES","Without sequence","87.41",""
"19/06/2024 21:00:00 - 19/06/2024 22:00:00","BZN|ES","Without sequence","109.81",""
"19/06/2024 22:00:00 - 19/06/2024 23:00:00","BZN|ES","Without sequence","109.0",""
"19/06/2024 23:00:00 - 20/06/2024 00:00:00","BZN|ES","Without sequence","89.59",""
"20/06/2024 00:00:00 - 20/06/2024 01:00:00","BZN|ES","Without sequence","109.26",""
"20/06/2024 01:00:00 - 20/06/2024 02:00:00","BZN|ES","Without sequence","105.0",""
"20/06/2024 02:00:00 - 20/06/2024 03:00:00","BZN|ES","Without sequence","103.0",""
"20/06/2024 03:00:00 - 20/06/2024 04:00:00","BZN|ES","Without sequence","102.1",""
"20/06/2024 04:00:00 - 20/06/2024 05:00:00","BZN|ES","Without sequence","96.9",""
"20/06/2024 05:00:00 - 20/06/2024 06:00:00","BZN|ES","Without sequence","94.3",""
"20/06/2024 06:00:00 - 20/06/2024 07:00:00","BZN|ES","Without sequence","99.0",""
"20/06/2024 07:00:00 - 20/06/2024 08:00:00","BZN|ES","Without sequence","111.72",""
"20/06/2024 08:00:00 - 20/06/2024 09:00:00","BZN|ES","Without sequence","103.0",""
"20/06/2024 09:00:00 - 20/06/2024 10:00:00","BZN|ES","Without sequence","95.0",""
"20/06/2024 10:00:00 - 20/06/2024 11:00:00","BZN|ES","Without sequence","71.87",""
"20/06/2024 11:00:00 - 20/06/2024 12:00:00","BZN|ES","Without sequence","63.04",""
"20/06/2024 12:00:00 - 20/06/2024 13:00:00","BZN|ES","Without sequence","59.94",""
"20/06/2024 13:00:00 - 20/06/2024 14:00:00","BZN|ES","Without sequence","58.35",""
"20/06/2024 14:00:00 - 20/06/2024 15:00:00","BZN|ES","Without sequence","61.42",""
"20/06/2024 15:00:00 - 20/06/2024 16:00:00","BZN|ES","Without sequence","61.93",""
"20/06/2024 16:00:00 - 20/06/2024 17:00:00","BZN|ES","Without sequence","61.42",""
"20/06/2024 17:00:00 - 20/06/2024 18:00:00","BZN|ES","Without sequence","62.15",""
"20/06/2024 18:00:00 - 20/06/2024 19:00:00","BZN|ES","Without sequence","77.46",""
"20/06/2024 19:00:00 - 20/06/2024 20:00:00","BZN|ES","Without sequence","107.0",""
"20/06/2024 20:00:00 - 20/06/2024 21:00:00","BZN|ES","Without sequence","115.28",""
"20/06/2024 21:00:00 - 20/06/2024 22:00:00","BZN|ES","Without sequence","122.78",""
"20/06/2024 22:00:00 - 20/06/2024 23:00:00","BZN|ES","Without sequence","120.0",""
"20/06/2024 23:00:00 - 21/06/2024 00:00:00","BZN|ES","Without sequence","112.48",""
"21/06/2024 00:00:00 - 21/06/2024 01:00:00","BZN|ES","Without sequence","102.72",""
"21/06/2024 01:00:00 - 21/06/2024 02:00:00","BZN|ES","Without sequence","100.34",""
"21/06/2024 02:00:00 - 21/06/2024 03:00:00","BZN|ES","Without sequence","102.3",""
"21/06/2024 03:00:00 - 21/06/2024 04:00:00","BZN|ES","Without sequence","102.3",""
"21/06/2024 04:00:00 - 21/06/2024 05:00:00","BZN|ES","Without sequence","102.3",""
"21/06/2024 05:00:00 - 21/06/2024 06:00:00","BZN|ES","Without sequence","102.72",""
"21/06/2024 06:00:00 - 21/06/2024 07:00:00","BZN|ES","Without sequence","100.0",""
"21/06/2024 07:00:00 - 21/06/2024 08:00:00","BZN|ES","Without sequence","113.47",""
"21/06/2024 08:00:00 - 21/06/2024 09:00:00","BZN|ES","Without sequence","114.32",""
"21/06/2024 09:00:00 - 21/06/2024 10:00:00","BZN|ES","Without sequence","105.0",""
"21/06/2024 10:00:00 - 21/06/2024 11:00:00","BZN|ES","Without sequence","80.0",""
"21/06/2024 11:00:00 - 21/06/2024 12:00:00","BZN|ES","Without sequence","60.0",""
"21/06/2024 12:00:00 - 21/06/2024 13:00:00","BZN|ES","Without sequence","61.34",""
"21/06/2024 13:00:00 - 21/06/2024 14:00:00","BZN|ES","Without sequence","57.4",""
"21/06/2024 14:00:00 - 21/06/2024 15:00:00","BZN|ES","Without sequence","55.1",""
"21/06/2024 15:00:00 - 21/06/2024 16:00:00","BZN|ES","Without sequence","43.17",""
"21/06/2024 16:00:00 - 21/06/2024 17:00:00","BZN|ES","Without sequence","40.0",""
"21/06/2024 17:00:00 - 21/06/2024 18:00:00","BZN|ES","Without sequence","49.8",""
"21/06/2024 18:00:00 - 21/06/2024 19:00:00","BZN|ES","Without sequence","56.75",""
"21/06/2024 19:00:00 - 21/06/2024 20:00:00","BZN|ES","Without sequence","77.46",""
"21/06/2024 20:00:00 - 21/06/2024 21:00:00","BZN|ES","Without sequence","100.01",""
"21/06/2024 21:00:00 - 21/06/2024 22:00:00","BZN|ES","Without sequence","114.86",""
"21/06/2024 22:00:00 - 21/06/2024 23:00:00","BZN|ES","Without sequence","115.0",""
"21/06/2024 23:00:00 - 22/06/2024 00:00:00","BZN|ES","Without sequence","105.74",""
"22/06/2024 00:00:00 - 22/06/2024 01:00:00","BZN|ES","Without sequence","84.0",""
"22/06/2024 01:00:00 - 22/06/2024 02:00:00","BZN|ES","Without sequence","76.58",""
"22/06/2024 02:00:00 - 22/06/2024 03:00:00","BZN|ES","Without sequence","75.64",""
"22/06/2024 03:00:00 - 22/06/2024 04:00:00","BZN|ES","Without sequence","76.1",""
"22/06/2024 04:00:00 - 22/06/2024 05:00:00","BZN|ES","Without sequence","75.74",""
"22/06/2024 05:00:00 - 22/06/2024 06:00:00","BZN|ES","Without sequence","75.62",""
"22/06/2024 06:00:00 - 22/06/2024 07:00:00","BZN|ES","Without sequence","75.64",""
"22/06/2024 07:00:00 - 22/06/2024 08:00:00","BZN|ES","Without sequence","63.45",""
"22/06/2024 08:00:00 - 22/06/2024 09:00:00","BZN|ES","Without sequence","36.95",""
"22/06/2024 09:00:00 - 22/06/2024 10:00:00","BZN|ES","Without sequence","34.65",""
"22/06/2024 10:00:00 - 22/06/2024 11:00:00","BZN|ES","Without sequence","12.54",""
"22/06/2024 11:00:00 - 22/06/2024 12:00:00","BZN|ES","Without sequence","3.59",""
"22/06/2024 12:00:00 - 22/06/2024 13:00:00","BZN|ES","Without sequence","0.44",""
"22/06/2024 13:00:00 - 22/06/2024 14:00:00","BZN|ES","Without sequence","0.03",""
"22/06/2024 14:00:00 - 22/06/2024 15:00:00","BZN|ES","Without sequence","0.0",""
"22/06/2024 15:00:00 - 22/06/2024 16:00:00","BZN|ES","Without sequence","0.0",""
"22/06/2024 16:00:00 - 22/06/2024 17:00:00","BZN|ES","Without sequence","0.0",""
"22/06/2024 17:00:00 - 22/06/2024 18:00:00","BZN|ES","Without sequence","0.0",""
"22/06/2024 18:00:00 - 22/06/2024 19:00:00","BZN|ES","Without sequence","0.44",""
"22/06/2024 19:00:00 - 22/06/2024 20:00:00","BZN|ES","Without sequence","35.0",""
"22/06/2024 20:00:00 - 22/06/2024 21:00:00","BZN|ES","Without sequence","50.0",""
"22/06/2024 21:00:00 - 22/06/2024 22:00:00","BZN|ES","Without sequence","76.79",""
"22/06/2024 22:00:00 - 22/06/2024 23:00:00","BZN|ES","Without sequence","99.1",""
"22/06/2024 23:00:00 - 23/06/2024 00:00:00","BZN|ES","Without sequence","77.46",""
"23/06/2024 00:00:00 - 23/06/2024 01:00:00","BZN|ES","Without sequence","77.0",""
"23/06/2024 01:00:00 - 23/06/2024 02:00:00","BZN|ES","Without sequence","56.99",""
"23/06/2024 02:00:00 - 23/06/2024 03:00:00","BZN|ES","Without sequence","46.19",""
"23/06/2024 03:00:00 - 23/06/2024 04:00:00","BZN|ES","Without sequence","35.01",""
"23/06/2024 04:00:00 - 23/06/2024 05:00:00","BZN|ES","Without sequence","35.0",""
"23/06/2024 05:00:00 - 23/06/2024 06:00:00","BZN|ES","Without sequence","35.0",""
"23/06/2024 06:00:00 - 23/06/2024 07:00:00","BZN|ES","Without sequence","35.0",""
"23/06/2024 07:00:00 - 23/06/2024 08:00:00","BZN|ES","Without sequence","30.65",""
"23/06/2024 08:00:00 - 23/06/2024 09:00:00","BZN|ES","Without sequence","9.76",""
"23/06/2024 09:00:00 - 23/06/2024 10:00:00","BZN|ES","Without sequence","0.0",""
"23/06/2024 10:00:00 - 23/06/2024 11:00:00","BZN|ES","Without sequence","-0.01",""
"23/06/2024 11:00:00 - 23/06/2024 12:00:00","BZN|ES","Without sequence","-0.11",""
"23/06/2024 12:00:00 - 23/06/2024 13:00:00","BZN|ES","Without sequence","-0.5",""
"23/06/2024 13:00:00 - 23/06/2024 14:00:00","BZN|ES","Without sequence","-1.0",""
"23/06/2024 14:00:00 - 23/06/2024 15:00:00","BZN|ES","Without sequence","-1.99",""
"23/06/2024 15:00:00 - 23/06/2024 16:00:00","BZN|ES","Without sequence","-2.0",""
"23/06/2024 16:00:00 - 23/06/2024 17:00:00","BZN|ES","Without sequence","-0.85",""
"23/06/2024 17:00:00 - 23/06/2024 18:00:00","BZN|ES","Without sequence","-0.66",""
"23/06/2024 18:00:00 - 23/06/2024 19:00:00","BZN|ES","Without sequence","-0.01",""
"23/06/2024 19:00:00 - 23/06/2024 20:00:00","BZN|ES","Without sequence","1.0",""
"23/06/2024 20:00:00 - 23/06/2024 21:00:00","BZN|ES","Without sequence","35.01",""
"23/06/2024 21:00:00 - 23/06/2024 22:00:00","BZN|ES","Without sequence","77.0",""
"23/06/2024 22:00:00 - 23/06/2024 23:00:00","BZN|ES","Without sequence","95.62",""
"23/06/2024 23:00:00 - 24/06/2024 00:00:00","BZN|ES","Without sequence","80.15",""
"24/06/2024 00:00:00 - 24/06/2024 01:00:00","BZN|ES","Without sequence","51.8",""
"24/06/2024 01:00:00 - 24/06/2024 02:00:00","BZN|ES","Without sequence","43.6",""
"24/06/2024 02:00:00 - 24/06/2024 03:00:00","BZN|ES","Without sequence","40.0",""
"24/06/2024 03:00:00 - 24/06/2024 04:00:00","BZN|ES","Without sequence","35.4",""
"24/06/2024 04:00:00 - 24/06/2024 05:00:00","BZN|ES","Without sequence","35.02",""
"24/06/2024 05:00:00 - 24/06/2024 06:00:00","BZN|ES","Without sequence","49.07",""
"24/06/2024 06:00:00 - 24/06/2024 07:00:00","BZN|ES","Without sequence","55.03",""
"24/06/2024 07:00:00 - 24/06/2024 08:00:00","BZN|ES","Without sequence","70.0",""
"24/06/2024 08:00:00 - 24/06/2024 09:00:00","BZN|ES","Without sequence","40.0",""
"24/06/2024 09:00:00 - 24/06/2024 10:00:00","BZN|ES","Without sequence","35.02",""
"24/06/2024 10:00:00 - 24/06/2024 11:00:00","BZN|ES","Without sequence","35.0",""
"24/06/2024 11:00:00 - 24/06/2024 12:00:00","BZN|ES","Without sequence","5.0",""
"24/06/2024 12:00:00 - 24/06/2024 13:00:00","BZN|ES","Without sequence","3.6",""
"24/06/2024 13:00:00 - 24/06/2024 14:00:00","BZN|ES","Without sequence","5.1",""
"24/06/2024 14:00:00 - 24/06/2024 15:00:00","BZN|ES","Without sequence","2.9",""
"24/06/2024 15:00:00 - 24/06/2024 16:00:00","BZN|ES","Without sequence","0.0",""
"24/06/2024 16:00:00 - 24/06/2024 17:00:00","BZN|ES","Without sequence","0.0",""
"24/06/2024 17:00:00 - 24/06/2024 18:00:00","BZN|ES","Without sequence","5.0",""
"24/06/2024 18:00:00 - 24/06/2024 19:00:00","BZN|ES","Without sequence","34.8",""
"24/06/2024 19:00:00 - 24/06/2024 20:00:00","BZN|ES","Without sequence","35.45",""
"24/06/2024 20:00:00 - 24/06/2024 21:00:00","BZN|ES","Without sequence","83.27",""
"24/06/2024 21:00:00 - 24/06/2024 22:00:00","BZN|ES","Without sequence","117.33",""
"24/06/2024 22:00:00 - 24/06/2024 23:00:00","BZN|ES","Without sequence","113.7",""
"24/06/2024 23:00:00 - 25/06/2024 00:00:00","BZN|ES","Without sequence","91.54",""
"25/06/2024 00:00:00 - 25/06/2024 01:00:00","BZN|ES","Without sequence","79.51",""
"25/06/2024 01:00:00 - 25/06/2024 02:00:00","BZN|ES","Without sequence","94.85",""
"25/06/2024 02:00:00 - 25/06/2024 03:00:00","BZN|ES","Without sequence","91.15",""
"25/06/2024 03:00:00 - 25/06/2024 04:00:00","BZN|ES","Without sequence","82.0",""
"25/06/2024 04:00:00 - 25/06/2024 05:00:00","BZN|ES","Without sequence","89.85",""
"25/06/2024 05:00:00 - 25/06/2024 06:00:00","BZN|ES","Without sequence","73.0",""
"25/06/2024 06:00:00 - 25/06/2024 07:00:00","BZN|ES","Without sequence","82.0",""
"25/06/2024 07:00:00 - 25/06/2024 08:00:00","BZN|ES","Without sequence","98.2",""
"25/06/2024 08:00:00 - 25/06/2024 09:00:00","BZN|ES","Without sequence","74.77",""
"25/06/2024 09:00:00 - 25/06/2024 10:00:00","BZN|ES","Without sequence","64.9",""
"25/06/2024 10:00:00 - 25/06/2024 11:00:00","BZN|ES","Without sequence","35.69",""
"25/06/2024 11:00:00 - 25/06/2024 12:00:00","BZN|ES","Without sequence","35.02",""
"25/06/2024 12:00:00 - 25/06/2024 13:00:00","BZN|ES","Without sequence","35.01",""
"25/06/2024 13:00:00 - 25/06/2024 14:00:00","BZN|ES","Without sequence","35.01",""
"25/06/2024 14:00:00 - 25/06/2024 15:00:00","BZN|ES","Without sequence","35.0",""
"25/06/2024 15:00:00 - 25/06/2024 16:00:00","BZN|ES","Without sequence","35.0",""
"25/06/2024 16:00:00 - 25/06/2024 17:00:00","BZN|ES","Without sequence","35.0",""
"25/06/2024 17:00:00 - 25/06/2024 18:00:00","BZN|ES","Without sequence","35.02",""
"25/06/2024 18:00:00 - 25/06/2024 19:00:00","BZN|ES","Without sequence","48.99",""
"25/06/2024 19:00:00 - 25/06/2024 20:00:00","BZN|ES","Without sequence","77.0",""
"25/06/2024 20:00:00 - 25/06/2024 21:00:00","BZN|ES","Without sequence","105.0",""
"25/06/2024 21:00:00 - 25/06/2024 22:00:00","BZN|ES","Without sequence","117.41",""
"25/06/2024 22:00:00 - 25/06/2024 23:00:00","BZN|ES","Without sequence","116.81",""
"25/06/2024 23:00:00 - 26/06/2024 00:00:00","BZN|ES","Without sequence","105.45",""
"26/06/2024 00:00:00 - 26/06/2024 01:00:00","BZN|ES","Without sequence","107.43",""
"26/06/2024 01:00:00 - 26/06/2024 02:00:00","BZN|ES","Without sequence","99.96",""
"26/06/2024 02:00:00 - 26/06/2024 03:00:00","BZN|ES","Without sequence","95.32",""
"26/06/2024 03:00:00 - 26/06/2024 04:00:00","BZN|ES","Without sequence","95.46",""
"26/06/2024 04:00:00 - 26/06/2024 05:00:00","BZN|ES","Without sequence","91.7",""
"26/06/2024 05:00:00 - 26/06/2024 06:00:00","BZN|ES","Without sequence","97.12",""
"26/06/2024 06:00:00 - 26/06/2024 07:00:00","BZN|ES","Without sequence","109.59",""
"26/06/2024 07:00:00 - 26/06/2024 08:00:00","BZN|ES","Without sequence","130.0",""
"26/06/2024 08:00:00 - 26/06/2024 09:00:00","BZN|ES","Without sequence","115.45",""
"26/06/2024 09:00:00 - 26/06/2024 10:00:00","BZN|ES","Without sequence","101.76",""
"26/06/2024 10:00:00 - 26/06/2024 11:00:00","BZN|ES","Without sequence","90.98",""
"26/06/2024 11:00:00 - 26/06/2024 12:00:00","BZN|ES","Without sequence","85.99",""
"26/06/2024 12:00:00 - 26/06/2024 13:00:00","BZN|ES","Without sequence","79.41",""
"26/06/2024 13:00:00 - 26/06/2024 14:00:00","BZN|ES","Without sequence","77.24",""
"26/06/2024 14:00:00 - 26/06/2024 15:00:00","BZN|ES","Without sequence","73.65",""
"26/06/2024 15:00:00 - 26/06/2024 16:00:00","BZN|ES","Without sequence","60.0",""
"26/06/2024 16:00:00 - 26/06/2024 17:00:00","BZN|ES","Without sequence","61.0",""
"26/06/2024 17:00:00 - 26/06/2024 18:00:00","BZN|ES","Without sequence","82.01",""
"26/06/2024 18:00:00 - 26/06/2024 19:00:00","BZN|ES","Without sequence","91.22",""
"26/06/2024 19:00:00 - 26/06/2024 20:00:00","BZN|ES","Without sequence","104.55",""
"26/06/2024 20:00:00 - 26/06/2024 21:00:00","BZN|ES","Without sequence","116.05",""
"26/06/2024 21:00:00 - 26/06/2024 22:00:00","BZN|ES","Without sequence","137.18",""
"26/06/2024 22:00:00 - 26/06/2024 23:00:00","BZN|ES","Without sequence","118.98",""
"26/06/2024 23:00:00 - 27/06/2024 00:00:00","BZN|ES","Without sequence","110.0",""
"27/06/2024 00:00:00 - 27/06/2024 01:00:00","BZN|ES","Without sequence","102.07",""
"27/06/2024 01:00:00 - 27/06/2024 02:00:00","BZN|ES","Without sequence","99.0",""
"27/06/2024 02:00:00 - 27/06/2024 03:00:00","BZN|ES","Without sequence","101.77",""
"27/06/2024 03:00:00 - 27/06/2024 04:00:00","BZN|ES","Without sequence","104.37",""
"27/06/2024 04:00:00 - 27/06/2024 05:00:00","BZN|ES","Without sequence","101.77",""
"27/06/2024 05:00:00 - 27/06/2024 06:00:00","BZN|ES","Without sequence","99.17",""
"27/06/2024 06:00:00 - 27/06/2024 07:00:00","BZN|ES","Without sequence","112.72",""
"27/06/2024 07:00:00 - 27/06/2024 08:00:00","BZN|ES","Without sequence","120.74",""
"27/06/2024 08:00:00 - 27/06/2024 09:00:00","BZN|ES","Without sequence","115.44",""
"27/06/2024 09:00:00 - 27/06/2024 10:00:00","BZN|ES","Without sequence","102.07",""
"27/06/2024 10:00:00 - 27/06/2024 11:00:00","BZN|ES","Without sequence","100.47",""
"27/06/2024 11:00:00 - 27/06/2024 12:00:00","BZN|ES","Without sequence","77.0",""
"27/06/2024 12:00:00 - 27/06/2024 13:00:00","BZN|ES","Without sequence","65.01",""
"27/06/2024 13:00:00 - 27/06/2024 14:00:00","BZN|ES","Without sequence","64.75",""
"27/06/2024 14:00:00 - 27/06/2024 15:00:00","BZN|ES","Without sequence","51.1",""
"27/06/2024 15:00:00 - 27/06/2024 16:00:00","BZN|ES","Without sequence","45.66",""
"27/06/2024 16:00:00 - 27/06/2024 17:00:00","BZN|ES","Without sequence","42.45",""
"27/06/2024 17:00:00 - 27/06/2024 18:00:00","BZN|ES","Without sequence","45.06",""
"27/06/2024 18:00:00 - 27/06/2024 19:00:00","BZN|ES","Without sequence","63.43",""
"27/06/2024 19:00:00 - 27/06/2024 20:00:00","BZN|ES","Without sequence","75.39",""
"27/06/2024 20:00:00 - 27/06/2024 21:00:00","BZN|ES","Without sequence","99.75",""
"27/06/2024 21:00:00 - 27/06/2024 22:00:00","BZN|ES","Without sequence","116.05",""
"27/06/2024 22:00:00 - 27/06/2024 23:00:00","BZN|ES","Without sequence","118.35",""
"27/06/2024 23:00:00 - 28/06/2024 00:00:00","BZN|ES","Without sequence","114.72",""
"28/06/2024 00:00:00 - 28/06/2024 01:00:00","BZN|ES","Without sequence","99.0",""
"28/06/2024 01:00:00 - 28/06/2024 02:00:00","BZN|ES","Without sequence","100.0",""
"28/06/2024 02:00:00 - 28/06/2024 03:00:00","BZN|ES","Without sequence","98.6",""
"28/06/2024 03:00:00 - 28/06/2024 04:00:00","BZN|ES","Without sequence","94.04",""
"28/06/2024 04:00:00 - 28/06/2024 05:00:00","BZN|ES","Without sequence","93.4",""
"28/06/2024 05:00:00 - 28/06/2024 06:00:00","BZN|ES","Without sequence","95.81",""
"28/06/2024 06:00:00 - 28/06/2024 07:00:00","BZN|ES","Without sequence","99.9",""
"28/06/2024 07:00:00 - 28/06/2024 08:00:00","BZN|ES","Without sequence","100.16",""
"28/06/2024 08:00:00 - 28/06/2024 09:00:00","BZN|ES","Without sequence","103.5",""
"28/06/2024 09:00:00 - 28/06/2024 10:00:00","BZN|ES","Without sequence","98.6",""
"28/06/2024 10:00:00 - 28/06/2024 11:00:00","BZN|ES","Without sequence","92.0",""
"28/06/2024 11:00:00 - 28/06/2024 12:00:00","BZN|ES","Without sequence","76.1",""
"28/06/2024 12:00:00 - 28/06/2024 13:00:00","BZN|ES","Without sequence","59.99",""
"28/06/2024 13:00:00 - 28/06/2024 14:00:00","BZN|ES","Without sequence","47.01",""
"28/06/2024 14:00:00 - 28/06/2024 15:00:00","BZN|ES","Without sequence","45.77",""
"28/06/2024 15:00:00 - 28/06/2024 16:00:00","BZN|ES","Without sequence","40.0",""
"28/06/2024 16:00:00 - 28/06/2024 17:00:00","BZN|ES","Without sequence","35.02",""
"28/06/2024 17:00:00 - 28/06/2024 18:00:00","BZN|ES","Without sequence","35.02",""
"28/06/2024 18:00:00 - 28/06/2024 19:00:00","BZN|ES","Without sequence","48.64",""
"28/06/2024 19:00:00 - 28/06/2024 20:00:00","BZN|ES","Without sequence","88.5",""
"28/06/2024 20:00:00 - 28/06/2024 21:00:00","BZN|ES","Without sequence","94.04",""
"28/06/2024 21:00:00 - 28/06/2024 22:00:00","BZN|ES","Without sequence","105.42",""
"28/06/2024 22:00:00 - 28/06/2024 23:00:00","BZN|ES","Without sequence","113.3",""
"28/06/2024 23:00:00 - 29/06/2024 00:00:00","BZN|ES","Without sequence","105.18",""
"29/06/2024 00:00:00 - 29/06/2024 01:00:00","BZN|ES","Without sequence","90.0",""
"29/06/2024 01:00:00 - 29/06/2024 02:00:00","BZN|ES","Without sequence","71.6",""
"29/06/2024 02:00:00 - 29/06/2024 03:00:00","BZN|ES","Without sequence","47.5",""
"29/06/2024 03:00:00 - 29/06/2024 04:00:00","BZN|ES","Without sequence","47.5",""
"29/06/2024 04:00:00 - 29/06/2024 05:00:00","BZN|ES","Without sequence","47.29",""
"29/06/2024 05:00:00 - 29/06/2024 06:00:00","BZN|ES","Without sequence","47.01",""
"29/06/2024 06:00:00 - 29/06/2024 07:00:00","BZN|ES","Without sequence","47.29",""
"29/06/2024 07:00:00 - 29/06/2024 08:00:00","BZN|ES","Without sequence","50.2",""
"29/06/2024 08:00:00 - 29/06/2024 09:00:00","BZN|ES","Without sequence","47.29",""
"29/06/2024 09:00:00 - 29/06/2024 10:00:00","BZN|ES","Without sequence","46.62",""
"29/06/2024 10:00:00 - 29/06/2024 11:00:00","BZN|ES","Without sequence","45.06",""
"29/06/2024 11:00:00 - 29/06/2024 12:00:00","BZN|ES","Without sequence","35.02",""
"29/06/2024 12:00:00 - 29/06/2024 13:00:00","BZN|ES","Without sequence","35.01",""
"29/06/2024 13:00:00 - 29/06/2024 14:00:00","BZN|ES","Without sequence","35.0",""
"29/06/2024 14:00:00 - 29/06/2024 15:00:00","BZN|ES","Without sequence","10.0",""
"29/06/2024 15:00:00 - 29/06/2024 16:00:00","BZN|ES","Without sequence","1.5",""
"29/06/2024 16:00:00 - 29/06/2024 17:00:00","BZN|ES","Without sequence","12.76",""
"29/06/2024 17:00:00 - 29/06/2024 18:00:00","BZN|ES","Without sequence","31.86",""
"29/06/2024 18:00:00 - 29/06/2024 19:00:00","BZN|ES","Without sequence","35.02",""
"29/06/2024 19:00:00 - 29/06/2024 20:00:00","BZN|ES","Without sequence","46.6",""
"29/06/2024 20:00:00 - 29/06/2024 21:00:00","BZN|ES","Without sequence","73.37",""
"29/06/2024 21:00:00 - 29/06/2024 22:00:00","BZN|ES","Without sequence","102.36",""
"29/06/2024 22:00:00 - 29/06/2024 23:00:00","BZN|ES","Without sequence","106.08",""
"29/06/2024 23:00:00 - 30/06/2024 00:00:00","BZN|ES","Without sequence","100.94",""
"30/06/2024 00:00:00 - 30/06/2024 01:00:00","BZN|ES","Without sequence","102.9",""
"30/06/2024 01:00:00 - 30/06/2024 02:00:00","BZN|ES","Without sequence","101.7",""
"30/06/2024 02:00:00 - 30/06/2024 03:00:00","BZN|ES","Without sequence","101.7",""
"30/06/2024 03:00:00 - 30/06/2024 04:00:00","BZN|ES","Without sequence","101.7",""
"30/06/2024 04:00:00 - 30/06/2024 05:00:00","BZN|ES","Without sequence","100.92",""
"30/06/2024 05:00:00 - 30/06/2024 06:00:00","BZN|ES","Without sequence","100.92",""
"30/06/2024 06:00:00 - 30/06/2024 07:00:00","BZN|ES","Without sequence","99.75",""
"30/06/2024 07:00:00 - 30/06/2024 08:00:00","BZN|ES","Without sequence","73.37",""
"30/06/2024 08:00:00 - 30/06/2024 09:00:00","BZN|ES","Without sequence","47.5",""
"30/06/2024 09:00:00 - 30/06/2024 10:00:00","BZN|ES","Without sequence","44.01",""
"30/06/2024 10:00:00 - 30/06/2024 11:00:00","BZN|ES","Without sequence","35.01",""
"30/06/2024 11:00:00 - 30/06/2024 12:00:00","BZN|ES","Without sequence","22.99",""
"30/06/2024 12:00:00 - 30/06/2024 13:00:00","BZN|ES","Without sequence","10.0",""
"30/06/2024 13:00:00 - 30/06/2024 14:00:00","BZN|ES","Without sequence","4.49",""
"30/06/2024 14:00:00 - 30/06/2024 15:00:00","BZN|ES","Without sequence","0.02",""
"30/06/2024 15:00:00 - 30/06/2024 16:00:00","BZN|ES","Without sequence","0.0",""
"30/06/2024 16:00:00 - 30/06/2024 17:00:00","BZN|ES","Without sequence","0.94",""
"30/06/2024 17:00:00 - 30/06/2024 18:00:00","BZN|ES","Without sequence","3.6",""
"30/06/2024 18:00:00 - 30/06/2024 19:00:00","BZN|ES","Without sequence","27.43",""
"30/06/2024 19:00:00 - 30/06/2024 20:00:00","BZN|ES","Without sequence","46.62",""
"30/06/2024 20:00:00 - 30/06/2024 21:00:00","BZN|ES","Without sequence","59.1",""
"30/06/2024 21:00:00 - 30/06/2024 22:00:00","BZN|ES","Without sequence","101.64",""
"30/06/2024 22:00:00 - 30/06/2024 23:00:00","BZN|ES","Without sequence","103.22",""
"30/06/2024 23:00:00 - 01/07/2024 00:00:00","BZN|ES","Without sequence","100.92",""
"01/07/2024 00:00:00 - 01/07/2024 01:00:00","BZN|ES","Without sequence","73.37",""
"01/07/2024 01:00:00 - 01/07/2024 02:00:00","BZN|ES","Without sequence","67.3",""
"01/07/2024 02:00:00 - 01/07/2024 03:00:00","BZN|ES","Without sequence","60.0",""
"01/07/2024 03:00:00 - 01/07/2024 04:00:00","BZN|ES","Without sequence","66.54",""
"01/07/2024 04:00:00 - 01/07/2024 05:00:00","BZN|ES","Without sequence","50.2",""
"01/07/2024 05:00:00 - 01/07/2024 06:00:00","BZN|ES","Without sequence","51.9",""
"01/07/2024 06:00:00 - 01/07/2024 07:00:00","BZN|ES","Without sequence","59.26",""
"01/07/2024 07:00:00 - 01/07/2024 08:00:00","BZN|ES","Without sequence","87.57",""
"01/07/2024 08:00:00 - 01/07/2024 09:00:00","BZN|ES","Without sequence","71.18",""
"01/07/2024 09:00:00 - 01/07/2024 10:00:00","BZN|ES","Without sequence","50.03",""
"01/07/2024 10:00:00 - 01/07/2024 11:00:00","BZN|ES","Without sequence","44.52",""
"01/07/2024 11:00:00 - 01/07/2024 12:00:00","BZN|ES","Without sequence","35.01",""
"01/07/2024 12:00:00 - 01/07/2024 13:00:00","BZN|ES","Without sequence","35.01",""
"01/07/2024 13:00:00 - 01/07/2024 14:00:00","BZN|ES","Without sequence","35.0",""
"01/07/2024 14:00:00 - 01/07/2024 15:00:00","BZN|ES","Without sequence","21.17",""
"01/07/2024 15:00:00 - 01/07/2024 16:00:00","BZN|ES","Without sequence","15.02",""
"01/07/2024 16:00:00 - 01/07/2024 17:00:00","BZN|ES","Without sequence","10.15",""
"01/07/2024 17:00:00 - 01/07/2024 18:00:00","BZN|ES","Without sequence","21.17",""
"01/07/2024 18:00:00 - 01/07/2024 19:00:00","BZN|ES","Without sequence","35.02",""
"01/07/2024 19:00:00 - 01/07/2024 20:00:00","BZN|ES","Without sequence","49.28",""
"01/07/2024 20:00:00 - 01/07/2024 21:00:00","BZN|ES","Without sequence","71.18",""
"01/07/2024 21:00:00 - 01/07/2024 22:00:00","BZN|ES","Without sequence","80.79",""
"01/07/2024 22:00:00 - 01/07/2024 23:00:00","BZN|ES","Without sequence","99.26",""
"01/07/2024 23:00:00 - 02/07/2024 00:00:00","BZN|ES","Without sequence","87.46",""
"02/07/2024 00:00:00 - 02/07/2024 01:00:00","BZN|ES","Without sequence","65.53",""
"02/07/2024 01:00:00 - 02/07/2024 02:00:00","BZN|ES","Without sequence","49.9",""
"02/07/2024 02:00:00 - 02/07/2024 03:00:00","BZN|ES","Without sequence","39.69",""
"02/07/2024 03:00:00 - 02/07/2024 04:00:00","BZN|ES","Without sequence","38.01",""
"02/07/2024 04:00:00 - 02/07/2024 05:00:00","BZN|ES","Without sequence","37.75",""
"02/07/2024 05:00:00 - 02/07/2024 06:00:00","BZN|ES","Without sequence","41.07",""
"02/07/2024 06:00:00 - 02/07/2024 07:00:00","BZN|ES","Without sequence","55.0",""
"02/07/2024 07:00:00 - 02/07/2024 08:00:00","BZN|ES","Without sequence","81.82",""
"02/07/2024 08:00:00 - 02/07/2024 09:00:00","BZN|ES","Without sequence","61.66",""
"02/07/2024 09:00:00 - 02/07/2024 10:00:00","BZN|ES","Without sequence","45.0",""
"02/07/2024 10:00:00 - 02/07/2024 11:00:00","BZN|ES","Without sequence","35.0",""
"02/07/2024 11:00:00 - 02/07/2024 12:00:00","BZN|ES","Without sequence","30.9",""
"02/07/2024 12:00:00 - 02/07/2024 13:00:00","BZN|ES","Without sequence","26.79",""
"02/07/2024 13:00:00 - 02/07/2024 14:00:00","BZN|ES","Without sequence","24.99",""
"02/07/2024 14:00:00 - 02/07/2024 15:00:00","BZN|ES","Without sequence","17.95",""
"02/07/2024 15:00:00 - 02/07/2024 16:00:00","BZN|ES","Without sequence","4.0",""
"02/07/2024 16:00:00 - 02/07/2024 17:00:00","BZN|ES","Without sequence","4.0",""
"02/07/2024 17:00:00 - 02/07/2024 18:00:00","BZN|ES","Without sequence","10.96",""
"02/07/2024 18:00:00 - 02/07/2024 19:00:00","BZN|ES","Without sequence","35.0",""
"02/07/2024 19:00:00 - 02/07/2024 20:00:00","BZN|ES","Without sequence","37.75",""
"02/07/2024 20:00:00 - 02/07/2024 21:00:00","BZN|ES","Without sequence","74.64",""
"02/07/2024 21:00:00 - 02/07/2024 22:00:00","BZN|ES","Without sequence","110.41",""
"02/07/2024 22:00:00 - 02/07/2024 23:00:00","BZN|ES","Without sequence","109.45",""
"02/07/2024 23:00:00 - 03/07/2024 00:00:00","BZN|ES","Without sequence","89.99",""
"03/07/2024 00:00:00 - 03/07/2024 01:00:00","BZN|ES","Without sequence","94.22",""
"03/07/2024 01:00:00 - 03/07/2024 02:00:00","BZN|ES","Without sequence","83.79",""
"03/07/2024 02:00:00 - 03/07/2024 03:00:00","BZN|ES","Without sequence","80.0",""
"03/07/2024 03:00:00 - 03/07/2024 04:00:00","BZN|ES","Without sequence","72.0",""
"03/07/2024 04:00:00 - 03/07/2024 05:00:00","BZN|ES","Without sequence","70.8",""
"03/07/2024 05:00:00 - 03/07/2024 06:00:00","BZN|ES","Without sequence","65.65",""
"03/07/2024 06:00:00 - 03/07/2024 07:00:00","BZN|ES","Without sequence","85.0",""
"03/07/2024 07:00:00 - 03/07/2024 08:00:00","BZN|ES","Without sequence","99.77",""
"03/07/2024 08:00:00 - 03/07/2024 09:00:00","BZN|ES","Without sequence","95.75",""
"03/07/2024 09:00:00 - 03/07/2024 10:00:00","BZN|ES","Without sequence","76.0",""
"03/07/2024 10:00:00 - 03/07/2024 11:00:00","BZN|ES","Without sequence","54.08",""
"03/07/2024 11:00:00 - 03/07/2024 12:00:00","BZN|ES","Without sequence","40.25",""
"03/07/2024 12:00:00 - 03/07/2024 13:00:00","BZN|ES","Without sequence","35.0",""
"03/07/2024 13:00:00 - 03/07/2024 14:00:00","BZN|ES","Without sequence","21.34",""
"03/07/2024 14:00:00 - 03/07/2024 15:00:00","BZN|ES","Without sequence","14.0",""
"03/07/2024 15:00:00 - 03/07/2024 16:00:00","BZN|ES","Without sequence","8.68",""
"03/07/2024 16:00:00 - 03/07/2024 17:00:00","BZN|ES","Without sequence","3.6",""
"03/07/2024 17:00:00 - 03/07/2024 18:00:00","BZN|ES","Without sequence","12.17",""
"03/07/2024 18:00:00 - 03/07/2024 19:00:00","BZN|ES","Without sequence","34.27",""
"03/07/2024 19:00:00 - 03/07/2024 20:00:00","BZN|ES","Without sequence","35.02",""
"03/07/2024 20:00:00 - 03/07/2024 21:00:00","BZN|ES","Without sequence","89.9",""
"03/07/2024 21:00:00 - 03/07/2024 22:00:00","BZN|ES","Without sequence","107.51",""
"03/07/2024 22:00:00 - 03/07/2024 23:00:00","BZN|ES","Without sequence","106.49",""
"03/07/2024 23:00:00 - 04/07/2024 00:00:00","BZN|ES","Without sequence","95.66",""
"04/07/2024 00:00:00 - 04/07/2024 01:00:00","BZN|ES","Without sequence","94.94",""
"04/07/2024 01:00:00 - 04/07/2024 02:00:00","BZN|ES","Without sequence","80.0",""
"04/07/2024 02:00:00 - 04/07/2024 03:00:00","BZN|ES","Without sequence","72.5",""
"04/07/2024 03:00:00 - 04/07/2024 04:00:00","BZN|ES","Without sequence","83.54",""
"04/07/2024 04:00:00 - 04/07/2024 05:00:00","BZN|ES","Without sequence","80.0",""
"04/07/2024 05:00:00 - 04/07/2024 06:00:00","BZN|ES","Without sequence","86.27",""
"04/07/2024 06:00:00 - 04/07/2024 07:00:00","BZN|ES","Without sequence","96.04",""
"04/07/2024 07:00:00 - 04/07/2024 08:00:00","BZN|ES","Without sequence","99.88",""
"04/07/2024 08:00:00 - 04/07/2024 09:00:00","BZN|ES","Without sequence","83.82",""
"04/07/2024 09:00:00 - 04/07/2024 10:00:00","BZN|ES","Without sequence","40.0",""
"04/07/2024 10:00:00 - 04/07/2024 11:00:00","BZN|ES","Without sequence","4.83",""
"04/07/2024 11:00:00 - 04/07/2024 12:00:00","BZN|ES","Without sequence","0.0",""
"04/07/2024 12:00:00 - 04/07/2024 13:00:00","BZN|ES","Without sequence","0.0",""
"04/07/2024 13:00:00 - 04/07/2024 14:00:00","BZN|ES","Without sequence","0.0",""
"04/07/2024 14:00:00 - 04/07/2024 15:00:00","BZN|ES","Without sequence","0.0",""
"04/07/2024 15:00:00 - 04/07/2024 16:00:00","BZN|ES","Without sequence","-0.82",""
"04/07/2024 16:00:00 - 04/07/2024 17:00:00","BZN|ES","Without sequence","-0.82",""
"04/07/2024 17:00:00 - 04/07/2024 18:00:00","BZN|ES","Without sequence","0.0",""
"04/07/2024 18:00:00 - 04/07/2024 19:00:00","BZN|ES","Without sequence","6.77",""
"04/07/2024 19:00:00 - 04/07/2024 20:00:00","BZN|ES","Without sequence","42.38",""
"04/07/2024 20:00:00 - 04/07/2024 21:00:00","BZN|ES","Without sequence","86.9",""
"04/07/2024 21:00:00 - 04/07/2024 22:00:00","BZN|ES","Without sequence","99.64",""
"04/07/2024 22:00:00 - 04/07/2024 23:00:00","BZN|ES","Without sequence","98.5",""
"04/07/2024 23:00:00 - 05/07/2024 00:00:00","BZN|ES","Without sequence","90.0",""
"05/07/2024 00:00:00 - 05/07/2024 01:00:00","BZN|ES","Without sequence","81.66",""
"05/07/2024 01:00:00 - 05/07/2024 02:00:00","BZN|ES","Without sequence","81.66",""
"05/07/2024 02:00:00 - 05/07/2024 03:00:00","BZN|ES","Without sequence","81.42",""
"05/07/2024 03:00:00 - 05/07/2024 04:00:00","BZN|ES","Without sequence","87.75",""
"05/07/2024 04:00:00 - 05/07/2024 05:00:00","BZN|ES","Without sequence","88.2",""
"05/07/2024 05:00:00 - 05/07/2024 06:00:00","BZN|ES","Without sequence","90.01",""
"05/07/2024 06:00:00 - 05/07/2024 07:00:00","BZN|ES","Without sequence","95.33",""
"05/07/2024 07:00:00 - 05/07/2024 08:00:00","BZN|ES","Without sequence","104.25",""
"05/07/2024 08:00:00 - 05/07/2024 09:00:00","BZN|ES","Without sequence","91.43",""
"05/07/2024 09:00:00 - 05/07/2024 10:00:00","BZN|ES","Without sequence","59.5",""
"05/07/2024 10:00:00 - 05/07/2024 11:00:00","BZN|ES","Without sequence","35.01",""
"05/07/2024 11:00:00 - 05/07/2024 12:00:00","BZN|ES","Without sequence","29.0",""
"05/07/2024 12:00:00 - 05/07/2024 13:00:00","BZN|ES","Without sequence","7.44",""
"05/07/2024 13:00:00 - 05/07/2024 14:00:00","BZN|ES","Without sequence","3.32",""
"05/07/2024 14:00:00 - 05/07/2024 15:00:00","BZN|ES","Without sequence","3.32",""
"05/07/2024 15:00:00 - 05/07/2024 16:00:00","BZN|ES","Without sequence","1.23",""
"05/07/2024 16:00:00 - 05/07/2024 17:00:00","BZN|ES","Without sequence","3.32",""
"05/07/2024 17:00:00 - 05/07/2024 18:00:00","BZN|ES","Without sequence","17.42",""
"05/07/2024 18:00:00 - 05/07/2024 19:00:00","BZN|ES","Without sequence","38.0",""
"05/07/2024 19:00:00 - 05/07/2024 20:00:00","BZN|ES","Without sequence","63.31",""
"05/07/2024 20:00:00 - 05/07/2024 21:00:00","BZN|ES","Without sequence","82.7",""
"05/07/2024 21:00:00 - 05/07/2024 22:00:00","BZN|ES","Without sequence","95.0",""
"05/07/2024 22:00:00 - 05/07/2024 23:00:00","BZN|ES","Without sequence","106.33",""
"05/07/2024 23:00:00 - 06/07/2024 00:00:00","BZN|ES","Without sequence","90.4",""
"06/07/2024 00:00:00 - 06/07/2024 01:00:00","BZN|ES","Without sequence","101.0",""
"06/07/2024 01:00:00 - 06/07/2024 02:00:00","BZN|ES","Without sequence","96.96",""
"06/07/2024 02:00:00 - 06/07/2024 03:00:00","BZN|ES","Without sequence","79.74",""
"06/07/2024 03:00:00 - 06/07/2024 04:00:00","BZN|ES","Without sequence","71.91",""
"06/07/2024 04:00:00 - 06/07/2024 05:00:00","BZN|ES","Without sequence","77.25",""
"06/07/2024 05:00:00 - 06/07/2024 06:00:00","BZN|ES","Without sequence","70.66",""
"06/07/2024 06:00:00 - 06/07/2024 07:00:00","BZN|ES","Without sequence","70.66",""
"06/07/2024 07:00:00 - 06/07/2024 08:00:00","BZN|ES","Without sequence","65.5",""
"06/07/2024 08:00:00 - 06/07/2024 09:00:00","BZN|ES","Without sequence","30.87",""
"06/07/2024 09:00:00 - 06/07/2024 10:00:00","BZN|ES","Without sequence","0.0",""
"06/07/2024 10:00:00 - 06/07/2024 11:00:00","BZN|ES","Without sequence","0.0",""
"06/07/2024 11:00:00 - 06/07/2024 12:00:00","BZN|ES","Without sequence","-0.01",""
"06/07/2024 12:00:00 - 06/07/2024 13:00:00","BZN|ES","Without sequence","-0.51",""
"06/07/2024 13:00:00 - 06/07/2024 14:00:00","BZN|ES","Without sequence","-0.76",""
"06/07/2024 14:00:00 - 06/07/2024 15:00:00","BZN|ES","Without sequence","-0.95",""
"06/07/2024 15:00:00 - 06/07/2024 16:00:00","BZN|ES","Without sequence","-1.0",""
"06/07/2024 16:00:00 - 06/07/2024 17:00:00","BZN|ES","Without sequence","-1.01",""
"06/07/2024 17:00:00 - 06/07/2024 18:00:00","BZN|ES","Without sequence","-1.0",""
"06/07/2024 18:00:00 - 06/07/2024 19:00:00","BZN|ES","Without sequence","-0.82",""
"06/07/2024 19:00:00 - 06/07/2024 20:00:00","BZN|ES","Without sequence","0.0",""
"06/07/2024 20:00:00 - 06/07/2024 21:00:00","BZN|ES","Without sequence","9.23",""
"06/07/2024 21:00:00 - 06/07/2024 22:00:00","BZN|ES","Without sequence","41.1",""
"06/07/2024 22:00:00 - 06/07/2024 23:00:00","BZN|ES","Without sequence","59.7",""
"06/07/2024 23:00:00 - 07/07/2024 00:00:00","BZN|ES","Without sequence","46.89",""
"07/07/2024 00:00:00 - 07/07/2024 01:00:00","BZN|ES","Without sequence","56.55",""
"07/07/2024 01:00:00 - 07/07/2024 02:00:00","BZN|ES","Without sequence","48.95",""
"07/07/2024 02:00:00 - 07/07/2024 03:00:00","BZN|ES","Without sequence","44.16",""
"07/07/2024 03:00:00 - 07/07/2024 04:00:00","BZN|ES","Without sequence","44.9",""
"07/07/2024 04:00:00 - 07/07/2024 05:00:00","BZN|ES","Without sequence","44.16",""
"07/07/2024 05:00:00 - 07/07/2024 06:00:00","BZN|ES","Without sequence","56.55",""
"07/07/2024 06:00:00 - 07/07/2024 07:00:00","BZN|ES","Without sequence","56.55",""
"07/07/2024 07:00:00 - 07/07/2024 08:00:00","BZN|ES","Without sequence","56.68",""
"07/07/2024 08:00:00 - 07/07/2024 09:00:00","BZN|ES","Without sequence","24.87",""
"07/07/2024 09:00:00 - 07/07/2024 10:00:00","BZN|ES","Without sequence","-0.01",""
"07/07/2024 10:00:00 - 07/07/2024 11:00:00","BZN|ES","Without sequence","-0.51",""
"07/07/2024 11:00:00 - 07/07/2024 12:00:00","BZN|ES","Without sequence","-0.78",""
"07/07/2024 12:00:00 - 07/07/2024 13:00:00","BZN|ES","Without sequence","-0.66",""
"07/07/2024 13:00:00 - 07/07/2024 14:00:00","BZN|ES","Without sequence","-0.02",""
"07/07/2024 14:00:00 - 07/07/2024 15:00:00","BZN|ES","Without sequence","-0.78",""
"07/07/2024 15:00:00 - 07/07/2024 16:00:00","BZN|ES","Without sequence","-1.0",""
"07/07/2024 16:00:00 - 07/07/2024 17:00:00","BZN|ES","Without sequence","-1.01",""
"07/07/2024 17:00:00 - 07/07/2024 18:00:00","BZN|ES","Without sequence","0.0",""
"07/07/2024 18:00:00 - 07/07/2024 19:00:00","BZN|ES","Without sequence","3.32",""
"07/07/2024 19:00:00 - 07/07/2024 20:00:00","BZN|ES","Without sequence","35.94",""
"07/07/2024 20:00:00 - 07/07/2024 21:00:00","BZN|ES","Without sequence","59.57",""
"07/07/2024 21:00:00 - 07/07/2024 22:00:00","BZN|ES","Without sequence","100.73",""
"07/07/2024 22:00:00 - 07/07/2024 23:00:00","BZN|ES","Without sequence","104.58",""
"07/07/2024 23:00:00 - 08/07/2024 00:00:00","BZN|ES","Without sequence","100.25",""
"08/07/2024 00:00:00 - 08/07/2024 01:00:00","BZN|ES","Without sequence","98.7",""
"08/07/2024 01:00:00 - 08/07/2024 02:00:00","BZN|ES","Without sequence","86.66",""
"08/07/2024 02:00:00 - 08/07/2024 03:00:00","BZN|ES","Without sequence","85.94",""
"08/07/2024 03:00:00 - 08/07/2024 04:00:00","BZN|ES","Without sequence","85.7",""
"08/07/2024 04:00:00 - 08/07/2024 05:00:00","BZN|ES","Without sequence","83.43",""
"08/07/2024 05:00:00 - 08/07/2024 06:00:00","BZN|ES","Without sequence","85.94",""
"08/07/2024 06:00:00 - 08/07/2024 07:00:00","BZN|ES","Without sequence","89.72",""
"08/07/2024 07:00:00 - 08/07/2024 08:00:00","BZN|ES","Without sequence","103.21",""
"08/07/2024 08:00:00 - 08/07/2024 09:00:00","BZN|ES","Without sequence","100.61",""
"08/07/2024 09:00:00 - 08/07/2024 10:00:00","BZN|ES","Without sequence","78.22",""
"08/07/2024 10:00:00 - 08/07/2024 11:00:00","BZN|ES","Without sequence","54.6",""
"08/07/2024 11:00:00 - 08/07/2024 12:00:00","BZN|ES","Without sequence","40.88",""
"08/07/2024 12:00:00 - 08/07/2024 13:00:00","BZN|ES","Without sequence","35.0",""
"08/07/2024 13:00:00 - 08/07/2024 14:00:00","BZN|ES","Without sequence","32.65",""
"08/07/2024 14:00:00 - 08/07/2024 15:00:00","BZN|ES","Without sequence","31.98",""
"08/07/2024 15:00:00 - 08/07/2024 16:00:00","BZN|ES","Without sequence","35.0",""
"08/07/2024 16:00:00 - 08/07/2024 17:00:00","BZN|ES","Without sequence","35.0",""
"08/07/2024 17:00:00 - 08/07/2024 18:00:00","BZN|ES","Without sequence","41.99",""
"08/07/2024 18:00:00 - 08/07/2024 19:00:00","BZN|ES","Without sequence","44.88",""
"08/07/2024 19:00:00 - 08/07/2024 20:00:00","BZN|ES","Without sequence","81.0",""
"08/07/2024 20:00:00 - 08/07/2024 21:00:00","BZN|ES","Without sequence","103.21",""
"08/07/2024 21:00:00 - 08/07/2024 22:00:00","BZN|ES","Without sequence","115.15",""
"08/07/2024 22:00:00 - 08/07/2024 23:00:00","BZN|ES","Without sequence","109.0",""
"08/07/2024 23:00:00 - 09/07/2024 00:00:00","BZN|ES","Without sequence","98.01",""
"09/07/2024 00:00:00 - 09/07/2024 01:00:00","BZN|ES","Without sequence","95.92",""
"09/07/2024 01:00:00 - 09/07/2024 02:00:00","BZN|ES","Without sequence","72.25",""
"09/07/2024 02:00:00 - 09/07/2024 03:00:00","BZN|ES","Without sequence","77.0",""
"09/07/2024 03:00:00 - 09/07/2024 04:00:00","BZN|ES","Without sequence","73.22",""
"09/07/2024 04:00:00 - 09/07/2024 05:00:00","BZN|ES","Without sequence","66.71",""
"09/07/2024 05:00:00 - 09/07/2024 06:00:00","BZN|ES","Without sequence","65.5",""
"09/07/2024 06:00:00 - 09/07/2024 07:00:00","BZN|ES","Without sequence","80.0",""
"09/07/2024 07:00:00 - 09/07/2024 08:00:00","BZN|ES","Without sequence","101.51",""
"09/07/2024 08:00:00 - 09/07/2024 09:00:00","BZN|ES","Without sequence","88.33",""
"09/07/2024 09:00:00 - 09/07/2024 10:00:00","BZN|ES","Without sequence","70.8",""
"09/07/2024 10:00:00 - 09/07/2024 11:00:00","BZN|ES","Without sequence","46.63",""
"09/07/2024 11:00:00 - 09/07/2024 12:00:00","BZN|ES","Without sequence","42.49",""
"09/07/2024 12:00:00 - 09/07/2024 13:00:00","BZN|ES","Without sequence","33.76",""
"09/07/2024 13:00:00 - 09/07/2024 14:00:00","BZN|ES","Without sequence","22.98",""
"09/07/2024 14:00:00 - 09/07/2024 15:00:00","BZN|ES","Without sequence","8.3",""
"09/07/2024 15:00:00 - 09/07/2024 16:00:00","BZN|ES","Without sequence","15.59",""
"09/07/2024 16:00:00 - 09/07/2024 17:00:00","BZN|ES","Without sequence","29.39",""
"09/07/2024 17:00:00 - 09/07/2024 18:00:00","BZN|ES","Without sequence","48.8",""
"09/07/2024 18:00:00 - 09/07/2024 19:00:00","BZN|ES","Without sequence","60.7",""
"09/07/2024 19:00:00 - 09/07/2024 20:00:00","BZN|ES","Without sequence","84.77",""
"09/07/2024 20:00:00 - 09/07/2024 21:00:00","BZN|ES","Without sequence","106.18",""
"09/07/2024 21:00:00 - 09/07/2024 22:00:00","BZN|ES","Without sequence","120.09",""
"09/07/2024 22:00:00 - 09/07/2024 23:00:00","BZN|ES","Without sequence","141.94",""
"09/07/2024 23:00:00 - 10/07/2024 00:00:00","BZN|ES","Without sequence","116.38",""
"10/07/2024 00:00:00 - 10/07/2024 01:00:00","BZN|ES","Without sequence","107.94",""
"10/07/2024 01:00:00 - 10/07/2024 02:00:00","BZN|ES","Without sequence","106.81",""
"10/07/2024 02:00:00 - 10/07/2024 03:00:00","BZN|ES","Without sequence","104.22",""
"10/07/2024 03:00:00 - 10/07/2024 04:00:00","BZN|ES","Without sequence","102.61",""
"10/07/2024 04:00:00 - 10/07/2024 05:00:00","BZN|ES","Without sequence","101.92",""
"10/07/2024 05:00:00 - 10/07/2024 06:00:00","BZN|ES","Without sequence","104.22",""
"10/07/2024 06:00:00 - 10/07/2024 07:00:00","BZN|ES","Without sequence","101.5",""
"10/07/2024 07:00:00 - 10/07/2024 08:00:00","BZN|ES","Without sequence","108.43",""
"10/07/2024 08:00:00 - 10/07/2024 09:00:00","BZN|ES","Without sequence","101.92",""
"10/07/2024 09:00:00 - 10/07/2024 10:00:00","BZN|ES","Without sequence","94.99",""
"10/07/2024 10:00:00 - 10/07/2024 11:00:00","BZN|ES","Without sequence","65.0",""
"10/07/2024 11:00:00 - 10/07/2024 12:00:00","BZN|ES","Without sequence","57.75",""
"10/07/2024 12:00:00 - 10/07/2024 13:00:00","BZN|ES","Without sequence","57.21",""
"10/07/2024 13:00:00 - 10/07/2024 14:00:00","BZN|ES","Without sequence","51.1",""
"10/07/2024 14:00:00 - 10/07/2024 15:00:00","BZN|ES","Without sequence","50.77",""
"10/07/2024 15:00:00 - 10/07/2024 16:00:00","BZN|ES","Without sequence","45.06",""
"10/07/2024 16:00:00 - 10/07/2024 17:00:00","BZN|ES","Without sequence","45.06",""
"10/07/2024 17:00:00 - 10/07/2024 18:00:00","BZN|ES","Without sequence","52.5",""
"10/07/2024 18:00:00 - 10/07/2024 19:00:00","BZN|ES","Without sequence","75.0",""
"10/07/2024 19:00:00 - 10/07/2024 20:00:00","BZN|ES","Without sequence","99.58",""
"10/07/2024 20:00:00 - 10/07/2024 21:00:00","BZN|ES","Without sequence","105.0",""
"10/07/2024 21:00:00 - 10/07/2024 22:00:00","BZN|ES","Without sequence","120.18",""
"10/07/2024 22:00:00 - 10/07/2024 23:00:00","BZN|ES","Without sequence","131.98",""
"10/07/2024 23:00:00 - 11/07/2024 00:00:00","BZN|ES","Without sequence","111.87",""
"11/07/2024 00:00:00 - 11/07/2024 01:00:00","BZN|ES","Without sequence","105.0",""
"11/07/2024 01:00:00 - 11/07/2024 02:00:00","BZN|ES","Without sequence","101.78",""
"11/07/2024 02:00:00 - 11/07/2024 03:00:00","BZN|ES","Without sequence","101.74",""
"11/07/2024 03:00:00 - 11/07/2024 04:00:00","BZN|ES","Without sequence","100.0",""
"11/07/2024 04:00:00 - 11/07/2024 05:00:00","BZN|ES","Without sequence","99.5",""
"11/07/2024 05:00:00 - 11/07/2024 06:00:00","BZN|ES","Without sequence","99.92",""
"11/07/2024 06:00:00 - 11/07/2024 07:00:00","BZN|ES","Without sequence","100.0",""
"11/07/2024 07:00:00 - 11/07/2024 08:00:00","BZN|ES","Without sequence","107.34",""
"11/07/2024 08:00:00 - 11/07/2024 09:00:00","BZN|ES","Without sequence","100.96",""
"11/07/2024 09:00:00 - 11/07/2024 10:00:00","BZN|ES","Without sequence","90.69",""
"11/07/2024 10:00:00 - 11/07/2024 11:00:00","BZN|ES","Without sequence","81.0",""
"11/07/2024 11:00:00 - 11/07/2024 12:00:00","BZN|ES","Without sequence","68.49",""
"11/07/2024 12:00:00 - 11/07/2024 13:00:00","BZN|ES","Without sequence","60.0",""
"11/07/2024 13:00:00 - 11/07/2024 14:00:00","BZN|ES","Without sequence","54.19",""
"11/07/2024 14:00:00 - 11/07/2024 15:00:00","BZN|ES","Without sequence","52.0",""
"11/07/2024 15:00:00 - 11/07/2024 16:00:00","BZN|ES","Without sequence","50.98",""
"11/07/2024 16:00:00 - 11/07/2024 17:00:00","BZN|ES","Without sequence","55.99",""
"11/07/2024 17:00:00 - 11/07/2024 18:00:00","BZN|ES","Without sequence","57.61",""
"11/07/2024 18:00:00 - 11/07/2024 19:00:00","BZN|ES","Without sequence","61.49",""
"11/07/2024 19:00:00 - 11/07/2024 20:00:00","BZN|ES","Without sequence","84.19",""
"11/07/2024 20:00:00 - 11/07/2024 21:00:00","BZN|ES","Without sequence","101.78",""
"11/07/2024 21:00:00 - 11/07/2024 22:00:00","BZN|ES","Without sequence","109.55",""
"11/07/2024 22:00:00 - 11/07/2024 23:00:00","BZN|ES","Without sequence","111.39",""
"11/07/2024 23:00:00 - 12/07/2024 00:00:00","BZN|ES","Without sequence","97.15",""
"12/07/2024 00:00:00 - 12/07/2024 01:00:00","BZN|ES","Without sequence","85.0",""
"12/07/2024 01:00:00 - 12/07/2024 02:00:00","BZN|ES","Without sequence","71.32",""
"12/07/2024 02:00:00 - 12/07/2024 03:00:00","BZN|ES","Without sequence","74.44",""
"12/07/2024 03:00:00 - 12/07/2024 04:00:00","BZN|ES","Without sequence","62.7",""
"12/07/2024 04:00:00 - 12/07/2024 05:00:00","BZN|ES","Without sequence","56.5",""
"12/07/2024 05:00:00 - 12/07/2024 06:00:00","BZN|ES","Without sequence","60.3",""
"12/07/2024 06:00:00 - 12/07/2024 07:00:00","BZN|ES","Without sequence","70.0",""
"12/07/2024 07:00:00 - 12/07/2024 08:00:00","BZN|ES","Without sequence","75.6",""
"12/07/2024 08:00:00 - 12/07/2024 09:00:00","BZN|ES","Without sequence","73.72",""
"12/07/2024 09:00:00 - 12/07/2024 10:00:00","BZN|ES","Without sequence","49.0",""
"12/07/2024 10:00:00 - 12/07/2024 11:00:00","BZN|ES","Without sequence","41.75",""
"12/07/2024 11:00:00 - 12/07/2024 12:00:00","BZN|ES","Without sequence","41.36",""
"12/07/2024 12:00:00 - 12/07/2024 13:00:00","BZN|ES","Without sequence","41.49",""
"12/07/2024 13:00:00 - 12/07/2024 14:00:00","BZN|ES","Without sequence","41.49",""
"12/07/2024 14:00:00 - 12/07/2024 15:00:00","BZN|ES","Without sequence","41.1",""
"12/07/2024 15:00:00 - 12/07/2024 16:00:00","BZN|ES","Without sequence","36.03",""
"12/07/2024 16:00:00 - 12/07/2024 17:00:00","BZN|ES","Without sequence","24.45",""
"12/07/2024 17:00:00 - 12/07/2024 18:00:00","BZN|ES","Without sequence","38.36",""
"12/07/2024 18:00:00 - 12/07/2024 19:00:00","BZN|ES","Without sequence","41.49",""
"12/07/2024 19:00:00 - 12/07/2024 20:00:00","BZN|ES","Without sequence","52.2",""
"12/07/2024 20:00:00 - 12/07/2024 21:00:00","BZN|ES","Without sequence","75.58",""
"12/07/2024 21:00:00 - 12/07/2024 22:00:00","BZN|ES","Without sequence","89.93",""
"12/07/2024 22:00:00 - 12/07/2024 23:00:00","BZN|ES","Without sequence","87.0",""
"12/07/2024 23:00:00 - 13/07/2024 00:00:00","BZN|ES","Without sequence","79.97",""
"13/07/2024 00:00:00 - 13/07/2024 01:00:00","BZN|ES","Without sequence","90.22",""
"13/07/2024 01:00:00 - 13/07/2024 02:00:00","BZN|ES","Without sequence","86.11",""
"13/07/2024 02:00:00 - 13/07/2024 03:00:00","BZN|ES","Without sequence","75.9",""
"13/07/2024 03:00:00 - 13/07/2024 04:00:00","BZN|ES","Without sequence","75.59",""
"13/07/2024 04:00:00 - 13/07/2024 05:00:00","BZN|ES","Without sequence","79.0",""
"13/07/2024 05:00:00 - 13/07/2024 06:00:00","BZN|ES","Without sequence","83.61",""
"13/07/2024 06:00:00 - 13/07/2024 07:00:00","BZN|ES","Without sequence","86.22",""
"13/07/2024 07:00:00 - 13/07/2024 08:00:00","BZN|ES","Without sequence","86.46",""
"13/07/2024 08:00:00 - 13/07/2024 09:00:00","BZN|ES","Without sequence","50.01",""
"13/07/2024 09:00:00 - 13/07/2024 10:00:00","BZN|ES","Without sequence","43.99",""
"13/07/2024 10:00:00 - 13/07/2024 11:00:00","BZN|ES","Without sequence","10.0",""
"13/07/2024 11:00:00 - 13/07/2024 12:00:00","BZN|ES","Without sequence","3.32",""
"13/07/2024 12:00:00 - 13/07/2024 13:00:00","BZN|ES","Without sequence","0.44",""
"13/07/2024 13:00:00 - 13/07/2024 14:00:00","BZN|ES","Without sequence","0.44",""
"13/07/2024 14:00:00 - 13/07/2024 15:00:00","BZN|ES","Without sequence","0.0",""
"13/07/2024 15:00:00 - 13/07/2024 16:00:00","BZN|ES","Without sequence","0.0",""
"13/07/2024 16:00:00 - 13/07/2024 17:00:00","BZN|ES","Without sequence","0.0",""
"13/07/2024 17:00:00 - 13/07/2024 18:00:00","BZN|ES","Without sequence","0.9",""
"13/07/2024 18:00:00 - 13/07/2024 19:00:00","BZN|ES","Without sequence","30.51",""
"13/07/2024 19:00:00 - 13/07/2024 20:00:00","BZN|ES","Without sequence","49.38",""
"13/07/2024 20:00:00 - 13/07/2024 21:00:00","BZN|ES","Without sequence","75.45",""
"13/07/2024 21:00:00 - 13/07/2024 22:00:00","BZN|ES","Without sequence","97.81",""
"13/07/2024 22:00:00 - 13/07/2024 23:00:00","BZN|ES","Without sequence","107.48",""
"13/07/2024 23:00:00 - 14/07/2024 00:00:00","BZN|ES","Without sequence","100.16",""
"14/07/2024 00:00:00 - 14/07/2024 01:00:00","BZN|ES","Without sequence","107.51",""
"14/07/2024 01:00:00 - 14/07/2024 02:00:00","BZN|ES","Without sequence","99.22",""
"14/07/2024 02:00:00 - 14/07/2024 03:00:00","BZN|ES","Without sequence","97.94",""
"14/07/2024 03:00:00 - 14/07/2024 04:00:00","BZN|ES","Without sequence","96.71",""
"14/07/2024 04:00:00 - 14/07/2024 05:00:00","BZN|ES","Without sequence","96.71",""
"14/07/2024 05:00:00 - 14/07/2024 06:00:00","BZN|ES","Without sequence","95.41",""
"14/07/2024 06:00:00 - 14/07/2024 07:00:00","BZN|ES","Without sequence","96.8",""
"14/07/2024 07:00:00 - 14/07/2024 08:00:00","BZN|ES","Without sequence","86.32",""
"14/07/2024 08:00:00 - 14/07/2024 09:00:00","BZN|ES","Without sequence","46.0",""
"14/07/2024 09:00:00 - 14/07/2024 10:00:00","BZN|ES","Without sequence","0.44",""
"14/07/2024 10:00:00 - 14/07/2024 11:00:00","BZN|ES","Without sequence","-0.01",""
"14/07/2024 11:00:00 - 14/07/2024 12:00:00","BZN|ES","Without sequence","-0.62",""
"14/07/2024 12:00:00 - 14/07/2024 13:00:00","BZN|ES","Without sequence","-0.8",""
"14/07/2024 13:00:00 - 14/07/2024 14:00:00","BZN|ES","Without sequence","-0.62",""
"14/07/2024 14:00:00 - 14/07/2024 15:00:00","BZN|ES","Without sequence","-0.62",""
"14/07/2024 15:00:00 - 14/07/2024 16:00:00","BZN|ES","Without sequence","-0.95",""
"14/07/2024 16:00:00 - 14/07/2024 17:00:00","BZN|ES","Without sequence","-0.95",""
"14/07/2024 17:00:00 - 14/07/2024 18:00:00","BZN|ES","Without sequence","0.0",""
"14/07/2024 18:00:00 - 14/07/2024 19:00:00","BZN|ES","Without sequence","9.79",""
"14/07/2024 19:00:00 - 14/07/2024 20:00:00","BZN|ES","Without sequence","44.81",""
"14/07/2024 20:00:00 - 14/07/2024 21:00:00","BZN|ES","Without sequence","74.57",""
"14/07/2024 21:00:00 - 14/07/2024 22:00:00","BZN|ES","Without sequence","99.31",""
"14/07/2024 22:00:00 - 14/07/2024 23:00:00","BZN|ES","Without sequence","109.91",""
"14/07/2024 23:00:00 - 15/07/2024 00:00:00","BZN|ES","Without sequence","97.89",""
"15/07/2024 00:00:00 - 15/07/2024 01:00:00","BZN|ES","Without sequence","89.61",""
"15/07/2024 01:00:00 - 15/07/2024 02:00:00","BZN|ES","Without sequence","75.0",""
"15/07/2024 02:00:00 - 15/07/2024 03:00:00","BZN|ES","Without sequence","60.31",""
"15/07/2024 03:00:00 - 15/07/2024 04:00:00","BZN|ES","Without sequence","60.31",""
"15/07/2024 04:00:00 - 15/07/2024 05:00:00","BZN|ES","Without sequence","59.79",""
"15/07/2024 05:00:00 - 15/07/2024 06:00:00","BZN|ES","Without sequence","59.92",""
"15/07/2024 06:00:00 - 15/07/2024 07:00:00","BZN|ES","Without sequence","66.56",""
"15/07/2024 07:00:00 - 15/07/2024 08:00:00","BZN|ES","Without sequence","89.87",""
"15/07/2024 08:00:00 - 15/07/2024 09:00:00","BZN|ES","Without sequence","82.15",""
"15/07/2024 09:00:00 - 15/07/2024 10:00:00","BZN|ES","Without sequence","62.01",""
"15/07/2024 10:00:00 - 15/07/2024 11:00:00","BZN|ES","Without sequence","39.49",""
"15/07/2024 11:00:00 - 15/07/2024 12:00:00","BZN|ES","Without sequence","15.84",""
"15/07/2024 12:00:00 - 15/07/2024 13:00:00","BZN|ES","Without sequence","6.06",""
"15/07/2024 13:00:00 - 15/07/2024 14:00:00","BZN|ES","Without sequence","3.74",""
"15/07/2024 14:00:00 - 15/07/2024 15:00:00","BZN|ES","Without sequence","3.9",""
"15/07/2024 15:00:00 - 15/07/2024 16:00:00","BZN|ES","Without sequence","7.48",""
"15/07/2024 16:00:00 - 15/07/2024 17:00:00","BZN|ES","Without sequence","5.99",""
"15/07/2024 17:00:00 - 15/07/2024 18:00:00","BZN|ES","Without sequence","14.0",""
"15/07/2024 18:00:00 - 15/07/2024 19:00:00","BZN|ES","Without sequence","40.0",""
"15/07/2024 19:00:00 - 15/07/2024 20:00:00","BZN|ES","Without sequence","60.0",""
"15/07/2024 20:00:00 - 15/07/2024 21:00:00","BZN|ES","Without sequence","80.0",""
"15/07/2024 21:00:00 - 15/07/2024 22:00:00","BZN|ES","Without sequence","108.78",""
"15/07/2024 22:00:00 - 15/07/2024 23:00:00","BZN|ES","Without sequence","109.37",""
"15/07/2024 23:00:00 - 16/07/2024 00:00:00","BZN|ES","Without sequence","94.7",""
"16/07/2024 00:00:00 - 16/07/2024 01:00:00","BZN|ES","Without sequence","105.48",""
"16/07/2024 01:00:00 - 16/07/2024 02:00:00","BZN|ES","Without sequence","97.15",""
"16/07/2024 02:00:00 - 16/07/2024 03:00:00","BZN|ES","Without sequence","97.15",""
"16/07/2024 03:00:00 - 16/07/2024 04:00:00","BZN|ES","Without sequence","97.0",""
"16/07/2024 04:00:00 - 16/07/2024 05:00:00","BZN|ES","Without sequence","97.15",""
"16/07/2024 05:00:00 - 16/07/2024 06:00:00","BZN|ES","Without sequence","100.1",""
"16/07/2024 06:00:00 - 16/07/2024 07:00:00","BZN|ES","Without sequence","98.7",""
"16/07/2024 07:00:00 - 16/07/2024 08:00:00","BZN|ES","Without sequence","108.0",""
"16/07/2024 08:00:00 - 16/07/2024 09:00:00","BZN|ES","Without sequence","98.45",""
"16/07/2024 09:00:00 - 16/07/2024 10:00:00","BZN|ES","Without sequence","86.75",""
"16/07/2024 10:00:00 - 16/07/2024 11:00:00","BZN|ES","Without sequence","73.28",""
"16/07/2024 11:00:00 - 16/07/2024 12:00:00","BZN|ES","Without sequence","61.59",""
"16/07/2024 12:00:00 - 16/07/2024 13:00:00","BZN|ES","Without sequence","61.38",""
"16/07/2024 13:00:00 - 16/07/2024 14:00:00","BZN|ES","Without sequence","61.38",""
"16/07/2024 14:00:00 - 16/07/2024 15:00:00","BZN|ES","Without sequence","60.31",""
"16/07/2024 15:00:00 - 16/07/2024 16:00:00","BZN|ES","Without sequence","59.92",""
"16/07/2024 16:00:00 - 16/07/2024 17:00:00","BZN|ES","Without sequence","59.79",""
"16/07/2024 17:00:00 - 16/07/2024 18:00:00","BZN|ES","Without sequence","60.18",""
"16/07/2024 18:00:00 - 16/07/2024 19:00:00","BZN|ES","Without sequence","67.77",""
"16/07/2024 19:00:00 - 16/07/2024 20:00:00","BZN|ES","Without sequence","94.5",""
"16/07/2024 20:00:00 - 16/07/2024 21:00:00","BZN|ES","Without sequence","109.11",""
"16/07/2024 21:00:00 - 16/07/2024 22:00:00","BZN|ES","Without sequence","125.02",""
"16/07/2024 22:00:00 - 16/07/2024 23:00:00","BZN|ES","Without sequence","115.0",""
"16/07/2024 23:00:00 - 17/07/2024 00:00:00","BZN|ES","Without sequence","98.7",""
"17/07/2024 00:00:00 - 17/07/2024 01:00:00","BZN|ES","Without sequence","101.78",""
"17/07/2024 01:00:00 - 17/07/2024 02:00:00","BZN|ES","Without sequence","96.02",""
"17/07/2024 02:00:00 - 17/07/2024 03:00:00","BZN|ES","Without sequence","92.23",""
"17/07/2024 03:00:00 - 17/07/2024 04:00:00","BZN|ES","Without sequence","94.95",""
"17/07/2024 04:00:00 - 17/07/2024 05:00:00","BZN|ES","Without sequence","96.25",""
"17/07/2024 05:00:00 - 17/07/2024 06:00:00","BZN|ES","Without sequence","96.25",""
"17/07/2024 06:00:00 - 17/07/2024 07:00:00","BZN|ES","Without sequence","107.0",""
"17/07/2024 07:00:00 - 17/07/2024 08:00:00","BZN|ES","Without sequence","113.22",""
"17/07/2024 08:00:00 - 17/07/2024 09:00:00","BZN|ES","Without sequence","105.7",""
"17/07/2024 09:00:00 - 17/07/2024 10:00:00","BZN|ES","Without sequence","97.55",""
"17/07/2024 10:00:00 - 17/07/2024 11:00:00","BZN|ES","Without sequence","93.65",""
"17/07/2024 11:00:00 - 17/07/2024 12:00:00","BZN|ES","Without sequence","75.0",""
"17/07/2024 12:00:00 - 17/07/2024 13:00:00","BZN|ES","Without sequence","71.38",""
"17/07/2024 13:00:00 - 17/07/2024 14:00:00","BZN|ES","Without sequence","70.18",""
"17/07/2024 14:00:00 - 17/07/2024 15:00:00","BZN|ES","Without sequence","70.0",""
"17/07/2024 15:00:00 - 17/07/2024 16:00:00","BZN|ES","Without sequence","69.79",""
"17/07/2024 16:00:00 - 17/07/2024 17:00:00","BZN|ES","Without sequence","69.66",""
"17/07/2024 17:00:00 - 17/07/2024 18:00:00","BZN|ES","Without sequence","70.18",""
"17/07/2024 18:00:00 - 17/07/2024 19:00:00","BZN|ES","Without sequence","87.69",""
"17/07/2024 19:00:00 - 17/07/2024 20:00:00","BZN|ES","Without sequence","104.63",""
"17/07/2024 20:00:00 - 17/07/2024 21:00:00","BZN|ES","Without sequence","115.75",""
"17/07/2024 21:00:00 - 17/07/2024 22:00:00","BZN|ES","Without sequence","125.26",""
"17/07/2024 22:00:00 - 17/07/2024 23:00:00","BZN|ES","Without sequence","127.0",""
"17/07/2024 23:00:00 - 18/07/2024 00:00:00","BZN|ES","Without sequence","115.01",""
"18/07/2024 00:00:00 - 18/07/2024 01:00:00","BZN|ES","Without sequence","108.13",""
"18/07/2024 01:00:00 - 18/07/2024 02:00:00","BZN|ES","Without sequence","100.5",""
"18/07/2024 02:00:00 - 18/07/2024 03:00:00","BZN|ES","Without sequence","96.37",""
"18/07/2024 03:00:00 - 18/07/2024 04:00:00","BZN|ES","Without sequence","96.08",""
"18/07/2024 04:00:00 - 18/07/2024 05:00:00","BZN|ES","Without sequence","96.18",""
"18/07/2024 05:00:00 - 18/07/2024 06:00:00","BZN|ES","Without sequence","97.48",""
"18/07/2024 06:00:00 - 18/07/2024 07:00:00","BZN|ES","Without sequence","107.31",""
"18/07/2024 07:00:00 - 18/07/2024 08:00:00","BZN|ES","Without sequence","111.94",""
"18/07/2024 08:00:00 - 18/07/2024 09:00:00","BZN|ES","Without sequence","107.21",""
"18/07/2024 09:00:00 - 18/07/2024 10:00:00","BZN|ES","Without sequence","93.58",""
"18/07/2024 10:00:00 - 18/07/2024 11:00:00","BZN|ES","Without sequence","94.0",""
"18/07/2024 11:00:00 - 18/07/2024 12:00:00","BZN|ES","Without sequence","90.98",""
"18/07/2024 12:00:00 - 18/07/2024 13:00:00","BZN|ES","Without sequence","86.38",""
"18/07/2024 13:00:00 - 18/07/2024 14:00:00","BZN|ES","Without sequence","84.61",""
"18/07/2024 14:00:00 - 18/07/2024 15:00:00","BZN|ES","Without sequence","83.0",""
"18/07/2024 15:00:00 - 18/07/2024 16:00:00","BZN|ES","Without sequence","79.21",""
"18/07/2024 16:00:00 - 18/07/2024 17:00:00","BZN|ES","Without sequence","80.0",""
"18/07/2024 17:00:00 - 18/07/2024 18:00:00","BZN|ES","Without sequence","90.0",""
"18/07/2024 18:00:00 - 18/07/2024 19:00:00","BZN|ES","Without sequence","102.85",""
"18/07/2024 19:00:00 - 18/07/2024 20:00:00","BZN|ES","Without sequence","121.22",""
"18/07/2024 20:00:00 - 18/07/2024 21:00:00","BZN|ES","Without sequence","130.05",""
"18/07/2024 21:00:00 - 18/07/2024 22:00:00","BZN|ES","Without sequence","138.23",""
"18/07/2024 22:00:00 - 18/07/2024 23:00:00","BZN|ES","Without sequence","124.24",""
"18/07/2024 23:00:00 - 19/07/2024 00:00:00","BZN|ES","Without sequence","113.22",""
"19/07/2024 00:00:00 - 19/07/2024 01:00:00","BZN|ES","Without sequence","108.49",""
"19/07/2024 01:00:00 - 19/07/2024 02:00:00","BZN|ES","Without sequence","106.37",""
"19/07/2024 02:00:00 - 19/07/2024 03:00:00","BZN|ES","Without sequence","103.99",""
"19/07/2024 03:00:00 - 19/07/2024 04:00:00","BZN|ES","Without sequence","103.98",""
"19/07/2024 04:00:00 - 19/07/2024 05:00:00","BZN|ES","Without sequence","103.98",""
"19/07/2024 05:00:00 - 19/07/2024 06:00:00","BZN|ES","Without sequence","105.87",""
"19/07/2024 06:00:00 - 19/07/2024 07:00:00","BZN|ES","Without sequence","109.8",""
"19/07/2024 07:00:00 - 19/07/2024 08:00:00","BZN|ES","Without sequence","116.22",""
"19/07/2024 08:00:00 - 19/07/2024 09:00:00","BZN|ES","Without sequence","108.85",""
"19/07/2024 09:00:00 - 19/07/2024 10:00:00","BZN|ES","Without sequence","101.0",""
"19/07/2024 10:00:00 - 19/07/2024 11:00:00","BZN|ES","Without sequence","95.46",""
"19/07/2024 11:00:00 - 19/07/2024 12:00:00","BZN|ES","Without sequence","83.8",""
"19/07/2024 12:00:00 - 19/07/2024 13:00:00","BZN|ES","Without sequence","80.35",""
"19/07/2024 13:00:00 - 19/07/2024 14:00:00","BZN|ES","Without sequence","78.59",""
"19/07/2024 14:00:00 - 19/07/2024 15:00:00","BZN|ES","Without sequence","77.92",""
"19/07/2024 15:00:00 - 19/07/2024 16:00:00","BZN|ES","Without sequence","75.0",""
"19/07/2024 16:00:00 - 19/07/2024 17:00:00","BZN|ES","Without sequence","68.72",""
"19/07/2024 17:00:00 - 19/07/2024 18:00:00","BZN|ES","Without sequence","78.05",""
"19/07/2024 18:00:00 - 19/07/2024 19:00:00","BZN|ES","Without sequence","85.06",""
"19/07/2024 19:00:00 - 19/07/2024 20:00:00","BZN|ES","Without sequence","98.1",""
"19/07/2024 20:00:00 - 19/07/2024 21:00:00","BZN|ES","Without sequence","111.9",""
"19/07/2024 21:00:00 - 19/07/2024 22:00:00","BZN|ES","Without sequence","121.22",""
"19/07/2024 22:00:00 - 19/07/2024 23:00:00","BZN|ES","Without sequence","114.94",""
"19/07/2024 23:00:00 - 20/07/2024 00:00:00","BZN|ES","Without sequence","109.11",""
"20/07/2024 00:00:00 - 20/07/2024 01:00:00","BZN|ES","Without sequence","101.7",""
"20/07/2024 01:00:00 - 20/07/2024 02:00:00","BZN|ES","Without sequence","98.65",""
"20/07/2024 02:00:00 - 20/07/2024 03:00:00","BZN|ES","Without sequence","101.01",""
"20/07/2024 03:00:00 - 20/07/2024 04:00:00","BZN|ES","Without sequence","98.65",""
"20/07/2024 04:00:00 - 20/07/2024 05:00:00","BZN|ES","Without sequence","96.86",""
"20/07/2024 05:00:00 - 20/07/2024 06:00:00","BZN|ES","Without sequence","96.05",""
"20/07/2024 06:00:00 - 20/07/2024 07:00:00","BZN|ES","Without sequence","94.75",""
"20/07/2024 07:00:00 - 20/07/2024 08:00:00","BZN|ES","Without sequence","92.9",""
"20/07/2024 08:00:00 - 20/07/2024 09:00:00","BZN|ES","Without sequence","67.74",""
"20/07/2024 09:00:00 - 20/07/2024 10:00:00","BZN|ES","Without sequence","50.0",""
"20/07/2024 10:00:00 - 20/07/2024 11:00:00","BZN|ES","Without sequence","9.96",""
"20/07/2024 11:00:00 - 20/07/2024 12:00:00","BZN|ES","Without sequence","1.57",""
"20/07/2024 12:00:00 - 20/07/2024 13:00:00","BZN|ES","Without sequence","0.44",""
"20/07/2024 13:00:00 - 20/07/2024 14:00:00","BZN|ES","Without sequence","0.0",""
"20/07/2024 14:00:00 - 20/07/2024 15:00:00","BZN|ES","Without sequence","-0.01",""
"20/07/2024 15:00:00 - 20/07/2024 16:00:00","BZN|ES","Without sequence","0.0",""
"20/07/2024 16:00:00 - 20/07/2024 17:00:00","BZN|ES","Without sequence","0.0",""
"20/07/2024 17:00:00 - 20/07/2024 18:00:00","BZN|ES","Without sequence","0.0",""
"20/07/2024 18:00:00 - 20/07/2024 19:00:00","BZN|ES","Without sequence","1.9",""
"20/07/2024 19:00:00 - 20/07/2024 20:00:00","BZN|ES","Without sequence","6.15",""
"20/07/2024 20:00:00 - 20/07/2024 21:00:00","BZN|ES","Without sequence","60.05",""
"20/07/2024 21:00:00 - 20/07/2024 22:00:00","BZN|ES","Without sequence","87.93",""
"20/07/2024 22:00:00 - 20/07/2024 23:00:00","BZN|ES","Without sequence","88.31",""
"20/07/2024 23:00:00 - 21/07/2024 00:00:00","BZN|ES","Without sequence","80.68",""
"21/07/2024 00:00:00 - 21/07/2024 01:00:00","BZN|ES","Without sequence","67.98",""
"21/07/2024 01:00:00 - 21/07/2024 02:00:00","BZN|ES","Without sequence","49.77",""
"21/07/2024 02:00:00 - 21/07/2024 03:00:00","BZN|ES","Without sequence","42.26",""
"21/07/2024 03:00:00 - 21/07/2024 04:00:00","BZN|ES","Without sequence","43.41",""
"21/07/2024 04:00:00 - 21/07/2024 05:00:00","BZN|ES","Without sequence","35.35",""
"21/07/2024 05:00:00 - 21/07/2024 06:00:00","BZN|ES","Without sequence","30.8",""
"21/07/2024 06:00:00 - 21/07/2024 07:00:00","BZN|ES","Without sequence","32.0",""
"21/07/2024 07:00:00 - 21/07/2024 08:00:00","BZN|ES","Without sequence","34.57",""
"21/07/2024 08:00:00 - 21/07/2024 09:00:00","BZN|ES","Without sequence","25.07",""
"21/07/2024 09:00:00 - 21/07/2024 10:00:00","BZN|ES","Without sequence","0.49",""
"21/07/2024 10:00:00 - 21/07/2024 11:00:00","BZN|ES","Without sequence","0.0",""
"21/07/2024 11:00:00 - 21/07/2024 12:00:00","BZN|ES","Without sequence","0.0",""
"21/07/2024 12:00:00 - 21/07/2024 13:00:00","BZN|ES","Without sequence","-0.01",""
"21/07/2024 13:00:00 - 21/07/2024 14:00:00","BZN|ES","Without sequence","-0.1",""
"21/07/2024 14:00:00 - 21/07/2024 15:00:00","BZN|ES","Without sequence","-0.25",""
"21/07/2024 15:00:00 - 21/07/2024 16:00:00","BZN|ES","Without sequence","-0.01",""
"21/07/2024 16:00:00 - 21/07/2024 17:00:00","BZN|ES","Without sequence","0.0",""
"21/07/2024 17:00:00 - 21/07/2024 18:00:00","BZN|ES","Without sequence","0.0",""
"21/07/2024 18:00:00 - 21/07/2024 19:00:00","BZN|ES","Without sequence","0.1",""
"21/07/2024 19:00:00 - 21/07/2024 20:00:00","BZN|ES","Without sequence","25.06",""
"21/07/2024 20:00:00 - 21/07/2024 21:00:00","BZN|ES","Without sequence","59.0",""
"21/07/2024 21:00:00 - 21/07/2024 22:00:00","BZN|ES","Without sequence","95.0",""
"21/07/2024 22:00:00 - 21/07/2024 23:00:00","BZN|ES","Without sequence","95.44",""
"21/07/2024 23:00:00 - 22/07/2024 00:00:00","BZN|ES","Without sequence","93.98",""
"22/07/2024 00:00:00 - 22/07/2024 01:00:00","BZN|ES","Without sequence","94.5",""
"22/07/2024 01:00:00 - 22/07/2024 02:00:00","BZN|ES","Without sequence","90.9",""
"22/07/2024 02:00:00 - 22/07/2024 03:00:00","BZN|ES","Without sequence","80.0",""
"22/07/2024 03:00:00 - 22/07/2024 04:00:00","BZN|ES","Without sequence","77.98",""
"22/07/2024 04:00:00 - 22/07/2024 05:00:00","BZN|ES","Without sequence","76.31",""
"22/07/2024 05:00:00 - 22/07/2024 06:00:00","BZN|ES","Without sequence","82.0",""
"22/07/2024 06:00:00 - 22/07/2024 07:00:00","BZN|ES","Without sequence","92.21",""
"22/07/2024 07:00:00 - 22/07/2024 08:00:00","BZN|ES","Without sequence","96.11",""
"22/07/2024 08:00:00 - 22/07/2024 09:00:00","BZN|ES","Without sequence","94.81",""
"22/07/2024 09:00:00 - 22/07/2024 10:00:00","BZN|ES","Without sequence","63.37",""
"22/07/2024 10:00:00 - 22/07/2024 11:00:00","BZN|ES","Without sequence","56.18",""
"22/07/2024 11:00:00 - 22/07/2024 12:00:00","BZN|ES","Without sequence","54.99",""
"22/07/2024 12:00:00 - 22/07/2024 13:00:00","BZN|ES","Without sequence","55.66",""
"22/07/2024 13:00:00 - 22/07/2024 14:00:00","BZN|ES","Without sequence","56.05",""
"22/07/2024 14:00:00 - 22/07/2024 15:00:00","BZN|ES","Without sequence","56.18",""
"22/07/2024 15:00:00 - 22/07/2024 16:00:00","BZN|ES","Without sequence","55.92",""
"22/07/2024 16:00:00 - 22/07/2024 17:00:00","BZN|ES","Without sequence","55.79",""
"22/07/2024 17:00:00 - 22/07/2024 18:00:00","BZN|ES","Without sequence","56.31",""
"22/07/2024 18:00:00 - 22/07/2024 19:00:00","BZN|ES","Without sequence","63.37",""
"22/07/2024 19:00:00 - 22/07/2024 20:00:00","BZN|ES","Without sequence","91.32",""
"22/07/2024 20:00:00 - 22/07/2024 21:00:00","BZN|ES","Without sequence","106.55",""
"22/07/2024 21:00:00 - 22/07/2024 22:00:00","BZN|ES","Without sequence","133.58",""
"22/07/2024 22:00:00 - 22/07/2024 23:00:00","BZN|ES","Without sequence","114.43",""
"22/07/2024 23:00:00 - 23/07/2024 00:00:00","BZN|ES","Without sequence","104.21",""
"23/07/2024 00:00:00 - 23/07/2024 01:00:00","BZN|ES","Without sequence","101.98",""
"23/07/2024 01:00:00 - 23/07/2024 02:00:00","BZN|ES","Without sequence","99.74",""
"23/07/2024 02:00:00 - 23/07/2024 03:00:00","BZN|ES","Without sequence","96.02",""
"23/07/2024 03:00:00 - 23/07/2024 04:00:00","BZN|ES","Without sequence","96.02",""
"23/07/2024 04:00:00 - 23/07/2024 05:00:00","BZN|ES","Without sequence","98.62",""
"23/07/2024 05:00:00 - 23/07/2024 06:00:00","BZN|ES","Without sequence","102.0",""
"23/07/2024 06:00:00 - 23/07/2024 07:00:00","BZN|ES","Without sequence","103.92",""
"23/07/2024 07:00:00 - 23/07/2024 08:00:00","BZN|ES","Without sequence","106.05",""
"23/07/2024 08:00:00 - 23/07/2024 09:00:00","BZN|ES","Without sequence","102.5",""
"23/07/2024 09:00:00 - 23/07/2024 10:00:00","BZN|ES","Without sequence","90.82",""
"23/07/2024 10:00:00 - 23/07/2024 11:00:00","BZN|ES","Without sequence","70.7",""
"23/07/2024 11:00:00 - 23/07/2024 12:00:00","BZN|ES","Without sequence","66.18",""
"23/07/2024 12:00:00 - 23/07/2024 13:00:00","BZN|ES","Without sequence","70.0",""
"23/07/2024 13:00:00 - 23/07/2024 14:00:00","BZN|ES","Without sequence","72.2",""
"23/07/2024 14:00:00 - 23/07/2024 15:00:00","BZN|ES","Without sequence","74.14",""
"23/07/2024 15:00:00 - 23/07/2024 16:00:00","BZN|ES","Without sequence","70.7",""
"23/07/2024 16:00:00 - 23/07/2024 17:00:00","BZN|ES","Without sequence","70.7",""
"23/07/2024 17:00:00 - 23/07/2024 18:00:00","BZN|ES","Without sequence","80.0",""
"23/07/2024 18:00:00 - 23/07/2024 19:00:00","BZN|ES","Without sequence","84.32",""
"23/07/2024 19:00:00 - 23/07/2024 20:00:00","BZN|ES","Without sequence","100.0",""
"23/07/2024 20:00:00 - 23/07/2024 21:00:00","BZN|ES","Without sequence","106.57",""
"23/07/2024 21:00:00 - 23/07/2024 22:00:00","BZN|ES","Without sequence","122.23",""
"23/07/2024 22:00:00 - 23/07/2024 23:00:00","BZN|ES","Without sequence","110.0",""
"23/07/2024 23:00:00 - 24/07/2024 00:00:00","BZN|ES","Without sequence","106.04",""
"24/07/2024 00:00:00 - 24/07/2024 01:00:00","BZN|ES","Without sequence","104.38",""
"24/07/2024 01:00:00 - 24/07/2024 02:00:00","BZN|ES","Without sequence","100.0",""
"24/07/2024 02:00:00 - 24/07/2024 03:00:00","BZN|ES","Without sequence","98.0",""
"24/07/2024 03:00:00 - 24/07/2024 04:00:00","BZN|ES","Without sequence","99.07",""
"24/07/2024 04:00:00 - 24/07/2024 05:00:00","BZN|ES","Without sequence","100.0",""
"24/07/2024 05:00:00 - 24/07/2024 06:00:00","BZN|ES","Without sequence","102.43",""
"24/07/2024 06:00:00 - 24/07/2024 07:00:00","BZN|ES","Without sequence","107.9",""
"24/07/2024 07:00:00 - 24/07/2024 08:00:00","BZN|ES","Without sequence","110.62",""
"24/07/2024 08:00:00 - 24/07/2024 09:00:00","BZN|ES","Without sequence","105.3",""
"24/07/2024 09:00:00 - 24/07/2024 10:00:00","BZN|ES","Without sequence","92.57",""
"24/07/2024 10:00:00 - 24/07/2024 11:00:00","BZN|ES","Without sequence","84.77",""
"24/07/2024 11:00:00 - 24/07/2024 12:00:00","BZN|ES","Without sequence","76.0",""
"24/07/2024 12:00:00 - 24/07/2024 13:00:00","BZN|ES","Without sequence","80.0",""
"24/07/2024 13:00:00 - 24/07/2024 14:00:00","BZN|ES","Without sequence","82.0",""
"24/07/2024 14:00:00 - 24/07/2024 15:00:00","BZN|ES","Without sequence","80.0",""
"24/07/2024 15:00:00 - 24/07/2024 16:00:00","BZN|ES","Without sequence","75.8",""
"24/07/2024 16:00:00 - 24/07/2024 17:00:00","BZN|ES","Without sequence","75.31",""
"24/07/2024 17:00:00 - 24/07/2024 18:00:00","BZN|ES","Without sequence","75.99",""
"24/07/2024 18:00:00 - 24/07/2024 19:00:00","BZN|ES","Without sequence","76.01",""
"24/07/2024 19:00:00 - 24/07/2024 20:00:00","BZN|ES","Without sequence","99.07",""
"24/07/2024 20:00:00 - 24/07/2024 21:00:00","BZN|ES","Without sequence","108.98",""
"24/07/2024 21:00:00 - 24/07/2024 22:00:00","BZN|ES","Without sequence","124.11",""
"24/07/2024 22:00:00 - 24/07/2024 23:00:00","BZN|ES","Without sequence","111.7",""
"24/07/2024 23:00:00 - 25/07/2024 00:00:00","BZN|ES","Without sequence","107.11",""
"25/07/2024 00:00:00 - 25/07/2024 01:00:00","BZN|ES","Without sequence","105.35",""
"25/07/2024 01:00:00 - 25/07/2024 02:00:00","BZN|ES","Without sequence","100.0",""
"25/07/2024 02:00:00 - 25/07/2024 03:00:00","BZN|ES","Without sequence","99.6",""
"25/07/2024 03:00:00 - 25/07/2024 04:00:00","BZN|ES","Without sequence","100.84",""
"25/07/2024 04:00:00 - 25/07/2024 05:00:00","BZN|ES","Without sequence","101.59",""
"25/07/2024 05:00:00 - 25/07/2024 06:00:00","BZN|ES","Without sequence","103.82",""
"25/07/2024 06:00:00 - 25/07/2024 07:00:00","BZN|ES","Without sequence","105.64",""
"25/07/2024 07:00:00 - 25/07/2024 08:00:00","BZN|ES","Without sequence","110.61",""
"25/07/2024 08:00:00 - 25/07/2024 09:00:00","BZN|ES","Without sequence","101.96",""
"25/07/2024 09:00:00 - 25/07/2024 10:00:00","BZN|ES","Without sequence","75.04",""
"25/07/2024 10:00:00 - 25/07/2024 11:00:00","BZN|ES","Without sequence","70.79",""
"25/07/2024 11:00:00 - 25/07/2024 12:00:00","BZN|ES","Without sequence","70.02",""
"25/07/2024 12:00:00 - 25/07/2024 13:00:00","BZN|ES","Without sequence","70.92",""
"25/07/2024 13:00:00 - 25/07/2024 14:00:00","BZN|ES","Without sequence","71.05",""
"25/07/2024 14:00:00 - 25/07/2024 15:00:00","BZN|ES","Without sequence","70.79",""
"25/07/2024 15:00:00 - 25/07/2024 16:00:00","BZN|ES","Without sequence","63.37",""
"25/07/2024 16:00:00 - 25/07/2024 17:00:00","BZN|ES","Without sequence","59.1",""
"25/07/2024 17:00:00 - 25/07/2024 18:00:00","BZN|ES","Without sequence","59.33",""
"25/07/2024 18:00:00 - 25/07/2024 19:00:00","BZN|ES","Without sequence","70.92",""
"25/07/2024 19:00:00 - 25/07/2024 20:00:00","BZN|ES","Without sequence","86.93",""
"25/07/2024 20:00:00 - 25/07/2024 21:00:00","BZN|ES","Without sequence","106.44",""
"25/07/2024 21:00:00 - 25/07/2024 22:00:00","BZN|ES","Without sequence","116.52",""
"25/07/2024 22:00:00 - 25/07/2024 23:00:00","BZN|ES","Without sequence","113.97",""
"25/07/2024 23:00:00 - 26/07/2024 00:00:00","BZN|ES","Without sequence","107.74",""
"26/07/2024 00:00:00 - 26/07/2024 01:00:00","BZN|ES","Without sequence","105.44",""
"26/07/2024 01:00:00 - 26/07/2024 02:00:00","BZN|ES","Without sequence","104.71",""
"26/07/2024 02:00:00 - 26/07/2024 03:00:00","BZN|ES","Without sequence","104.31",""
"26/07/2024 03:00:00 - 26/07/2024 04:00:00","BZN|ES","Without sequence","104.71",""
"26/07/2024 04:00:00 - 26/07/2024 05:00:00","BZN|ES","Without sequence","104.98",""
"26/07/2024 05:00:00 - 26/07/2024 06:00:00","BZN|ES","Without sequence","105.22",""
"26/07/2024 06:00:00 - 26/07/2024 07:00:00","BZN|ES","Without sequence","106.2",""
"26/07/2024 07:00:00 - 26/07/2024 08:00:00","BZN|ES","Without sequence","110.1",""
"26/07/2024 08:00:00 - 26/07/2024 09:00:00","BZN|ES","Without sequence","106.01",""
"26/07/2024 09:00:00 - 26/07/2024 10:00:00","BZN|ES","Without sequence","102.88",""
"26/07/2024 10:00:00 - 26/07/2024 11:00:00","BZN|ES","Without sequence","84.0",""
"26/07/2024 11:00:00 - 26/07/2024 12:00:00","BZN|ES","Without sequence","75.99",""
"26/07/2024 12:00:00 - 26/07/2024 13:00:00","BZN|ES","Without sequence","75.29",""
"26/07/2024 13:00:00 - 26/07/2024 14:00:00","BZN|ES","Without sequence","75.01",""
"26/07/2024 14:00:00 - 26/07/2024 15:00:00","BZN|ES","Without sequence","72.8",""
"26/07/2024 15:00:00 - 26/07/2024 16:00:00","BZN|ES","Without sequence","71.97",""
"26/07/2024 16:00:00 - 26/07/2024 17:00:00","BZN|ES","Without sequence","71.2",""
"26/07/2024 17:00:00 - 26/07/2024 18:00:00","BZN|ES","Without sequence","72.8",""
"26/07/2024 18:00:00 - 26/07/2024 19:00:00","BZN|ES","Without sequence","76.0",""
"26/07/2024 19:00:00 - 26/07/2024 20:00:00","BZN|ES","Without sequence","95.0",""
"26/07/2024 20:00:00 - 26/07/2024 21:00:00","BZN|ES","Without sequence","107.26",""
"26/07/2024 21:00:00 - 26/07/2024 22:00:00","BZN|ES","Without sequence","122.23",""
"26/07/2024 22:00:00 - 26/07/2024 23:00:00","BZN|ES","Without sequence","113.97",""
"26/07/2024 23:00:00 - 27/07/2024 00:00:00","BZN|ES","Without sequence","109.44",""
"27/07/2024 00:00:00 - 27/07/2024 01:00:00","BZN|ES","Without sequence","106.51",""
"27/07/2024 01:00:00 - 27/07/2024 02:00:00","BZN|ES","Without sequence","108.47",""
"27/07/2024 02:00:00 - 27/07/2024 03:00:00","BZN|ES","Without sequence","104.48",""
"27/07/2024 03:00:00 - 27/07/2024 04:00:00","BZN|ES","Without sequence","106.09",""
"27/07/2024 04:00:00 - 27/07/2024 05:00:00","BZN|ES","Without sequence","106.09",""
"27/07/2024 05:00:00 - 27/07/2024 06:00:00","BZN|ES","Without sequence","106.09",""
"27/07/2024 06:00:00 - 27/07/2024 07:00:00","BZN|ES","Without sequence","108.21",""
"27/07/2024 07:00:00 - 27/07/2024 08:00:00","BZN|ES","Without sequence","107.71",""
"27/07/2024 08:00:00 - 27/07/2024 09:00:00","BZN|ES","Without sequence","102.2",""
"27/07/2024 09:00:00 - 27/07/2024 10:00:00","BZN|ES","Without sequence","72.96",""
"27/07/2024 10:00:00 - 27/07/2024 11:00:00","BZN|ES","Without sequence","58.99",""
"27/07/2024 11:00:00 - 27/07/2024 12:00:00","BZN|ES","Without sequence","58.5",""
"27/07/2024 12:00:00 - 27/07/2024 13:00:00","BZN|ES","Without sequence","36.0",""
"27/07/2024 13:00:00 - 27/07/2024 14:00:00","BZN|ES","Without sequence","17.8",""
"27/07/2024 14:00:00 - 27/07/2024 15:00:00","BZN|ES","Without sequence","17.92",""
"27/07/2024 15:00:00 - 27/07/2024 16:00:00","BZN|ES","Without sequence","18.8",""
"27/07/2024 16:00:00 - 27/07/2024 17:00:00","BZN|ES","Without sequence","15.0",""
"27/07/2024 17:00:00 - 27/07/2024 18:00:00","BZN|ES","Without sequence","31.51",""
"27/07/2024 18:00:00 - 27/07/2024 19:00:00","BZN|ES","Without sequence","55.24",""
"27/07/2024 19:00:00 - 27/07/2024 20:00:00","BZN|ES","Without sequence","67.84",""
"27/07/2024 20:00:00 - 27/07/2024 21:00:00","BZN|ES","Without sequence","103.18",""
"27/07/2024 21:00:00 - 27/07/2024 22:00:00","BZN|ES","Without sequence","117.92",""
"27/07/2024 22:00:00 - 27/07/2024 23:00:00","BZN|ES","Without sequence","115.19",""
"27/07/2024 23:00:00 - 28/07/2024 00:00:00","BZN|ES","Without sequence","104.61",""
"28/07/2024 00:00:00 - 28/07/2024 01:00:00","BZN|ES","Without sequence","108.33",""
"28/07/2024 01:00:00 - 28/07/2024 02:00:00","BZN|ES","Without sequence","105.25",""
"28/07/2024 02:00:00 - 28/07/2024 03:00:00","BZN|ES","Without sequence","98.88",""
"28/07/2024 03:00:00 - 28/07/2024 04:00:00","BZN|ES","Without sequence","101.87",""
"28/07/2024 04:00:00 - 28/07/2024 05:00:00","BZN|ES","Without sequence","101.87",""
"28/07/2024 05:00:00 - 28/07/2024 06:00:00","BZN|ES","Without sequence","102.87",""
"28/07/2024 06:00:00 - 28/07/2024 07:00:00","BZN|ES","Without sequence","104.07",""
"28/07/2024 07:00:00 - 28/07/2024 08:00:00","BZN|ES","Without sequence","103.87",""
"28/07/2024 08:00:00 - 28/07/2024 09:00:00","BZN|ES","Without sequence","70.0",""
"28/07/2024 09:00:00 - 28/07/2024 10:00:00","BZN|ES","Without sequence","50.0",""
"28/07/2024 10:00:00 - 28/07/2024 11:00:00","BZN|ES","Without sequence","0.44",""
"28/07/2024 11:00:00 - 28/07/2024 12:00:00","BZN|ES","Without sequence","0.0",""
"28/07/2024 12:00:00 - 28/07/2024 13:00:00","BZN|ES","Without sequence","0.0",""
"28/07/2024 13:00:00 - 28/07/2024 14:00:00","BZN|ES","Without sequence","0.0",""
"28/07/2024 14:00:00 - 28/07/2024 15:00:00","BZN|ES","Without sequence","0.0",""
"28/07/2024 15:00:00 - 28/07/2024 16:00:00","BZN|ES","Without sequence","0.0",""
"28/07/2024 16:00:00 - 28/07/2024 17:00:00","BZN|ES","Without sequence","0.0",""
"28/07/2024 17:00:00 - 28/07/2024 18:00:00","BZN|ES","Without sequence","0.15",""
"28/07/2024 18:00:00 - 28/07/2024 19:00:00","BZN|ES","Without sequence","41.26",""
"28/07/2024 19:00:00 - 28/07/2024 20:00:00","BZN|ES","Without sequence","66.84",""
"28/07/2024 20:00:00 - 28/07/2024 21:00:00","BZN|ES","Without sequence","105.47",""
"28/07/2024 21:00:00 - 28/07/2024 22:00:00","BZN|ES","Without sequence","115.98",""
"28/07/2024 22:00:00 - 28/07/2024 23:00:00","BZN|ES","Without sequence","125.5",""
"28/07/2024 23:00:00 - 29/07/2024 00:00:00","BZN|ES","Without sequence","117.2",""
"29/07/2024 00:00:00 - 29/07/2024 01:00:00","BZN|ES","Without sequence","113.64",""
"29/07/2024 01:00:00 - 29/07/2024 02:00:00","BZN|ES","Without sequence","110.98",""
"29/07/2024 02:00:00 - 29/07/2024 03:00:00","BZN|ES","Without sequence","106.91",""
"29/07/2024 03:00:00 - 29/07/2024 04:00:00","BZN|ES","Without sequence","106.41",""
"29/07/2024 04:00:00 - 29/07/2024 05:00:00","BZN|ES","Without sequence","106.91",""
"29/07/2024 05:00:00 - 29/07/2024 06:00:00","BZN|ES","Without sequence","106.91",""
"29/07/2024 06:00:00 - 29/07/2024 07:00:00","BZN|ES","Without sequence","109.15",""
"29/07/2024 07:00:00 - 29/07/2024 08:00:00","BZN|ES","Without sequence","112.03",""
"29/07/2024 08:00:00 - 29/07/2024 09:00:00","BZN|ES","Without sequence","112.46",""
"29/07/2024 09:00:00 - 29/07/2024 10:00:00","BZN|ES","Without sequence","111.93",""
"29/07/2024 10:00:00 - 29/07/2024 11:00:00","BZN|ES","Without sequence","111.41",""
"29/07/2024 11:00:00 - 29/07/2024 12:00:00","BZN|ES","Without sequence","106.91",""
"29/07/2024 12:00:00 - 29/07/2024 13:00:00","BZN|ES","Without sequence","104.31",""
"29/07/2024 13:00:00 - 29/07/2024 14:00:00","BZN|ES","Without sequence","100.0",""
"29/07/2024 14:00:00 - 29/07/2024 15:00:00","BZN|ES","Without sequence","99.09",""
"29/07/2024 15:00:00 - 29/07/2024 16:00:00","BZN|ES","Without sequence","93.0",""
"29/07/2024 16:00:00 - 29/07/2024 17:00:00","BZN|ES","Without sequence","93.56",""
"29/07/2024 17:00:00 - 29/07/2024 18:00:00","BZN|ES","Without sequence","102.76",""
"29/07/2024 18:00:00 - 29/07/2024 19:00:00","BZN|ES","Without sequence","106.41",""
"29/07/2024 19:00:00 - 29/07/2024 20:00:00","BZN|ES","Without sequence","107.67",""
"29/07/2024 20:00:00 - 29/07/2024 21:00:00","BZN|ES","Without sequence","112.22",""
"29/07/2024 21:00:00 - 29/07/2024 22:00:00","BZN|ES","Without sequence","135.01",""
"29/07/2024 22:00:00 - 29/07/2024 23:00:00","BZN|ES","Without sequence","129.0",""
"29/07/2024 23:00:00 - 30/07/2024 00:00:00","BZN|ES","Without sequence","111.98",""
"30/07/2024 00:00:00 - 30/07/2024 01:00:00","BZN|ES","Without sequence","110.2",""
"30/07/2024 01:00:00 - 30/07/2024 02:00:00","BZN|ES","Without sequence","108.83",""
"30/07/2024 02:00:00 - 30/07/2024 03:00:00","BZN|ES","Without sequence","107.83",""
"30/07/2024 03:00:00 - 30/07/2024 04:00:00","BZN|ES","Without sequence","108.33",""
"30/07/2024 04:00:00 - 30/07/2024 05:00:00","BZN|ES","Without sequence","108.48",""
"30/07/2024 05:00:00 - 30/07/2024 06:00:00","BZN|ES","Without sequence","108.95",""
"30/07/2024 06:00:00 - 30/07/2024 07:00:00","BZN|ES","Without sequence","109.13",""
"30/07/2024 07:00:00 - 30/07/2024 08:00:00","BZN|ES","Without sequence","111.43",""
"30/07/2024 08:00:00 - 30/07/2024 09:00:00","BZN|ES","Without sequence","110.06",""
"30/07/2024 09:00:00 - 30/07/2024 10:00:00","BZN|ES","Without sequence","106.23",""
"30/07/2024 10:00:00 - 30/07/2024 11:00:00","BZN|ES","Without sequence","88.5",""
"30/07/2024 11:00:00 - 30/07/2024 12:00:00","BZN|ES","Without sequence","75.97",""
"30/07/2024 12:00:00 - 30/07/2024 13:00:00","BZN|ES","Without sequence","75.58",""
"30/07/2024 13:00:00 - 30/07/2024 14:00:00","BZN|ES","Without sequence","75.0",""
"30/07/2024 14:00:00 - 30/07/2024 15:00:00","BZN|ES","Without sequence","74.98",""
"30/07/2024 15:00:00 - 30/07/2024 16:00:00","BZN|ES","Without sequence","68.43",""
"30/07/2024 16:00:00 - 30/07/2024 17:00:00","BZN|ES","Without sequence","64.0",""
"30/07/2024 17:00:00 - 30/07/2024 18:00:00","BZN|ES","Without sequence","73.99",""
"30/07/2024 18:00:00 - 30/07/2024 19:00:00","BZN|ES","Without sequence","83.74",""
"30/07/2024 19:00:00 - 30/07/2024 20:00:00","BZN|ES","Without sequence","108.31",""
"30/07/2024 20:00:00 - 30/07/2024 21:00:00","BZN|ES","Without sequence","113.03",""
"30/07/2024 21:00:00 - 30/07/2024 22:00:00","BZN|ES","Without sequence","142.48",""
"30/07/2024 22:00:00 - 30/07/2024 23:00:00","BZN|ES","Without sequence","142.48",""
"30/07/2024 23:00:00 - 31/07/2024 00:00:00","BZN|ES","Without sequence","117.0",""
"31/07/2024 00:00:00 - 31/07/2024 01:00:00","BZN|ES","Without sequence","115.82",""
"31/07/2024 01:00:00 - 31/07/2024 02:00:00","BZN|ES","Without sequence","112.14",""
"31/07/2024 02:00:00 - 31/07/2024 03:00:00","BZN|ES","Without sequence","111.14",""
"31/07/2024 03:00:00 - 31/07/2024 04:00:00","BZN|ES","Without sequence","112.14",""
"31/07/2024 04:00:00 - 31/07/2024 05:00:00","BZN|ES","Without sequence","112.44",""
"31/07/2024 05:00:00 - 31/07/2024 06:00:00","BZN|ES","Without sequence","113.03",""
"31/07/2024 06:00:00 - 31/07/2024 07:00:00","BZN|ES","Without sequence","115.34",""
"31/07/2024 07:00:00 - 31/07/2024 08:00:00","BZN|ES","Without sequence","118.48",""
"31/07/2024 08:00:00 - 31/07/2024 09:00:00","BZN|ES","Without sequence","115.34",""
"31/07/2024 09:00:00 - 31/07/2024 10:00:00","BZN|ES","Without sequence","111.14",""
"31/07/2024 10:00:00 - 31/07/2024 11:00:00","BZN|ES","Without sequence","105.0",""
"31/07/2024 11:00:00 - 31/07/2024 12:00:00","BZN|ES","Without sequence","86.1",""
"31/07/2024 12:00:00 - 31/07/2024 13:00:00","BZN|ES","Without sequence","82.1",""
"31/07/2024 13:00:00 - 31/07/2024 14:00:00","BZN|ES","Without sequence","81.97",""
"31/07/2024 14:00:00 - 31/07/2024 15:00:00","BZN|ES","Without sequence","81.71",""
"31/07/2024 15:00:00 - 31/07/2024 16:00:00","BZN|ES","Without sequence","80.01",""
"31/07/2024 16:00:00 - 31/07/2024 17:00:00","BZN|ES","Without sequence","79.59",""
"31/07/2024 17:00:00 - 31/07/2024 18:00:00","BZN|ES","Without sequence","79.8",""
"31/07/2024 18:00:00 - 31/07/2024 19:00:00","BZN|ES","Without sequence","94.37",""
"31/07/2024 19:00:00 - 31/07/2024 20:00:00","BZN|ES","Without sequence","111.14",""
"31/07/2024 20:00:00 - 31/07/2024 21:00:00","BZN|ES","Without sequence","117.53",""
"31/07/2024 21:00:00 - 31/07/2024 22:00:00","BZN|ES","Without sequence","142.48",""
"31/07/2024 22:00:00 - 31/07/2024 23:00:00","BZN|ES","Without sequence","132.4",""
"31/07/2024 23:00:00 - 01/08/2024 00:00:00","BZN|ES","Without sequence","116.98",""
"01/08/2024 00:00:00 - 01/08/2024 01:00:00","BZN|ES","Without sequence","117.02",""
"01/08/2024 01:00:00 - 01/08/2024 02:00:00","BZN|ES","Without sequence","113.14",""
"01/08/2024 02:00:00 - 01/08/2024 03:00:00","BZN|ES","Without sequence","112.38",""
"01/08/2024 03:00:00 - 01/08/2024 04:00:00","BZN|ES","Without sequence","112.64",""
"01/08/2024 04:00:00 - 01/08/2024 05:00:00","BZN|ES","Without sequence","112.58",""
"01/08/2024 05:00:00 - 01/08/2024 06:00:00","BZN|ES","Without sequence","112.88",""
"01/08/2024 06:00:00 - 01/08/2024 07:00:00","BZN|ES","Without sequence","116.84",""
"01/08/2024 07:00:00 - 01/08/2024 08:00:00","BZN|ES","Without sequence","120.72",""
"01/08/2024 08:00:00 - 01/08/2024 09:00:00","BZN|ES","Without sequence","116.84",""
"01/08/2024 09:00:00 - 01/08/2024 10:00:00","BZN|ES","Without sequence","112.82",""
"01/08/2024 10:00:00 - 01/08/2024 11:00:00","BZN|ES","Without sequence","111.92",""
"01/08/2024 11:00:00 - 01/08/2024 12:00:00","BZN|ES","Without sequence","98.0",""
"01/08/2024 12:00:00 - 01/08/2024 13:00:00","BZN|ES","Without sequence","92.98",""
"01/08/2024 13:00:00 - 01/08/2024 14:00:00","BZN|ES","Without sequence","92.79",""
"01/08/2024 14:00:00 - 01/08/2024 15:00:00","BZN|ES","Without sequence","88.99",""
"01/08/2024 15:00:00 - 01/08/2024 16:00:00","BZN|ES","Without sequence","83.0",""
"01/08/2024 16:00:00 - 01/08/2024 17:00:00","BZN|ES","Without sequence","81.8",""
"01/08/2024 17:00:00 - 01/08/2024 18:00:00","BZN|ES","Without sequence","81.8",""
"01/08/2024 18:00:00 - 01/08/2024 19:00:00","BZN|ES","Without sequence","94.37",""
"01/08/2024 19:00:00 - 01/08/2024 20:00:00","BZN|ES","Without sequence","109.2",""
"01/08/2024 20:00:00 - 01/08/2024 21:00:00","BZN|ES","Without sequence","117.6",""
"01/08/2024 21:00:00 - 01/08/2024 22:00:00","BZN|ES","Without sequence","132.66",""
"01/08/2024 22:00:00 - 01/08/2024 23:00:00","BZN|ES","Without sequence","125.5",""
"01/08/2024 23:00:00 - 02/08/2024 00:00:00","BZN|ES","Without sequence","117.14",""
"02/08/2024 00:00:00 - 02/08/2024 01:00:00","BZN|ES","Without sequence","113.84",""
"02/08/2024 01:00:00 - 02/08/2024 02:00:00","BZN|ES","Without sequence","114.24",""
"02/08/2024 02:00:00 - 02/08/2024 03:00:00","BZN|ES","Without sequence","111.64",""
"02/08/2024 03:00:00 - 02/08/2024 04:00:00","BZN|ES","Without sequence","112.64",""
"02/08/2024 04:00:00 - 02/08/2024 05:00:00","BZN|ES","Without sequence","111.64",""
"02/08/2024 05:00:00 - 02/08/2024 06:00:00","BZN|ES","Without sequence","111.64",""
"02/08/2024 06:00:00 - 02/08/2024 07:00:00","BZN|ES","Without sequence","112.64",""
"02/08/2024 07:00:00 - 02/08/2024 08:00:00","BZN|ES","Without sequence","114.0",""
"02/08/2024 08:00:00 - 02/08/2024 09:00:00","BZN|ES","Without sequence","109.92",""
"02/08/2024 09:00:00 - 02/08/2024 10:00:00","BZN|ES","Without sequence","104.42",""
"02/08/2024 10:00:00 - 02/08/2024 11:00:00","BZN|ES","Without sequence","75.59",""
"02/08/2024 11:00:00 - 02/08/2024 12:00:00","BZN|ES","Without sequence","65.16",""
"02/08/2024 12:00:00 - 02/08/2024 13:00:00","BZN|ES","Without sequence","69.83",""
"02/08/2024 13:00:00 - 02/08/2024 14:00:00","BZN|ES","Without sequence","60.0",""
"02/08/2024 14:00:00 - 02/08/2024 15:00:00","BZN|ES","Without sequence","58.1",""
"02/08/2024 15:00:00 - 02/08/2024 16:00:00","BZN|ES","Without sequence","52.43",""
"02/08/2024 16:00:00 - 02/08/2024 17:00:00","BZN|ES","Without sequence","49.95",""
"02/08/2024 17:00:00 - 02/08/2024 18:00:00","BZN|ES","Without sequence","58.77",""
"02/08/2024 18:00:00 - 02/08/2024 19:00:00","BZN|ES","Without sequence","65.0",""
"02/08/2024 19:00:00 - 02/08/2024 20:00:00","BZN|ES","Without sequence","88.0",""
"02/08/2024 20:00:00 - 02/08/2024 21:00:00","BZN|ES","Without sequence","114.0",""
"02/08/2024 21:00:00 - 02/08/2024 22:00:00","BZN|ES","Without sequence","128.53",""
"02/08/2024 22:00:00 - 02/08/2024 23:00:00","BZN|ES","Without sequence","126.63",""
"02/08/2024 23:00:00 - 03/08/2024 00:00:00","BZN|ES","Without sequence","115.36",""
"03/08/2024 00:00:00 - 03/08/2024 01:00:00","BZN|ES","Without sequence","119.34",""
"03/08/2024 01:00:00 - 03/08/2024 02:00:00","BZN|ES","Without sequence","116.1",""
"03/08/2024 02:00:00 - 03/08/2024 03:00:00","BZN|ES","Without sequence","113.85",""
"03/08/2024 03:00:00 - 03/08/2024 04:00:00","BZN|ES","Without sequence","113.85",""
"03/08/2024 04:00:00 - 03/08/2024 05:00:00","BZN|ES","Without sequence","112.37",""
"03/08/2024 05:00:00 - 03/08/2024 06:00:00","BZN|ES","Without sequence","112.67",""
"03/08/2024 06:00:00 - 03/08/2024 07:00:00","BZN|ES","Without sequence","114.3",""
"03/08/2024 07:00:00 - 03/08/2024 08:00:00","BZN|ES","Without sequence","115.65",""
"03/08/2024 08:00:00 - 03/08/2024 09:00:00","BZN|ES","Without sequence","103.02",""
"03/08/2024 09:00:00 - 03/08/2024 10:00:00","BZN|ES","Without sequence","68.3",""
"03/08/2024 10:00:00 - 03/08/2024 11:00:00","BZN|ES","Without sequence","32.44",""
"03/08/2024 11:00:00 - 03/08/2024 12:00:00","BZN|ES","Without sequence","20.36",""
"03/08/2024 12:00:00 - 03/08/2024 13:00:00","BZN|ES","Without sequence","14.66",""
"03/08/2024 13:00:00 - 03/08/2024 14:00:00","BZN|ES","Without sequence","6.41",""
"03/08/2024 14:00:00 - 03/08/2024 15:00:00","BZN|ES","Without sequence","5.0",""
"03/08/2024 15:00:00 - 03/08/2024 16:00:00","BZN|ES","Without sequence","10.07",""
"03/08/2024 16:00:00 - 03/08/2024 17:00:00","BZN|ES","Without sequence","10.2",""
"03/08/2024 17:00:00 - 03/08/2024 18:00:00","BZN|ES","Without sequence","20.0",""
"03/08/2024 18:00:00 - 03/08/2024 19:00:00","BZN|ES","Without sequence","58.75",""
"03/08/2024 19:00:00 - 03/08/2024 20:00:00","BZN|ES","Without sequence","80.0",""
"03/08/2024 20:00:00 - 03/08/2024 21:00:00","BZN|ES","Without sequence","121.49",""
"03/08/2024 21:00:00 - 03/08/2024 22:00:00","BZN|ES","Without sequence","136.53",""
"03/08/2024 22:00:00 - 03/08/2024 23:00:00","BZN|ES","Without sequence","131.49",""
"03/08/2024 23:00:00 - 04/08/2024 00:00:00","BZN|ES","Without sequence","126.63",""
"04/08/2024 00:00:00 - 04/08/2024 01:00:00","BZN|ES","Without sequence","115.34",""
"04/08/2024 01:00:00 - 04/08/2024 02:00:00","BZN|ES","Without sequence","112.82",""
"04/08/2024 02:00:00 - 04/08/2024 03:00:00","BZN|ES","Without sequence","106.0",""
"04/08/2024 03:00:00 - 04/08/2024 04:00:00","BZN|ES","Without sequence","111.47",""
"04/08/2024 04:00:00 - 04/08/2024 05:00:00","BZN|ES","Without sequence","111.92",""
"04/08/2024 05:00:00 - 04/08/2024 06:00:00","BZN|ES","Without sequence","113.27",""
"04/08/2024 06:00:00 - 04/08/2024 07:00:00","BZN|ES","Without sequence","113.72",""
"04/08/2024 07:00:00 - 04/08/2024 08:00:00","BZN|ES","Without sequence","113.53",""
"04/08/2024 08:00:00 - 04/08/2024 09:00:00","BZN|ES","Without sequence","97.89",""
"04/08/2024 09:00:00 - 04/08/2024 10:00:00","BZN|ES","Without sequence","68.1",""
"04/08/2024 10:00:00 - 04/08/2024 11:00:00","BZN|ES","Without sequence","15.0",""
"04/08/2024 11:00:00 - 04/08/2024 12:00:00","BZN|ES","Without sequence","2.05",""
"04/08/2024 12:00:00 - 04/08/2024 13:00:00","BZN|ES","Without sequence","0.44",""
"04/08/2024 13:00:00 - 04/08/2024 14:00:00","BZN|ES","Without sequence","4.55",""
"04/08/2024 14:00:00 - 04/08/2024 15:00:00","BZN|ES","Without sequence","10.0",""
"04/08/2024 15:00:00 - 04/08/2024 16:00:00","BZN|ES","Without sequence","2.0",""
"04/08/2024 16:00:00 - 04/08/2024 17:00:00","BZN|ES","Without sequence","1.45",""
"04/08/2024 17:00:00 - 04/08/2024 18:00:00","BZN|ES","Without sequence","22.05",""
"04/08/2024 18:00:00 - 04/08/2024 19:00:00","BZN|ES","Without sequence","63.37",""
"04/08/2024 19:00:00 - 04/08/2024 20:00:00","BZN|ES","Without sequence","82.97",""
"04/08/2024 20:00:00 - 04/08/2024 21:00:00","BZN|ES","Without sequence","123.44",""
"04/08/2024 21:00:00 - 04/08/2024 22:00:00","BZN|ES","Without sequence","142.76",""
"04/08/2024 22:00:00 - 04/08/2024 23:00:00","BZN|ES","Without sequence","144.24",""
"04/08/2024 23:00:00 - 05/08/2024 00:00:00","BZN|ES","Without sequence","133.06",""
"05/08/2024 00:00:00 - 05/08/2024 01:00:00","BZN|ES","Without sequence","119.96",""
"05/08/2024 01:00:00 - 05/08/2024 02:00:00","BZN|ES","Without sequence","116.42",""
"05/08/2024 02:00:00 - 05/08/2024 03:00:00","BZN|ES","Without sequence","114.17",""
"05/08/2024 03:00:00 - 05/08/2024 04:00:00","BZN|ES","Without sequence","115.97",""
"05/08/2024 04:00:00 - 05/08/2024 05:00:00","BZN|ES","Without sequence","115.97",""
"05/08/2024 05:00:00 - 05/08/2024 06:00:00","BZN|ES","Without sequence","118.04",""
"05/08/2024 06:00:00 - 05/08/2024 07:00:00","BZN|ES","Without sequence","121.28",""
"05/08/2024 07:00:00 - 05/08/2024 08:00:00","BZN|ES","Without sequence","126.1",""
"05/08/2024 08:00:00 - 05/08/2024 09:00:00","BZN|ES","Without sequence","123.0",""
"05/08/2024 09:00:00 - 05/08/2024 10:00:00","BZN|ES","Without sequence","117.23",""
"05/08/2024 10:00:00 - 05/08/2024 11:00:00","BZN|ES","Without sequence","114.17",""
"05/08/2024 11:00:00 - 05/08/2024 12:00:00","BZN|ES","Without sequence","88.62",""
"05/08/2024 12:00:00 - 05/08/2024 13:00:00","BZN|ES","Without sequence","83.01",""
"05/08/2024 13:00:00 - 05/08/2024 14:00:00","BZN|ES","Without sequence","82.59",""
"05/08/2024 14:00:00 - 05/08/2024 15:00:00","BZN|ES","Without sequence","82.1",""
"05/08/2024 15:00:00 - 05/08/2024 16:00:00","BZN|ES","Without sequence","81.58",""
"05/08/2024 16:00:00 - 05/08/2024 17:00:00","BZN|ES","Without sequence","81.45",""
"05/08/2024 17:00:00 - 05/08/2024 18:00:00","BZN|ES","Without sequence","81.97",""
"05/08/2024 18:00:00 - 05/08/2024 19:00:00","BZN|ES","Without sequence","86.69",""
"05/08/2024 19:00:00 - 05/08/2024 20:00:00","BZN|ES","Without sequence","118.85",""
"05/08/2024 20:00:00 - 05/08/2024 21:00:00","BZN|ES","Without sequence","129.38",""
"05/08/2024 21:00:00 - 05/08/2024 22:00:00","BZN|ES","Without sequence","150.89",""
"05/08/2024 22:00:00 - 05/08/2024 23:00:00","BZN|ES","Without sequence","140.0",""
"05/08/2024 23:00:00 - 06/08/2024 00:00:00","BZN|ES","Without sequence","126.34",""
"06/08/2024 00:00:00 - 06/08/2024 01:00:00","BZN|ES","Without sequence","114.76",""
"06/08/2024 01:00:00 - 06/08/2024 02:00:00","BZN|ES","Without sequence","109.86",""
"06/08/2024 02:00:00 - 06/08/2024 03:00:00","BZN|ES","Without sequence","100.0",""
"06/08/2024 03:00:00 - 06/08/2024 04:00:00","BZN|ES","Without sequence","110.56",""
"06/08/2024 04:00:00 - 06/08/2024 05:00:00","BZN|ES","Without sequence","110.09",""
"06/08/2024 05:00:00 - 06/08/2024 06:00:00","BZN|ES","Without sequence","113.32",""
"06/08/2024 06:00:00 - 06/08/2024 07:00:00","BZN|ES","Without sequence","119.69",""
"06/08/2024 07:00:00 - 06/08/2024 08:00:00","BZN|ES","Without sequence","130.0",""
"06/08/2024 08:00:00 - 06/08/2024 09:00:00","BZN|ES","Without sequence","120.3",""
"06/08/2024 09:00:00 - 06/08/2024 10:00:00","BZN|ES","Without sequence","110.56",""
"06/08/2024 10:00:00 - 06/08/2024 11:00:00","BZN|ES","Without sequence","102.73",""
"06/08/2024 11:00:00 - 06/08/2024 12:00:00","BZN|ES","Without sequence","90.0",""
"06/08/2024 12:00:00 - 06/08/2024 13:00:00","BZN|ES","Without sequence","83.78",""
"06/08/2024 13:00:00 - 06/08/2024 14:00:00","BZN|ES","Without sequence","83.4",""
"06/08/2024 14:00:00 - 06/08/2024 15:00:00","BZN|ES","Without sequence","83.18",""
"06/08/2024 15:00:00 - 06/08/2024 16:00:00","BZN|ES","Without sequence","82.44",""
"06/08/2024 16:00:00 - 06/08/2024 17:00:00","BZN|ES","Without sequence","82.31",""
"06/08/2024 17:00:00 - 06/08/2024 18:00:00","BZN|ES","Without sequence","83.18",""
"06/08/2024 18:00:00 - 06/08/2024 19:00:00","BZN|ES","Without sequence","90.4",""
"06/08/2024 19:00:00 - 06/08/2024 20:00:00","BZN|ES","Without sequence","113.32",""
"06/08/2024 20:00:00 - 06/08/2024 21:00:00","BZN|ES","Without sequence","123.21",""
"06/08/2024 21:00:00 - 06/08/2024 22:00:00","BZN|ES","Without sequence","132.34",""
"06/08/2024 22:00:00 - 06/08/2024 23:00:00","BZN|ES","Without sequence","126.1",""
"06/08/2024 23:00:00 - 07/08/2024 00:00:00","BZN|ES","Without sequence","117.86",""
"07/08/2024 00:00:00 - 07/08/2024 01:00:00","BZN|ES","Without sequence","107.22",""
"07/08/2024 01:00:00 - 07/08/2024 02:00:00","BZN|ES","Without sequence","107.22",""
"07/08/2024 02:00:00 - 07/08/2024 03:00:00","BZN|ES","Without sequence","107.21",""
"07/08/2024 03:00:00 - 07/08/2024 04:00:00","BZN|ES","Without sequence","107.21",""
"07/08/2024 04:00:00 - 07/08/2024 05:00:00","BZN|ES","Without sequence","95.0",""
"07/08/2024 05:00:00 - 07/08/2024 06:00:00","BZN|ES","Without sequence","102.44",""
"07/08/2024 06:00:00 - 07/08/2024 07:00:00","BZN|ES","Without sequence","105.0",""
"07/08/2024 07:00:00 - 07/08/2024 08:00:00","BZN|ES","Without sequence","115.1",""
"07/08/2024 08:00:00 - 07/08/2024 09:00:00","BZN|ES","Without sequence","102.44",""
"07/08/2024 09:00:00 - 07/08/2024 10:00:00","BZN|ES","Without sequence","87.97",""
"07/08/2024 10:00:00 - 07/08/2024 11:00:00","BZN|ES","Without sequence","78.7",""
"07/08/2024 11:00:00 - 07/08/2024 12:00:00","BZN|ES","Without sequence","79.6",""
"07/08/2024 12:00:00 - 07/08/2024 13:00:00","BZN|ES","Without sequence","81.1",""
"07/08/2024 13:00:00 - 07/08/2024 14:00:00","BZN|ES","Without sequence","82.0",""
"07/08/2024 14:00:00 - 07/08/2024 15:00:00","BZN|ES","Without sequence","82.49",""
"07/08/2024 15:00:00 - 07/08/2024 16:00:00","BZN|ES","Without sequence","79.6",""
"07/08/2024 16:00:00 - 07/08/2024 17:00:00","BZN|ES","Without sequence","79.6",""
"07/08/2024 17:00:00 - 07/08/2024 18:00:00","BZN|ES","Without sequence","82.0",""
"07/08/2024 18:00:00 - 07/08/2024 19:00:00","BZN|ES","Without sequence","84.23",""
"07/08/2024 19:00:00 - 07/08/2024 20:00:00","BZN|ES","Without sequence","89.0",""
"07/08/2024 20:00:00 - 07/08/2024 21:00:00","BZN|ES","Without sequence","116.2",""
"07/08/2024 21:00:00 - 07/08/2024 22:00:00","BZN|ES","Without sequence","128.9",""
"07/08/2024 22:00:00 - 07/08/2024 23:00:00","BZN|ES","Without sequence","122.42",""
"07/08/2024 23:00:00 - 08/08/2024 00:00:00","BZN|ES","Without sequence","115.58",""
"08/08/2024 00:00:00 - 08/08/2024 01:00:00","BZN|ES","Without sequence","107.75",""
"08/08/2024 01:00:00 - 08/08/2024 02:00:00","BZN|ES","Without sequence","103.79",""
"08/08/2024 02:00:00 - 08/08/2024 03:00:00","BZN|ES","Without sequence","98.38",""
"08/08/2024 03:00:00 - 08/08/2024 04:00:00","BZN|ES","Without sequence","101.81",""
"08/08/2024 04:00:00 - 08/08/2024 05:00:00","BZN|ES","Without sequence","101.81",""
"08/08/2024 05:00:00 - 08/08/2024 06:00:00","BZN|ES","Without sequence","101.93",""
"08/08/2024 06:00:00 - 08/08/2024 07:00:00","BZN|ES","Without sequence","107.75",""
"08/08/2024 07:00:00 - 08/08/2024 08:00:00","BZN|ES","Without sequence","115.1",""
"08/08/2024 08:00:00 - 08/08/2024 09:00:00","BZN|ES","Without sequence","107.82",""
"08/08/2024 09:00:00 - 08/08/2024 10:00:00","BZN|ES","Without sequence","109.1",""
"08/08/2024 10:00:00 - 08/08/2024 11:00:00","BZN|ES","Without sequence","89.0",""
"08/08/2024 11:00:00 - 08/08/2024 12:00:00","BZN|ES","Without sequence","83.1",""
"08/08/2024 12:00:00 - 08/08/2024 13:00:00","BZN|ES","Without sequence","83.0",""
"08/08/2024 13:00:00 - 08/08/2024 14:00:00","BZN|ES","Without sequence","83.0",""
"08/08/2024 14:00:00 - 08/08/2024 15:00:00","BZN|ES","Without sequence","83.0",""
"08/08/2024 15:00:00 - 08/08/2024 16:00:00","BZN|ES","Without sequence","82.0",""
"08/08/2024 16:00:00 - 08/08/2024 17:00:00","BZN|ES","Without sequence","82.0",""
"08/08/2024 17:00:00 - 08/08/2024 18:00:00","BZN|ES","Without sequence","87.19",""
"08/08/2024 18:00:00 - 08/08/2024 19:00:00","BZN|ES","Without sequence","96.5",""
"08/08/2024 19:00:00 - 08/08/2024 20:00:00","BZN|ES","Without sequence","110.5",""
"08/08/2024 20:00:00 - 08/08/2024 21:00:00","BZN|ES","Without sequence","115.5",""
"08/08/2024 21:00:00 - 08/08/2024 22:00:00","BZN|ES","Without sequence","140.01",""
"08/08/2024 22:00:00 - 08/08/2024 23:00:00","BZN|ES","Without sequence","126.48",""
"08/08/2024 23:00:00 - 09/08/2024 00:00:00","BZN|ES","Without sequence","111.95",""
"09/08/2024 00:00:00 - 09/08/2024 01:00:00","BZN|ES","Without sequence","118.06",""
"09/08/2024 01:00:00 - 09/08/2024 02:00:00","BZN|ES","Without sequence","116.92",""
"09/08/2024 02:00:00 - 09/08/2024 03:00:00","BZN|ES","Without sequence","111.7",""
"09/08/2024 03:00:00 - 09/08/2024 04:00:00","BZN|ES","Without sequence","117.1",""
"09/08/2024 04:00:00 - 09/08/2024 05:00:00","BZN|ES","Without sequence","112.32",""
"09/08/2024 05:00:00 - 09/08/2024 06:00:00","BZN|ES","Without sequence","110.46",""
"09/08/2024 06:00:00 - 09/08/2024 07:00:00","BZN|ES","Without sequence","116.92",""
"09/08/2024 07:00:00 - 09/08/2024 08:00:00","BZN|ES","Without sequence","118.85",""
"09/08/2024 08:00:00 - 09/08/2024 09:00:00","BZN|ES","Without sequence","116.92",""
"09/08/2024 09:00:00 - 09/08/2024 10:00:00","BZN|ES","Without sequence","111.2",""
"09/08/2024 10:00:00 - 09/08/2024 11:00:00","BZN|ES","Without sequence","85.0",""
"09/08/2024 11:00:00 - 09/08/2024 12:00:00","BZN|ES","Without sequence","81.81",""
"09/08/2024 12:00:00 - 09/08/2024 13:00:00","BZN|ES","Without sequence","81.68",""
"09/08/2024 13:00:00 - 09/08/2024 14:00:00","BZN|ES","Without sequence","81.68",""
"09/08/2024 14:00:00 - 09/08/2024 15:00:00","BZN|ES","Without sequence","81.55",""
"09/08/2024 15:00:00 - 09/08/2024 16:00:00","BZN|ES","Without sequence","80.0",""
"09/08/2024 16:00:00 - 09/08/2024 17:00:00","BZN|ES","Without sequence","80.0",""
"09/08/2024 17:00:00 - 09/08/2024 18:00:00","BZN|ES","Without sequence","81.18",""
"09/08/2024 18:00:00 - 09/08/2024 19:00:00","BZN|ES","Without sequence","82.07",""
"09/08/2024 19:00:00 - 09/08/2024 20:00:00","BZN|ES","Without sequence","97.7",""
"09/08/2024 20:00:00 - 09/08/2024 21:00:00","BZN|ES","Without sequence","113.3",""
"09/08/2024 21:00:00 - 09/08/2024 22:00:00","BZN|ES","Without sequence","127.71",""
"09/08/2024 22:00:00 - 09/08/2024 23:00:00","BZN|ES","Without sequence","120.33",""
"09/08/2024 23:00:00 - 10/08/2024 00:00:00","BZN|ES","Without sequence","111.2",""
"10/08/2024 00:00:00 - 10/08/2024 01:00:00","BZN|ES","Without sequence","109.56",""
"10/08/2024 01:00:00 - 10/08/2024 02:00:00","BZN|ES","Without sequence","105.0",""
"10/08/2024 02:00:00 - 10/08/2024 03:00:00","BZN|ES","Without sequence","99.0",""
"10/08/2024 03:00:00 - 10/08/2024 04:00:00","BZN|ES","Without sequence","117.75",""
"10/08/2024 04:00:00 - 10/08/2024 05:00:00","BZN|ES","Without sequence","115.01",""
"10/08/2024 05:00:00 - 10/08/2024 06:00:00","BZN|ES","Without sequence","115.43",""
"10/08/2024 06:00:00 - 10/08/2024 07:00:00","BZN|ES","Without sequence","116.93",""
"10/08/2024 07:00:00 - 10/08/2024 08:00:00","BZN|ES","Without sequence","117.89",""
"10/08/2024 08:00:00 - 10/08/2024 09:00:00","BZN|ES","Without sequence","113.3",""
"10/08/2024 09:00:00 - 10/08/2024 10:00:00","BZN|ES","Without sequence","68.99",""
"10/08/2024 10:00:00 - 10/08/2024 11:00:00","BZN|ES","Without sequence","12.55",""
"10/08/2024 11:00:00 - 10/08/2024 12:00:00","BZN|ES","Without sequence","0.44",""
"10/08/2024 12:00:00 - 10/08/2024 13:00:00","BZN|ES","Without sequence","0.44",""
"10/08/2024 13:00:00 - 10/08/2024 14:00:00","BZN|ES","Without sequence","1.9",""
"10/08/2024 14:00:00 - 10/08/2024 15:00:00","BZN|ES","Without sequence","2.4",""
"10/08/2024 15:00:00 - 10/08/2024 16:00:00","BZN|ES","Without sequence","0.45",""
"10/08/2024 16:00:00 - 10/08/2024 17:00:00","BZN|ES","Without sequence","0.45",""
"10/08/2024 17:00:00 - 10/08/2024 18:00:00","BZN|ES","Without sequence","3.32",""
"10/08/2024 18:00:00 - 10/08/2024 19:00:00","BZN|ES","Without sequence","50.0",""
"10/08/2024 19:00:00 - 10/08/2024 20:00:00","BZN|ES","Without sequence","81.67",""
"10/08/2024 20:00:00 - 10/08/2024 21:00:00","BZN|ES","Without sequence","115.43",""
"10/08/2024 21:00:00 - 10/08/2024 22:00:00","BZN|ES","Without sequence","127.57",""
"10/08/2024 22:00:00 - 10/08/2024 23:00:00","BZN|ES","Without sequence","124.29",""
"10/08/2024 23:00:00 - 11/08/2024 00:00:00","BZN|ES","Without sequence","112.82",""
"11/08/2024 00:00:00 - 11/08/2024 01:00:00","BZN|ES","Without sequence","119.2",""
"11/08/2024 01:00:00 - 11/08/2024 02:00:00","BZN|ES","Without sequence","116.7",""
"11/08/2024 02:00:00 - 11/08/2024 03:00:00","BZN|ES","Without sequence","105.0",""
"11/08/2024 03:00:00 - 11/08/2024 04:00:00","BZN|ES","Without sequence","109.74",""
"11/08/2024 04:00:00 - 11/08/2024 05:00:00","BZN|ES","Without sequence","108.11",""
"11/08/2024 05:00:00 - 11/08/2024 06:00:00","BZN|ES","Without sequence","110.0",""
"11/08/2024 06:00:00 - 11/08/2024 07:00:00","BZN|ES","Without sequence","113.2",""
"11/08/2024 07:00:00 - 11/08/2024 08:00:00","BZN|ES","Without sequence","110.0",""
"11/08/2024 08:00:00 - 11/08/2024 09:00:00","BZN|ES","Without sequence","94.5",""
"11/08/2024 09:00:00 - 11/08/2024 10:00:00","BZN|ES","Without sequence","50.0",""
"11/08/2024 10:00:00 - 11/08/2024 11:00:00","BZN|ES","Without sequence","0.0",""
"11/08/2024 11:00:00 - 11/08/2024 12:00:00","BZN|ES","Without sequence","0.0",""
"11/08/2024 12:00:00 - 11/08/2024 13:00:00","BZN|ES","Without sequence","0.0",""
"11/08/2024 13:00:00 - 11/08/2024 14:00:00","BZN|ES","Without sequence","0.0",""
"11/08/2024 14:00:00 - 11/08/2024 15:00:00","BZN|ES","Without sequence","0.0",""
"11/08/2024 15:00:00 - 11/08/2024 16:00:00","BZN|ES","Without sequence","0.0",""
"11/08/2024 16:00:00 - 11/08/2024 17:00:00","BZN|ES","Without sequence","0.0",""
"11/08/2024 17:00:00 - 11/08/2024 18:00:00","BZN|ES","Without sequence","4.12",""
"11/08/2024 18:00:00 - 11/08/2024 19:00:00","BZN|ES","Without sequence","36.42",""
"11/08/2024 19:00:00 - 11/08/2024 20:00:00","BZN|ES","Without sequence","80.54",""
"11/08/2024 20:00:00 - 11/08/2024 21:00:00","BZN|ES","Without sequence","116.34",""
"11/08/2024 21:00:00 - 11/08/2024 22:00:00","BZN|ES","Without sequence","128.58",""
"11/08/2024 22:00:00 - 11/08/2024 23:00:00","BZN|ES","Without sequence","136.29",""
"11/08/2024 23:00:00 - 12/08/2024 00:00:00","BZN|ES","Without sequence","122.6",""
"12/08/2024 00:00:00 - 12/08/2024 01:00:00","BZN|ES","Without sequence","114.7",""
"12/08/2024 01:00:00 - 12/08/2024 02:00:00","BZN|ES","Without sequence","107.0",""
"12/08/2024 02:00:00 - 12/08/2024 03:00:00","BZN|ES","Without sequence","104.0",""
"12/08/2024 03:00:00 - 12/08/2024 04:00:00","BZN|ES","Without sequence","110.0",""
"12/08/2024 04:00:00 - 12/08/2024 05:00:00","BZN|ES","Without sequence","110.1",""
"12/08/2024 05:00:00 - 12/08/2024 06:00:00","BZN|ES","Without sequence","119.26",""
"12/08/2024 06:00:00 - 12/08/2024 07:00:00","BZN|ES","Without sequence","120.34",""
"12/08/2024 07:00:00 - 12/08/2024 08:00:00","BZN|ES","Without sequence","128.22",""
"12/08/2024 08:00:00 - 12/08/2024 09:00:00","BZN|ES","Without sequence","120.82",""
"12/08/2024 09:00:00 - 12/08/2024 10:00:00","BZN|ES","Without sequence","116.45",""
"12/08/2024 10:00:00 - 12/08/2024 11:00:00","BZN|ES","Without sequence","97.5",""
"12/08/2024 11:00:00 - 12/08/2024 12:00:00","BZN|ES","Without sequence","83.18",""
"12/08/2024 12:00:00 - 12/08/2024 13:00:00","BZN|ES","Without sequence","81.99",""
"12/08/2024 13:00:00 - 12/08/2024 14:00:00","BZN|ES","Without sequence","82.0",""
"12/08/2024 14:00:00 - 12/08/2024 15:00:00","BZN|ES","Without sequence","81.8",""
"12/08/2024 15:00:00 - 12/08/2024 16:00:00","BZN|ES","Without sequence","81.28",""
"12/08/2024 16:00:00 - 12/08/2024 17:00:00","BZN|ES","Without sequence","80.1",""
"12/08/2024 17:00:00 - 12/08/2024 18:00:00","BZN|ES","Without sequence","82.1",""
"12/08/2024 18:00:00 - 12/08/2024 19:00:00","BZN|ES","Without sequence","90.57",""
"12/08/2024 19:00:00 - 12/08/2024 20:00:00","BZN|ES","Without sequence","117.15",""
"12/08/2024 20:00:00 - 12/08/2024 21:00:00","BZN|ES","Without sequence","124.95",""
"12/08/2024 21:00:00 - 12/08/2024 22:00:00","BZN|ES","Without sequence","136.13",""
"12/08/2024 22:00:00 - 12/08/2024 23:00:00","BZN|ES","Without sequence","128.72",""
"12/08/2024 23:00:00 - 13/08/2024 00:00:00","BZN|ES","Without sequence","121.06",""
"13/08/2024 00:00:00 - 13/08/2024 01:00:00","BZN|ES","Without sequence","116.1",""
"13/08/2024 01:00:00 - 13/08/2024 02:00:00","BZN|ES","Without sequence","115.0",""
"13/08/2024 02:00:00 - 13/08/2024 03:00:00","BZN|ES","Without sequence","110.0",""
"13/08/2024 03:00:00 - 13/08/2024 04:00:00","BZN|ES","Without sequence","115.92",""
"13/08/2024 04:00:00 - 13/08/2024 05:00:00","BZN|ES","Without sequence","113.2",""
"13/08/2024 05:00:00 - 13/08/2024 06:00:00","BZN|ES","Without sequence","110.0",""
"13/08/2024 06:00:00 - 13/08/2024 07:00:00","BZN|ES","Without sequence","116.1",""
"13/08/2024 07:00:00 - 13/08/2024 08:00:00","BZN|ES","Without sequence","125.5",""
"13/08/2024 08:00:00 - 13/08/2024 09:00:00","BZN|ES","Without sequence","117.89",""
"13/08/2024 09:00:00 - 13/08/2024 10:00:00","BZN|ES","Without sequence","104.88",""
"13/08/2024 10:00:00 - 13/08/2024 11:00:00","BZN|ES","Without sequence","106.51",""
"13/08/2024 11:00:00 - 13/08/2024 12:00:00","BZN|ES","Without sequence","96.0",""
"13/08/2024 12:00:00 - 13/08/2024 13:00:00","BZN|ES","Without sequence","90.0",""
"13/08/2024 13:00:00 - 13/08/2024 14:00:00","BZN|ES","Without sequence","88.0",""
"13/08/2024 14:00:00 - 13/08/2024 15:00:00","BZN|ES","Without sequence","85.0",""
"13/08/2024 15:00:00 - 13/08/2024 16:00:00","BZN|ES","Without sequence","81.39",""
"13/08/2024 16:00:00 - 13/08/2024 17:00:00","BZN|ES","Without sequence","80.05",""
"13/08/2024 17:00:00 - 13/08/2024 18:00:00","BZN|ES","Without sequence","84.5",""
"13/08/2024 18:00:00 - 13/08/2024 19:00:00","BZN|ES","Without sequence","96.02",""
"13/08/2024 19:00:00 - 13/08/2024 20:00:00","BZN|ES","Without sequence","101.51",""
"13/08/2024 20:00:00 - 13/08/2024 21:00:00","BZN|ES","Without sequence","118.71",""
"13/08/2024 21:00:00 - 13/08/2024 22:00:00","BZN|ES","Without sequence","130.48",""
"13/08/2024 22:00:00 - 13/08/2024 23:00:00","BZN|ES","Without sequence","129.2",""
"13/08/2024 23:00:00 - 14/08/2024 00:00:00","BZN|ES","Without sequence","120.96",""
"14/08/2024 00:00:00 - 14/08/2024 01:00:00","BZN|ES","Without sequence","115.02",""
"14/08/2024 01:00:00 - 14/08/2024 02:00:00","BZN|ES","Without sequence","108.64",""
"14/08/2024 02:00:00 - 14/08/2024 03:00:00","BZN|ES","Without sequence","104.63",""
"14/08/2024 03:00:00 - 14/08/2024 04:00:00","BZN|ES","Without sequence","105.25",""
"14/08/2024 04:00:00 - 14/08/2024 05:00:00","BZN|ES","Without sequence","93.63",""
"14/08/2024 05:00:00 - 14/08/2024 06:00:00","BZN|ES","Without sequence","94.37",""
"14/08/2024 06:00:00 - 14/08/2024 07:00:00","BZN|ES","Without sequence","99.45",""
"14/08/2024 07:00:00 - 14/08/2024 08:00:00","BZN|ES","Without sequence","113.3",""
"14/08/2024 08:00:00 - 14/08/2024 09:00:00","BZN|ES","Without sequence","109.87",""
"14/08/2024 09:00:00 - 14/08/2024 10:00:00","BZN|ES","Without sequence","90.0",""
"14/08/2024 10:00:00 - 14/08/2024 11:00:00","BZN|ES","Without sequence","75.0",""
"14/08/2024 11:00:00 - 14/08/2024 12:00:00","BZN|ES","Without sequence","64.88",""
"14/08/2024 12:00:00 - 14/08/2024 13:00:00","BZN|ES","Without sequence","64.55",""
"14/08/2024 13:00:00 - 14/08/2024 14:00:00","BZN|ES","Without sequence","64.99",""
"14/08/2024 14:00:00 - 14/08/2024 15:00:00","BZN|ES","Without sequence","64.88",""
"14/08/2024 15:00:00 - 14/08/2024 16:00:00","BZN|ES","Without sequence","63.37",""
"14/08/2024 16:00:00 - 14/08/2024 17:00:00","BZN|ES","Without sequence","60.0",""
"14/08/2024 17:00:00 - 14/08/2024 18:00:00","BZN|ES","Without sequence","63.91",""
"14/08/2024 18:00:00 - 14/08/2024 19:00:00","BZN|ES","Without sequence","69.99",""
"14/08/2024 19:00:00 - 14/08/2024 20:00:00","BZN|ES","Without sequence","85.53",""
"14/08/2024 20:00:00 - 14/08/2024 21:00:00","BZN|ES","Without sequence","109.02",""
"14/08/2024 21:00:00 - 14/08/2024 22:00:00","BZN|ES","Without sequence","114.26",""
"14/08/2024 22:00:00 - 14/08/2024 23:00:00","BZN|ES","Without sequence","108.54",""
"14/08/2024 23:00:00 - 15/08/2024 00:00:00","BZN|ES","Without sequence","94.18",""
"15/08/2024 00:00:00 - 15/08/2024 01:00:00","BZN|ES","Without sequence","74.23",""
"15/08/2024 01:00:00 - 15/08/2024 02:00:00","BZN|ES","Without sequence","61.77",""
"15/08/2024 02:00:00 - 15/08/2024 03:00:00","BZN|ES","Without sequence","61.77",""
"15/08/2024 03:00:00 - 15/08/2024 04:00:00","BZN|ES","Without sequence","61.28",""
"15/08/2024 04:00:00 - 15/08/2024 05:00:00","BZN|ES","Without sequence","61.28",""
"15/08/2024 05:00:00 - 15/08/2024 06:00:00","BZN|ES","Without sequence","61.28",""
"15/08/2024 06:00:00 - 15/08/2024 07:00:00","BZN|ES","Without sequence","61.41",""
"15/08/2024 07:00:00 - 15/08/2024 08:00:00","BZN|ES","Without sequence","61.67",""
"15/08/2024 08:00:00 - 15/08/2024 09:00:00","BZN|ES","Without sequence","49.65",""
"15/08/2024 09:00:00 - 15/08/2024 10:00:00","BZN|ES","Without sequence","3.6",""
"15/08/2024 10:00:00 - 15/08/2024 11:00:00","BZN|ES","Without sequence","0.0",""
"15/08/2024 11:00:00 - 15/08/2024 12:00:00","BZN|ES","Without sequence","0.0",""
"15/08/2024 12:00:00 - 15/08/2024 13:00:00","BZN|ES","Without sequence","0.0",""
"15/08/2024 13:00:00 - 15/08/2024 14:00:00","BZN|ES","Without sequence","0.0",""
"15/08/2024 14:00:00 - 15/08/2024 15:00:00","BZN|ES","Without sequence","0.0",""
"15/08/2024 15:00:00 - 15/08/2024 16:00:00","BZN|ES","Without sequence","0.0",""
"15/08/2024 16:00:00 - 15/08/2024 17:00:00","BZN|ES","Without sequence","0.0",""
"15/08/2024 17:00:00 - 15/08/2024 18:00:00","BZN|ES","Without sequence","1.53",""
"15/08/2024 18:00:00 - 15/08/2024 19:00:00","BZN|ES","Without sequence","15.98",""
"15/08/2024 19:00:00 - 15/08/2024 20:00:00","BZN|ES","Without sequence","62.0",""
"15/08/2024 20:00:00 - 15/08/2024 21:00:00","BZN|ES","Without sequence","97.64",""
"15/08/2024 21:00:00 - 15/08/2024 22:00:00","BZN|ES","Without sequence","117.13",""
"15/08/2024 22:00:00 - 15/08/2024 23:00:00","BZN|ES","Without sequence","112.45",""
"15/08/2024 23:00:00 - 16/08/2024 00:00:00","BZN|ES","Without sequence","98.3",""
"16/08/2024 00:00:00 - 16/08/2024 01:00:00","BZN|ES","Without sequence","106.09",""
"16/08/2024 01:00:00 - 16/08/2024 02:00:00","BZN|ES","Without sequence","104.44",""
"16/08/2024 02:00:00 - 16/08/2024 03:00:00","BZN|ES","Without sequence","90.0",""
"16/08/2024 03:00:00 - 16/08/2024 04:00:00","BZN|ES","Without sequence","88.33",""
"16/08/2024 04:00:00 - 16/08/2024 05:00:00","BZN|ES","Without sequence","103.27",""
"16/08/2024 05:00:00 - 16/08/2024 06:00:00","BZN|ES","Without sequence","104.71",""
"16/08/2024 06:00:00 - 16/08/2024 07:00:00","BZN|ES","Without sequence","105.61",""
"16/08/2024 07:00:00 - 16/08/2024 08:00:00","BZN|ES","Without sequence","114.02",""
"16/08/2024 08:00:00 - 16/08/2024 09:00:00","BZN|ES","Without sequence","100.57",""
"16/08/2024 09:00:00 - 16/08/2024 10:00:00","BZN|ES","Without sequence","70.0",""
"16/08/2024 10:00:00 - 16/08/2024 11:00:00","BZN|ES","Without sequence","63.87",""
"16/08/2024 11:00:00 - 16/08/2024 12:00:00","BZN|ES","Without sequence","63.37",""
"16/08/2024 12:00:00 - 16/08/2024 13:00:00","BZN|ES","Without sequence","59.22",""
"16/08/2024 13:00:00 - 16/08/2024 14:00:00","BZN|ES","Without sequence","53.93",""
"16/08/2024 14:00:00 - 16/08/2024 15:00:00","BZN|ES","Without sequence","50.72",""
"16/08/2024 15:00:00 - 16/08/2024 16:00:00","BZN|ES","Without sequence","56.27",""
"16/08/2024 16:00:00 - 16/08/2024 17:00:00","BZN|ES","Without sequence","62.17",""
"16/08/2024 17:00:00 - 16/08/2024 18:00:00","BZN|ES","Without sequence","63.37",""
"16/08/2024 18:00:00 - 16/08/2024 19:00:00","BZN|ES","Without sequence","65.4",""
"16/08/2024 19:00:00 - 16/08/2024 20:00:00","BZN|ES","Without sequence","103.52",""
"16/08/2024 20:00:00 - 16/08/2024 21:00:00","BZN|ES","Without sequence","118.92",""
"16/08/2024 21:00:00 - 16/08/2024 22:00:00","BZN|ES","Without sequence","129.78",""
"16/08/2024 22:00:00 - 16/08/2024 23:00:00","BZN|ES","Without sequence","123.72",""
"16/08/2024 23:00:00 - 17/08/2024 00:00:00","BZN|ES","Without sequence","116.16",""
"17/08/2024 00:00:00 - 17/08/2024 01:00:00","BZN|ES","Without sequence","114.02",""
"17/08/2024 01:00:00 - 17/08/2024 02:00:00","BZN|ES","Without sequence","112.94",""
"17/08/2024 02:00:00 - 17/08/2024 03:00:00","BZN|ES","Without sequence","113.37",""
"17/08/2024 03:00:00 - 17/08/2024 04:00:00","BZN|ES","Without sequence","110.68",""
"17/08/2024 04:00:00 - 17/08/2024 05:00:00","BZN|ES","Without sequence","105.5",""
"17/08/2024 05:00:00 - 17/08/2024 06:00:00","BZN|ES","Without sequence","101.5",""
"17/08/2024 06:00:00 - 17/08/2024 07:00:00","BZN|ES","Without sequence","100.64",""
"17/08/2024 07:00:00 - 17/08/2024 08:00:00","BZN|ES","Without sequence","101.1",""
"17/08/2024 08:00:00 - 17/08/2024 09:00:00","BZN|ES","Without sequence","90.0",""
"17/08/2024 09:00:00 - 17/08/2024 10:00:00","BZN|ES","Without sequence","71.74",""
"17/08/2024 10:00:00 - 17/08/2024 11:00:00","BZN|ES","Without sequence","68.01",""
"17/08/2024 11:00:00 - 17/08/2024 12:00:00","BZN|ES","Without sequence","52.66",""
"17/08/2024 12:00:00 - 17/08/2024 13:00:00","BZN|ES","Without sequence","43.31",""
"17/08/2024 13:00:00 - 17/08/2024 14:00:00","BZN|ES","Without sequence","37.37",""
"17/08/2024 14:00:00 - 17/08/2024 15:00:00","BZN|ES","Without sequence","34.72",""
"17/08/2024 15:00:00 - 17/08/2024 16:00:00","BZN|ES","Without sequence","37.57",""
"17/08/2024 16:00:00 - 17/08/2024 17:00:00","BZN|ES","Without sequence","47.81",""
"17/08/2024 17:00:00 - 17/08/2024 18:00:00","BZN|ES","Without sequence","56.1",""
"17/08/2024 18:00:00 - 17/08/2024 19:00:00","BZN|ES","Without sequence","68.54",""
"17/08/2024 19:00:00 - 17/08/2024 20:00:00","BZN|ES","Without sequence","87.41",""
"17/08/2024 20:00:00 - 17/08/2024 21:00:00","BZN|ES","Without sequence","103.92",""
"17/08/2024 21:00:00 - 17/08/2024 22:00:00","BZN|ES","Without sequence","120.0",""
"17/08/2024 22:00:00 - 17/08/2024 23:00:00","BZN|ES","Without sequence","113.2",""
"17/08/2024 23:00:00 - 18/08/2024 00:00:00","BZN|ES","Without sequence","105.02",""
"18/08/2024 00:00:00 - 18/08/2024 01:00:00","BZN|ES","Without sequence","119.5",""
"18/08/2024 01:00:00 - 18/08/2024 02:00:00","BZN|ES","Without sequence","111.62",""
"18/08/2024 02:00:00 - 18/08/2024 03:00:00","BZN|ES","Without sequence","103.9",""
"18/08/2024 03:00:00 - 18/08/2024 04:00:00","BZN|ES","Without sequence","93.38",""
"18/08/2024 04:00:00 - 18/08/2024 05:00:00","BZN|ES","Without sequence","85.0",""
"18/08/2024 05:00:00 - 18/08/2024 06:00:00","BZN|ES","Without sequence","84.5",""
"18/08/2024 06:00:00 - 18/08/2024 07:00:00","BZN|ES","Without sequence","79.44",""
"18/08/2024 07:00:00 - 18/08/2024 08:00:00","BZN|ES","Without sequence","76.23",""
"18/08/2024 08:00:00 - 18/08/2024 09:00:00","BZN|ES","Without sequence","63.1",""
"18/08/2024 09:00:00 - 18/08/2024 10:00:00","BZN|ES","Without sequence","40.71",""
"18/08/2024 10:00:00 - 18/08/2024 11:00:00","BZN|ES","Without sequence","0.44",""
"18/08/2024 11:00:00 - 18/08/2024 12:00:00","BZN|ES","Without sequence","0.0",""
"18/08/2024 12:00:00 - 18/08/2024 13:00:00","BZN|ES","Without sequence","0.0",""
"18/08/2024 13:00:00 - 18/08/2024 14:00:00","BZN|ES","Without sequence","0.0",""
"18/08/2024 14:00:00 - 18/08/2024 15:00:00","BZN|ES","Without sequence","0.0",""
"18/08/2024 15:00:00 - 18/08/2024 16:00:00","BZN|ES","Without sequence","0.0",""
"18/08/2024 16:00:00 - 18/08/2024 17:00:00","BZN|ES","Without sequence","0.0",""
"18/08/2024 17:00:00 - 18/08/2024 18:00:00","BZN|ES","Without sequence","0.0",""
"18/08/2024 18:00:00 - 18/08/2024 19:00:00","BZN|ES","Without sequence","3.32",""
"18/08/2024 19:00:00 - 18/08/2024 20:00:00","BZN|ES","Without sequence","61.99",""
"18/08/2024 20:00:00 - 18/08/2024 21:00:00","BZN|ES","Without sequence","89.5",""
"18/08/2024 21:00:00 - 18/08/2024 22:00:00","BZN|ES","Without sequence","110.34",""
"18/08/2024 22:00:00 - 18/08/2024 23:00:00","BZN|ES","Without sequence","111.64",""
"18/08/2024 23:00:00 - 19/08/2024 00:00:00","BZN|ES","Without sequence","99.69",""
"19/08/2024 00:00:00 - 19/08/2024 01:00:00","BZN|ES","Without sequence","91.7",""
"19/08/2024 01:00:00 - 19/08/2024 02:00:00","BZN|ES","Without sequence","76.6",""
"19/08/2024 02:00:00 - 19/08/2024 03:00:00","BZN|ES","Without sequence","74.8",""
"19/08/2024 03:00:00 - 19/08/2024 04:00:00","BZN|ES","Without sequence","75.92",""
"19/08/2024 04:00:00 - 19/08/2024 05:00:00","BZN|ES","Without sequence","75.65",""
"19/08/2024 05:00:00 - 19/08/2024 06:00:00","BZN|ES","Without sequence","79.97",""
"19/08/2024 06:00:00 - 19/08/2024 07:00:00","BZN|ES","Without sequence","85.1",""
"19/08/2024 07:00:00 - 19/08/2024 08:00:00","BZN|ES","Without sequence","116.02",""
"19/08/2024 08:00:00 - 19/08/2024 09:00:00","BZN|ES","Without sequence","116.92",""
"19/08/2024 09:00:00 - 19/08/2024 10:00:00","BZN|ES","Without sequence","112.58",""
"19/08/2024 10:00:00 - 19/08/2024 11:00:00","BZN|ES","Without sequence","82.35",""
"19/08/2024 11:00:00 - 19/08/2024 12:00:00","BZN|ES","Without sequence","74.28",""
"19/08/2024 12:00:00 - 19/08/2024 13:00:00","BZN|ES","Without sequence","70.0",""
"19/08/2024 13:00:00 - 19/08/2024 14:00:00","BZN|ES","Without sequence","69.0",""
"19/08/2024 14:00:00 - 19/08/2024 15:00:00","BZN|ES","Without sequence","69.0",""
"19/08/2024 15:00:00 - 19/08/2024 16:00:00","BZN|ES","Without sequence","67.1",""
"19/08/2024 16:00:00 - 19/08/2024 17:00:00","BZN|ES","Without sequence","70.0",""
"19/08/2024 17:00:00 - 19/08/2024 18:00:00","BZN|ES","Without sequence","79.44",""
"19/08/2024 18:00:00 - 19/08/2024 19:00:00","BZN|ES","Without sequence","103.0",""
"19/08/2024 19:00:00 - 19/08/2024 20:00:00","BZN|ES","Without sequence","116.26",""
"19/08/2024 20:00:00 - 19/08/2024 21:00:00","BZN|ES","Without sequence","129.72",""
"19/08/2024 21:00:00 - 19/08/2024 22:00:00","BZN|ES","Without sequence","157.48",""
"19/08/2024 22:00:00 - 19/08/2024 23:00:00","BZN|ES","Without sequence","131.3",""
"19/08/2024 23:00:00 - 20/08/2024 00:00:00","BZN|ES","Without sequence","125.0",""
"20/08/2024 00:00:00 - 20/08/2024 01:00:00","BZN|ES","Without sequence","119.81",""
"20/08/2024 01:00:00 - 20/08/2024 02:00:00","BZN|ES","Without sequence","113.2",""
"20/08/2024 02:00:00 - 20/08/2024 03:00:00","BZN|ES","Without sequence","119.88",""
"20/08/2024 03:00:00 - 20/08/2024 04:00:00","BZN|ES","Without sequence","117.78",""
"20/08/2024 04:00:00 - 20/08/2024 05:00:00","BZN|ES","Without sequence","117.08",""
"20/08/2024 05:00:00 - 20/08/2024 06:00:00","BZN|ES","Without sequence","115.0",""
"20/08/2024 06:00:00 - 20/08/2024 07:00:00","BZN|ES","Without sequence","120.78",""
"20/08/2024 07:00:00 - 20/08/2024 08:00:00","BZN|ES","Without sequence","125.08",""
"20/08/2024 08:00:00 - 20/08/2024 09:00:00","BZN|ES","Without sequence","120.78",""
"20/08/2024 09:00:00 - 20/08/2024 10:00:00","BZN|ES","Without sequence","96.76",""
"20/08/2024 10:00:00 - 20/08/2024 11:00:00","BZN|ES","Without sequence","71.5",""
"20/08/2024 11:00:00 - 20/08/2024 12:00:00","BZN|ES","Without sequence","63.37",""
"20/08/2024 12:00:00 - 20/08/2024 13:00:00","BZN|ES","Without sequence","65.16",""
"20/08/2024 13:00:00 - 20/08/2024 14:00:00","BZN|ES","Without sequence","68.14",""
"20/08/2024 14:00:00 - 20/08/2024 15:00:00","BZN|ES","Without sequence","65.16",""
"20/08/2024 15:00:00 - 20/08/2024 16:00:00","BZN|ES","Without sequence","63.1",""
"20/08/2024 16:00:00 - 20/08/2024 17:00:00","BZN|ES","Without sequence","60.0",""
"20/08/2024 17:00:00 - 20/08/2024 18:00:00","BZN|ES","Without sequence","61.99",""
"20/08/2024 18:00:00 - 20/08/2024 19:00:00","BZN|ES","Without sequence","63.37",""
"20/08/2024 19:00:00 - 20/08/2024 20:00:00","BZN|ES","Without sequence","95.0",""
"20/08/2024 20:00:00 - 20/08/2024 21:00:00","BZN|ES","Without sequence","110.0",""
"20/08/2024 21:00:00 - 20/08/2024 22:00:00","BZN|ES","Without sequence","121.5",""
"20/08/2024 22:00:00 - 20/08/2024 23:00:00","BZN|ES","Without sequence","113.86",""
"20/08/2024 23:00:00 - 21/08/2024 00:00:00","BZN|ES","Without sequence","106.64",""
"21/08/2024 00:00:00 - 21/08/2024 01:00:00","BZN|ES","Without sequence","105.29",""
"21/08/2024 01:00:00 - 21/08/2024 02:00:00","BZN|ES","Without sequence","82.8",""
"21/08/2024 02:00:00 - 21/08/2024 03:00:00","BZN|ES","Without sequence","80.18",""
"21/08/2024 03:00:00 - 21/08/2024 04:00:00","BZN|ES","Without sequence","65.16",""
"21/08/2024 04:00:00 - 21/08/2024 05:00:00","BZN|ES","Without sequence","60.0",""
"21/08/2024 05:00:00 - 21/08/2024 06:00:00","BZN|ES","Without sequence","65.16",""
"21/08/2024 06:00:00 - 21/08/2024 07:00:00","BZN|ES","Without sequence","82.28",""
"21/08/2024 07:00:00 - 21/08/2024 08:00:00","BZN|ES","Without sequence","104.76",""
"21/08/2024 08:00:00 - 21/08/2024 09:00:00","BZN|ES","Without sequence","89.16",""
"21/08/2024 09:00:00 - 21/08/2024 10:00:00","BZN|ES","Without sequence","57.27",""
"21/08/2024 10:00:00 - 21/08/2024 11:00:00","BZN|ES","Without sequence","8.0",""
"21/08/2024 11:00:00 - 21/08/2024 12:00:00","BZN|ES","Without sequence","5.22",""
"21/08/2024 12:00:00 - 21/08/2024 13:00:00","BZN|ES","Without sequence","7.48",""
"21/08/2024 13:00:00 - 21/08/2024 14:00:00","BZN|ES","Without sequence","40.0",""
"21/08/2024 14:00:00 - 21/08/2024 15:00:00","BZN|ES","Without sequence","53.1",""
"21/08/2024 15:00:00 - 21/08/2024 16:00:00","BZN|ES","Without sequence","60.5",""
"21/08/2024 16:00:00 - 21/08/2024 17:00:00","BZN|ES","Without sequence","65.33",""
"21/08/2024 17:00:00 - 21/08/2024 18:00:00","BZN|ES","Without sequence","80.39",""
"21/08/2024 18:00:00 - 21/08/2024 19:00:00","BZN|ES","Without sequence","98.27",""
"21/08/2024 19:00:00 - 21/08/2024 20:00:00","BZN|ES","Without sequence","111.8",""
"21/08/2024 20:00:00 - 21/08/2024 21:00:00","BZN|ES","Without sequence","129.2",""
"21/08/2024 21:00:00 - 21/08/2024 22:00:00","BZN|ES","Without sequence","165.01",""
"21/08/2024 22:00:00 - 21/08/2024 23:00:00","BZN|ES","Without sequence","150.34",""
"21/08/2024 23:00:00 - 22/08/2024 00:00:00","BZN|ES","Without sequence","130.7",""
"22/08/2024 00:00:00 - 22/08/2024 01:00:00","BZN|ES","Without sequence","120.3",""
"22/08/2024 01:00:00 - 22/08/2024 02:00:00","BZN|ES","Without sequence","115.71",""
"22/08/2024 02:00:00 - 22/08/2024 03:00:00","BZN|ES","Without sequence","118.85",""
"22/08/2024 03:00:00 - 22/08/2024 04:00:00","BZN|ES","Without sequence","118.89",""
"22/08/2024 04:00:00 - 22/08/2024 05:00:00","BZN|ES","Without sequence","118.85",""
"22/08/2024 05:00:00 - 22/08/2024 06:00:00","BZN|ES","Without sequence","118.85",""
"22/08/2024 06:00:00 - 22/08/2024 07:00:00","BZN|ES","Without sequence","121.02",""
"22/08/2024 07:00:00 - 22/08/2024 08:00:00","BZN|ES","Without sequence","126.71",""
"22/08/2024 08:00:00 - 22/08/2024 09:00:00","BZN|ES","Without sequence","121.02",""
"22/08/2024 09:00:00 - 22/08/2024 10:00:00","BZN|ES","Without sequence","117.49",""
"22/08/2024 10:00:00 - 22/08/2024 11:00:00","BZN|ES","Without sequence","103.77",""
"22/08/2024 11:00:00 - 22/08/2024 12:00:00","BZN|ES","Without sequence","82.41",""
"22/08/2024 12:00:00 - 22/08/2024 13:00:00","BZN|ES","Without sequence","81.25",""
"22/08/2024 13:00:00 - 22/08/2024 14:00:00","BZN|ES","Without sequence","82.28",""
"22/08/2024 14:00:00 - 22/08/2024 15:00:00","BZN|ES","Without sequence","80.99",""
"22/08/2024 15:00:00 - 22/08/2024 16:00:00","BZN|ES","Without sequence","78.39",""
"22/08/2024 16:00:00 - 22/08/2024 17:00:00","BZN|ES","Without sequence","78.18",""
"22/08/2024 17:00:00 - 22/08/2024 18:00:00","BZN|ES","Without sequence","80.99",""
"22/08/2024 18:00:00 - 22/08/2024 19:00:00","BZN|ES","Without sequence","86.31",""
"22/08/2024 19:00:00 - 22/08/2024 20:00:00","BZN|ES","Without sequence","117.49",""
"22/08/2024 20:00:00 - 22/08/2024 21:00:00","BZN|ES","Without sequence","131.99",""
"22/08/2024 21:00:00 - 22/08/2024 22:00:00","BZN|ES","Without sequence","164.5",""
"22/08/2024 22:00:00 - 22/08/2024 23:00:00","BZN|ES","Without sequence","137.79",""
"22/08/2024 23:00:00 - 23/08/2024 00:00:00","BZN|ES","Without sequence","121.5",""
"23/08/2024 00:00:00 - 23/08/2024 01:00:00","BZN|ES","Without sequence","115.85",""
"23/08/2024 01:00:00 - 23/08/2024 02:00:00","BZN|ES","Without sequence","113.49",""
"23/08/2024 02:00:00 - 23/08/2024 03:00:00","BZN|ES","Without sequence","109.21",""
"23/08/2024 03:00:00 - 23/08/2024 04:00:00","BZN|ES","Without sequence","116.69",""
"23/08/2024 04:00:00 - 23/08/2024 05:00:00","BZN|ES","Without sequence","116.69",""
"23/08/2024 05:00:00 - 23/08/2024 06:00:00","BZN|ES","Without sequence","115.85",""
"23/08/2024 06:00:00 - 23/08/2024 07:00:00","BZN|ES","Without sequence","117.27",""
"23/08/2024 07:00:00 - 23/08/2024 08:00:00","BZN|ES","Without sequence","124.9",""
"23/08/2024 08:00:00 - 23/08/2024 09:00:00","BZN|ES","Without sequence","119.39",""
"23/08/2024 09:00:00 - 23/08/2024 10:00:00","BZN|ES","Without sequence","116.69",""
"23/08/2024 10:00:00 - 23/08/2024 11:00:00","BZN|ES","Without sequence","104.92",""
"23/08/2024 11:00:00 - 23/08/2024 12:00:00","BZN|ES","Without sequence","82.36",""
"23/08/2024 12:00:00 - 23/08/2024 13:00:00","BZN|ES","Without sequence","81.87",""
"23/08/2024 13:00:00 - 23/08/2024 14:00:00","BZN|ES","Without sequence","82.36",""
"23/08/2024 14:00:00 - 23/08/2024 15:00:00","BZN|ES","Without sequence","81.74",""
"23/08/2024 15:00:00 - 23/08/2024 16:00:00","BZN|ES","Without sequence","77.0",""
"23/08/2024 16:00:00 - 23/08/2024 17:00:00","BZN|ES","Without sequence","77.95",""
"23/08/2024 17:00:00 - 23/08/2024 18:00:00","BZN|ES","Without sequence","82.15",""
"23/08/2024 18:00:00 - 23/08/2024 19:00:00","BZN|ES","Without sequence","104.76",""
"23/08/2024 19:00:00 - 23/08/2024 20:00:00","BZN|ES","Without sequence","116.57",""
"23/08/2024 20:00:00 - 23/08/2024 21:00:00","BZN|ES","Without sequence","124.9",""
"23/08/2024 21:00:00 - 23/08/2024 22:00:00","BZN|ES","Without sequence","141.2",""
"23/08/2024 22:00:00 - 23/08/2024 23:00:00","BZN|ES","Without sequence","125.99",""
"23/08/2024 23:00:00 - 24/08/2024 00:00:00","BZN|ES","Without sequence","120.29",""
"24/08/2024 00:00:00 - 24/08/2024 01:00:00","BZN|ES","Without sequence","115.23",""
"24/08/2024 01:00:00 - 24/08/2024 02:00:00","BZN|ES","Without sequence","113.92",""
"24/08/2024 02:00:00 - 24/08/2024 03:00:00","BZN|ES","Without sequence","104.92",""
"24/08/2024 03:00:00 - 24/08/2024 04:00:00","BZN|ES","Without sequence","109.02",""
"24/08/2024 04:00:00 - 24/08/2024 05:00:00","BZN|ES","Without sequence","98.75",""
"24/08/2024 05:00:00 - 24/08/2024 06:00:00","BZN|ES","Without sequence","98.0",""
"24/08/2024 06:00:00 - 24/08/2024 07:00:00","BZN|ES","Without sequence","103.42",""
"24/08/2024 07:00:00 - 24/08/2024 08:00:00","BZN|ES","Without sequence","105.91",""
"24/08/2024 08:00:00 - 24/08/2024 09:00:00","BZN|ES","Without sequence","82.9",""
"24/08/2024 09:00:00 - 24/08/2024 10:00:00","BZN|ES","Without sequence","15.0",""
"24/08/2024 10:00:00 - 24/08/2024 11:00:00","BZN|ES","Without sequence","0.01",""
"24/08/2024 11:00:00 - 24/08/2024 12:00:00","BZN|ES","Without sequence","0.0",""
"24/08/2024 12:00:00 - 24/08/2024 13:00:00","BZN|ES","Without sequence","0.0",""
"24/08/2024 13:00:00 - 24/08/2024 14:00:00","BZN|ES","Without sequence","0.0",""
"24/08/2024 14:00:00 - 24/08/2024 15:00:00","BZN|ES","Without sequence","0.0",""
"24/08/2024 15:00:00 - 24/08/2024 16:00:00","BZN|ES","Without sequence","0.0",""
"24/08/2024 16:00:00 - 24/08/2024 17:00:00","BZN|ES","Without sequence","0.0",""
"24/08/2024 17:00:00 - 24/08/2024 18:00:00","BZN|ES","Without sequence","3.32",""
"24/08/2024 18:00:00 - 24/08/2024 19:00:00","BZN|ES","Without sequence","16.77",""
"24/08/2024 19:00:00 - 24/08/2024 20:00:00","BZN|ES","Without sequence","71.41",""
"24/08/2024 20:00:00 - 24/08/2024 21:00:00","BZN|ES","Without sequence","103.42",""
"24/08/2024 21:00:00 - 24/08/2024 22:00:00","BZN|ES","Without sequence","116.62",""
"24/08/2024 22:00:00 - 24/08/2024 23:00:00","BZN|ES","Without sequence","98.75",""
"24/08/2024 23:00:00 - 25/08/2024 00:00:00","BZN|ES","Without sequence","90.41",""
"25/08/2024 00:00:00 - 25/08/2024 01:00:00","BZN|ES","Without sequence","70.0",""
"25/08/2024 01:00:00 - 25/08/2024 02:00:00","BZN|ES","Without sequence","56.44",""
"25/08/2024 02:00:00 - 25/08/2024 03:00:00","BZN|ES","Without sequence","50.0",""
"25/08/2024 03:00:00 - 25/08/2024 04:00:00","BZN|ES","Without sequence","42.02",""
"25/08/2024 04:00:00 - 25/08/2024 05:00:00","BZN|ES","Without sequence","8.0",""
"25/08/2024 05:00:00 - 25/08/2024 06:00:00","BZN|ES","Without sequence","6.99",""
"25/08/2024 06:00:00 - 25/08/2024 07:00:00","BZN|ES","Without sequence","14.0",""
"25/08/2024 07:00:00 - 25/08/2024 08:00:00","BZN|ES","Without sequence","14.0",""
"25/08/2024 08:00:00 - 25/08/2024 09:00:00","BZN|ES","Without sequence","3.32",""
"25/08/2024 09:00:00 - 25/08/2024 10:00:00","BZN|ES","Without sequence","0.0",""
"25/08/2024 10:00:00 - 25/08/2024 11:00:00","BZN|ES","Without sequence","-0.72",""
"25/08/2024 11:00:00 - 25/08/2024 12:00:00","BZN|ES","Without sequence","-0.95",""
"25/08/2024 12:00:00 - 25/08/2024 13:00:00","BZN|ES","Without sequence","-0.66",""
"25/08/2024 13:00:00 - 25/08/2024 14:00:00","BZN|ES","Without sequence","-0.01",""
"25/08/2024 14:00:00 - 25/08/2024 15:00:00","BZN|ES","Without sequence","0.0",""
"25/08/2024 15:00:00 - 25/08/2024 16:00:00","BZN|ES","Without sequence","0.0",""
"25/08/2024 16:00:00 - 25/08/2024 17:00:00","BZN|ES","Without sequence","0.0",""
"25/08/2024 17:00:00 - 25/08/2024 18:00:00","BZN|ES","Without sequence","0.44",""
"25/08/2024 18:00:00 - 25/08/2024 19:00:00","BZN|ES","Without sequence","14.2",""
"25/08/2024 19:00:00 - 25/08/2024 20:00:00","BZN|ES","Without sequence","71.41",""
"25/08/2024 20:00:00 - 25/08/2024 21:00:00","BZN|ES","Without sequence","94.02",""
"25/08/2024 21:00:00 - 25/08/2024 22:00:00","BZN|ES","Without sequence","109.91",""
"25/08/2024 22:00:00 - 25/08/2024 23:00:00","BZN|ES","Without sequence","102.88",""
"25/08/2024 23:00:00 - 26/08/2024 00:00:00","BZN|ES","Without sequence","93.53",""
"26/08/2024 00:00:00 - 26/08/2024 01:00:00","BZN|ES","Without sequence","97.14",""
"26/08/2024 01:00:00 - 26/08/2024 02:00:00","BZN|ES","Without sequence","85.23",""
"26/08/2024 02:00:00 - 26/08/2024 03:00:00","BZN|ES","Without sequence","75.0",""
"26/08/2024 03:00:00 - 26/08/2024 04:00:00","BZN|ES","Without sequence","74.87",""
"26/08/2024 04:00:00 - 26/08/2024 05:00:00","BZN|ES","Without sequence","74.87",""
"26/08/2024 05:00:00 - 26/08/2024 06:00:00","BZN|ES","Without sequence","75.5",""
"26/08/2024 06:00:00 - 26/08/2024 07:00:00","BZN|ES","Without sequence","105.0",""
"26/08/2024 07:00:00 - 26/08/2024 08:00:00","BZN|ES","Without sequence","122.2",""
"26/08/2024 08:00:00 - 26/08/2024 09:00:00","BZN|ES","Without sequence","120.01",""
"26/08/2024 09:00:00 - 26/08/2024 10:00:00","BZN|ES","Without sequence","83.06",""
"26/08/2024 10:00:00 - 26/08/2024 11:00:00","BZN|ES","Without sequence","64.99",""
"26/08/2024 11:00:00 - 26/08/2024 12:00:00","BZN|ES","Without sequence","63.37",""
"26/08/2024 12:00:00 - 26/08/2024 13:00:00","BZN|ES","Without sequence","64.99",""
"26/08/2024 13:00:00 - 26/08/2024 14:00:00","BZN|ES","Without sequence","73.94",""
"26/08/2024 14:00:00 - 26/08/2024 15:00:00","BZN|ES","Without sequence","74.87",""
"26/08/2024 15:00:00 - 26/08/2024 16:00:00","BZN|ES","Without sequence","74.07",""
"26/08/2024 16:00:00 - 26/08/2024 17:00:00","BZN|ES","Without sequence","73.81",""
"26/08/2024 17:00:00 - 26/08/2024 18:00:00","BZN|ES","Without sequence","85.34",""
"26/08/2024 18:00:00 - 26/08/2024 19:00:00","BZN|ES","Without sequence","110.78",""
"26/08/2024 19:00:00 - 26/08/2024 20:00:00","BZN|ES","Without sequence","120.0",""
"26/08/2024 20:00:00 - 26/08/2024 21:00:00","BZN|ES","Without sequence","127.04",""
"26/08/2024 21:00:00 - 26/08/2024 22:00:00","BZN|ES","Without sequence","160.0",""
"26/08/2024 22:00:00 - 26/08/2024 23:00:00","BZN|ES","Without sequence","130.0",""
"26/08/2024 23:00:00 - 27/08/2024 00:00:00","BZN|ES","Without sequence","124.54",""
"27/08/2024 00:00:00 - 27/08/2024 01:00:00","BZN|ES","Without sequence","129.21",""
"27/08/2024 01:00:00 - 27/08/2024 02:00:00","BZN|ES","Without sequence","122.73",""
"27/08/2024 02:00:00 - 27/08/2024 03:00:00","BZN|ES","Without sequence","119.0",""
"27/08/2024 03:00:00 - 27/08/2024 04:00:00","BZN|ES","Without sequence","119.0",""
"27/08/2024 04:00:00 - 27/08/2024 05:00:00","BZN|ES","Without sequence","112.39",""
"27/08/2024 05:00:00 - 27/08/2024 06:00:00","BZN|ES","Without sequence","109.99",""
"27/08/2024 06:00:00 - 27/08/2024 07:00:00","BZN|ES","Without sequence","114.76",""
"27/08/2024 07:00:00 - 27/08/2024 08:00:00","BZN|ES","Without sequence","124.1",""
"27/08/2024 08:00:00 - 27/08/2024 09:00:00","BZN|ES","Without sequence","119.58",""
"27/08/2024 09:00:00 - 27/08/2024 10:00:00","BZN|ES","Without sequence","110.78",""
"27/08/2024 10:00:00 - 27/08/2024 11:00:00","BZN|ES","Without sequence","94.2",""
"27/08/2024 11:00:00 - 27/08/2024 12:00:00","BZN|ES","Without sequence","81.2",""
"27/08/2024 12:00:00 - 27/08/2024 13:00:00","BZN|ES","Without sequence","77.5",""
"27/08/2024 13:00:00 - 27/08/2024 14:00:00","BZN|ES","Without sequence","77.5",""
"27/08/2024 14:00:00 - 27/08/2024 15:00:00","BZN|ES","Without sequence","75.93",""
"27/08/2024 15:00:00 - 27/08/2024 16:00:00","BZN|ES","Without sequence","75.0",""
"27/08/2024 16:00:00 - 27/08/2024 17:00:00","BZN|ES","Without sequence","75.31",""
"27/08/2024 17:00:00 - 27/08/2024 18:00:00","BZN|ES","Without sequence","87.95",""
"27/08/2024 18:00:00 - 27/08/2024 19:00:00","BZN|ES","Without sequence","114.0",""
"27/08/2024 19:00:00 - 27/08/2024 20:00:00","BZN|ES","Without sequence","123.85",""
"27/08/2024 20:00:00 - 27/08/2024 21:00:00","BZN|ES","Without sequence","125.14",""
"27/08/2024 21:00:00 - 27/08/2024 22:00:00","BZN|ES","Without sequence","153.2",""
"27/08/2024 22:00:00 - 27/08/2024 23:00:00","BZN|ES","Without sequence","123.78",""
"27/08/2024 23:00:00 - 28/08/2024 00:00:00","BZN|ES","Without sequence","119.0",""
"28/08/2024 00:00:00 - 28/08/2024 01:00:00","BZN|ES","Without sequence","122.92",""
"28/08/2024 01:00:00 - 28/08/2024 02:00:00","BZN|ES","Without sequence","119.33",""
"28/08/2024 02:00:00 - 28/08/2024 03:00:00","BZN|ES","Without sequence","117.8",""
"28/08/2024 03:00:00 - 28/08/2024 04:00:00","BZN|ES","Without sequence","118.63",""
"28/08/2024 04:00:00 - 28/08/2024 05:00:00","BZN|ES","Without sequence","118.63",""
"28/08/2024 05:00:00 - 28/08/2024 06:00:00","BZN|ES","Without sequence","118.63",""
"28/08/2024 06:00:00 - 28/08/2024 07:00:00","BZN|ES","Without sequence","117.0",""
"28/08/2024 07:00:00 - 28/08/2024 08:00:00","BZN|ES","Without sequence","124.28",""
"28/08/2024 08:00:00 - 28/08/2024 09:00:00","BZN|ES","Without sequence","120.76",""
"28/08/2024 09:00:00 - 28/08/2024 10:00:00","BZN|ES","Without sequence","118.85",""
"28/08/2024 10:00:00 - 28/08/2024 11:00:00","BZN|ES","Without sequence","105.91",""
"28/08/2024 11:00:00 - 28/08/2024 12:00:00","BZN|ES","Without sequence","83.7",""
"28/08/2024 12:00:00 - 28/08/2024 13:00:00","BZN|ES","Without sequence","80.2",""
"28/08/2024 13:00:00 - 28/08/2024 14:00:00","BZN|ES","Without sequence","79.94",""
"28/08/2024 14:00:00 - 28/08/2024 15:00:00","BZN|ES","Without sequence","77.16",""
"28/08/2024 15:00:00 - 28/08/2024 16:00:00","BZN|ES","Without sequence","75.0",""
"28/08/2024 16:00:00 - 28/08/2024 17:00:00","BZN|ES","Without sequence","82.0",""
"28/08/2024 17:00:00 - 28/08/2024 18:00:00","BZN|ES","Without sequence","94.38",""
"28/08/2024 18:00:00 - 28/08/2024 19:00:00","BZN|ES","Without sequence","108.26",""
"28/08/2024 19:00:00 - 28/08/2024 20:00:00","BZN|ES","Without sequence","123.16",""
"28/08/2024 20:00:00 - 28/08/2024 21:00:00","BZN|ES","Without sequence","125.78",""
"28/08/2024 21:00:00 - 28/08/2024 22:00:00","BZN|ES","Without sequence","138.58",""
"28/08/2024 22:00:00 - 28/08/2024 23:00:00","BZN|ES","Without sequence","119.93",""
"28/08/2024 23:00:00 - 29/08/2024 00:00:00","BZN|ES","Without sequence","111.53",""
"29/08/2024 00:00:00 - 29/08/2024 01:00:00","BZN|ES","Without sequence","124.36",""
"29/08/2024 01:00:00 - 29/08/2024 02:00:00","BZN|ES","Without sequence","119.0",""
"29/08/2024 02:00:00 - 29/08/2024 03:00:00","BZN|ES","Without sequence","117.13",""
"29/08/2024 03:00:00 - 29/08/2024 04:00:00","BZN|ES","Without sequence","118.53",""
"29/08/2024 04:00:00 - 29/08/2024 05:00:00","BZN|ES","Without sequence","118.85",""
"29/08/2024 05:00:00 - 29/08/2024 06:00:00","BZN|ES","Without sequence","119.82",""
"29/08/2024 06:00:00 - 29/08/2024 07:00:00","BZN|ES","Without sequence","124.5",""
"29/08/2024 07:00:00 - 29/08/2024 08:00:00","BZN|ES","Without sequence","128.45",""
"29/08/2024 08:00:00 - 29/08/2024 09:00:00","BZN|ES","Without sequence","128.85",""
"29/08/2024 09:00:00 - 29/08/2024 10:00:00","BZN|ES","Without sequence","120.0",""
"29/08/2024 10:00:00 - 29/08/2024 11:00:00","BZN|ES","Without sequence","112.84",""
"29/08/2024 11:00:00 - 29/08/2024 12:00:00","BZN|ES","Without sequence","114.6",""
"29/08/2024 12:00:00 - 29/08/2024 13:00:00","BZN|ES","Without sequence","107.42",""
"29/08/2024 13:00:00 - 29/08/2024 14:00:00","BZN|ES","Without sequence","111.11",""
"29/08/2024 14:00:00 - 29/08/2024 15:00:00","BZN|ES","Without sequence","117.13",""
"29/08/2024 15:00:00 - 29/08/2024 16:00:00","BZN|ES","Without sequence","114.0",""
"29/08/2024 16:00:00 - 29/08/2024 17:00:00","BZN|ES","Without sequence","114.0",""
"29/08/2024 17:00:00 - 29/08/2024 18:00:00","BZN|ES","Without sequence","108.96",""
"29/08/2024 18:00:00 - 29/08/2024 19:00:00","BZN|ES","Without sequence","117.89",""
"29/08/2024 19:00:00 - 29/08/2024 20:00:00","BZN|ES","Without sequence","128.18",""
"29/08/2024 20:00:00 - 29/08/2024 21:00:00","BZN|ES","Without sequence","131.99",""
"29/08/2024 21:00:00 - 29/08/2024 22:00:00","BZN|ES","Without sequence","138.0",""
"29/08/2024 22:00:00 - 29/08/2024 23:00:00","BZN|ES","Without sequence","128.45",""
"29/08/2024 23:00:00 - 30/08/2024 00:00:00","BZN|ES","Without sequence","124.73",""
"30/08/2024 00:00:00 - 30/08/2024 01:00:00","BZN|ES","Without sequence","122.0",""
"30/08/2024 01:00:00 - 30/08/2024 02:00:00","BZN|ES","Without sequence","120.16",""
"30/08/2024 02:00:00 - 30/08/2024 03:00:00","BZN|ES","Without sequence","111.17",""
"30/08/2024 03:00:00 - 30/08/2024 04:00:00","BZN|ES","Without sequence","120.16",""
"30/08/2024 04:00:00 - 30/08/2024 05:00:00","BZN|ES","Without sequence","119.46",""
"30/08/2024 05:00:00 - 30/08/2024 06:00:00","BZN|ES","Without sequence","116.2",""
"30/08/2024 06:00:00 - 30/08/2024 07:00:00","BZN|ES","Without sequence","123.16",""
"30/08/2024 07:00:00 - 30/08/2024 08:00:00","BZN|ES","Without sequence","129.0",""
"30/08/2024 08:00:00 - 30/08/2024 09:00:00","BZN|ES","Without sequence","126.0",""
"30/08/2024 09:00:00 - 30/08/2024 10:00:00","BZN|ES","Without sequence","125.5",""
"30/08/2024 10:00:00 - 30/08/2024 11:00:00","BZN|ES","Without sequence","116.66",""
"30/08/2024 11:00:00 - 30/08/2024 12:00:00","BZN|ES","Without sequence","99.54",""
"30/08/2024 12:00:00 - 30/08/2024 13:00:00","BZN|ES","Without sequence","92.29",""
"30/08/2024 13:00:00 - 30/08/2024 14:00:00","BZN|ES","Without sequence","92.29",""
"30/08/2024 14:00:00 - 30/08/2024 15:00:00","BZN|ES","Without sequence","91.94",""
"30/08/2024 15:00:00 - 30/08/2024 16:00:00","BZN|ES","Without sequence","91.81",""
"30/08/2024 16:00:00 - 30/08/2024 17:00:00","BZN|ES","Without sequence","92.07",""
"30/08/2024 17:00:00 - 30/08/2024 18:00:00","BZN|ES","Without sequence","105.97",""
"30/08/2024 18:00:00 - 30/08/2024 19:00:00","BZN|ES","Without sequence","120.0",""
"30/08/2024 19:00:00 - 30/08/2024 20:00:00","BZN|ES","Without sequence","125.5",""
"30/08/2024 20:00:00 - 30/08/2024 21:00:00","BZN|ES","Without sequence","131.99",""
"30/08/2024 21:00:00 - 30/08/2024 22:00:00","BZN|ES","Without sequence","140.01",""
"30/08/2024 22:00:00 - 30/08/2024 23:00:00","BZN|ES","Without sequence","131.99",""
"30/08/2024 23:00:00 - 31/08/2024 00:00:00","BZN|ES","Without sequence","128.78",""
"31/08/2024 00:00:00 - 31/08/2024 01:00:00","BZN|ES","Without sequence","128.5",""
"31/08/2024 01:00:00 - 31/08/2024 02:00:00","BZN|ES","Without sequence","124.9",""
"31/08/2024 02:00:00 - 31/08/2024 03:00:00","BZN|ES","Without sequence","121.26",""
"31/08/2024 03:00:00 - 31/08/2024 04:00:00","BZN|ES","Without sequence","119.51",""
"31/08/2024 04:00:00 - 31/08/2024 05:00:00","BZN|ES","Without sequence","120.0",""
"31/08/2024 05:00:00 - 31/08/2024 06:00:00","BZN|ES","Without sequence","124.36",""
"31/08/2024 06:00:00 - 31/08/2024 07:00:00","BZN|ES","Without sequence","126.26",""
"31/08/2024 07:00:00 - 31/08/2024 08:00:00","BZN|ES","Without sequence","126.26",""
"31/08/2024 08:00:00 - 31/08/2024 09:00:00","BZN|ES","Without sequence","128.5",""
"31/08/2024 09:00:00 - 31/08/2024 10:00:00","BZN|ES","Without sequence","124.64",""
"31/08/2024 10:00:00 - 31/08/2024 11:00:00","BZN|ES","Without sequence","115.91",""
"31/08/2024 11:00:00 - 31/08/2024 12:00:00","BZN|ES","Without sequence","89.63",""
"31/08/2024 12:00:00 - 31/08/2024 13:00:00","BZN|ES","Without sequence","85.45",""
"31/08/2024 13:00:00 - 31/08/2024 14:00:00","BZN|ES","Without sequence","88.2",""
"31/08/2024 14:00:00 - 31/08/2024 15:00:00","BZN|ES","Without sequence","87.94",""
"31/08/2024 15:00:00 - 31/08/2024 16:00:00","BZN|ES","Without sequence","85.23",""
"31/08/2024 16:00:00 - 31/08/2024 17:00:00","BZN|ES","Without sequence","88.07",""
"31/08/2024 17:00:00 - 31/08/2024 18:00:00","BZN|ES","Without sequence","100.0",""
"31/08/2024 18:00:00 - 31/08/2024 19:00:00","BZN|ES","Without sequence","118.85",""
"31/08/2024 19:00:00 - 31/08/2024 20:00:00","BZN|ES","Without sequence","127.42",""
"31/08/2024 20:00:00 - 31/08/2024 21:00:00","BZN|ES","Without sequence","133.0",""
"31/08/2024 21:00:00 - 31/08/2024 22:00:00","BZN|ES","Without sequence","154.15",""
"31/08/2024 22:00:00 - 31/08/2024 23:00:00","BZN|ES","Without sequence","145.68",""
"31/08/2024 23:00:00 - 01/09/2024 00:00:00","BZN|ES","Without sequence","135.01",""
"01/09/2024 00:00:00 - 01/09/2024 01:00:00","BZN|ES","Without sequence","134.02",""
"01/09/2024 01:00:00 - 01/09/2024 02:00:00","BZN|ES","Without sequence","129.16",""
"01/09/2024 02:00:00 - 01/09/2024 03:00:00","BZN|ES","Without sequence","125.92",""
"01/09/2024 03:00:00 - 01/09/2024 04:00:00","BZN|ES","Without sequence","124.3",""
"01/09/2024 04:00:00 - 01/09/2024 05:00:00","BZN|ES","Without sequence","122.68",""
"01/09/2024 05:00:00 - 01/09/2024 06:00:00","BZN|ES","Without sequence","121.39",""
"01/09/2024 06:00:00 - 01/09/2024 07:00:00","BZN|ES","Without sequence","124.09",""
"01/09/2024 07:00:00 - 01/09/2024 08:00:00","BZN|ES","Without sequence","124.9",""
"01/09/2024 08:00:00 - 01/09/2024 09:00:00","BZN|ES","Without sequence","113.08",""
"01/09/2024 09:00:00 - 01/09/2024 10:00:00","BZN|ES","Without sequence","100.66",""
"01/09/2024 10:00:00 - 01/09/2024 11:00:00","BZN|ES","Without sequence","78.5",""
"01/09/2024 11:00:00 - 01/09/2024 12:00:00","BZN|ES","Without sequence","51.99",""
"01/09/2024 12:00:00 - 01/09/2024 13:00:00","BZN|ES","Without sequence","43.0",""
"01/09/2024 13:00:00 - 01/09/2024 14:00:00","BZN|ES","Without sequence","43.0",""
"01/09/2024 14:00:00 - 01/09/2024 15:00:00","BZN|ES","Without sequence","46.53",""
"01/09/2024 15:00:00 - 01/09/2024 16:00:00","BZN|ES","Without sequence","30.1",""
"01/09/2024 16:00:00 - 01/09/2024 17:00:00","BZN|ES","Without sequence","28.98",""
"01/09/2024 17:00:00 - 01/09/2024 18:00:00","BZN|ES","Without sequence","81.37",""
"01/09/2024 18:00:00 - 01/09/2024 19:00:00","BZN|ES","Without sequence","99.64",""
"01/09/2024 19:00:00 - 01/09/2024 20:00:00","BZN|ES","Without sequence","123.6",""
"01/09/2024 20:00:00 - 01/09/2024 21:00:00","BZN|ES","Without sequence","134.02",""
"01/09/2024 21:00:00 - 01/09/2024 22:00:00","BZN|ES","Without sequence","141.74",""
"01/09/2024 22:00:00 - 01/09/2024 23:00:00","BZN|ES","Without sequence","139.7",""
"01/09/2024 23:00:00 - 02/09/2024 00:00:00","BZN|ES","Without sequence","129.1",""
"02/09/2024 00:00:00 - 02/09/2024 01:00:00","BZN|ES","Without sequence","132.16",""
"02/09/2024 01:00:00 - 02/09/2024 02:00:00","BZN|ES","Without sequence","128.0",""
"02/09/2024 02:00:00 - 02/09/2024 03:00:00","BZN|ES","Without sequence","125.14",""
"02/09/2024 03:00:00 - 02/09/2024 04:00:00","BZN|ES","Without sequence","120.0",""
"02/09/2024 04:00:00 - 02/09/2024 05:00:00","BZN|ES","Without sequence","118.5",""
"02/09/2024 05:00:00 - 02/09/2024 06:00:00","BZN|ES","Without sequence","122.5",""
"02/09/2024 06:00:00 - 02/09/2024 07:00:00","BZN|ES","Without sequence","127.14",""
"02/09/2024 07:00:00 - 02/09/2024 08:00:00","BZN|ES","Without sequence","131.95",""
"02/09/2024 08:00:00 - 02/09/2024 09:00:00","BZN|ES","Without sequence","131.52",""
"02/09/2024 09:00:00 - 02/09/2024 10:00:00","BZN|ES","Without sequence","122.98",""
"02/09/2024 10:00:00 - 02/09/2024 11:00:00","BZN|ES","Without sequence","109.9",""
"02/09/2024 11:00:00 - 02/09/2024 12:00:00","BZN|ES","Without sequence","90.98",""
"02/09/2024 12:00:00 - 02/09/2024 13:00:00","BZN|ES","Without sequence","89.87",""
"02/09/2024 13:00:00 - 02/09/2024 14:00:00","BZN|ES","Without sequence","90.29",""
"02/09/2024 14:00:00 - 02/09/2024 15:00:00","BZN|ES","Without sequence","90.08",""
"02/09/2024 15:00:00 - 02/09/2024 16:00:00","BZN|ES","Without sequence","91.9",""
"02/09/2024 16:00:00 - 02/09/2024 17:00:00","BZN|ES","Without sequence","95.97",""
"02/09/2024 17:00:00 - 02/09/2024 18:00:00","BZN|ES","Without sequence","104.9",""
"02/09/2024 18:00:00 - 02/09/2024 19:00:00","BZN|ES","Without sequence","122.09",""
"02/09/2024 19:00:00 - 02/09/2024 20:00:00","BZN|ES","Without sequence","130.0",""
"02/09/2024 20:00:00 - 02/09/2024 21:00:00","BZN|ES","Without sequence","138.0",""
"02/09/2024 21:00:00 - 02/09/2024 22:00:00","BZN|ES","Without sequence","134.53",""
"02/09/2024 22:00:00 - 02/09/2024 23:00:00","BZN|ES","Without sequence","128.72",""
"02/09/2024 23:00:00 - 03/09/2024 00:00:00","BZN|ES","Without sequence","122.74",""
"03/09/2024 00:00:00 - 03/09/2024 01:00:00","BZN|ES","Without sequence","124.9",""
"03/09/2024 01:00:00 - 03/09/2024 02:00:00","BZN|ES","Without sequence","122.29",""
"03/09/2024 02:00:00 - 03/09/2024 03:00:00","BZN|ES","Without sequence","114.51",""
"03/09/2024 03:00:00 - 03/09/2024 04:00:00","BZN|ES","Without sequence","108.0",""
"03/09/2024 04:00:00 - 03/09/2024 05:00:00","BZN|ES","Without sequence","105.0",""
"03/09/2024 05:00:00 - 03/09/2024 06:00:00","BZN|ES","Without sequence","106.21",""
"03/09/2024 06:00:00 - 03/09/2024 07:00:00","BZN|ES","Without sequence","115.74",""
"03/09/2024 07:00:00 - 03/09/2024 08:00:00","BZN|ES","Without sequence","125.0",""
"03/09/2024 08:00:00 - 03/09/2024 09:00:00","BZN|ES","Without sequence","133.95",""
"03/09/2024 09:00:00 - 03/09/2024 10:00:00","BZN|ES","Without sequence","115.98",""
"03/09/2024 10:00:00 - 03/09/2024 11:00:00","BZN|ES","Without sequence","98.88",""
"03/09/2024 11:00:00 - 03/09/2024 12:00:00","BZN|ES","Without sequence","90.02",""
"03/09/2024 12:00:00 - 03/09/2024 13:00:00","BZN|ES","Without sequence","85.0",""
"03/09/2024 13:00:00 - 03/09/2024 14:00:00","BZN|ES","Without sequence","83.08",""
"03/09/2024 14:00:00 - 03/09/2024 15:00:00","BZN|ES","Without sequence","84.68",""
"03/09/2024 15:00:00 - 03/09/2024 16:00:00","BZN|ES","Without sequence","87.2",""
"03/09/2024 16:00:00 - 03/09/2024 17:00:00","BZN|ES","Without sequence","86.08",""
"03/09/2024 17:00:00 - 03/09/2024 18:00:00","BZN|ES","Without sequence","90.49",""
"03/09/2024 18:00:00 - 03/09/2024 19:00:00","BZN|ES","Without sequence","101.92",""
"03/09/2024 19:00:00 - 03/09/2024 20:00:00","BZN|ES","Without sequence","120.94",""
"03/09/2024 20:00:00 - 03/09/2024 21:00:00","BZN|ES","Without sequence","131.0",""
"03/09/2024 21:00:00 - 03/09/2024 22:00:00","BZN|ES","Without sequence","130.01",""
"03/09/2024 22:00:00 - 03/09/2024 23:00:00","BZN|ES","Without sequence","126.57",""
"03/09/2024 23:00:00 - 04/09/2024 00:00:00","BZN|ES","Without sequence","115.19",""
"04/09/2024 00:00:00 - 04/09/2024 01:00:00","BZN|ES","Without sequence","108.38",""
"04/09/2024 01:00:00 - 04/09/2024 02:00:00","BZN|ES","Without sequence","99.35",""
"04/09/2024 02:00:00 - 04/09/2024 03:00:00","BZN|ES","Without sequence","94.5",""
"04/09/2024 03:00:00 - 04/09/2024 04:00:00","BZN|ES","Without sequence","101.31",""
"04/09/2024 04:00:00 - 04/09/2024 05:00:00","BZN|ES","Without sequence","101.0",""
"04/09/2024 05:00:00 - 04/09/2024 06:00:00","BZN|ES","Without sequence","98.0",""
"04/09/2024 06:00:00 - 04/09/2024 07:00:00","BZN|ES","Without sequence","109.28",""
"04/09/2024 07:00:00 - 04/09/2024 08:00:00","BZN|ES","Without sequence","122.3",""
"04/09/2024 08:00:00 - 04/09/2024 09:00:00","BZN|ES","Without sequence","127.42",""
"04/09/2024 09:00:00 - 04/09/2024 10:00:00","BZN|ES","Without sequence","117.99",""
"04/09/2024 10:00:00 - 04/09/2024 11:00:00","BZN|ES","Without sequence","89.5",""
"04/09/2024 11:00:00 - 04/09/2024 12:00:00","BZN|ES","Without sequence","79.96",""
"04/09/2024 12:00:00 - 04/09/2024 13:00:00","BZN|ES","Without sequence","75.5",""
"04/09/2024 13:00:00 - 04/09/2024 14:00:00","BZN|ES","Without sequence","76.0",""
"04/09/2024 14:00:00 - 04/09/2024 15:00:00","BZN|ES","Without sequence","70.5",""
"04/09/2024 15:00:00 - 04/09/2024 16:00:00","BZN|ES","Without sequence","60.89",""
"04/09/2024 16:00:00 - 04/09/2024 17:00:00","BZN|ES","Without sequence","51.99",""
"04/09/2024 17:00:00 - 04/09/2024 18:00:00","BZN|ES","Without sequence","53.1",""
"04/09/2024 18:00:00 - 04/09/2024 19:00:00","BZN|ES","Without sequence","76.99",""
"04/09/2024 19:00:00 - 04/09/2024 20:00:00","BZN|ES","Without sequence","103.0",""
"04/09/2024 20:00:00 - 04/09/2024 21:00:00","BZN|ES","Without sequence","122.81",""
"04/09/2024 21:00:00 - 04/09/2024 22:00:00","BZN|ES","Without sequence","124.44",""
"04/09/2024 22:00:00 - 04/09/2024 23:00:00","BZN|ES","Without sequence","117.14",""
"04/09/2024 23:00:00 - 05/09/2024 00:00:00","BZN|ES","Without sequence","108.55",""
"05/09/2024 00:00:00 - 05/09/2024 01:00:00","BZN|ES","Without sequence","105.0",""
"05/09/2024 01:00:00 - 05/09/2024 02:00:00","BZN|ES","Without sequence","105.7",""
"05/09/2024 02:00:00 - 05/09/2024 03:00:00","BZN|ES","Without sequence","99.35",""
"05/09/2024 03:00:00 - 05/09/2024 04:00:00","BZN|ES","Without sequence","99.41",""
"05/09/2024 04:00:00 - 05/09/2024 05:00:00","BZN|ES","Without sequence","96.0",""
"05/09/2024 05:00:00 - 05/09/2024 06:00:00","BZN|ES","Without sequence","100.0",""
"05/09/2024 06:00:00 - 05/09/2024 07:00:00","BZN|ES","Without sequence","118.06",""
"05/09/2024 07:00:00 - 05/09/2024 08:00:00","BZN|ES","Without sequence","124.9",""
"05/09/2024 08:00:00 - 05/09/2024 09:00:00","BZN|ES","Without sequence","125.0",""
"05/09/2024 09:00:00 - 05/09/2024 10:00:00","BZN|ES","Without sequence","113.42",""
"05/09/2024 10:00:00 - 05/09/2024 11:00:00","BZN|ES","Without sequence","92.5",""
"05/09/2024 11:00:00 - 05/09/2024 12:00:00","BZN|ES","Without sequence","84.81",""
"05/09/2024 12:00:00 - 05/09/2024 13:00:00","BZN|ES","Without sequence","84.81",""
"05/09/2024 13:00:00 - 05/09/2024 14:00:00","BZN|ES","Without sequence","84.81",""
"05/09/2024 14:00:00 - 05/09/2024 15:00:00","BZN|ES","Without sequence","84.68",""
"05/09/2024 15:00:00 - 05/09/2024 16:00:00","BZN|ES","Without sequence","81.18",""
"05/09/2024 16:00:00 - 05/09/2024 17:00:00","BZN|ES","Without sequence","84.55",""
"05/09/2024 17:00:00 - 05/09/2024 18:00:00","BZN|ES","Without sequence","87.87",""
"05/09/2024 18:00:00 - 05/09/2024 19:00:00","BZN|ES","Without sequence","105.7",""
"05/09/2024 19:00:00 - 05/09/2024 20:00:00","BZN|ES","Without sequence","118.22",""
"05/09/2024 20:00:00 - 05/09/2024 21:00:00","BZN|ES","Without sequence","129.7",""
"05/09/2024 21:00:00 - 05/09/2024 22:00:00","BZN|ES","Without sequence","134.0",""
"05/09/2024 22:00:00 - 05/09/2024 23:00:00","BZN|ES","Without sequence","124.9",""
"05/09/2024 23:00:00 - 06/09/2024 00:00:00","BZN|ES","Without sequence","118.22",""
"06/09/2024 00:00:00 - 06/09/2024 01:00:00","BZN|ES","Without sequence","111.98",""
"06/09/2024 01:00:00 - 06/09/2024 02:00:00","BZN|ES","Without sequence","109.0",""
"06/09/2024 02:00:00 - 06/09/2024 03:00:00","BZN|ES","Without sequence","103.35",""
"06/09/2024 03:00:00 - 06/09/2024 04:00:00","BZN|ES","Without sequence","98.0",""
"06/09/2024 04:00:00 - 06/09/2024 05:00:00","BZN|ES","Without sequence","97.55",""
"06/09/2024 05:00:00 - 06/09/2024 06:00:00","BZN|ES","Without sequence","98.0",""
"06/09/2024 06:00:00 - 06/09/2024 07:00:00","BZN|ES","Without sequence","110.0",""
"06/09/2024 07:00:00 - 06/09/2024 08:00:00","BZN|ES","Without sequence","116.0",""
"06/09/2024 08:00:00 - 06/09/2024 09:00:00","BZN|ES","Without sequence","115.0",""
"06/09/2024 09:00:00 - 06/09/2024 10:00:00","BZN|ES","Without sequence","102.25",""
"06/09/2024 10:00:00 - 06/09/2024 11:00:00","BZN|ES","Without sequence","85.23",""
"06/09/2024 11:00:00 - 06/09/2024 12:00:00","BZN|ES","Without sequence","74.99",""
"06/09/2024 12:00:00 - 06/09/2024 13:00:00","BZN|ES","Without sequence","63.37",""
"06/09/2024 13:00:00 - 06/09/2024 14:00:00","BZN|ES","Without sequence","46.22",""
"06/09/2024 14:00:00 - 06/09/2024 15:00:00","BZN|ES","Without sequence","31.2",""
"06/09/2024 15:00:00 - 06/09/2024 16:00:00","BZN|ES","Without sequence","26.85",""
"06/09/2024 16:00:00 - 06/09/2024 17:00:00","BZN|ES","Without sequence","19.56",""
"06/09/2024 17:00:00 - 06/09/2024 18:00:00","BZN|ES","Without sequence","43.6",""
"06/09/2024 18:00:00 - 06/09/2024 19:00:00","BZN|ES","Without sequence","70.2",""
"06/09/2024 19:00:00 - 06/09/2024 20:00:00","BZN|ES","Without sequence","104.41",""
"06/09/2024 20:00:00 - 06/09/2024 21:00:00","BZN|ES","Without sequence","114.81",""
"06/09/2024 21:00:00 - 06/09/2024 22:00:00","BZN|ES","Without sequence","118.2",""
"06/09/2024 22:00:00 - 06/09/2024 23:00:00","BZN|ES","Without sequence","112.46",""
"06/09/2024 23:00:00 - 07/09/2024 00:00:00","BZN|ES","Without sequence","109.14",""
"07/09/2024 00:00:00 - 07/09/2024 01:00:00","BZN|ES","Without sequence","117.32",""
"07/09/2024 01:00:00 - 07/09/2024 02:00:00","BZN|ES","Without sequence","116.42",""
"07/09/2024 02:00:00 - 07/09/2024 03:00:00","BZN|ES","Without sequence","103.35",""
"07/09/2024 03:00:00 - 07/09/2024 04:00:00","BZN|ES","Without sequence","103.35",""
"07/09/2024 04:00:00 - 07/09/2024 05:00:00","BZN|ES","Without sequence","101.12",""
"07/09/2024 05:00:00 - 07/09/2024 06:00:00","BZN|ES","Without sequence","99.34",""
"07/09/2024 06:00:00 - 07/09/2024 07:00:00","BZN|ES","Without sequence","104.0",""
"07/09/2024 07:00:00 - 07/09/2024 08:00:00","BZN|ES","Without sequence","108.83",""
"07/09/2024 08:00:00 - 07/09/2024 09:00:00","BZN|ES","Without sequence","104.68",""
"07/09/2024 09:00:00 - 07/09/2024 10:00:00","BZN|ES","Without sequence","77.95",""
"07/09/2024 10:00:00 - 07/09/2024 11:00:00","BZN|ES","Without sequence","51.52",""
"07/09/2024 11:00:00 - 07/09/2024 12:00:00","BZN|ES","Without sequence","3.32",""
"07/09/2024 12:00:00 - 07/09/2024 13:00:00","BZN|ES","Without sequence","3.32",""
"07/09/2024 13:00:00 - 07/09/2024 14:00:00","BZN|ES","Without sequence","1.02",""
"07/09/2024 14:00:00 - 07/09/2024 15:00:00","BZN|ES","Without sequence","0.44",""
"07/09/2024 15:00:00 - 07/09/2024 16:00:00","BZN|ES","Without sequence","3.32",""
"07/09/2024 16:00:00 - 07/09/2024 17:00:00","BZN|ES","Without sequence","14.0",""
"07/09/2024 17:00:00 - 07/09/2024 18:00:00","BZN|ES","Without sequence","50.24",""
"07/09/2024 18:00:00 - 07/09/2024 19:00:00","BZN|ES","Without sequence","83.32",""
"07/09/2024 19:00:00 - 07/09/2024 20:00:00","BZN|ES","Without sequence","116.51",""
"07/09/2024 20:00:00 - 07/09/2024 21:00:00","BZN|ES","Without sequence","136.07",""
"07/09/2024 21:00:00 - 07/09/2024 22:00:00","BZN|ES","Without sequence","148.56",""
"07/09/2024 22:00:00 - 07/09/2024 23:00:00","BZN|ES","Without sequence","124.44",""
"07/09/2024 23:00:00 - 08/09/2024 00:00:00","BZN|ES","Without sequence","123.86",""
"08/09/2024 00:00:00 - 08/09/2024 01:00:00","BZN|ES","Without sequence","120.86",""
"08/09/2024 01:00:00 - 08/09/2024 02:00:00","BZN|ES","Without sequence","117.14",""
"08/09/2024 02:00:00 - 08/09/2024 03:00:00","BZN|ES","Without sequence","114.32",""
"08/09/2024 03:00:00 - 08/09/2024 04:00:00","BZN|ES","Without sequence","110.0",""
"08/09/2024 04:00:00 - 08/09/2024 05:00:00","BZN|ES","Without sequence","107.8",""
"08/09/2024 05:00:00 - 08/09/2024 06:00:00","BZN|ES","Without sequence","106.87",""
"08/09/2024 06:00:00 - 08/09/2024 07:00:00","BZN|ES","Without sequence","110.11",""
"08/09/2024 07:00:00 - 08/09/2024 08:00:00","BZN|ES","Without sequence","113.3",""
"08/09/2024 08:00:00 - 08/09/2024 09:00:00","BZN|ES","Without sequence","108.04",""
"08/09/2024 09:00:00 - 08/09/2024 10:00:00","BZN|ES","Without sequence","78.87",""
"08/09/2024 10:00:00 - 08/09/2024 11:00:00","BZN|ES","Without sequence","8.29",""
"08/09/2024 11:00:00 - 08/09/2024 12:00:00","BZN|ES","Without sequence","0.44",""
"08/09/2024 12:00:00 - 08/09/2024 13:00:00","BZN|ES","Without sequence","0.04",""
"08/09/2024 13:00:00 - 08/09/2024 14:00:00","BZN|ES","Without sequence","0.0",""
"08/09/2024 14:00:00 - 08/09/2024 15:00:00","BZN|ES","Without sequence","0.0",""
"08/09/2024 15:00:00 - 08/09/2024 16:00:00","BZN|ES","Without sequence","0.0",""
"08/09/2024 16:00:00 - 08/09/2024 17:00:00","BZN|ES","Without sequence","0.0",""
"08/09/2024 17:00:00 - 08/09/2024 18:00:00","BZN|ES","Without sequence","0.0",""
"08/09/2024 18:00:00 - 08/09/2024 19:00:00","BZN|ES","Without sequence","3.32",""
"08/09/2024 19:00:00 - 08/09/2024 20:00:00","BZN|ES","Without sequence","76.16",""
"08/09/2024 20:00:00 - 08/09/2024 21:00:00","BZN|ES","Without sequence","106.87",""
"08/09/2024 21:00:00 - 08/09/2024 22:00:00","BZN|ES","Without sequence","117.22",""
"08/09/2024 22:00:00 - 08/09/2024 23:00:00","BZN|ES","Without sequence","116.42",""
"08/09/2024 23:00:00 - 09/09/2024 00:00:00","BZN|ES","Without sequence","110.11",""
"09/09/2024 00:00:00 - 09/09/2024 01:00:00","BZN|ES","Without sequence","115.7",""
"09/09/2024 01:00:00 - 09/09/2024 02:00:00","BZN|ES","Without sequence","110.3",""
"09/09/2024 02:00:00 - 09/09/2024 03:00:00","BZN|ES","Without sequence","108.75",""
"09/09/2024 03:00:00 - 09/09/2024 04:00:00","BZN|ES","Without sequence","108.66",""
"09/09/2024 04:00:00 - 09/09/2024 05:00:00","BZN|ES","Without sequence","100.2",""
"09/09/2024 05:00:00 - 09/09/2024 06:00:00","BZN|ES","Without sequence","108.36",""
"09/09/2024 06:00:00 - 09/09/2024 07:00:00","BZN|ES","Without sequence","116.42",""
"09/09/2024 07:00:00 - 09/09/2024 08:00:00","BZN|ES","Without sequence","120.0",""
"09/09/2024 08:00:00 - 09/09/2024 09:00:00","BZN|ES","Without sequence","120.0",""
"09/09/2024 09:00:00 - 09/09/2024 10:00:00","BZN|ES","Without sequence","115.1",""
"09/09/2024 10:00:00 - 09/09/2024 11:00:00","BZN|ES","Without sequence","72.2",""
"09/09/2024 11:00:00 - 09/09/2024 12:00:00","BZN|ES","Without sequence","50.24",""
"09/09/2024 12:00:00 - 09/09/2024 13:00:00","BZN|ES","Without sequence","45.31",""
"09/09/2024 13:00:00 - 09/09/2024 14:00:00","BZN|ES","Without sequence","40.5",""
"09/09/2024 14:00:00 - 09/09/2024 15:00:00","BZN|ES","Without sequence","20.0",""
"09/09/2024 15:00:00 - 09/09/2024 16:00:00","BZN|ES","Without sequence","6.12",""
"09/09/2024 16:00:00 - 09/09/2024 17:00:00","BZN|ES","Without sequence","9.54",""
"09/09/2024 17:00:00 - 09/09/2024 18:00:00","BZN|ES","Without sequence","40.5",""
"09/09/2024 18:00:00 - 09/09/2024 19:00:00","BZN|ES","Without sequence","71.94",""
"09/09/2024 19:00:00 - 09/09/2024 20:00:00","BZN|ES","Without sequence","116.5",""
"09/09/2024 20:00:00 - 09/09/2024 21:00:00","BZN|ES","Without sequence","121.56",""
"09/09/2024 21:00:00 - 09/09/2024 22:00:00","BZN|ES","Without sequence","132.0",""
"09/09/2024 22:00:00 - 09/09/2024 23:00:00","BZN|ES","Without sequence","118.3",""
"09/09/2024 23:00:00 - 10/09/2024 00:00:00","BZN|ES","Without sequence","108.66",""
"10/09/2024 00:00:00 - 10/09/2024 01:00:00","BZN|ES","Without sequence","110.32",""
"10/09/2024 01:00:00 - 10/09/2024 02:00:00","BZN|ES","Without sequence","103.83",""
"10/09/2024 02:00:00 - 10/09/2024 03:00:00","BZN|ES","Without sequence","105.0",""
"10/09/2024 03:00:00 - 10/09/2024 04:00:00","BZN|ES","Without sequence","103.92",""
"10/09/2024 04:00:00 - 10/09/2024 05:00:00","BZN|ES","Without sequence","99.42",""
"10/09/2024 05:00:00 - 10/09/2024 06:00:00","BZN|ES","Without sequence","100.01",""
"10/09/2024 06:00:00 - 10/09/2024 07:00:00","BZN|ES","Without sequence","109.47",""
"10/09/2024 07:00:00 - 10/09/2024 08:00:00","BZN|ES","Without sequence","112.64",""
"10/09/2024 08:00:00 - 10/09/2024 09:00:00","BZN|ES","Without sequence","114.59",""
"10/09/2024 09:00:00 - 10/09/2024 10:00:00","BZN|ES","Without sequence","100.0",""
"10/09/2024 10:00:00 - 10/09/2024 11:00:00","BZN|ES","Without sequence","62.0",""
"10/09/2024 11:00:00 - 10/09/2024 12:00:00","BZN|ES","Without sequence","30.1",""
"10/09/2024 12:00:00 - 10/09/2024 13:00:00","BZN|ES","Without sequence","14.74",""
"10/09/2024 13:00:00 - 10/09/2024 14:00:00","BZN|ES","Without sequence","19.56",""
"10/09/2024 14:00:00 - 10/09/2024 15:00:00","BZN|ES","Without sequence","6.31",""
"10/09/2024 15:00:00 - 10/09/2024 16:00:00","BZN|ES","Without sequence","3.04",""
"10/09/2024 16:00:00 - 10/09/2024 17:00:00","BZN|ES","Without sequence","4.59",""
"10/09/2024 17:00:00 - 10/09/2024 18:00:00","BZN|ES","Without sequence","28.41",""
"10/09/2024 18:00:00 - 10/09/2024 19:00:00","BZN|ES","Without sequence","53.1",""
"10/09/2024 19:00:00 - 10/09/2024 20:00:00","BZN|ES","Without sequence","99.42",""
"10/09/2024 20:00:00 - 10/09/2024 21:00:00","BZN|ES","Without sequence","109.0",""
"10/09/2024 21:00:00 - 10/09/2024 22:00:00","BZN|ES","Without sequence","111.74",""
"10/09/2024 22:00:00 - 10/09/2024 23:00:00","BZN|ES","Without sequence","105.5",""
"10/09/2024 23:00:00 - 11/09/2024 00:00:00","BZN|ES","Without sequence","98.42",""
"11/09/2024 00:00:00 - 11/09/2024 01:00:00","BZN|ES","Without sequence","80.89",""
"11/09/2024 01:00:00 - 11/09/2024 02:00:00","BZN|ES","Without sequence","77.75",""
"11/09/2024 02:00:00 - 11/09/2024 03:00:00","BZN|ES","Without sequence","71.0",""
"11/09/2024 03:00:00 - 11/09/2024 04:00:00","BZN|ES","Without sequence","79.77",""
"11/09/2024 04:00:00 - 11/09/2024 05:00:00","BZN|ES","Without sequence","84.84",""
"11/09/2024 05:00:00 - 11/09/2024 06:00:00","BZN|ES","Without sequence","89.84",""
"11/09/2024 06:00:00 - 11/09/2024 07:00:00","BZN|ES","Without sequence","97.63",""
"11/09/2024 07:00:00 - 11/09/2024 08:00:00","BZN|ES","Without sequence","102.98",""
"11/09/2024 08:00:00 - 11/09/2024 09:00:00","BZN|ES","Without sequence","103.7",""
"11/09/2024 09:00:00 - 11/09/2024 10:00:00","BZN|ES","Without sequence","94.44",""
"11/09/2024 10:00:00 - 11/09/2024 11:00:00","BZN|ES","Without sequence","70.1",""
"11/09/2024 11:00:00 - 11/09/2024 12:00:00","BZN|ES","Without sequence","51.99",""
"11/09/2024 12:00:00 - 11/09/2024 13:00:00","BZN|ES","Without sequence","50.24",""
"11/09/2024 13:00:00 - 11/09/2024 14:00:00","BZN|ES","Without sequence","47.7",""
"11/09/2024 14:00:00 - 11/09/2024 15:00:00","BZN|ES","Without sequence","45.0",""
"11/09/2024 15:00:00 - 11/09/2024 16:00:00","BZN|ES","Without sequence","23.75",""
"11/09/2024 16:00:00 - 11/09/2024 17:00:00","BZN|ES","Without sequence","15.0",""
"11/09/2024 17:00:00 - 11/09/2024 18:00:00","BZN|ES","Without sequence","50.24",""
"11/09/2024 18:00:00 - 11/09/2024 19:00:00","BZN|ES","Without sequence","76.16",""
"11/09/2024 19:00:00 - 11/09/2024 20:00:00","BZN|ES","Without sequence","99.95",""
"11/09/2024 20:00:00 - 11/09/2024 21:00:00","BZN|ES","Without sequence","113.0",""
"11/09/2024 21:00:00 - 11/09/2024 22:00:00","BZN|ES","Without sequence","110.04",""
"11/09/2024 22:00:00 - 11/09/2024 23:00:00","BZN|ES","Without sequence","102.98",""
"11/09/2024 23:00:00 - 12/09/2024 00:00:00","BZN|ES","Without sequence","102.74",""
"12/09/2024 00:00:00 - 12/09/2024 01:00:00","BZN|ES","Without sequence","100.64",""
"12/09/2024 01:00:00 - 12/09/2024 02:00:00","BZN|ES","Without sequence","99.83",""
"12/09/2024 02:00:00 - 12/09/2024 03:00:00","BZN|ES","Without sequence","99.5",""
"12/09/2024 03:00:00 - 12/09/2024 04:00:00","BZN|ES","Without sequence","95.0",""
"12/09/2024 04:00:00 - 12/09/2024 05:00:00","BZN|ES","Without sequence","95.42",""
"12/09/2024 05:00:00 - 12/09/2024 06:00:00","BZN|ES","Without sequence","98.42",""
"12/09/2024 06:00:00 - 12/09/2024 07:00:00","BZN|ES","Without sequence","100.64",""
"12/09/2024 07:00:00 - 12/09/2024 08:00:00","BZN|ES","Without sequence","113.55",""
"12/09/2024 08:00:00 - 12/09/2024 09:00:00","BZN|ES","Without sequence","116.37",""
"12/09/2024 09:00:00 - 12/09/2024 10:00:00","BZN|ES","Without sequence","101.46",""
"12/09/2024 10:00:00 - 12/09/2024 11:00:00","BZN|ES","Without sequence","73.6",""
"12/09/2024 11:00:00 - 12/09/2024 12:00:00","BZN|ES","Without sequence","52.1",""
"12/09/2024 12:00:00 - 12/09/2024 13:00:00","BZN|ES","Without sequence","44.3",""
"12/09/2024 13:00:00 - 12/09/2024 14:00:00","BZN|ES","Without sequence","14.0",""
"12/09/2024 14:00:00 - 12/09/2024 15:00:00","BZN|ES","Without sequence","3.6",""
"12/09/2024 15:00:00 - 12/09/2024 16:00:00","BZN|ES","Without sequence","3.32",""
"12/09/2024 16:00:00 - 12/09/2024 17:00:00","BZN|ES","Without sequence","3.32",""
"12/09/2024 17:00:00 - 12/09/2024 18:00:00","BZN|ES","Without sequence","3.6",""
"12/09/2024 18:00:00 - 12/09/2024 19:00:00","BZN|ES","Without sequence","51.55",""
"12/09/2024 19:00:00 - 12/09/2024 20:00:00","BZN|ES","Without sequence","80.0",""
"12/09/2024 20:00:00 - 12/09/2024 21:00:00","BZN|ES","Without sequence","101.46",""
"12/09/2024 21:00:00 - 12/09/2024 22:00:00","BZN|ES","Without sequence","100.5",""
"12/09/2024 22:00:00 - 12/09/2024 23:00:00","BZN|ES","Without sequence","93.53",""
"12/09/2024 23:00:00 - 13/09/2024 00:00:00","BZN|ES","Without sequence","87.35",""
"13/09/2024 00:00:00 - 13/09/2024 01:00:00","BZN|ES","Without sequence","78.89",""
"13/09/2024 01:00:00 - 13/09/2024 02:00:00","BZN|ES","Without sequence","75.05",""
"13/09/2024 02:00:00 - 13/09/2024 03:00:00","BZN|ES","Without sequence","74.76",""
"13/09/2024 03:00:00 - 13/09/2024 04:00:00","BZN|ES","Without sequence","74.76",""
"13/09/2024 04:00:00 - 13/09/2024 05:00:00","BZN|ES","Without sequence","67.52",""
"13/09/2024 05:00:00 - 13/09/2024 06:00:00","BZN|ES","Without sequence","62.2",""
"13/09/2024 06:00:00 - 13/09/2024 07:00:00","BZN|ES","Without sequence","76.5",""
"13/09/2024 07:00:00 - 13/09/2024 08:00:00","BZN|ES","Without sequence","89.74",""
"13/09/2024 08:00:00 - 13/09/2024 09:00:00","BZN|ES","Without sequence","85.23",""
"13/09/2024 09:00:00 - 13/09/2024 10:00:00","BZN|ES","Without sequence","61.0",""
"13/09/2024 10:00:00 - 13/09/2024 11:00:00","BZN|ES","Without sequence","3.32",""
"13/09/2024 11:00:00 - 13/09/2024 12:00:00","BZN|ES","Without sequence","0.0",""
"13/09/2024 12:00:00 - 13/09/2024 13:00:00","BZN|ES","Without sequence","0.0",""
"13/09/2024 13:00:00 - 13/09/2024 14:00:00","BZN|ES","Without sequence","0.0",""
"13/09/2024 14:00:00 - 13/09/2024 15:00:00","BZN|ES","Without sequence","0.0",""
"13/09/2024 15:00:00 - 13/09/2024 16:00:00","BZN|ES","Without sequence","0.0",""
"13/09/2024 16:00:00 - 13/09/2024 17:00:00","BZN|ES","Without sequence","0.0",""
"13/09/2024 17:00:00 - 13/09/2024 18:00:00","BZN|ES","Without sequence","0.0",""
"13/09/2024 18:00:00 - 13/09/2024 19:00:00","BZN|ES","Without sequence","2.0",""
"13/09/2024 19:00:00 - 13/09/2024 20:00:00","BZN|ES","Without sequence","62.07",""
"13/09/2024 20:00:00 - 13/09/2024 21:00:00","BZN|ES","Without sequence","89.98",""
"13/09/2024 21:00:00 - 13/09/2024 22:00:00","BZN|ES","Without sequence","85.29",""
"13/09/2024 22:00:00 - 13/09/2024 23:00:00","BZN|ES","Without sequence","80.01",""
"13/09/2024 23:00:00 - 14/09/2024 00:00:00","BZN|ES","Without sequence","62.2",""
"14/09/2024 00:00:00 - 14/09/2024 01:00:00","BZN|ES","Without sequence","55.2",""
"14/09/2024 01:00:00 - 14/09/2024 02:00:00","BZN|ES","Without sequence","54.0",""
"14/09/2024 02:00:00 - 14/09/2024 03:00:00","BZN|ES","Without sequence","49.86",""
"14/09/2024 03:00:00 - 14/09/2024 04:00:00","BZN|ES","Without sequence","45.98",""
"14/09/2024 04:00:00 - 14/09/2024 05:00:00","BZN|ES","Without sequence","49.08",""
"14/09/2024 05:00:00 - 14/09/2024 06:00:00","BZN|ES","Without sequence","48.88",""
"14/09/2024 06:00:00 - 14/09/2024 07:00:00","BZN|ES","Without sequence","55.07",""
"14/09/2024 07:00:00 - 14/09/2024 08:00:00","BZN|ES","Without sequence","65.0",""
"14/09/2024 08:00:00 - 14/09/2024 09:00:00","BZN|ES","Without sequence","68.86",""
"14/09/2024 09:00:00 - 14/09/2024 10:00:00","BZN|ES","Without sequence","56.18",""
"14/09/2024 10:00:00 - 14/09/2024 11:00:00","BZN|ES","Without sequence","10.0",""
"14/09/2024 11:00:00 - 14/09/2024 12:00:00","BZN|ES","Without sequence","0.44",""
"14/09/2024 12:00:00 - 14/09/2024 13:00:00","BZN|ES","Without sequence","0.44",""
"14/09/2024 13:00:00 - 14/09/2024 14:00:00","BZN|ES","Without sequence","0.79",""
"14/09/2024 14:00:00 - 14/09/2024 15:00:00","BZN|ES","Without sequence","0.44",""
"14/09/2024 15:00:00 - 14/09/2024 16:00:00","BZN|ES","Without sequence","0.44",""
"14/09/2024 16:00:00 - 14/09/2024 17:00:00","BZN|ES","Without sequence","0.44",""
"14/09/2024 17:00:00 - 14/09/2024 18:00:00","BZN|ES","Without sequence","11.25",""
"14/09/2024 18:00:00 - 14/09/2024 19:00:00","BZN|ES","Without sequence","55.2",""
"14/09/2024 19:00:00 - 14/09/2024 20:00:00","BZN|ES","Without sequence","89.55",""
"14/09/2024 20:00:00 - 14/09/2024 21:00:00","BZN|ES","Without sequence","101.72",""
"14/09/2024 21:00:00 - 14/09/2024 22:00:00","BZN|ES","Without sequence","106.85",""
"14/09/2024 22:00:00 - 14/09/2024 23:00:00","BZN|ES","Without sequence","87.99",""
"14/09/2024 23:00:00 - 15/09/2024 00:00:00","BZN|ES","Without sequence","80.98",""
"15/09/2024 00:00:00 - 15/09/2024 01:00:00","BZN|ES","Without sequence","61.7",""
"15/09/2024 01:00:00 - 15/09/2024 02:00:00","BZN|ES","Without sequence","60.5",""
"15/09/2024 02:00:00 - 15/09/2024 03:00:00","BZN|ES","Without sequence","55.3",""
"15/09/2024 03:00:00 - 15/09/2024 04:00:00","BZN|ES","Without sequence","54.05",""
"15/09/2024 04:00:00 - 15/09/2024 05:00:00","BZN|ES","Without sequence","54.05",""
"15/09/2024 05:00:00 - 15/09/2024 06:00:00","BZN|ES","Without sequence","54.16",""
"15/09/2024 06:00:00 - 15/09/2024 07:00:00","BZN|ES","Without sequence","54.05",""
"15/09/2024 07:00:00 - 15/09/2024 08:00:00","BZN|ES","Without sequence","54.05",""
"15/09/2024 08:00:00 - 15/09/2024 09:00:00","BZN|ES","Without sequence","32.48",""
"15/09/2024 09:00:00 - 15/09/2024 10:00:00","BZN|ES","Without sequence","6.0",""
"15/09/2024 10:00:00 - 15/09/2024 11:00:00","BZN|ES","Without sequence","0.0",""
"15/09/2024 11:00:00 - 15/09/2024 12:00:00","BZN|ES","Without sequence","-0.01",""
"15/09/2024 12:00:00 - 15/09/2024 13:00:00","BZN|ES","Without sequence","-0.25",""
"15/09/2024 13:00:00 - 15/09/2024 14:00:00","BZN|ES","Without sequence","-0.01",""
"15/09/2024 14:00:00 - 15/09/2024 15:00:00","BZN|ES","Without sequence","-0.36",""
"15/09/2024 15:00:00 - 15/09/2024 16:00:00","BZN|ES","Without sequence","-0.36",""
"15/09/2024 16:00:00 - 15/09/2024 17:00:00","BZN|ES","Without sequence","-0.36",""
"15/09/2024 17:00:00 - 15/09/2024 18:00:00","BZN|ES","Without sequence","-0.01",""
"15/09/2024 18:00:00 - 15/09/2024 19:00:00","BZN|ES","Without sequence","0.44",""
"15/09/2024 19:00:00 - 15/09/2024 20:00:00","BZN|ES","Without sequence","49.85",""
"15/09/2024 20:00:00 - 15/09/2024 21:00:00","BZN|ES","Without sequence","65.08",""
"15/09/2024 21:00:00 - 15/09/2024 22:00:00","BZN|ES","Without sequence","64.39",""
"15/09/2024 22:00:00 - 15/09/2024 23:00:00","BZN|ES","Without sequence","60.74",""
"15/09/2024 23:00:00 - 16/09/2024 00:00:00","BZN|ES","Without sequence","54.91",""
"16/09/2024 00:00:00 - 16/09/2024 01:00:00","BZN|ES","Without sequence","30.0",""
"16/09/2024 01:00:00 - 16/09/2024 02:00:00","BZN|ES","Without sequence","13.03",""
"16/09/2024 02:00:00 - 16/09/2024 03:00:00","BZN|ES","Without sequence","15.0",""
"16/09/2024 03:00:00 - 16/09/2024 04:00:00","BZN|ES","Without sequence","11.85",""
"16/09/2024 04:00:00 - 16/09/2024 05:00:00","BZN|ES","Without sequence","6.0",""
"16/09/2024 05:00:00 - 16/09/2024 06:00:00","BZN|ES","Without sequence","10.15",""
"16/09/2024 06:00:00 - 16/09/2024 07:00:00","BZN|ES","Without sequence","41.1",""
"16/09/2024 07:00:00 - 16/09/2024 08:00:00","BZN|ES","Without sequence","60.0",""
"16/09/2024 08:00:00 - 16/09/2024 09:00:00","BZN|ES","Without sequence","60.0",""
"16/09/2024 09:00:00 - 16/09/2024 10:00:00","BZN|ES","Without sequence","45.1",""
"16/09/2024 10:00:00 - 16/09/2024 11:00:00","BZN|ES","Without sequence","3.32",""
"16/09/2024 11:00:00 - 16/09/2024 12:00:00","BZN|ES","Without sequence","0.0",""
"16/09/2024 12:00:00 - 16/09/2024 13:00:00","BZN|ES","Without sequence","0.0",""
"16/09/2024 13:00:00 - 16/09/2024 14:00:00","BZN|ES","Without sequence","0.0",""
"16/09/2024 14:00:00 - 16/09/2024 15:00:00","BZN|ES","Without sequence","0.0",""
"16/09/2024 15:00:00 - 16/09/2024 16:00:00","BZN|ES","Without sequence","0.0",""
"16/09/2024 16:00:00 - 16/09/2024 17:00:00","BZN|ES","Without sequence","0.0",""
"16/09/2024 17:00:00 - 16/09/2024 18:00:00","BZN|ES","Without sequence","0.06",""
"16/09/2024 18:00:00 - 16/09/2024 19:00:00","BZN|ES","Without sequence","29.68",""
"16/09/2024 19:00:00 - 16/09/2024 20:00:00","BZN|ES","Without sequence","60.98",""
"16/09/2024 20:00:00 - 16/09/2024 21:00:00","BZN|ES","Without sequence","88.4",""
"16/09/2024 21:00:00 - 16/09/2024 22:00:00","BZN|ES","Without sequence","81.82",""
"16/09/2024 22:00:00 - 16/09/2024 23:00:00","BZN|ES","Without sequence","55.92",""
"16/09/2024 23:00:00 - 17/09/2024 00:00:00","BZN|ES","Without sequence","40.06",""
"17/09/2024 00:00:00 - 17/09/2024 01:00:00","BZN|ES","Without sequence","26.3",""
"17/09/2024 01:00:00 - 17/09/2024 02:00:00","BZN|ES","Without sequence","12.18",""
"17/09/2024 02:00:00 - 17/09/2024 03:00:00","BZN|ES","Without sequence","6.99",""
"17/09/2024 03:00:00 - 17/09/2024 04:00:00","BZN|ES","Without sequence","9.24",""
"17/09/2024 04:00:00 - 17/09/2024 05:00:00","BZN|ES","Without sequence","5.15",""
"17/09/2024 05:00:00 - 17/09/2024 06:00:00","BZN|ES","Without sequence","5.0",""
"17/09/2024 06:00:00 - 17/09/2024 07:00:00","BZN|ES","Without sequence","33.88",""
"17/09/2024 07:00:00 - 17/09/2024 08:00:00","BZN|ES","Without sequence","49.71",""
"17/09/2024 08:00:00 - 17/09/2024 09:00:00","BZN|ES","Without sequence","53.34",""
"17/09/2024 09:00:00 - 17/09/2024 10:00:00","BZN|ES","Without sequence","33.99",""
"17/09/2024 10:00:00 - 17/09/2024 11:00:00","BZN|ES","Without sequence","0.44",""
"17/09/2024 11:00:00 - 17/09/2024 12:00:00","BZN|ES","Without sequence","0.0",""
"17/09/2024 12:00:00 - 17/09/2024 13:00:00","BZN|ES","Without sequence","0.0",""
"17/09/2024 13:00:00 - 17/09/2024 14:00:00","BZN|ES","Without sequence","0.0",""
"17/09/2024 14:00:00 - 17/09/2024 15:00:00","BZN|ES","Without sequence","0.0",""
"17/09/2024 15:00:00 - 17/09/2024 16:00:00","BZN|ES","Without sequence","0.0",""
"17/09/2024 16:00:00 - 17/09/2024 17:00:00","BZN|ES","Without sequence","0.0",""
"17/09/2024 17:00:00 - 17/09/2024 18:00:00","BZN|ES","Without sequence","3.0",""
"17/09/2024 18:00:00 - 17/09/2024 19:00:00","BZN|ES","Without sequence","32.26",""
"17/09/2024 19:00:00 - 17/09/2024 20:00:00","BZN|ES","Without sequence","50.76",""
"17/09/2024 20:00:00 - 17/09/2024 21:00:00","BZN|ES","Without sequence","93.52",""
"17/09/2024 21:00:00 - 17/09/2024 22:00:00","BZN|ES","Without sequence","85.23",""
"17/09/2024 22:00:00 - 17/09/2024 23:00:00","BZN|ES","Without sequence","60.74",""
"17/09/2024 23:00:00 - 18/09/2024 00:00:00","BZN|ES","Without sequence","55.0",""
"18/09/2024 00:00:00 - 18/09/2024 01:00:00","BZN|ES","Without sequence","70.59",""
"18/09/2024 01:00:00 - 18/09/2024 02:00:00","BZN|ES","Without sequence","81.0",""
"18/09/2024 02:00:00 - 18/09/2024 03:00:00","BZN|ES","Without sequence","81.22",""
"18/09/2024 03:00:00 - 18/09/2024 04:00:00","BZN|ES","Without sequence","81.22",""
"18/09/2024 04:00:00 - 18/09/2024 05:00:00","BZN|ES","Without sequence","82.44",""
"18/09/2024 05:00:00 - 18/09/2024 06:00:00","BZN|ES","Without sequence","88.01",""
"18/09/2024 06:00:00 - 18/09/2024 07:00:00","BZN|ES","Without sequence","99.22",""
"18/09/2024 07:00:00 - 18/09/2024 08:00:00","BZN|ES","Without sequence","113.22",""
"18/09/2024 08:00:00 - 18/09/2024 09:00:00","BZN|ES","Without sequence","123.0",""
"18/09/2024 09:00:00 - 18/09/2024 10:00:00","BZN|ES","Without sequence","108.65",""
"18/09/2024 10:00:00 - 18/09/2024 11:00:00","BZN|ES","Without sequence","85.74",""
"18/09/2024 11:00:00 - 18/09/2024 12:00:00","BZN|ES","Without sequence","65.82",""
"18/09/2024 12:00:00 - 18/09/2024 13:00:00","BZN|ES","Without sequence","60.0",""
"18/09/2024 13:00:00 - 18/09/2024 14:00:00","BZN|ES","Without sequence","60.0",""
"18/09/2024 14:00:00 - 18/09/2024 15:00:00","BZN|ES","Without sequence","57.61",""
"18/09/2024 15:00:00 - 18/09/2024 16:00:00","BZN|ES","Without sequence","56.47",""
"18/09/2024 16:00:00 - 18/09/2024 17:00:00","BZN|ES","Without sequence","61.0",""
"18/09/2024 17:00:00 - 18/09/2024 18:00:00","BZN|ES","Without sequence","85.5",""
"18/09/2024 18:00:00 - 18/09/2024 19:00:00","BZN|ES","Without sequence","88.0",""
"18/09/2024 19:00:00 - 18/09/2024 20:00:00","BZN|ES","Without sequence","120.01",""
"18/09/2024 20:00:00 - 18/09/2024 21:00:00","BZN|ES","Without sequence","143.02",""
"18/09/2024 21:00:00 - 18/09/2024 22:00:00","BZN|ES","Without sequence","148.26",""
"18/09/2024 22:00:00 - 18/09/2024 23:00:00","BZN|ES","Without sequence","112.24",""
"18/09/2024 23:00:00 - 19/09/2024 00:00:00","BZN|ES","Without sequence","109.85",""
"19/09/2024 00:00:00 - 19/09/2024 01:00:00","BZN|ES","Without sequence","100.67",""
"19/09/2024 01:00:00 - 19/09/2024 02:00:00","BZN|ES","Without sequence","97.89",""
"19/09/2024 02:00:00 - 19/09/2024 03:00:00","BZN|ES","Without sequence","98.02",""
"19/09/2024 03:00:00 - 19/09/2024 04:00:00","BZN|ES","Without sequence","98.42",""
"19/09/2024 04:00:00 - 19/09/2024 05:00:00","BZN|ES","Without sequence","100.67",""
"19/09/2024 05:00:00 - 19/09/2024 06:00:00","BZN|ES","Without sequence","93.0",""
"19/09/2024 06:00:00 - 19/09/2024 07:00:00","BZN|ES","Without sequence","106.42",""
"19/09/2024 07:00:00 - 19/09/2024 08:00:00","BZN|ES","Without sequence","118.23",""
"19/09/2024 08:00:00 - 19/09/2024 09:00:00","BZN|ES","Without sequence","120.85",""
"19/09/2024 09:00:00 - 19/09/2024 10:00:00","BZN|ES","Without sequence","114.7",""
"19/09/2024 10:00:00 - 19/09/2024 11:00:00","BZN|ES","Without sequence","97.94",""
"19/09/2024 11:00:00 - 19/09/2024 12:00:00","BZN|ES","Without sequence","97.89",""
"19/09/2024 12:00:00 - 19/09/2024 13:00:00","BZN|ES","Without sequence","97.33",""
"19/09/2024 13:00:00 - 19/09/2024 14:00:00","BZN|ES","Without sequence","95.5",""
"19/09/2024 14:00:00 - 19/09/2024 15:00:00","BZN|ES","Without sequence","95.0",""
"19/09/2024 15:00:00 - 19/09/2024 16:00:00","BZN|ES","Without sequence","88.0",""
"19/09/2024 16:00:00 - 19/09/2024 17:00:00","BZN|ES","Without sequence","95.4",""
"19/09/2024 17:00:00 - 19/09/2024 18:00:00","BZN|ES","Without sequence","95.5",""
"19/09/2024 18:00:00 - 19/09/2024 19:00:00","BZN|ES","Without sequence","102.0",""
"19/09/2024 19:00:00 - 19/09/2024 20:00:00","BZN|ES","Without sequence","119.44",""
"19/09/2024 20:00:00 - 19/09/2024 21:00:00","BZN|ES","Without sequence","146.5",""
"19/09/2024 21:00:00 - 19/09/2024 22:00:00","BZN|ES","Without sequence","155.01",""
"19/09/2024 22:00:00 - 19/09/2024 23:00:00","BZN|ES","Without sequence","120.69",""
"19/09/2024 23:00:00 - 20/09/2024 00:00:00","BZN|ES","Without sequence","112.46",""
"20/09/2024 00:00:00 - 20/09/2024 01:00:00","BZN|ES","Without sequence","115.31",""
"20/09/2024 01:00:00 - 20/09/2024 02:00:00","BZN|ES","Without sequence","108.9",""
"20/09/2024 02:00:00 - 20/09/2024 03:00:00","BZN|ES","Without sequence","104.61",""
"20/09/2024 03:00:00 - 20/09/2024 04:00:00","BZN|ES","Without sequence","104.61",""
"20/09/2024 04:00:00 - 20/09/2024 05:00:00","BZN|ES","Without sequence","106.62",""
"20/09/2024 05:00:00 - 20/09/2024 06:00:00","BZN|ES","Without sequence","107.9",""
"20/09/2024 06:00:00 - 20/09/2024 07:00:00","BZN|ES","Without sequence","111.6",""
"20/09/2024 07:00:00 - 20/09/2024 08:00:00","BZN|ES","Without sequence","124.9",""
"20/09/2024 08:00:00 - 20/09/2024 09:00:00","BZN|ES","Without sequence","124.9",""
"20/09/2024 09:00:00 - 20/09/2024 10:00:00","BZN|ES","Without sequence","114.92",""
"20/09/2024 10:00:00 - 20/09/2024 11:00:00","BZN|ES","Without sequence","115.98",""
"20/09/2024 11:00:00 - 20/09/2024 12:00:00","BZN|ES","Without sequence","106.62",""
"20/09/2024 12:00:00 - 20/09/2024 13:00:00","BZN|ES","Without sequence","87.0",""
"20/09/2024 13:00:00 - 20/09/2024 14:00:00","BZN|ES","Without sequence","81.34",""
"20/09/2024 14:00:00 - 20/09/2024 15:00:00","BZN|ES","Without sequence","77.84",""
"20/09/2024 15:00:00 - 20/09/2024 16:00:00","BZN|ES","Without sequence","72.85",""
"20/09/2024 16:00:00 - 20/09/2024 17:00:00","BZN|ES","Without sequence","77.1",""
"20/09/2024 17:00:00 - 20/09/2024 18:00:00","BZN|ES","Without sequence","85.5",""
"20/09/2024 18:00:00 - 20/09/2024 19:00:00","BZN|ES","Without sequence","106.62",""
"20/09/2024 19:00:00 - 20/09/2024 20:00:00","BZN|ES","Without sequence","113.0",""
"20/09/2024 20:00:00 - 20/09/2024 21:00:00","BZN|ES","Without sequence","145.73",""
"20/09/2024 21:00:00 - 20/09/2024 22:00:00","BZN|ES","Without sequence","146.97",""
"20/09/2024 22:00:00 - 20/09/2024 23:00:00","BZN|ES","Without sequence","125.0",""
"20/09/2024 23:00:00 - 21/09/2024 00:00:00","BZN|ES","Without sequence","118.72",""
"21/09/2024 00:00:00 - 21/09/2024 01:00:00","BZN|ES","Without sequence","104.64",""
"21/09/2024 01:00:00 - 21/09/2024 02:00:00","BZN|ES","Without sequence","100.28",""
"21/09/2024 02:00:00 - 21/09/2024 03:00:00","BZN|ES","Without sequence","98.02",""
"21/09/2024 03:00:00 - 21/09/2024 04:00:00","BZN|ES","Without sequence","102.55",""
"21/09/2024 04:00:00 - 21/09/2024 05:00:00","BZN|ES","Without sequence","100.07",""
"21/09/2024 05:00:00 - 21/09/2024 06:00:00","BZN|ES","Without sequence","100.28",""
"21/09/2024 06:00:00 - 21/09/2024 07:00:00","BZN|ES","Without sequence","94.9",""
"21/09/2024 07:00:00 - 21/09/2024 08:00:00","BZN|ES","Without sequence","95.9",""
"21/09/2024 08:00:00 - 21/09/2024 09:00:00","BZN|ES","Without sequence","100.07",""
"21/09/2024 09:00:00 - 21/09/2024 10:00:00","BZN|ES","Without sequence","100.87",""
"21/09/2024 10:00:00 - 21/09/2024 11:00:00","BZN|ES","Without sequence","95.01",""
"21/09/2024 11:00:00 - 21/09/2024 12:00:00","BZN|ES","Without sequence","74.29",""
"21/09/2024 12:00:00 - 21/09/2024 13:00:00","BZN|ES","Without sequence","64.7",""
"21/09/2024 13:00:00 - 21/09/2024 14:00:00","BZN|ES","Without sequence","50.24",""
"21/09/2024 14:00:00 - 21/09/2024 15:00:00","BZN|ES","Without sequence","30.0",""
"21/09/2024 15:00:00 - 21/09/2024 16:00:00","BZN|ES","Without sequence","3.32",""
"21/09/2024 16:00:00 - 21/09/2024 17:00:00","BZN|ES","Without sequence","20.22",""
"21/09/2024 17:00:00 - 21/09/2024 18:00:00","BZN|ES","Without sequence","49.77",""
"21/09/2024 18:00:00 - 21/09/2024 19:00:00","BZN|ES","Without sequence","75.0",""
"21/09/2024 19:00:00 - 21/09/2024 20:00:00","BZN|ES","Without sequence","108.67",""
"21/09/2024 20:00:00 - 21/09/2024 21:00:00","BZN|ES","Without sequence","117.31",""
"21/09/2024 21:00:00 - 21/09/2024 22:00:00","BZN|ES","Without sequence","133.02",""
"21/09/2024 22:00:00 - 21/09/2024 23:00:00","BZN|ES","Without sequence","115.14",""
"21/09/2024 23:00:00 - 22/09/2024 00:00:00","BZN|ES","Without sequence","115.0",""
"22/09/2024 00:00:00 - 22/09/2024 01:00:00","BZN|ES","Without sequence","99.98",""
"22/09/2024 01:00:00 - 22/09/2024 02:00:00","BZN|ES","Without sequence","95.58",""
"22/09/2024 02:00:00 - 22/09/2024 03:00:00","BZN|ES","Without sequence","95.55",""
"22/09/2024 03:00:00 - 22/09/2024 04:00:00","BZN|ES","Without sequence","95.84",""
"22/09/2024 04:00:00 - 22/09/2024 05:00:00","BZN|ES","Without sequence","93.9",""
"22/09/2024 05:00:00 - 22/09/2024 06:00:00","BZN|ES","Without sequence","97.9",""
"22/09/2024 06:00:00 - 22/09/2024 07:00:00","BZN|ES","Without sequence","102.55",""
"22/09/2024 07:00:00 - 22/09/2024 08:00:00","BZN|ES","Without sequence","102.98",""
"22/09/2024 08:00:00 - 22/09/2024 09:00:00","BZN|ES","Without sequence","96.31",""
"22/09/2024 09:00:00 - 22/09/2024 10:00:00","BZN|ES","Without sequence","90.63",""
"22/09/2024 10:00:00 - 22/09/2024 11:00:00","BZN|ES","Without sequence","50.24",""
"22/09/2024 11:00:00 - 22/09/2024 12:00:00","BZN|ES","Without sequence","11.87",""
"22/09/2024 12:00:00 - 22/09/2024 13:00:00","BZN|ES","Without sequence","11.68",""
"22/09/2024 13:00:00 - 22/09/2024 14:00:00","BZN|ES","Without sequence","0.1",""
"22/09/2024 14:00:00 - 22/09/2024 15:00:00","BZN|ES","Without sequence","0.01",""
"22/09/2024 15:00:00 - 22/09/2024 16:00:00","BZN|ES","Without sequence","2.0",""
"22/09/2024 16:00:00 - 22/09/2024 17:00:00","BZN|ES","Without sequence","2.0",""
"22/09/2024 17:00:00 - 22/09/2024 18:00:00","BZN|ES","Without sequence","28.45",""
"22/09/2024 18:00:00 - 22/09/2024 19:00:00","BZN|ES","Without sequence","70.0",""
"22/09/2024 19:00:00 - 22/09/2024 20:00:00","BZN|ES","Without sequence","102.69",""
"22/09/2024 20:00:00 - 22/09/2024 21:00:00","BZN|ES","Without sequence","110.22",""
"22/09/2024 21:00:00 - 22/09/2024 22:00:00","BZN|ES","Without sequence","114.53",""
"22/09/2024 22:00:00 - 22/09/2024 23:00:00","BZN|ES","Without sequence","102.74",""
"22/09/2024 23:00:00 - 23/09/2024 00:00:00","BZN|ES","Without sequence","99.98",""
"23/09/2024 00:00:00 - 23/09/2024 01:00:00","BZN|ES","Without sequence","102.55",""
"23/09/2024 01:00:00 - 23/09/2024 02:00:00","BZN|ES","Without sequence","95.58",""
"23/09/2024 02:00:00 - 23/09/2024 03:00:00","BZN|ES","Without sequence","90.0",""
"23/09/2024 03:00:00 - 23/09/2024 04:00:00","BZN|ES","Without sequence","93.17",""
"23/09/2024 04:00:00 - 23/09/2024 05:00:00","BZN|ES","Without sequence","93.88",""
"23/09/2024 05:00:00 - 23/09/2024 06:00:00","BZN|ES","Without sequence","95.58",""
"23/09/2024 06:00:00 - 23/09/2024 07:00:00","BZN|ES","Without sequence","96.4",""
"23/09/2024 07:00:00 - 23/09/2024 08:00:00","BZN|ES","Without sequence","115.26",""
"23/09/2024 08:00:00 - 23/09/2024 09:00:00","BZN|ES","Without sequence","120.01",""
"23/09/2024 09:00:00 - 23/09/2024 10:00:00","BZN|ES","Without sequence","101.7",""
"23/09/2024 10:00:00 - 23/09/2024 11:00:00","BZN|ES","Without sequence","85.0",""
"23/09/2024 11:00:00 - 23/09/2024 12:00:00","BZN|ES","Without sequence","66.54",""
"23/09/2024 12:00:00 - 23/09/2024 13:00:00","BZN|ES","Without sequence","51.1",""
"23/09/2024 13:00:00 - 23/09/2024 14:00:00","BZN|ES","Without sequence","50.24",""
"23/09/2024 14:00:00 - 23/09/2024 15:00:00","BZN|ES","Without sequence","39.9",""
"23/09/2024 15:00:00 - 23/09/2024 16:00:00","BZN|ES","Without sequence","20.5",""
"23/09/2024 16:00:00 - 23/09/2024 17:00:00","BZN|ES","Without sequence","40.65",""
"23/09/2024 17:00:00 - 23/09/2024 18:00:00","BZN|ES","Without sequence","60.81",""
"23/09/2024 18:00:00 - 23/09/2024 19:00:00","BZN|ES","Without sequence","95.58",""
"23/09/2024 19:00:00 - 23/09/2024 20:00:00","BZN|ES","Without sequence","116.05",""
"23/09/2024 20:00:00 - 23/09/2024 21:00:00","BZN|ES","Without sequence","155.01",""
"23/09/2024 21:00:00 - 23/09/2024 22:00:00","BZN|ES","Without sequence","157.66",""
"23/09/2024 22:00:00 - 23/09/2024 23:00:00","BZN|ES","Without sequence","112.55",""
"23/09/2024 23:00:00 - 24/09/2024 00:00:00","BZN|ES","Without sequence","105.08",""
"24/09/2024 00:00:00 - 24/09/2024 01:00:00","BZN|ES","Without sequence","95.52",""
"24/09/2024 01:00:00 - 24/09/2024 02:00:00","BZN|ES","Without sequence","95.0",""
"24/09/2024 02:00:00 - 24/09/2024 03:00:00","BZN|ES","Without sequence","94.5",""
"24/09/2024 03:00:00 - 24/09/2024 04:00:00","BZN|ES","Without sequence","93.84",""
"24/09/2024 04:00:00 - 24/09/2024 05:00:00","BZN|ES","Without sequence","93.84",""
"24/09/2024 05:00:00 - 24/09/2024 06:00:00","BZN|ES","Without sequence","93.84",""
"24/09/2024 06:00:00 - 24/09/2024 07:00:00","BZN|ES","Without sequence","107.74",""
"24/09/2024 07:00:00 - 24/09/2024 08:00:00","BZN|ES","Without sequence","120.1",""
"24/09/2024 08:00:00 - 24/09/2024 09:00:00","BZN|ES","Without sequence","127.67",""
"24/09/2024 09:00:00 - 24/09/2024 10:00:00","BZN|ES","Without sequence","117.9",""
"24/09/2024 10:00:00 - 24/09/2024 11:00:00","BZN|ES","Without sequence","94.08",""
"24/09/2024 11:00:00 - 24/09/2024 12:00:00","BZN|ES","Without sequence","79.49",""
"24/09/2024 12:00:00 - 24/09/2024 13:00:00","BZN|ES","Without sequence","64.96",""
"24/09/2024 13:00:00 - 24/09/2024 14:00:00","BZN|ES","Without sequence","59.77",""
"24/09/2024 14:00:00 - 24/09/2024 15:00:00","BZN|ES","Without sequence","57.31",""
"24/09/2024 15:00:00 - 24/09/2024 16:00:00","BZN|ES","Without sequence","59.55",""
"24/09/2024 16:00:00 - 24/09/2024 17:00:00","BZN|ES","Without sequence","60.2",""
"24/09/2024 17:00:00 - 24/09/2024 18:00:00","BZN|ES","Without sequence","82.44",""
"24/09/2024 18:00:00 - 24/09/2024 19:00:00","BZN|ES","Without sequence","83.65",""
"24/09/2024 19:00:00 - 24/09/2024 20:00:00","BZN|ES","Without sequence","124.76",""
"24/09/2024 20:00:00 - 24/09/2024 21:00:00","BZN|ES","Without sequence","140.0",""
"24/09/2024 21:00:00 - 24/09/2024 22:00:00","BZN|ES","Without sequence","138.44",""
"24/09/2024 22:00:00 - 24/09/2024 23:00:00","BZN|ES","Without sequence","112.55",""
"24/09/2024 23:00:00 - 25/09/2024 00:00:00","BZN|ES","Without sequence","102.34",""
"25/09/2024 00:00:00 - 25/09/2024 01:00:00","BZN|ES","Without sequence","92.4",""
"25/09/2024 01:00:00 - 25/09/2024 02:00:00","BZN|ES","Without sequence","75.49",""
"25/09/2024 02:00:00 - 25/09/2024 03:00:00","BZN|ES","Without sequence","73.08",""
"25/09/2024 03:00:00 - 25/09/2024 04:00:00","BZN|ES","Without sequence","72.72",""
"25/09/2024 04:00:00 - 25/09/2024 05:00:00","BZN|ES","Without sequence","60.8",""
"25/09/2024 05:00:00 - 25/09/2024 06:00:00","BZN|ES","Without sequence","60.7",""
"25/09/2024 06:00:00 - 25/09/2024 07:00:00","BZN|ES","Without sequence","60.7",""
"25/09/2024 07:00:00 - 25/09/2024 08:00:00","BZN|ES","Without sequence","84.24",""
"25/09/2024 08:00:00 - 25/09/2024 09:00:00","BZN|ES","Without sequence","88.09",""
"25/09/2024 09:00:00 - 25/09/2024 10:00:00","BZN|ES","Without sequence","70.76",""
"25/09/2024 10:00:00 - 25/09/2024 11:00:00","BZN|ES","Without sequence","61.5",""
"25/09/2024 11:00:00 - 25/09/2024 12:00:00","BZN|ES","Without sequence","52.1",""
"25/09/2024 12:00:00 - 25/09/2024 13:00:00","BZN|ES","Without sequence","40.0",""
"25/09/2024 13:00:00 - 25/09/2024 14:00:00","BZN|ES","Without sequence","34.27",""
"25/09/2024 14:00:00 - 25/09/2024 15:00:00","BZN|ES","Without sequence","36.23",""
"25/09/2024 15:00:00 - 25/09/2024 16:00:00","BZN|ES","Without sequence","15.0",""
"25/09/2024 16:00:00 - 25/09/2024 17:00:00","BZN|ES","Without sequence","14.0",""
"25/09/2024 17:00:00 - 25/09/2024 18:00:00","BZN|ES","Without sequence","34.23",""
"25/09/2024 18:00:00 - 25/09/2024 19:00:00","BZN|ES","Without sequence","41.91",""
"25/09/2024 19:00:00 - 25/09/2024 20:00:00","BZN|ES","Without sequence","60.8",""
"25/09/2024 20:00:00 - 25/09/2024 21:00:00","BZN|ES","Without sequence","74.0",""
"25/09/2024 21:00:00 - 25/09/2024 22:00:00","BZN|ES","Without sequence","73.08",""
"25/09/2024 22:00:00 - 25/09/2024 23:00:00","BZN|ES","Without sequence","57.3",""
"25/09/2024 23:00:00 - 26/09/2024 00:00:00","BZN|ES","Without sequence","40.0",""
"26/09/2024 00:00:00 - 26/09/2024 01:00:00","BZN|ES","Without sequence","20.3",""
"26/09/2024 01:00:00 - 26/09/2024 02:00:00","BZN|ES","Without sequence","6.99",""
"26/09/2024 02:00:00 - 26/09/2024 03:00:00","BZN|ES","Without sequence","10.29",""
"26/09/2024 03:00:00 - 26/09/2024 04:00:00","BZN|ES","Without sequence","4.92",""
"26/09/2024 04:00:00 - 26/09/2024 05:00:00","BZN|ES","Without sequence","3.32",""
"26/09/2024 05:00:00 - 26/09/2024 06:00:00","BZN|ES","Without sequence","7.33",""
"26/09/2024 06:00:00 - 26/09/2024 07:00:00","BZN|ES","Without sequence","33.83",""
"26/09/2024 07:00:00 - 26/09/2024 08:00:00","BZN|ES","Without sequence","58.27",""
"26/09/2024 08:00:00 - 26/09/2024 09:00:00","BZN|ES","Without sequence","65.0",""
"26/09/2024 09:00:00 - 26/09/2024 10:00:00","BZN|ES","Without sequence","53.52",""
"26/09/2024 10:00:00 - 26/09/2024 11:00:00","BZN|ES","Without sequence","3.6",""
"26/09/2024 11:00:00 - 26/09/2024 12:00:00","BZN|ES","Without sequence","0.46",""
"26/09/2024 12:00:00 - 26/09/2024 13:00:00","BZN|ES","Without sequence","0.0",""
"26/09/2024 13:00:00 - 26/09/2024 14:00:00","BZN|ES","Without sequence","0.0",""
"26/09/2024 14:00:00 - 26/09/2024 15:00:00","BZN|ES","Without sequence","0.0",""
"26/09/2024 15:00:00 - 26/09/2024 16:00:00","BZN|ES","Without sequence","0.0",""
"26/09/2024 16:00:00 - 26/09/2024 17:00:00","BZN|ES","Without sequence","0.0",""
"26/09/2024 17:00:00 - 26/09/2024 18:00:00","BZN|ES","Without sequence","2.4",""
"26/09/2024 18:00:00 - 26/09/2024 19:00:00","BZN|ES","Without sequence","11.99",""
"26/09/2024 19:00:00 - 26/09/2024 20:00:00","BZN|ES","Without sequence","55.23",""
"26/09/2024 20:00:00 - 26/09/2024 21:00:00","BZN|ES","Without sequence","65.5",""
"26/09/2024 21:00:00 - 26/09/2024 22:00:00","BZN|ES","Without sequence","72.5",""
"26/09/2024 22:00:00 - 26/09/2024 23:00:00","BZN|ES","Without sequence","54.9",""
"26/09/2024 23:00:00 - 27/09/2024 00:00:00","BZN|ES","Without sequence","49.9",""
"27/09/2024 00:00:00 - 27/09/2024 01:00:00","BZN|ES","Without sequence","7.0",""
"27/09/2024 01:00:00 - 27/09/2024 02:00:00","BZN|ES","Without sequence","3.32",""
"27/09/2024 02:00:00 - 27/09/2024 03:00:00","BZN|ES","Without sequence","3.32",""
"27/09/2024 03:00:00 - 27/09/2024 04:00:00","BZN|ES","Without sequence","3.32",""
"27/09/2024 04:00:00 - 27/09/2024 05:00:00","BZN|ES","Without sequence","3.32",""
"27/09/2024 05:00:00 - 27/09/2024 06:00:00","BZN|ES","Without sequence","3.32",""
"27/09/2024 06:00:00 - 27/09/2024 07:00:00","BZN|ES","Without sequence","5.14",""
"27/09/2024 07:00:00 - 27/09/2024 08:00:00","BZN|ES","Without sequence","45.0",""
"27/09/2024 08:00:00 - 27/09/2024 09:00:00","BZN|ES","Without sequence","52.1",""
"27/09/2024 09:00:00 - 27/09/2024 10:00:00","BZN|ES","Without sequence","10.08",""
"27/09/2024 10:00:00 - 27/09/2024 11:00:00","BZN|ES","Without sequence","0.44",""
"27/09/2024 11:00:00 - 27/09/2024 12:00:00","BZN|ES","Without sequence","0.0",""
"27/09/2024 12:00:00 - 27/09/2024 13:00:00","BZN|ES","Without sequence","-0.01",""
"27/09/2024 13:00:00 - 27/09/2024 14:00:00","BZN|ES","Without sequence","-0.15",""
"27/09/2024 14:00:00 - 27/09/2024 15:00:00","BZN|ES","Without sequence","-0.04",""
"27/09/2024 15:00:00 - 27/09/2024 16:00:00","BZN|ES","Without sequence","-0.01",""
"27/09/2024 16:00:00 - 27/09/2024 17:00:00","BZN|ES","Without sequence","0.0",""
"27/09/2024 17:00:00 - 27/09/2024 18:00:00","BZN|ES","Without sequence","0.44",""
"27/09/2024 18:00:00 - 27/09/2024 19:00:00","BZN|ES","Without sequence","34.21",""
"27/09/2024 19:00:00 - 27/09/2024 20:00:00","BZN|ES","Without sequence","69.85",""
"27/09/2024 20:00:00 - 27/09/2024 21:00:00","BZN|ES","Without sequence","98.07",""
"27/09/2024 21:00:00 - 27/09/2024 22:00:00","BZN|ES","Without sequence","109.83",""
"27/09/2024 22:00:00 - 27/09/2024 23:00:00","BZN|ES","Without sequence","87.0",""
"27/09/2024 23:00:00 - 28/09/2024 00:00:00","BZN|ES","Without sequence","79.0",""
"28/09/2024 00:00:00 - 28/09/2024 01:00:00","BZN|ES","Without sequence","86.04",""
"28/09/2024 01:00:00 - 28/09/2024 02:00:00","BZN|ES","Without sequence","75.1",""
"28/09/2024 02:00:00 - 28/09/2024 03:00:00","BZN|ES","Without sequence","54.0",""
"28/09/2024 03:00:00 - 28/09/2024 04:00:00","BZN|ES","Without sequence","49.0",""
"28/09/2024 04:00:00 - 28/09/2024 05:00:00","BZN|ES","Without sequence","45.0",""
"28/09/2024 05:00:00 - 28/09/2024 06:00:00","BZN|ES","Without sequence","43.77",""
"28/09/2024 06:00:00 - 28/09/2024 07:00:00","BZN|ES","Without sequence","45.0",""
"28/09/2024 07:00:00 - 28/09/2024 08:00:00","BZN|ES","Without sequence","54.18",""
"28/09/2024 08:00:00 - 28/09/2024 09:00:00","BZN|ES","Without sequence","50.0",""
"28/09/2024 09:00:00 - 28/09/2024 10:00:00","BZN|ES","Without sequence","24.17",""
"28/09/2024 10:00:00 - 28/09/2024 11:00:00","BZN|ES","Without sequence","3.6",""
"28/09/2024 11:00:00 - 28/09/2024 12:00:00","BZN|ES","Without sequence","0.0",""
"28/09/2024 12:00:00 - 28/09/2024 13:00:00","BZN|ES","Without sequence","0.0",""
"28/09/2024 13:00:00 - 28/09/2024 14:00:00","BZN|ES","Without sequence","0.0",""
"28/09/2024 14:00:00 - 28/09/2024 15:00:00","BZN|ES","Without sequence","0.0",""
"28/09/2024 15:00:00 - 28/09/2024 16:00:00","BZN|ES","Without sequence","0.0",""
"28/09/2024 16:00:00 - 28/09/2024 17:00:00","BZN|ES","Without sequence","0.0",""
"28/09/2024 17:00:00 - 28/09/2024 18:00:00","BZN|ES","Without sequence","0.44",""
"28/09/2024 18:00:00 - 28/09/2024 19:00:00","BZN|ES","Without sequence","50.24",""
"28/09/2024 19:00:00 - 28/09/2024 20:00:00","BZN|ES","Without sequence","111.23",""
"28/09/2024 20:00:00 - 28/09/2024 21:00:00","BZN|ES","Without sequence","114.29",""
"28/09/2024 21:00:00 - 28/09/2024 22:00:00","BZN|ES","Without sequence","120.11",""
"28/09/2024 22:00:00 - 28/09/2024 23:00:00","BZN|ES","Without sequence","106.0",""
"28/09/2024 23:00:00 - 29/09/2024 00:00:00","BZN|ES","Without sequence","91.25",""
"29/09/2024 00:00:00 - 29/09/2024 01:00:00","BZN|ES","Without sequence","84.99",""
"29/09/2024 01:00:00 - 29/09/2024 02:00:00","BZN|ES","Without sequence","79.49",""
"29/09/2024 02:00:00 - 29/09/2024 03:00:00","BZN|ES","Without sequence","74.9",""
"29/09/2024 03:00:00 - 29/09/2024 04:00:00","BZN|ES","Without sequence","58.36",""
"29/09/2024 04:00:00 - 29/09/2024 05:00:00","BZN|ES","Without sequence","49.2",""
"29/09/2024 05:00:00 - 29/09/2024 06:00:00","BZN|ES","Without sequence","49.2",""
"29/09/2024 06:00:00 - 29/09/2024 07:00:00","BZN|ES","Without sequence","55.0",""
"29/09/2024 07:00:00 - 29/09/2024 08:00:00","BZN|ES","Without sequence","60.66",""
"29/09/2024 08:00:00 - 29/09/2024 09:00:00","BZN|ES","Without sequence","57.94",""
"29/09/2024 09:00:00 - 29/09/2024 10:00:00","BZN|ES","Without sequence","19.9",""
"29/09/2024 10:00:00 - 29/09/2024 11:00:00","BZN|ES","Without sequence","0.0",""
"29/09/2024 11:00:00 - 29/09/2024 12:00:00","BZN|ES","Without sequence","-0.12",""
"29/09/2024 12:00:00 - 29/09/2024 13:00:00","BZN|ES","Without sequence","-0.39",""
"29/09/2024 13:00:00 - 29/09/2024 14:00:00","BZN|ES","Without sequence","-0.5",""
"29/09/2024 14:00:00 - 29/09/2024 15:00:00","BZN|ES","Without sequence","-0.45",""
"29/09/2024 15:00:00 - 29/09/2024 16:00:00","BZN|ES","Without sequence","-0.79",""
"29/09/2024 16:00:00 - 29/09/2024 17:00:00","BZN|ES","Without sequence","-0.79",""
"29/09/2024 17:00:00 - 29/09/2024 18:00:00","BZN|ES","Without sequence","-0.01",""
"29/09/2024 18:00:00 - 29/09/2024 19:00:00","BZN|ES","Without sequence","8.6",""
"29/09/2024 19:00:00 - 29/09/2024 20:00:00","BZN|ES","Without sequence","72.34",""
"29/09/2024 20:00:00 - 29/09/2024 21:00:00","BZN|ES","Without sequence","95.0",""
"29/09/2024 21:00:00 - 29/09/2024 22:00:00","BZN|ES","Without sequence","101.89",""
"29/09/2024 22:00:00 - 29/09/2024 23:00:00","BZN|ES","Without sequence","95.98",""
"29/09/2024 23:00:00 - 30/09/2024 00:00:00","BZN|ES","Without sequence","84.99",""
"30/09/2024 00:00:00 - 30/09/2024 01:00:00","BZN|ES","Without sequence","80.35",""
"30/09/2024 01:00:00 - 30/09/2024 02:00:00","BZN|ES","Without sequence","83.0",""
"30/09/2024 02:00:00 - 30/09/2024 03:00:00","BZN|ES","Without sequence","94.4",""
"30/09/2024 03:00:00 - 30/09/2024 04:00:00","BZN|ES","Without sequence","88.0",""
"30/09/2024 04:00:00 - 30/09/2024 05:00:00","BZN|ES","Without sequence","85.0",""
"30/09/2024 05:00:00 - 30/09/2024 06:00:00","BZN|ES","Without sequence","95.98",""
"30/09/2024 06:00:00 - 30/09/2024 07:00:00","BZN|ES","Without sequence","106.0",""
"30/09/2024 07:00:00 - 30/09/2024 08:00:00","BZN|ES","Without sequence","141.94",""
"30/09/2024 08:00:00 - 30/09/2024 09:00:00","BZN|ES","Without sequence","160.1",""
"30/09/2024 09:00:00 - 30/09/2024 10:00:00","BZN|ES","Without sequence","106.0",""
"30/09/2024 10:00:00 - 30/09/2024 11:00:00","BZN|ES","Without sequence","69.14",""
"30/09/2024 11:00:00 - 30/09/2024 12:00:00","BZN|ES","Without sequence","47.77",""
"30/09/2024 12:00:00 - 30/09/2024 13:00:00","BZN|ES","Without sequence","29.21",""
"30/09/2024 13:00:00 - 30/09/2024 14:00:00","BZN|ES","Without sequence","25.2",""
"30/09/2024 14:00:00 - 30/09/2024 15:00:00","BZN|ES","Without sequence","10.0",""
"30/09/2024 15:00:00 - 30/09/2024 16:00:00","BZN|ES","Without sequence","2.4",""
"30/09/2024 16:00:00 - 30/09/2024 17:00:00","BZN|ES","Without sequence","18.2",""
"30/09/2024 17:00:00 - 30/09/2024 18:00:00","BZN|ES","Without sequence","49.54",""
"30/09/2024 18:00:00 - 30/09/2024 19:00:00","BZN|ES","Without sequence","95.74",""
"30/09/2024 19:00:00 - 30/09/2024 20:00:00","BZN|ES","Without sequence","119.72",""
"30/09/2024 20:00:00 - 30/09/2024 21:00:00","BZN|ES","Without sequence","176.21",""
"30/09/2024 21:00:00 - 30/09/2024 22:00:00","BZN|ES","Without sequence","174.5",""
"30/09/2024 22:00:00 - 30/09/2024 23:00:00","BZN|ES","Without sequence","124.44",""
"30/09/2024 23:00:00 - 01/10/2024 00:00:00","BZN|ES","Without sequence","125.45",""
"01/10/2024 00:00:00 - 01/10/2024 01:00:00","BZN|ES","Without sequence","104.0",""
"01/10/2024 01:00:00 - 01/10/2024 02:00:00","BZN|ES","Without sequence","97.68",""
"01/10/2024 02:00:00 - 01/10/2024 03:00:00","BZN|ES","Without sequence","97.68",""
"01/10/2024 03:00:00 - 01/10/2024 04:00:00","BZN|ES","Without sequence","94.86",""
"01/10/2024 04:00:00 - 01/10/2024 05:00:00","BZN|ES","Without sequence","84.01",""
"01/10/2024 05:00:00 - 01/10/2024 06:00:00","BZN|ES","Without sequence","80.35",""
"01/10/2024 06:00:00 - 01/10/2024 07:00:00","BZN|ES","Without sequence","88.13",""
"01/10/2024 07:00:00 - 01/10/2024 08:00:00","BZN|ES","Without sequence","117.04",""
"01/10/2024 08:00:00 - 01/10/2024 09:00:00","BZN|ES","Without sequence","123.81",""
"01/10/2024 09:00:00 - 01/10/2024 10:00:00","BZN|ES","Without sequence","100.0",""
"01/10/2024 10:00:00 - 01/10/2024 11:00:00","BZN|ES","Without sequence","99.54",""
"01/10/2024 11:00:00 - 01/10/2024 12:00:00","BZN|ES","Without sequence","79.49",""
"01/10/2024 12:00:00 - 01/10/2024 13:00:00","BZN|ES","Without sequence","58.48",""
"01/10/2024 13:00:00 - 01/10/2024 14:00:00","BZN|ES","Without sequence","55.41",""
"01/10/2024 14:00:00 - 01/10/2024 15:00:00","BZN|ES","Without sequence","56.28",""
"01/10/2024 15:00:00 - 01/10/2024 16:00:00","BZN|ES","Without sequence","57.98",""
"01/10/2024 16:00:00 - 01/10/2024 17:00:00","BZN|ES","Without sequence","55.9",""
"01/10/2024 17:00:00 - 01/10/2024 18:00:00","BZN|ES","Without sequence","76.14",""
"01/10/2024 18:00:00 - 01/10/2024 19:00:00","BZN|ES","Without sequence","103.57",""
"01/10/2024 19:00:00 - 01/10/2024 20:00:00","BZN|ES","Without sequence","143.44",""
"01/10/2024 20:00:00 - 01/10/2024 21:00:00","BZN|ES","Without sequence","173.81",""
"01/10/2024 21:00:00 - 01/10/2024 22:00:00","BZN|ES","Without sequence","165.98",""
"01/10/2024 22:00:00 - 01/10/2024 23:00:00","BZN|ES","Without sequence","125.45",""
"01/10/2024 23:00:00 - 02/10/2024 00:00:00","BZN|ES","Without sequence","110.6",""
"02/10/2024 00:00:00 - 02/10/2024 01:00:00","BZN|ES","Without sequence","98.02",""
"02/10/2024 01:00:00 - 02/10/2024 02:00:00","BZN|ES","Without sequence","99.0",""
"02/10/2024 02:00:00 - 02/10/2024 03:00:00","BZN|ES","Without sequence","98.02",""
"02/10/2024 03:00:00 - 02/10/2024 04:00:00","BZN|ES","Without sequence","88.66",""
"02/10/2024 04:00:00 - 02/10/2024 05:00:00","BZN|ES","Without sequence","86.43",""
"02/10/2024 05:00:00 - 02/10/2024 06:00:00","BZN|ES","Without sequence","81.59",""
"02/10/2024 06:00:00 - 02/10/2024 07:00:00","BZN|ES","Without sequence","101.6",""
"02/10/2024 07:00:00 - 02/10/2024 08:00:00","BZN|ES","Without sequence","119.48",""
"02/10/2024 08:00:00 - 02/10/2024 09:00:00","BZN|ES","Without sequence","124.24",""
"02/10/2024 09:00:00 - 02/10/2024 10:00:00","BZN|ES","Without sequence","109.25",""
"02/10/2024 10:00:00 - 02/10/2024 11:00:00","BZN|ES","Without sequence","90.22",""
"02/10/2024 11:00:00 - 02/10/2024 12:00:00","BZN|ES","Without sequence","88.66",""
"02/10/2024 12:00:00 - 02/10/2024 13:00:00","BZN|ES","Without sequence","87.26",""
"02/10/2024 13:00:00 - 02/10/2024 14:00:00","BZN|ES","Without sequence","78.38",""
"02/10/2024 14:00:00 - 02/10/2024 15:00:00","BZN|ES","Without sequence","65.0",""
"02/10/2024 15:00:00 - 02/10/2024 16:00:00","BZN|ES","Without sequence","65.0",""
"02/10/2024 16:00:00 - 02/10/2024 17:00:00","BZN|ES","Without sequence","71.5",""
"02/10/2024 17:00:00 - 02/10/2024 18:00:00","BZN|ES","Without sequence","79.44",""
"02/10/2024 18:00:00 - 02/10/2024 19:00:00","BZN|ES","Without sequence","101.84",""
"02/10/2024 19:00:00 - 02/10/2024 20:00:00","BZN|ES","Without sequence","116.86",""
"02/10/2024 20:00:00 - 02/10/2024 21:00:00","BZN|ES","Without sequence","117.25",""
"02/10/2024 21:00:00 - 02/10/2024 22:00:00","BZN|ES","Without sequence","100.0",""
"02/10/2024 22:00:00 - 02/10/2024 23:00:00","BZN|ES","Without sequence","93.55",""
"02/10/2024 23:00:00 - 03/10/2024 00:00:00","BZN|ES","Without sequence","85.0",""
"03/10/2024 00:00:00 - 03/10/2024 01:00:00","BZN|ES","Without sequence","59.36",""
"03/10/2024 01:00:00 - 03/10/2024 02:00:00","BZN|ES","Without sequence","40.0",""
"03/10/2024 02:00:00 - 03/10/2024 03:00:00","BZN|ES","Without sequence","40.0",""
"03/10/2024 03:00:00 - 03/10/2024 04:00:00","BZN|ES","Without sequence","17.8",""
"03/10/2024 04:00:00 - 03/10/2024 05:00:00","BZN|ES","Without sequence","8.0",""
"03/10/2024 05:00:00 - 03/10/2024 06:00:00","BZN|ES","Without sequence","32.57",""
"03/10/2024 06:00:00 - 03/10/2024 07:00:00","BZN|ES","Without sequence","57.17",""
"03/10/2024 07:00:00 - 03/10/2024 08:00:00","BZN|ES","Without sequence","77.63",""
"03/10/2024 08:00:00 - 03/10/2024 09:00:00","BZN|ES","Without sequence","86.74",""
"03/10/2024 09:00:00 - 03/10/2024 10:00:00","BZN|ES","Without sequence","74.61",""
"03/10/2024 10:00:00 - 03/10/2024 11:00:00","BZN|ES","Without sequence","50.1",""
"03/10/2024 11:00:00 - 03/10/2024 12:00:00","BZN|ES","Without sequence","45.0",""
"03/10/2024 12:00:00 - 03/10/2024 13:00:00","BZN|ES","Without sequence","40.0",""
"03/10/2024 13:00:00 - 03/10/2024 14:00:00","BZN|ES","Without sequence","31.67",""
"03/10/2024 14:00:00 - 03/10/2024 15:00:00","BZN|ES","Without sequence","24.47",""
"03/10/2024 15:00:00 - 03/10/2024 16:00:00","BZN|ES","Without sequence","15.1",""
"03/10/2024 16:00:00 - 03/10/2024 17:00:00","BZN|ES","Without sequence","14.0",""
"03/10/2024 17:00:00 - 03/10/2024 18:00:00","BZN|ES","Without sequence","47.88",""
"03/10/2024 18:00:00 - 03/10/2024 19:00:00","BZN|ES","Without sequence","74.61",""
"03/10/2024 19:00:00 - 03/10/2024 20:00:00","BZN|ES","Without sequence","109.52",""
"03/10/2024 20:00:00 - 03/10/2024 21:00:00","BZN|ES","Without sequence","125.0",""
"03/10/2024 21:00:00 - 03/10/2024 22:00:00","BZN|ES","Without sequence","126.98",""
"03/10/2024 22:00:00 - 03/10/2024 23:00:00","BZN|ES","Without sequence","99.99",""
"03/10/2024 23:00:00 - 04/10/2024 00:00:00","BZN|ES","Without sequence","91.88",""
"04/10/2024 00:00:00 - 04/10/2024 01:00:00","BZN|ES","Without sequence","99.0",""
"04/10/2024 01:00:00 - 04/10/2024 02:00:00","BZN|ES","Without sequence","100.2",""
"04/10/2024 02:00:00 - 04/10/2024 03:00:00","BZN|ES","Without sequence","98.02",""
"04/10/2024 03:00:00 - 04/10/2024 04:00:00","BZN|ES","Without sequence","94.8",""
"04/10/2024 04:00:00 - 04/10/2024 05:00:00","BZN|ES","Without sequence","102.68",""
"04/10/2024 05:00:00 - 04/10/2024 06:00:00","BZN|ES","Without sequence","99.54",""
"04/10/2024 06:00:00 - 04/10/2024 07:00:00","BZN|ES","Without sequence","103.0",""
"04/10/2024 07:00:00 - 04/10/2024 08:00:00","BZN|ES","Without sequence","127.79",""
"04/10/2024 08:00:00 - 04/10/2024 09:00:00","BZN|ES","Without sequence","141.37",""
"04/10/2024 09:00:00 - 04/10/2024 10:00:00","BZN|ES","Without sequence","116.57",""
"04/10/2024 10:00:00 - 04/10/2024 11:00:00","BZN|ES","Without sequence","100.11",""
"04/10/2024 11:00:00 - 04/10/2024 12:00:00","BZN|ES","Without sequence","76.39",""
"04/10/2024 12:00:00 - 04/10/2024 13:00:00","BZN|ES","Without sequence","60.2",""
"04/10/2024 13:00:00 - 04/10/2024 14:00:00","BZN|ES","Without sequence","59.3",""
"04/10/2024 14:00:00 - 04/10/2024 15:00:00","BZN|ES","Without sequence","50.0",""
"04/10/2024 15:00:00 - 04/10/2024 16:00:00","BZN|ES","Without sequence","49.1",""
"04/10/2024 16:00:00 - 04/10/2024 17:00:00","BZN|ES","Without sequence","57.88",""
"04/10/2024 17:00:00 - 04/10/2024 18:00:00","BZN|ES","Without sequence","77.42",""
"04/10/2024 18:00:00 - 04/10/2024 19:00:00","BZN|ES","Without sequence","100.2",""
"04/10/2024 19:00:00 - 04/10/2024 20:00:00","BZN|ES","Without sequence","137.24",""
"04/10/2024 20:00:00 - 04/10/2024 21:00:00","BZN|ES","Without sequence","146.03",""
"04/10/2024 21:00:00 - 04/10/2024 22:00:00","BZN|ES","Without sequence","146.41",""
"04/10/2024 22:00:00 - 04/10/2024 23:00:00","BZN|ES","Without sequence","117.17",""
"04/10/2024 23:00:00 - 05/10/2024 00:00:00","BZN|ES","Without sequence","115.0",""
"05/10/2024 00:00:00 - 05/10/2024 01:00:00","BZN|ES","Without sequence","93.1",""
"05/10/2024 01:00:00 - 05/10/2024 02:00:00","BZN|ES","Without sequence","85.98",""
"05/10/2024 02:00:00 - 05/10/2024 03:00:00","BZN|ES","Without sequence","85.5",""
"05/10/2024 03:00:00 - 05/10/2024 04:00:00","BZN|ES","Without sequence","85.5",""
"05/10/2024 04:00:00 - 05/10/2024 05:00:00","BZN|ES","Without sequence","82.47",""
"05/10/2024 05:00:00 - 05/10/2024 06:00:00","BZN|ES","Without sequence","79.82",""
"05/10/2024 06:00:00 - 05/10/2024 07:00:00","BZN|ES","Without sequence","86.2",""
"05/10/2024 07:00:00 - 05/10/2024 08:00:00","BZN|ES","Without sequence","100.4",""
"05/10/2024 08:00:00 - 05/10/2024 09:00:00","BZN|ES","Without sequence","109.38",""
"05/10/2024 09:00:00 - 05/10/2024 10:00:00","BZN|ES","Without sequence","89.02",""
"05/10/2024 10:00:00 - 05/10/2024 11:00:00","BZN|ES","Without sequence","57.0",""
"05/10/2024 11:00:00 - 05/10/2024 12:00:00","BZN|ES","Without sequence","39.99",""
"05/10/2024 12:00:00 - 05/10/2024 13:00:00","BZN|ES","Without sequence","2.0",""
"05/10/2024 13:00:00 - 05/10/2024 14:00:00","BZN|ES","Without sequence","0.01",""
"05/10/2024 14:00:00 - 05/10/2024 15:00:00","BZN|ES","Without sequence","0.0",""
"05/10/2024 15:00:00 - 05/10/2024 16:00:00","BZN|ES","Without sequence","0.0",""
"05/10/2024 16:00:00 - 05/10/2024 17:00:00","BZN|ES","Without sequence","0.0",""
"05/10/2024 17:00:00 - 05/10/2024 18:00:00","BZN|ES","Without sequence","0.44",""
"05/10/2024 18:00:00 - 05/10/2024 19:00:00","BZN|ES","Without sequence","45.0",""
"05/10/2024 19:00:00 - 05/10/2024 20:00:00","BZN|ES","Without sequence","85.23",""
"05/10/2024 20:00:00 - 05/10/2024 21:00:00","BZN|ES","Without sequence","95.18",""
"05/10/2024 21:00:00 - 05/10/2024 22:00:00","BZN|ES","Without sequence","82.47",""
"05/10/2024 22:00:00 - 05/10/2024 23:00:00","BZN|ES","Without sequence","77.8",""
"05/10/2024 23:00:00 - 06/10/2024 00:00:00","BZN|ES","Without sequence","67.0",""
"06/10/2024 00:00:00 - 06/10/2024 01:00:00","BZN|ES","Without sequence","47.4",""
"06/10/2024 01:00:00 - 06/10/2024 02:00:00","BZN|ES","Without sequence","30.83",""
"06/10/2024 02:00:00 - 06/10/2024 03:00:00","BZN|ES","Without sequence","25.0",""
"06/10/2024 03:00:00 - 06/10/2024 04:00:00","BZN|ES","Without sequence","10.39",""
"06/10/2024 04:00:00 - 06/10/2024 05:00:00","BZN|ES","Without sequence","5.0",""
"06/10/2024 05:00:00 - 06/10/2024 06:00:00","BZN|ES","Without sequence","4.69",""
"06/10/2024 06:00:00 - 06/10/2024 07:00:00","BZN|ES","Without sequence","10.39",""
"06/10/2024 07:00:00 - 06/10/2024 08:00:00","BZN|ES","Without sequence","10.39",""
"06/10/2024 08:00:00 - 06/10/2024 09:00:00","BZN|ES","Without sequence","10.39",""
"06/10/2024 09:00:00 - 06/10/2024 10:00:00","BZN|ES","Without sequence","10.39",""
"06/10/2024 10:00:00 - 06/10/2024 11:00:00","BZN|ES","Without sequence","3.32",""
"06/10/2024 11:00:00 - 06/10/2024 12:00:00","BZN|ES","Without sequence","0.01",""
"06/10/2024 12:00:00 - 06/10/2024 13:00:00","BZN|ES","Without sequence","0.0",""
"06/10/2024 13:00:00 - 06/10/2024 14:00:00","BZN|ES","Without sequence","-0.01",""
"06/10/2024 14:00:00 - 06/10/2024 15:00:00","BZN|ES","Without sequence","-0.01",""
"06/10/2024 15:00:00 - 06/10/2024 16:00:00","BZN|ES","Without sequence","-0.01",""
"06/10/2024 16:00:00 - 06/10/2024 17:00:00","BZN|ES","Without sequence","0.0",""
"06/10/2024 17:00:00 - 06/10/2024 18:00:00","BZN|ES","Without sequence","0.44",""
"06/10/2024 18:00:00 - 06/10/2024 19:00:00","BZN|ES","Without sequence","17.76",""
"06/10/2024 19:00:00 - 06/10/2024 20:00:00","BZN|ES","Without sequence","59.03",""
"06/10/2024 20:00:00 - 06/10/2024 21:00:00","BZN|ES","Without sequence","78.05",""
"06/10/2024 21:00:00 - 06/10/2024 22:00:00","BZN|ES","Without sequence","85.23",""
"06/10/2024 22:00:00 - 06/10/2024 23:00:00","BZN|ES","Without sequence","63.5",""
"06/10/2024 23:00:00 - 07/10/2024 00:00:00","BZN|ES","Without sequence","54.9",""
"07/10/2024 00:00:00 - 07/10/2024 01:00:00","BZN|ES","Without sequence","65.08",""
"07/10/2024 01:00:00 - 07/10/2024 02:00:00","BZN|ES","Without sequence","46.34",""
"07/10/2024 02:00:00 - 07/10/2024 03:00:00","BZN|ES","Without sequence","40.0",""
"07/10/2024 03:00:00 - 07/10/2024 04:00:00","BZN|ES","Without sequence","30.1",""
"07/10/2024 04:00:00 - 07/10/2024 05:00:00","BZN|ES","Without sequence","29.97",""
"07/10/2024 05:00:00 - 07/10/2024 06:00:00","BZN|ES","Without sequence","30.1",""
"07/10/2024 06:00:00 - 07/10/2024 07:00:00","BZN|ES","Without sequence","52.02",""
"07/10/2024 07:00:00 - 07/10/2024 08:00:00","BZN|ES","Without sequence","84.5",""
"07/10/2024 08:00:00 - 07/10/2024 09:00:00","BZN|ES","Without sequence","108.32",""
"07/10/2024 09:00:00 - 07/10/2024 10:00:00","BZN|ES","Without sequence","91.75",""
"07/10/2024 10:00:00 - 07/10/2024 11:00:00","BZN|ES","Without sequence","65.98",""
"07/10/2024 11:00:00 - 07/10/2024 12:00:00","BZN|ES","Without sequence","56.01",""
"07/10/2024 12:00:00 - 07/10/2024 13:00:00","BZN|ES","Without sequence","44.71",""
"07/10/2024 13:00:00 - 07/10/2024 14:00:00","BZN|ES","Without sequence","30.1",""
"07/10/2024 14:00:00 - 07/10/2024 15:00:00","BZN|ES","Without sequence","27.08",""
"07/10/2024 15:00:00 - 07/10/2024 16:00:00","BZN|ES","Without sequence","26.83",""
"07/10/2024 16:00:00 - 07/10/2024 17:00:00","BZN|ES","Without sequence","30.25",""
"07/10/2024 17:00:00 - 07/10/2024 18:00:00","BZN|ES","Without sequence","50.24",""
"07/10/2024 18:00:00 - 07/10/2024 19:00:00","BZN|ES","Without sequence","68.0",""
"07/10/2024 19:00:00 - 07/10/2024 20:00:00","BZN|ES","Without sequence","73.61",""
"07/10/2024 20:00:00 - 07/10/2024 21:00:00","BZN|ES","Without sequence","85.01",""
"07/10/2024 21:00:00 - 07/10/2024 22:00:00","BZN|ES","Without sequence","67.73",""
"07/10/2024 22:00:00 - 07/10/2024 23:00:00","BZN|ES","Without sequence","65.8",""
"07/10/2024 23:00:00 - 08/10/2024 00:00:00","BZN|ES","Without sequence","61.39",""
"08/10/2024 00:00:00 - 08/10/2024 01:00:00","BZN|ES","Without sequence","33.1",""
"08/10/2024 01:00:00 - 08/10/2024 02:00:00","BZN|ES","Without sequence","24.35",""
"08/10/2024 02:00:00 - 08/10/2024 03:00:00","BZN|ES","Without sequence","19.57",""
"08/10/2024 03:00:00 - 08/10/2024 04:00:00","BZN|ES","Without sequence","7.0",""
"08/10/2024 04:00:00 - 08/10/2024 05:00:00","BZN|ES","Without sequence","4.9",""
"08/10/2024 05:00:00 - 08/10/2024 06:00:00","BZN|ES","Without sequence","21.54",""
"08/10/2024 06:00:00 - 08/10/2024 07:00:00","BZN|ES","Without sequence","39.58",""
"08/10/2024 07:00:00 - 08/10/2024 08:00:00","BZN|ES","Without sequence","52.98",""
"08/10/2024 08:00:00 - 08/10/2024 09:00:00","BZN|ES","Without sequence","77.71",""
"08/10/2024 09:00:00 - 08/10/2024 10:00:00","BZN|ES","Without sequence","48.38",""
"08/10/2024 10:00:00 - 08/10/2024 11:00:00","BZN|ES","Without sequence","30.1",""
"08/10/2024 11:00:00 - 08/10/2024 12:00:00","BZN|ES","Without sequence","3.32",""
"08/10/2024 12:00:00 - 08/10/2024 13:00:00","BZN|ES","Without sequence","3.32",""
"08/10/2024 13:00:00 - 08/10/2024 14:00:00","BZN|ES","Without sequence","0.97",""
"08/10/2024 14:00:00 - 08/10/2024 15:00:00","BZN|ES","Without sequence","0.01",""
"08/10/2024 15:00:00 - 08/10/2024 16:00:00","BZN|ES","Without sequence","0.0",""
"08/10/2024 16:00:00 - 08/10/2024 17:00:00","BZN|ES","Without sequence","0.51",""
"08/10/2024 17:00:00 - 08/10/2024 18:00:00","BZN|ES","Without sequence","5.0",""
"08/10/2024 18:00:00 - 08/10/2024 19:00:00","BZN|ES","Without sequence","48.38",""
"08/10/2024 19:00:00 - 08/10/2024 20:00:00","BZN|ES","Without sequence","79.9",""
"08/10/2024 20:00:00 - 08/10/2024 21:00:00","BZN|ES","Without sequence","90.0",""
"08/10/2024 21:00:00 - 08/10/2024 22:00:00","BZN|ES","Without sequence","83.19",""
"08/10/2024 22:00:00 - 08/10/2024 23:00:00","BZN|ES","Without sequence","46.08",""
"08/10/2024 23:00:00 - 09/10/2024 00:00:00","BZN|ES","Without sequence","33.1",""
"09/10/2024 00:00:00 - 09/10/2024 01:00:00","BZN|ES","Without sequence","19.86",""
"09/10/2024 01:00:00 - 09/10/2024 02:00:00","BZN|ES","Without sequence","3.6",""
"09/10/2024 02:00:00 - 09/10/2024 03:00:00","BZN|ES","Without sequence","2.0",""
"09/10/2024 03:00:00 - 09/10/2024 04:00:00","BZN|ES","Without sequence","0.98",""
"09/10/2024 04:00:00 - 09/10/2024 05:00:00","BZN|ES","Without sequence","0.98",""
"09/10/2024 05:00:00 - 09/10/2024 06:00:00","BZN|ES","Without sequence","2.0",""
"09/10/2024 06:00:00 - 09/10/2024 07:00:00","BZN|ES","Without sequence","16.98",""
"09/10/2024 07:00:00 - 09/10/2024 08:00:00","BZN|ES","Without sequence","40.0",""
"09/10/2024 08:00:00 - 09/10/2024 09:00:00","BZN|ES","Without sequence","52.8",""
"09/10/2024 09:00:00 - 09/10/2024 10:00:00","BZN|ES","Without sequence","47.59",""
"09/10/2024 10:00:00 - 09/10/2024 11:00:00","BZN|ES","Without sequence","35.06",""
"09/10/2024 11:00:00 - 09/10/2024 12:00:00","BZN|ES","Without sequence","30.3",""
"09/10/2024 12:00:00 - 09/10/2024 13:00:00","BZN|ES","Without sequence","26.5",""
"09/10/2024 13:00:00 - 09/10/2024 14:00:00","BZN|ES","Without sequence","20.33",""
"09/10/2024 14:00:00 - 09/10/2024 15:00:00","BZN|ES","Without sequence","6.0",""
"09/10/2024 15:00:00 - 09/10/2024 16:00:00","BZN|ES","Without sequence","3.32",""
"09/10/2024 16:00:00 - 09/10/2024 17:00:00","BZN|ES","Without sequence","3.32",""
"09/10/2024 17:00:00 - 09/10/2024 18:00:00","BZN|ES","Without sequence","8.75",""
"09/10/2024 18:00:00 - 09/10/2024 19:00:00","BZN|ES","Without sequence","30.3",""
"09/10/2024 19:00:00 - 09/10/2024 20:00:00","BZN|ES","Without sequence","40.0",""
"09/10/2024 20:00:00 - 09/10/2024 21:00:00","BZN|ES","Without sequence","60.8",""
"09/10/2024 21:00:00 - 09/10/2024 22:00:00","BZN|ES","Without sequence","49.08",""
"09/10/2024 22:00:00 - 09/10/2024 23:00:00","BZN|ES","Without sequence","46.69",""
"09/10/2024 23:00:00 - 10/10/2024 00:00:00","BZN|ES","Without sequence","41.13",""
"10/10/2024 00:00:00 - 10/10/2024 01:00:00","BZN|ES","Without sequence","40.08",""
"10/10/2024 01:00:00 - 10/10/2024 02:00:00","BZN|ES","Without sequence","40.0",""
"10/10/2024 02:00:00 - 10/10/2024 03:00:00","BZN|ES","Without sequence","40.0",""
"10/10/2024 03:00:00 - 10/10/2024 04:00:00","BZN|ES","Without sequence","40.0",""
"10/10/2024 04:00:00 - 10/10/2024 05:00:00","BZN|ES","Without sequence","44.0",""
"10/10/2024 05:00:00 - 10/10/2024 06:00:00","BZN|ES","Without sequence","55.01",""
"10/10/2024 06:00:00 - 10/10/2024 07:00:00","BZN|ES","Without sequence","69.0",""
"10/10/2024 07:00:00 - 10/10/2024 08:00:00","BZN|ES","Without sequence","91.48",""
"10/10/2024 08:00:00 - 10/10/2024 09:00:00","BZN|ES","Without sequence","108.8",""
"10/10/2024 09:00:00 - 10/10/2024 10:00:00","BZN|ES","Without sequence","92.0",""
"10/10/2024 10:00:00 - 10/10/2024 11:00:00","BZN|ES","Without sequence","69.0",""
"10/10/2024 11:00:00 - 10/10/2024 12:00:00","BZN|ES","Without sequence","40.29",""
"10/10/2024 12:00:00 - 10/10/2024 13:00:00","BZN|ES","Without sequence","39.83",""
"10/10/2024 13:00:00 - 10/10/2024 14:00:00","BZN|ES","Without sequence","40.08",""
"10/10/2024 14:00:00 - 10/10/2024 15:00:00","BZN|ES","Without sequence","39.83",""
"10/10/2024 15:00:00 - 10/10/2024 16:00:00","BZN|ES","Without sequence","40.5",""
"10/10/2024 16:00:00 - 10/10/2024 17:00:00","BZN|ES","Without sequence","55.26",""
"10/10/2024 17:00:00 - 10/10/2024 18:00:00","BZN|ES","Without sequence","71.78",""
"10/10/2024 18:00:00 - 10/10/2024 19:00:00","BZN|ES","Without sequence","100.0",""
"10/10/2024 19:00:00 - 10/10/2024 20:00:00","BZN|ES","Without sequence","129.22",""
"10/10/2024 20:00:00 - 10/10/2024 21:00:00","BZN|ES","Without sequence","180.0",""
"10/10/2024 21:00:00 - 10/10/2024 22:00:00","BZN|ES","Without sequence","173.4",""
"10/10/2024 22:00:00 - 10/10/2024 23:00:00","BZN|ES","Without sequence","120.0",""
"10/10/2024 23:00:00 - 11/10/2024 00:00:00","BZN|ES","Without sequence","108.8",""
"11/10/2024 00:00:00 - 11/10/2024 01:00:00","BZN|ES","Without sequence","111.03",""
"11/10/2024 01:00:00 - 11/10/2024 02:00:00","BZN|ES","Without sequence","99.0",""
"11/10/2024 02:00:00 - 11/10/2024 03:00:00","BZN|ES","Without sequence","92.0",""
"11/10/2024 03:00:00 - 11/10/2024 04:00:00","BZN|ES","Without sequence","88.71",""
"11/10/2024 04:00:00 - 11/10/2024 05:00:00","BZN|ES","Without sequence","84.72",""
"11/10/2024 05:00:00 - 11/10/2024 06:00:00","BZN|ES","Without sequence","81.37",""
"11/10/2024 06:00:00 - 11/10/2024 07:00:00","BZN|ES","Without sequence","99.95",""
"11/10/2024 07:00:00 - 11/10/2024 08:00:00","BZN|ES","Without sequence","140.41",""
"11/10/2024 08:00:00 - 11/10/2024 09:00:00","BZN|ES","Without sequence","155.49",""
"11/10/2024 09:00:00 - 11/10/2024 10:00:00","BZN|ES","Without sequence","110.01",""
"11/10/2024 10:00:00 - 11/10/2024 11:00:00","BZN|ES","Without sequence","90.0",""
"11/10/2024 11:00:00 - 11/10/2024 12:00:00","BZN|ES","Without sequence","79.9",""
"11/10/2024 12:00:00 - 11/10/2024 13:00:00","BZN|ES","Without sequence","70.1",""
"11/10/2024 13:00:00 - 11/10/2024 14:00:00","BZN|ES","Without sequence","58.11",""
"11/10/2024 14:00:00 - 11/10/2024 15:00:00","BZN|ES","Without sequence","61.95",""
"11/10/2024 15:00:00 - 11/10/2024 16:00:00","BZN|ES","Without sequence","66.95",""
"11/10/2024 16:00:00 - 11/10/2024 17:00:00","BZN|ES","Without sequence","70.0",""
"11/10/2024 17:00:00 - 11/10/2024 18:00:00","BZN|ES","Without sequence","71.35",""
"11/10/2024 18:00:00 - 11/10/2024 19:00:00","BZN|ES","Without sequence","82.44",""
"11/10/2024 19:00:00 - 11/10/2024 20:00:00","BZN|ES","Without sequence","100.8",""
"11/10/2024 20:00:00 - 11/10/2024 21:00:00","BZN|ES","Without sequence","109.01",""
"11/10/2024 21:00:00 - 11/10/2024 22:00:00","BZN|ES","Without sequence","90.69",""
"11/10/2024 22:00:00 - 11/10/2024 23:00:00","BZN|ES","Without sequence","81.37",""
"11/10/2024 23:00:00 - 12/10/2024 00:00:00","BZN|ES","Without sequence","80.57",""
"12/10/2024 00:00:00 - 12/10/2024 01:00:00","BZN|ES","Without sequence","67.29",""
"12/10/2024 01:00:00 - 12/10/2024 02:00:00","BZN|ES","Without sequence","57.57",""
"12/10/2024 02:00:00 - 12/10/2024 03:00:00","BZN|ES","Without sequence","47.96",""
"12/10/2024 03:00:00 - 12/10/2024 04:00:00","BZN|ES","Without sequence","38.91",""
"12/10/2024 04:00:00 - 12/10/2024 05:00:00","BZN|ES","Without sequence","38.91",""
"12/10/2024 05:00:00 - 12/10/2024 06:00:00","BZN|ES","Without sequence","42.63",""
"12/10/2024 06:00:00 - 12/10/2024 07:00:00","BZN|ES","Without sequence","60.21",""
"12/10/2024 07:00:00 - 12/10/2024 08:00:00","BZN|ES","Without sequence","61.0",""
"12/10/2024 08:00:00 - 12/10/2024 09:00:00","BZN|ES","Without sequence","62.97",""
"12/10/2024 09:00:00 - 12/10/2024 10:00:00","BZN|ES","Without sequence","67.08",""
"12/10/2024 10:00:00 - 12/10/2024 11:00:00","BZN|ES","Without sequence","69.31",""
"12/10/2024 11:00:00 - 12/10/2024 12:00:00","BZN|ES","Without sequence","72.5",""
"12/10/2024 12:00:00 - 12/10/2024 13:00:00","BZN|ES","Without sequence","70.0",""
"12/10/2024 13:00:00 - 12/10/2024 14:00:00","BZN|ES","Without sequence","69.31",""
"12/10/2024 14:00:00 - 12/10/2024 15:00:00","BZN|ES","Without sequence","66.83",""
"12/10/2024 15:00:00 - 12/10/2024 16:00:00","BZN|ES","Without sequence","53.0",""
"12/10/2024 16:00:00 - 12/10/2024 17:00:00","BZN|ES","Without sequence","53.0",""
"12/10/2024 17:00:00 - 12/10/2024 18:00:00","BZN|ES","Without sequence","67.08",""
"12/10/2024 18:00:00 - 12/10/2024 19:00:00","BZN|ES","Without sequence","84.65",""
"12/10/2024 19:00:00 - 12/10/2024 20:00:00","BZN|ES","Without sequence","92.08",""
"12/10/2024 20:00:00 - 12/10/2024 21:00:00","BZN|ES","Without sequence","119.93",""
"12/10/2024 21:00:00 - 12/10/2024 22:00:00","BZN|ES","Without sequence","117.1",""
"12/10/2024 22:00:00 - 12/10/2024 23:00:00","BZN|ES","Without sequence","105.62",""
"12/10/2024 23:00:00 - 13/10/2024 00:00:00","BZN|ES","Without sequence","91.61",""
"13/10/2024 00:00:00 - 13/10/2024 01:00:00","BZN|ES","Without sequence","69.78",""
"13/10/2024 01:00:00 - 13/10/2024 02:00:00","BZN|ES","Without sequence","62.91",""
"13/10/2024 02:00:00 - 13/10/2024 03:00:00","BZN|ES","Without sequence","57.0",""
"13/10/2024 03:00:00 - 13/10/2024 04:00:00","BZN|ES","Without sequence","58.69",""
"13/10/2024 04:00:00 - 13/10/2024 05:00:00","BZN|ES","Without sequence","55.0",""
"13/10/2024 05:00:00 - 13/10/2024 06:00:00","BZN|ES","Without sequence","60.87",""
"13/10/2024 06:00:00 - 13/10/2024 07:00:00","BZN|ES","Without sequence","55.1",""
"13/10/2024 07:00:00 - 13/10/2024 08:00:00","BZN|ES","Without sequence","64.97",""
"13/10/2024 08:00:00 - 13/10/2024 09:00:00","BZN|ES","Without sequence","60.0",""
"13/10/2024 09:00:00 - 13/10/2024 10:00:00","BZN|ES","Without sequence","46.5",""
"13/10/2024 10:00:00 - 13/10/2024 11:00:00","BZN|ES","Without sequence","35.06",""
"13/10/2024 11:00:00 - 13/10/2024 12:00:00","BZN|ES","Without sequence","6.99",""
"13/10/2024 12:00:00 - 13/10/2024 13:00:00","BZN|ES","Without sequence","4.49",""
"13/10/2024 13:00:00 - 13/10/2024 14:00:00","BZN|ES","Without sequence","0.08",""
"13/10/2024 14:00:00 - 13/10/2024 15:00:00","BZN|ES","Without sequence","0.0",""
"13/10/2024 15:00:00 - 13/10/2024 16:00:00","BZN|ES","Without sequence","0.0",""
"13/10/2024 16:00:00 - 13/10/2024 17:00:00","BZN|ES","Without sequence","6.8",""
"13/10/2024 17:00:00 - 13/10/2024 18:00:00","BZN|ES","Without sequence","31.28",""
"13/10/2024 18:00:00 - 13/10/2024 19:00:00","BZN|ES","Without sequence","62.82",""
"13/10/2024 19:00:00 - 13/10/2024 20:00:00","BZN|ES","Without sequence","93.08",""
"13/10/2024 20:00:00 - 13/10/2024 21:00:00","BZN|ES","Without sequence","116.97",""
"13/10/2024 21:00:00 - 13/10/2024 22:00:00","BZN|ES","Without sequence","121.28",""
"13/10/2024 22:00:00 - 13/10/2024 23:00:00","BZN|ES","Without sequence","102.78",""
"13/10/2024 23:00:00 - 14/10/2024 00:00:00","BZN|ES","Without sequence","93.56",""
"14/10/2024 00:00:00 - 14/10/2024 01:00:00","BZN|ES","Without sequence","93.98",""
"14/10/2024 01:00:00 - 14/10/2024 02:00:00","BZN|ES","Without sequence","85.23",""
"14/10/2024 02:00:00 - 14/10/2024 03:00:00","BZN|ES","Without sequence","85.75",""
"14/10/2024 03:00:00 - 14/10/2024 04:00:00","BZN|ES","Without sequence","83.83",""
"14/10/2024 04:00:00 - 14/10/2024 05:00:00","BZN|ES","Without sequence","85.23",""
"14/10/2024 05:00:00 - 14/10/2024 06:00:00","BZN|ES","Without sequence","93.74",""
"14/10/2024 06:00:00 - 14/10/2024 07:00:00","BZN|ES","Without sequence","102.0",""
"14/10/2024 07:00:00 - 14/10/2024 08:00:00","BZN|ES","Without sequence","122.86",""
"14/10/2024 08:00:00 - 14/10/2024 09:00:00","BZN|ES","Without sequence","155.0",""
"14/10/2024 09:00:00 - 14/10/2024 10:00:00","BZN|ES","Without sequence","122.86",""
"14/10/2024 10:00:00 - 14/10/2024 11:00:00","BZN|ES","Without sequence","111.54",""
"14/10/2024 11:00:00 - 14/10/2024 12:00:00","BZN|ES","Without sequence","92.5",""
"14/10/2024 12:00:00 - 14/10/2024 13:00:00","BZN|ES","Without sequence","85.7",""
"14/10/2024 13:00:00 - 14/10/2024 14:00:00","BZN|ES","Without sequence","78.42",""
"14/10/2024 14:00:00 - 14/10/2024 15:00:00","BZN|ES","Without sequence","74.16",""
"14/10/2024 15:00:00 - 14/10/2024 16:00:00","BZN|ES","Without sequence","73.07",""
"14/10/2024 16:00:00 - 14/10/2024 17:00:00","BZN|ES","Without sequence","71.2",""
"14/10/2024 17:00:00 - 14/10/2024 18:00:00","BZN|ES","Without sequence","97.46",""
"14/10/2024 18:00:00 - 14/10/2024 19:00:00","BZN|ES","Without sequence","121.04",""
"14/10/2024 19:00:00 - 14/10/2024 20:00:00","BZN|ES","Without sequence","161.89",""
"14/10/2024 20:00:00 - 14/10/2024 21:00:00","BZN|ES","Without sequence","178.61",""
"14/10/2024 21:00:00 - 14/10/2024 22:00:00","BZN|ES","Without sequence","128.9",""
"14/10/2024 22:00:00 - 14/10/2024 23:00:00","BZN|ES","Without sequence","100.24",""
"14/10/2024 23:00:00 - 15/10/2024 00:00:00","BZN|ES","Without sequence","94.8",""
"15/10/2024 00:00:00 - 15/10/2024 01:00:00","BZN|ES","Without sequence","82.19",""
"15/10/2024 01:00:00 - 15/10/2024 02:00:00","BZN|ES","Without sequence","79.99",""
"15/10/2024 02:00:00 - 15/10/2024 03:00:00","BZN|ES","Without sequence","80.0",""
"15/10/2024 03:00:00 - 15/10/2024 04:00:00","BZN|ES","Without sequence","77.05",""
"15/10/2024 04:00:00 - 15/10/2024 05:00:00","BZN|ES","Without sequence","69.78",""
"15/10/2024 05:00:00 - 15/10/2024 06:00:00","BZN|ES","Without sequence","72.0",""
"15/10/2024 06:00:00 - 15/10/2024 07:00:00","BZN|ES","Without sequence","72.0",""
"15/10/2024 07:00:00 - 15/10/2024 08:00:00","BZN|ES","Without sequence","91.36",""
"15/10/2024 08:00:00 - 15/10/2024 09:00:00","BZN|ES","Without sequence","122.28",""
"15/10/2024 09:00:00 - 15/10/2024 10:00:00","BZN|ES","Without sequence","110.47",""
"15/10/2024 10:00:00 - 15/10/2024 11:00:00","BZN|ES","Without sequence","92.74",""
"15/10/2024 11:00:00 - 15/10/2024 12:00:00","BZN|ES","Without sequence","83.05",""
"15/10/2024 12:00:00 - 15/10/2024 13:00:00","BZN|ES","Without sequence","80.0",""
"15/10/2024 13:00:00 - 15/10/2024 14:00:00","BZN|ES","Without sequence","79.92",""
"15/10/2024 14:00:00 - 15/10/2024 15:00:00","BZN|ES","Without sequence","70.16",""
"15/10/2024 15:00:00 - 15/10/2024 16:00:00","BZN|ES","Without sequence","71.9",""
"15/10/2024 16:00:00 - 15/10/2024 17:00:00","BZN|ES","Without sequence","82.19",""
"15/10/2024 17:00:00 - 15/10/2024 18:00:00","BZN|ES","Without sequence","81.0",""
"15/10/2024 18:00:00 - 15/10/2024 19:00:00","BZN|ES","Without sequence","90.08",""
"15/10/2024 19:00:00 - 15/10/2024 20:00:00","BZN|ES","Without sequence","105.01",""
"15/10/2024 20:00:00 - 15/10/2024 21:00:00","BZN|ES","Without sequence","125.89",""
"15/10/2024 21:00:00 - 15/10/2024 22:00:00","BZN|ES","Without sequence","105.01",""
"15/10/2024 22:00:00 - 15/10/2024 23:00:00","BZN|ES","Without sequence","90.08",""
"15/10/2024 23:00:00 - 16/10/2024 00:00:00","BZN|ES","Without sequence","79.26",""
"16/10/2024 00:00:00 - 16/10/2024 01:00:00","BZN|ES","Without sequence","54.5",""
"16/10/2024 01:00:00 - 16/10/2024 02:00:00","BZN|ES","Without sequence","47.51",""
"16/10/2024 02:00:00 - 16/10/2024 03:00:00","BZN|ES","Without sequence","45.0",""
"16/10/2024 03:00:00 - 16/10/2024 04:00:00","BZN|ES","Without sequence","40.32",""
"16/10/2024 04:00:00 - 16/10/2024 05:00:00","BZN|ES","Without sequence","40.0",""
"16/10/2024 05:00:00 - 16/10/2024 06:00:00","BZN|ES","Without sequence","40.0",""
"16/10/2024 06:00:00 - 16/10/2024 07:00:00","BZN|ES","Without sequence","52.84",""
"16/10/2024 07:00:00 - 16/10/2024 08:00:00","BZN|ES","Without sequence","49.9",""
"16/10/2024 08:00:00 - 16/10/2024 09:00:00","BZN|ES","Without sequence","59.55",""
"16/10/2024 09:00:00 - 16/10/2024 10:00:00","BZN|ES","Without sequence","54.29",""
"16/10/2024 10:00:00 - 16/10/2024 11:00:00","BZN|ES","Without sequence","30.0",""
"16/10/2024 11:00:00 - 16/10/2024 12:00:00","BZN|ES","Without sequence","14.16",""
"16/10/2024 12:00:00 - 16/10/2024 13:00:00","BZN|ES","Without sequence","4.09",""
"16/10/2024 13:00:00 - 16/10/2024 14:00:00","BZN|ES","Without sequence","3.32",""
"16/10/2024 14:00:00 - 16/10/2024 15:00:00","BZN|ES","Without sequence","4.0",""
"16/10/2024 15:00:00 - 16/10/2024 16:00:00","BZN|ES","Without sequence","14.18",""
"16/10/2024 16:00:00 - 16/10/2024 17:00:00","BZN|ES","Without sequence","30.84",""
"16/10/2024 17:00:00 - 16/10/2024 18:00:00","BZN|ES","Without sequence","51.81",""
"16/10/2024 18:00:00 - 16/10/2024 19:00:00","BZN|ES","Without sequence","75.74",""
"16/10/2024 19:00:00 - 16/10/2024 20:00:00","BZN|ES","Without sequence","83.91",""
"16/10/2024 20:00:00 - 16/10/2024 21:00:00","BZN|ES","Without sequence","112.08",""
"16/10/2024 21:00:00 - 16/10/2024 22:00:00","BZN|ES","Without sequence","105.01",""
"16/10/2024 22:00:00 - 16/10/2024 23:00:00","BZN|ES","Without sequence","83.3",""
"16/10/2024 23:00:00 - 17/10/2024 00:00:00","BZN|ES","Without sequence","75.74",""
"17/10/2024 00:00:00 - 17/10/2024 01:00:00","BZN|ES","Without sequence","84.8",""
"17/10/2024 01:00:00 - 17/10/2024 02:00:00","BZN|ES","Without sequence","76.5",""
"17/10/2024 02:00:00 - 17/10/2024 03:00:00","BZN|ES","Without sequence","70.12",""
"17/10/2024 03:00:00 - 17/10/2024 04:00:00","BZN|ES","Without sequence","70.0",""
"17/10/2024 04:00:00 - 17/10/2024 05:00:00","BZN|ES","Without sequence","60.0",""
"17/10/2024 05:00:00 - 17/10/2024 06:00:00","BZN|ES","Without sequence","54.08",""
"17/10/2024 06:00:00 - 17/10/2024 07:00:00","BZN|ES","Without sequence","63.38",""
"17/10/2024 07:00:00 - 17/10/2024 08:00:00","BZN|ES","Without sequence","84.34",""
"17/10/2024 08:00:00 - 17/10/2024 09:00:00","BZN|ES","Without sequence","83.93",""
"17/10/2024 09:00:00 - 17/10/2024 10:00:00","BZN|ES","Without sequence","82.27",""
"17/10/2024 10:00:00 - 17/10/2024 11:00:00","BZN|ES","Without sequence","55.0",""
"17/10/2024 11:00:00 - 17/10/2024 12:00:00","BZN|ES","Without sequence","7.0",""
"17/10/2024 12:00:00 - 17/10/2024 13:00:00","BZN|ES","Without sequence","3.32",""
"17/10/2024 13:00:00 - 17/10/2024 14:00:00","BZN|ES","Without sequence","3.32",""
"17/10/2024 14:00:00 - 17/10/2024 15:00:00","BZN|ES","Without sequence","1.51",""
"17/10/2024 15:00:00 - 17/10/2024 16:00:00","BZN|ES","Without sequence","0.44",""
"17/10/2024 16:00:00 - 17/10/2024 17:00:00","BZN|ES","Without sequence","0.44",""
"17/10/2024 17:00:00 - 17/10/2024 18:00:00","BZN|ES","Without sequence","3.32",""
"17/10/2024 18:00:00 - 17/10/2024 19:00:00","BZN|ES","Without sequence","49.97",""
"17/10/2024 19:00:00 - 17/10/2024 20:00:00","BZN|ES","Without sequence","82.27",""
"17/10/2024 20:00:00 - 17/10/2024 21:00:00","BZN|ES","Without sequence","82.27",""
"17/10/2024 21:00:00 - 17/10/2024 22:00:00","BZN|ES","Without sequence","72.59",""
"17/10/2024 22:00:00 - 17/10/2024 23:00:00","BZN|ES","Without sequence","71.08",""
"17/10/2024 23:00:00 - 18/10/2024 00:00:00","BZN|ES","Without sequence","68.06",""
"18/10/2024 00:00:00 - 18/10/2024 01:00:00","BZN|ES","Without sequence","50.1",""
"18/10/2024 01:00:00 - 18/10/2024 02:00:00","BZN|ES","Without sequence","45.62",""
"18/10/2024 02:00:00 - 18/10/2024 03:00:00","BZN|ES","Without sequence","38.06",""
"18/10/2024 03:00:00 - 18/10/2024 04:00:00","BZN|ES","Without sequence","30.3",""
"18/10/2024 04:00:00 - 18/10/2024 05:00:00","BZN|ES","Without sequence","30.3",""
"18/10/2024 05:00:00 - 18/10/2024 06:00:00","BZN|ES","Without sequence","49.03",""
"18/10/2024 06:00:00 - 18/10/2024 07:00:00","BZN|ES","Without sequence","57.84",""
"18/10/2024 07:00:00 - 18/10/2024 08:00:00","BZN|ES","Without sequence","75.0",""
"18/10/2024 08:00:00 - 18/10/2024 09:00:00","BZN|ES","Without sequence","99.5",""
"18/10/2024 09:00:00 - 18/10/2024 10:00:00","BZN|ES","Without sequence","75.0",""
"18/10/2024 10:00:00 - 18/10/2024 11:00:00","BZN|ES","Without sequence","54.5",""
"18/10/2024 11:00:00 - 18/10/2024 12:00:00","BZN|ES","Without sequence","29.88",""
"18/10/2024 12:00:00 - 18/10/2024 13:00:00","BZN|ES","Without sequence","5.0",""
"18/10/2024 13:00:00 - 18/10/2024 14:00:00","BZN|ES","Without sequence","3.81",""
"18/10/2024 14:00:00 - 18/10/2024 15:00:00","BZN|ES","Without sequence","3.6",""
"18/10/2024 15:00:00 - 18/10/2024 16:00:00","BZN|ES","Without sequence","3.32",""
"18/10/2024 16:00:00 - 18/10/2024 17:00:00","BZN|ES","Without sequence","6.0",""
"18/10/2024 17:00:00 - 18/10/2024 18:00:00","BZN|ES","Without sequence","49.97",""
"18/10/2024 18:00:00 - 18/10/2024 19:00:00","BZN|ES","Without sequence","81.89",""
"18/10/2024 19:00:00 - 18/10/2024 20:00:00","BZN|ES","Without sequence","109.56",""
"18/10/2024 20:00:00 - 18/10/2024 21:00:00","BZN|ES","Without sequence","103.25",""
"18/10/2024 21:00:00 - 18/10/2024 22:00:00","BZN|ES","Without sequence","93.89",""
"18/10/2024 22:00:00 - 18/10/2024 23:00:00","BZN|ES","Without sequence","81.2",""
"18/10/2024 23:00:00 - 19/10/2024 00:00:00","BZN|ES","Without sequence","71.08",""
"19/10/2024 00:00:00 - 19/10/2024 01:00:00","BZN|ES","Without sequence","65.0",""
"19/10/2024 01:00:00 - 19/10/2024 02:00:00","BZN|ES","Without sequence","62.14",""
"19/10/2024 02:00:00 - 19/10/2024 03:00:00","BZN|ES","Without sequence","51.21",""
"19/10/2024 03:00:00 - 19/10/2024 04:00:00","BZN|ES","Without sequence","40.0",""
"19/10/2024 04:00:00 - 19/10/2024 05:00:00","BZN|ES","Without sequence","40.0",""
"19/10/2024 05:00:00 - 19/10/2024 06:00:00","BZN|ES","Without sequence","41.25",""
"19/10/2024 06:00:00 - 19/10/2024 07:00:00","BZN|ES","Without sequence","54.78",""
"19/10/2024 07:00:00 - 19/10/2024 08:00:00","BZN|ES","Without sequence","62.4",""
"19/10/2024 08:00:00 - 19/10/2024 09:00:00","BZN|ES","Without sequence","70.0",""
"19/10/2024 09:00:00 - 19/10/2024 10:00:00","BZN|ES","Without sequence","64.53",""
"19/10/2024 10:00:00 - 19/10/2024 11:00:00","BZN|ES","Without sequence","46.42",""
"19/10/2024 11:00:00 - 19/10/2024 12:00:00","BZN|ES","Without sequence","35.0",""
"19/10/2024 12:00:00 - 19/10/2024 13:00:00","BZN|ES","Without sequence","30.24",""
"19/10/2024 13:00:00 - 19/10/2024 14:00:00","BZN|ES","Without sequence","17.67",""
"19/10/2024 14:00:00 - 19/10/2024 15:00:00","BZN|ES","Without sequence","13.17",""
"19/10/2024 15:00:00 - 19/10/2024 16:00:00","BZN|ES","Without sequence","5.79",""
"19/10/2024 16:00:00 - 19/10/2024 17:00:00","BZN|ES","Without sequence","5.05",""
"19/10/2024 17:00:00 - 19/10/2024 18:00:00","BZN|ES","Without sequence","22.32",""
"19/10/2024 18:00:00 - 19/10/2024 19:00:00","BZN|ES","Without sequence","44.13",""
"19/10/2024 19:00:00 - 19/10/2024 20:00:00","BZN|ES","Without sequence","70.0",""
"19/10/2024 20:00:00 - 19/10/2024 21:00:00","BZN|ES","Without sequence","82.88",""
"19/10/2024 21:00:00 - 19/10/2024 22:00:00","BZN|ES","Without sequence","91.5",""
"19/10/2024 22:00:00 - 19/10/2024 23:00:00","BZN|ES","Without sequence","80.18",""
"19/10/2024 23:00:00 - 20/10/2024 00:00:00","BZN|ES","Without sequence","73.33",""
"20/10/2024 00:00:00 - 20/10/2024 01:00:00","BZN|ES","Without sequence","56.0",""
"20/10/2024 01:00:00 - 20/10/2024 02:00:00","BZN|ES","Without sequence","40.0",""
"20/10/2024 02:00:00 - 20/10/2024 03:00:00","BZN|ES","Without sequence","30.1",""
"20/10/2024 03:00:00 - 20/10/2024 04:00:00","BZN|ES","Without sequence","31.25",""
"20/10/2024 04:00:00 - 20/10/2024 05:00:00","BZN|ES","Without sequence","35.01",""
"20/10/2024 05:00:00 - 20/10/2024 06:00:00","BZN|ES","Without sequence","43.1",""
"20/10/2024 06:00:00 - 20/10/2024 07:00:00","BZN|ES","Without sequence","54.85",""
"20/10/2024 07:00:00 - 20/10/2024 08:00:00","BZN|ES","Without sequence","54.85",""
"20/10/2024 08:00:00 - 20/10/2024 09:00:00","BZN|ES","Without sequence","55.27",""
"20/10/2024 09:00:00 - 20/10/2024 10:00:00","BZN|ES","Without sequence","45.0",""
"20/10/2024 10:00:00 - 20/10/2024 11:00:00","BZN|ES","Without sequence","6.37",""
"20/10/2024 11:00:00 - 20/10/2024 12:00:00","BZN|ES","Without sequence","0.08",""
"20/10/2024 12:00:00 - 20/10/2024 13:00:00","BZN|ES","Without sequence","0.0",""
"20/10/2024 13:00:00 - 20/10/2024 14:00:00","BZN|ES","Without sequence","-0.01",""
"20/10/2024 14:00:00 - 20/10/2024 15:00:00","BZN|ES","Without sequence","-0.01",""
"20/10/2024 15:00:00 - 20/10/2024 16:00:00","BZN|ES","Without sequence","0.0",""
"20/10/2024 16:00:00 - 20/10/2024 17:00:00","BZN|ES","Without sequence","0.03",""
"20/10/2024 17:00:00 - 20/10/2024 18:00:00","BZN|ES","Without sequence","8.64",""
"20/10/2024 18:00:00 - 20/10/2024 19:00:00","BZN|ES","Without sequence","64.82",""
"20/10/2024 19:00:00 - 20/10/2024 20:00:00","BZN|ES","Without sequence","99.87",""
"20/10/2024 20:00:00 - 20/10/2024 21:00:00","BZN|ES","Without sequence","125.01",""
"20/10/2024 21:00:00 - 20/10/2024 22:00:00","BZN|ES","Without sequence","125.89",""
"20/10/2024 22:00:00 - 20/10/2024 23:00:00","BZN|ES","Without sequence","100.23",""
"20/10/2024 23:00:00 - 21/10/2024 00:00:00","BZN|ES","Without sequence","95.56",""
"21/10/2024 00:00:00 - 21/10/2024 01:00:00","BZN|ES","Without sequence","92.0",""
"21/10/2024 01:00:00 - 21/10/2024 02:00:00","BZN|ES","Without sequence","85.23",""
"21/10/2024 02:00:00 - 21/10/2024 03:00:00","BZN|ES","Without sequence","70.0",""
"21/10/2024 03:00:00 - 21/10/2024 04:00:00","BZN|ES","Without sequence","64.0",""
"21/10/2024 04:00:00 - 21/10/2024 05:00:00","BZN|ES","Without sequence","64.0",""
"21/10/2024 05:00:00 - 21/10/2024 06:00:00","BZN|ES","Without sequence","70.0",""
"21/10/2024 06:00:00 - 21/10/2024 07:00:00","BZN|ES","Without sequence","90.71",""
"21/10/2024 07:00:00 - 21/10/2024 08:00:00","BZN|ES","Without sequence","105.01",""
"21/10/2024 08:00:00 - 21/10/2024 09:00:00","BZN|ES","Without sequence","125.89",""
"21/10/2024 09:00:00 - 21/10/2024 10:00:00","BZN|ES","Without sequence","103.9",""
"21/10/2024 10:00:00 - 21/10/2024 11:00:00","BZN|ES","Without sequence","88.77",""
"21/10/2024 11:00:00 - 21/10/2024 12:00:00","BZN|ES","Without sequence","81.5",""
"21/10/2024 12:00:00 - 21/10/2024 13:00:00","BZN|ES","Without sequence","73.29",""
"21/10/2024 13:00:00 - 21/10/2024 14:00:00","BZN|ES","Without sequence","69.0",""
"21/10/2024 14:00:00 - 21/10/2024 15:00:00","BZN|ES","Without sequence","67.04",""
"21/10/2024 15:00:00 - 21/10/2024 16:00:00","BZN|ES","Without sequence","67.88",""
"21/10/2024 16:00:00 - 21/10/2024 17:00:00","BZN|ES","Without sequence","70.47",""
"21/10/2024 17:00:00 - 21/10/2024 18:00:00","BZN|ES","Without sequence","90.22",""
"21/10/2024 18:00:00 - 21/10/2024 19:00:00","BZN|ES","Without sequence","103.41",""
"21/10/2024 19:00:00 - 21/10/2024 20:00:00","BZN|ES","Without sequence","158.4",""
"21/10/2024 20:00:00 - 21/10/2024 21:00:00","BZN|ES","Without sequence","181.0",""
"21/10/2024 21:00:00 - 21/10/2024 22:00:00","BZN|ES","Without sequence","126.39",""
"21/10/2024 22:00:00 - 21/10/2024 23:00:00","BZN|ES","Without sequence","103.37",""
"21/10/2024 23:00:00 - 22/10/2024 00:00:00","BZN|ES","Without sequence","95.56",""
"22/10/2024 00:00:00 - 22/10/2024 01:00:00","BZN|ES","Without sequence","80.85",""
"22/10/2024 01:00:00 - 22/10/2024 02:00:00","BZN|ES","Without sequence","70.0",""
"22/10/2024 02:00:00 - 22/10/2024 03:00:00","BZN|ES","Without sequence","63.79",""
"22/10/2024 03:00:00 - 22/10/2024 04:00:00","BZN|ES","Without sequence","69.4",""
"22/10/2024 04:00:00 - 22/10/2024 05:00:00","BZN|ES","Without sequence","60.0",""
"22/10/2024 05:00:00 - 22/10/2024 06:00:00","BZN|ES","Without sequence","70.0",""
"22/10/2024 06:00:00 - 22/10/2024 07:00:00","BZN|ES","Without sequence","75.97",""
"22/10/2024 07:00:00 - 22/10/2024 08:00:00","BZN|ES","Without sequence","102.17",""
"22/10/2024 08:00:00 - 22/10/2024 09:00:00","BZN|ES","Without sequence","123.02",""
"22/10/2024 09:00:00 - 22/10/2024 10:00:00","BZN|ES","Without sequence","105.5",""
"22/10/2024 10:00:00 - 22/10/2024 11:00:00","BZN|ES","Without sequence","93.02",""
"22/10/2024 11:00:00 - 22/10/2024 12:00:00","BZN|ES","Without sequence","55.4",""
"22/10/2024 12:00:00 - 22/10/2024 13:00:00","BZN|ES","Without sequence","53.54",""
"22/10/2024 13:00:00 - 22/10/2024 14:00:00","BZN|ES","Without sequence","50.24",""
"22/10/2024 14:00:00 - 22/10/2024 15:00:00","BZN|ES","Without sequence","53.54",""
"22/10/2024 15:00:00 - 22/10/2024 16:00:00","BZN|ES","Without sequence","53.54",""
"22/10/2024 16:00:00 - 22/10/2024 17:00:00","BZN|ES","Without sequence","52.5",""
"22/10/2024 17:00:00 - 22/10/2024 18:00:00","BZN|ES","Without sequence","74.99",""
"22/10/2024 18:00:00 - 22/10/2024 19:00:00","BZN|ES","Without sequence","95.91",""
"22/10/2024 19:00:00 - 22/10/2024 20:00:00","BZN|ES","Without sequence","124.71",""
"22/10/2024 20:00:00 - 22/10/2024 21:00:00","BZN|ES","Without sequence","112.02",""
"22/10/2024 21:00:00 - 22/10/2024 22:00:00","BZN|ES","Without sequence","100.0",""
"22/10/2024 22:00:00 - 22/10/2024 23:00:00","BZN|ES","Without sequence","95.78",""
"22/10/2024 23:00:00 - 23/10/2024 00:00:00","BZN|ES","Without sequence","88.35",""
"23/10/2024 00:00:00 - 23/10/2024 01:00:00","BZN|ES","Without sequence","75.56",""
"23/10/2024 01:00:00 - 23/10/2024 02:00:00","BZN|ES","Without sequence","79.25",""
"23/10/2024 02:00:00 - 23/10/2024 03:00:00","BZN|ES","Without sequence","71.0",""
"23/10/2024 03:00:00 - 23/10/2024 04:00:00","BZN|ES","Without sequence","64.32",""
"23/10/2024 04:00:00 - 23/10/2024 05:00:00","BZN|ES","Without sequence","64.29",""
"23/10/2024 05:00:00 - 23/10/2024 06:00:00","BZN|ES","Without sequence","65.0",""
"23/10/2024 06:00:00 - 23/10/2024 07:00:00","BZN|ES","Without sequence","84.98",""
"23/10/2024 07:00:00 - 23/10/2024 08:00:00","BZN|ES","Without sequence","102.1",""
"23/10/2024 08:00:00 - 23/10/2024 09:00:00","BZN|ES","Without sequence","134.71",""
"23/10/2024 09:00:00 - 23/10/2024 10:00:00","BZN|ES","Without sequence","110.06",""
"23/10/2024 10:00:00 - 23/10/2024 11:00:00","BZN|ES","Without sequence","85.0",""
"23/10/2024 11:00:00 - 23/10/2024 12:00:00","BZN|ES","Without sequence","65.0",""
"23/10/2024 12:00:00 - 23/10/2024 13:00:00","BZN|ES","Without sequence","64.08",""
"23/10/2024 13:00:00 - 23/10/2024 14:00:00","BZN|ES","Without sequence","56.58",""
"23/10/2024 14:00:00 - 23/10/2024 15:00:00","BZN|ES","Without sequence","56.08",""
"23/10/2024 15:00:00 - 23/10/2024 16:00:00","BZN|ES","Without sequence","59.99",""
"23/10/2024 16:00:00 - 23/10/2024 17:00:00","BZN|ES","Without sequence","63.4",""
"23/10/2024 17:00:00 - 23/10/2024 18:00:00","BZN|ES","Without sequence","71.99",""
"23/10/2024 18:00:00 - 23/10/2024 19:00:00","BZN|ES","Without sequence","103.41",""
"23/10/2024 19:00:00 - 23/10/2024 20:00:00","BZN|ES","Without sequence","155.8",""
"23/10/2024 20:00:00 - 23/10/2024 21:00:00","BZN|ES","Without sequence","145.97",""
"23/10/2024 21:00:00 - 23/10/2024 22:00:00","BZN|ES","Without sequence","121.89",""
"23/10/2024 22:00:00 - 23/10/2024 23:00:00","BZN|ES","Without sequence","99.87",""
"23/10/2024 23:00:00 - 24/10/2024 00:00:00","BZN|ES","Without sequence","93.16",""
"24/10/2024 00:00:00 - 24/10/2024 01:00:00","BZN|ES","Without sequence","74.9",""
"24/10/2024 01:00:00 - 24/10/2024 02:00:00","BZN|ES","Without sequence","65.15",""
"24/10/2024 02:00:00 - 24/10/2024 03:00:00","BZN|ES","Without sequence","62.08",""
"24/10/2024 03:00:00 - 24/10/2024 04:00:00","BZN|ES","Without sequence","62.08",""
"24/10/2024 04:00:00 - 24/10/2024 05:00:00","BZN|ES","Without sequence","62.29",""
"24/10/2024 05:00:00 - 24/10/2024 06:00:00","BZN|ES","Without sequence","66.3",""
"24/10/2024 06:00:00 - 24/10/2024 07:00:00","BZN|ES","Without sequence","71.76",""
"24/10/2024 07:00:00 - 24/10/2024 08:00:00","BZN|ES","Without sequence","90.01",""
"24/10/2024 08:00:00 - 24/10/2024 09:00:00","BZN|ES","Without sequence","120.01",""
"24/10/2024 09:00:00 - 24/10/2024 10:00:00","BZN|ES","Without sequence","98.15",""
"24/10/2024 10:00:00 - 24/10/2024 11:00:00","BZN|ES","Without sequence","69.17",""
"24/10/2024 11:00:00 - 24/10/2024 12:00:00","BZN|ES","Without sequence","60.0",""
"24/10/2024 12:00:00 - 24/10/2024 13:00:00","BZN|ES","Without sequence","50.24",""
"24/10/2024 13:00:00 - 24/10/2024 14:00:00","BZN|ES","Without sequence","43.54",""
"24/10/2024 14:00:00 - 24/10/2024 15:00:00","BZN|ES","Without sequence","30.01",""
"24/10/2024 15:00:00 - 24/10/2024 16:00:00","BZN|ES","Without sequence","24.55",""
"24/10/2024 16:00:00 - 24/10/2024 17:00:00","BZN|ES","Without sequence","47.44",""
"24/10/2024 17:00:00 - 24/10/2024 18:00:00","BZN|ES","Without sequence","60.4",""
"24/10/2024 18:00:00 - 24/10/2024 19:00:00","BZN|ES","Without sequence","79.36",""
"24/10/2024 19:00:00 - 24/10/2024 20:00:00","BZN|ES","Without sequence","110.16",""
"24/10/2024 20:00:00 - 24/10/2024 21:00:00","BZN|ES","Without sequence","101.35",""
"24/10/2024 21:00:00 - 24/10/2024 22:00:00","BZN|ES","Without sequence","92.98",""
"24/10/2024 22:00:00 - 24/10/2024 23:00:00","BZN|ES","Without sequence","75.72",""
"24/10/2024 23:00:00 - 25/10/2024 00:00:00","BZN|ES","Without sequence","67.0",""
"25/10/2024 00:00:00 - 25/10/2024 01:00:00","BZN|ES","Without sequence","57.0",""
"25/10/2024 01:00:00 - 25/10/2024 02:00:00","BZN|ES","Without sequence","55.0",""
"25/10/2024 02:00:00 - 25/10/2024 03:00:00","BZN|ES","Without sequence","43.5",""
"25/10/2024 03:00:00 - 25/10/2024 04:00:00","BZN|ES","Without sequence","44.0",""
"25/10/2024 04:00:00 - 25/10/2024 05:00:00","BZN|ES","Without sequence","49.0",""
"25/10/2024 05:00:00 - 25/10/2024 06:00:00","BZN|ES","Without sequence","41.0",""
"25/10/2024 06:00:00 - 25/10/2024 07:00:00","BZN|ES","Without sequence","56.5",""
"25/10/2024 07:00:00 - 25/10/2024 08:00:00","BZN|ES","Without sequence","70.1",""
"25/10/2024 08:00:00 - 25/10/2024 09:00:00","BZN|ES","Without sequence","90.3",""
"25/10/2024 09:00:00 - 25/10/2024 10:00:00","BZN|ES","Without sequence","79.64",""
"25/10/2024 10:00:00 - 25/10/2024 11:00:00","BZN|ES","Without sequence","70.0",""
"25/10/2024 11:00:00 - 25/10/2024 12:00:00","BZN|ES","Without sequence","60.0",""
"25/10/2024 12:00:00 - 25/10/2024 13:00:00","BZN|ES","Without sequence","55.83",""
"25/10/2024 13:00:00 - 25/10/2024 14:00:00","BZN|ES","Without sequence","54.0",""
"25/10/2024 14:00:00 - 25/10/2024 15:00:00","BZN|ES","Without sequence","50.0",""
"25/10/2024 15:00:00 - 25/10/2024 16:00:00","BZN|ES","Without sequence","42.0",""
"25/10/2024 16:00:00 - 25/10/2024 17:00:00","BZN|ES","Without sequence","40.0",""
"25/10/2024 17:00:00 - 25/10/2024 18:00:00","BZN|ES","Without sequence","53.9",""
"25/10/2024 18:00:00 - 25/10/2024 19:00:00","BZN|ES","Without sequence","70.57",""
"25/10/2024 19:00:00 - 25/10/2024 20:00:00","BZN|ES","Without sequence","102.17",""
"25/10/2024 20:00:00 - 25/10/2024 21:00:00","BZN|ES","Without sequence","103.06",""
"25/10/2024 21:00:00 - 25/10/2024 22:00:00","BZN|ES","Without sequence","90.5",""
"25/10/2024 22:00:00 - 25/10/2024 23:00:00","BZN|ES","Without sequence","79.03",""
"25/10/2024 23:00:00 - 26/10/2024 00:00:00","BZN|ES","Without sequence","74.0",""
"26/10/2024 00:00:00 - 26/10/2024 01:00:00","BZN|ES","Without sequence","67.82",""
"26/10/2024 01:00:00 - 26/10/2024 02:00:00","BZN|ES","Without sequence","56.29",""
"26/10/2024 02:00:00 - 26/10/2024 03:00:00","BZN|ES","Without sequence","50.0",""
"26/10/2024 03:00:00 - 26/10/2024 04:00:00","BZN|ES","Without sequence","42.76",""
"26/10/2024 04:00:00 - 26/10/2024 05:00:00","BZN|ES","Without sequence","42.9",""
"26/10/2024 05:00:00 - 26/10/2024 06:00:00","BZN|ES","Without sequence","41.94",""
"26/10/2024 06:00:00 - 26/10/2024 07:00:00","BZN|ES","Without sequence","50.1",""
"26/10/2024 07:00:00 - 26/10/2024 08:00:00","BZN|ES","Without sequence","56.5",""
"26/10/2024 08:00:00 - 26/10/2024 09:00:00","BZN|ES","Without sequence","57.82",""
"26/10/2024 09:00:00 - 26/10/2024 10:00:00","BZN|ES","Without sequence","65.56",""
"26/10/2024 10:00:00 - 26/10/2024 11:00:00","BZN|ES","Without sequence","56.08",""
"26/10/2024 11:00:00 - 26/10/2024 12:00:00","BZN|ES","Without sequence","44.99",""
"26/10/2024 12:00:00 - 26/10/2024 13:00:00","BZN|ES","Without sequence","25.1",""
"26/10/2024 13:00:00 - 26/10/2024 14:00:00","BZN|ES","Without sequence","25.1",""
"26/10/2024 14:00:00 - 26/10/2024 15:00:00","BZN|ES","Without sequence","16.41",""
"26/10/2024 15:00:00 - 26/10/2024 16:00:00","BZN|ES","Without sequence","5.01",""
"26/10/2024 16:00:00 - 26/10/2024 17:00:00","BZN|ES","Without sequence","5.01",""
"26/10/2024 17:00:00 - 26/10/2024 18:00:00","BZN|ES","Without sequence","40.0",""
"26/10/2024 18:00:00 - 26/10/2024 19:00:00","BZN|ES","Without sequence","57.4",""
"26/10/2024 19:00:00 - 26/10/2024 20:00:00","BZN|ES","Without sequence","90.98",""
"26/10/2024 20:00:00 - 26/10/2024 21:00:00","BZN|ES","Without sequence","83.3",""
"26/10/2024 21:00:00 - 26/10/2024 22:00:00","BZN|ES","Without sequence","66.25",""
"26/10/2024 22:00:00 - 26/10/2024 23:00:00","BZN|ES","Without sequence","68.22",""
"26/10/2024 23:00:00 - 27/10/2024 00:00:00","BZN|ES","Without sequence","75.0",""
"27/10/2024 00:00:00 - 27/10/2024 01:00:00","BZN|ES","Without sequence","87.71",""
"27/10/2024 01:00:00 - 27/10/2024 02:00:00","BZN|ES","Without sequence","83.31",""
"27/10/2024 02:00:00 - 27/10/2024 02:00:00","BZN|ES","Without sequence","82.23",""
"27/10/2024 02:00:00 - 27/10/2024 03:00:00","BZN|ES","Without sequence","80.68",""
"27/10/2024 03:00:00 - 27/10/2024 04:00:00","BZN|ES","Without sequence","81.3",""
"27/10/2024 04:00:00 - 27/10/2024 05:00:00","BZN|ES","Without sequence","80.68",""
"27/10/2024 05:00:00 - 27/10/2024 06:00:00","BZN|ES","Without sequence","70.0",""
"27/10/2024 06:00:00 - 27/10/2024 07:00:00","BZN|ES","Without sequence","80.0",""
"27/10/2024 07:00:00 - 27/10/2024 08:00:00","BZN|ES","Without sequence","86.24",""
"27/10/2024 08:00:00 - 27/10/2024 09:00:00","BZN|ES","Without sequence","81.3",""
"27/10/2024 09:00:00 - 27/10/2024 10:00:00","BZN|ES","Without sequence","64.36",""
"27/10/2024 10:00:00 - 27/10/2024 11:00:00","BZN|ES","Without sequence","54.72",""
"27/10/2024 11:00:00 - 27/10/2024 12:00:00","BZN|ES","Without sequence","42.5",""
"27/10/2024 12:00:00 - 27/10/2024 13:00:00","BZN|ES","Without sequence","39.99",""
"27/10/2024 13:00:00 - 27/10/2024 14:00:00","BZN|ES","Without sequence","40.0",""
"27/10/2024 14:00:00 - 27/10/2024 15:00:00","BZN|ES","Without sequence","55.19",""
"27/10/2024 15:00:00 - 27/10/2024 16:00:00","BZN|ES","Without sequence","44.99",""
"27/10/2024 16:00:00 - 27/10/2024 17:00:00","BZN|ES","Without sequence","63.97",""
"27/10/2024 17:00:00 - 27/10/2024 18:00:00","BZN|ES","Without sequence","81.25",""
"27/10/2024 18:00:00 - 27/10/2024 19:00:00","BZN|ES","Without sequence","96.27",""
"27/10/2024 19:00:00 - 27/10/2024 20:00:00","BZN|ES","Without sequence","128.7",""
"27/10/2024 20:00:00 - 27/10/2024 21:00:00","BZN|ES","Without sequence","115.51",""
"27/10/2024 21:00:00 - 27/10/2024 22:00:00","BZN|ES","Without sequence","107.36",""
"27/10/2024 22:00:00 - 27/10/2024 23:00:00","BZN|ES","Without sequence","90.58",""
"27/10/2024 23:00:00 - 28/10/2024 00:00:00","BZN|ES","Without sequence","102.99",""
"28/10/2024 00:00:00 - 28/10/2024 01:00:00","BZN|ES","Without sequence","60.61",""
"28/10/2024 01:00:00 - 28/10/2024 02:00:00","BZN|ES","Without sequence","50.31",""
"28/10/2024 02:00:00 - 28/10/2024 03:00:00","BZN|ES","Without sequence","49.0",""
"28/10/2024 03:00:00 - 28/10/2024 04:00:00","BZN|ES","Without sequence","43.1",""
"28/10/2024 04:00:00 - 28/10/2024 05:00:00","BZN|ES","Without sequence","43.92",""
"28/10/2024 05:00:00 - 28/10/2024 06:00:00","BZN|ES","Without sequence","49.2",""
"28/10/2024 06:00:00 - 28/10/2024 07:00:00","BZN|ES","Without sequence","65.78",""
"28/10/2024 07:00:00 - 28/10/2024 08:00:00","BZN|ES","Without sequence","86.74",""
"28/10/2024 08:00:00 - 28/10/2024 09:00:00","BZN|ES","Without sequence","98.94",""
"28/10/2024 09:00:00 - 28/10/2024 10:00:00","BZN|ES","Without sequence","68.39",""
"28/10/2024 10:00:00 - 28/10/2024 11:00:00","BZN|ES","Without sequence","60.61",""
"28/10/2024 11:00:00 - 28/10/2024 12:00:00","BZN|ES","Without sequence","51.99",""
"28/10/2024 12:00:00 - 28/10/2024 13:00:00","BZN|ES","Without sequence","50.24",""
"28/10/2024 13:00:00 - 28/10/2024 14:00:00","BZN|ES","Without sequence","51.97",""
"28/10/2024 14:00:00 - 28/10/2024 15:00:00","BZN|ES","Without sequence","51.97",""
"28/10/2024 15:00:00 - 28/10/2024 16:00:00","BZN|ES","Without sequence","52.51",""
"28/10/2024 16:00:00 - 28/10/2024 17:00:00","BZN|ES","Without sequence","84.89",""
"28/10/2024 17:00:00 - 28/10/2024 18:00:00","BZN|ES","Without sequence","115.57",""
"28/10/2024 18:00:00 - 28/10/2024 19:00:00","BZN|ES","Without sequence","149.48",""
"28/10/2024 19:00:00 - 28/10/2024 20:00:00","BZN|ES","Without sequence","133.66",""
"28/10/2024 20:00:00 - 28/10/2024 21:00:00","BZN|ES","Without sequence","115.73",""
"28/10/2024 21:00:00 - 28/10/2024 22:00:00","BZN|ES","Without sequence","110.49",""
"28/10/2024 22:00:00 - 28/10/2024 23:00:00","BZN|ES","Without sequence","98.61",""
"28/10/2024 23:00:00 - 29/10/2024 00:00:00","BZN|ES","Without sequence","81.25",""
"29/10/2024 00:00:00 - 29/10/2024 01:00:00","BZN|ES","Without sequence","70.0",""
"29/10/2024 01:00:00 - 29/10/2024 02:00:00","BZN|ES","Without sequence","65.14",""
"29/10/2024 02:00:00 - 29/10/2024 03:00:00","BZN|ES","Without sequence","56.21",""
"29/10/2024 03:00:00 - 29/10/2024 04:00:00","BZN|ES","Without sequence","49.28",""
"29/10/2024 04:00:00 - 29/10/2024 05:00:00","BZN|ES","Without sequence","49.04",""
"29/10/2024 05:00:00 - 29/10/2024 06:00:00","BZN|ES","Without sequence","58.4",""
"29/10/2024 06:00:00 - 29/10/2024 07:00:00","BZN|ES","Without sequence","70.84",""
"29/10/2024 07:00:00 - 29/10/2024 08:00:00","BZN|ES","Without sequence","83.09",""
"29/10/2024 08:00:00 - 29/10/2024 09:00:00","BZN|ES","Without sequence","91.36",""
"29/10/2024 09:00:00 - 29/10/2024 10:00:00","BZN|ES","Without sequence","72.4",""
"29/10/2024 10:00:00 - 29/10/2024 11:00:00","BZN|ES","Without sequence","73.61",""
"29/10/2024 11:00:00 - 29/10/2024 12:00:00","BZN|ES","Without sequence","71.1",""
"29/10/2024 12:00:00 - 29/10/2024 13:00:00","BZN|ES","Without sequence","71.1",""
"29/10/2024 13:00:00 - 29/10/2024 14:00:00","BZN|ES","Without sequence","71.0",""
"29/10/2024 14:00:00 - 29/10/2024 15:00:00","BZN|ES","Without sequence","70.84",""
"29/10/2024 15:00:00 - 29/10/2024 16:00:00","BZN|ES","Without sequence","71.1",""
"29/10/2024 16:00:00 - 29/10/2024 17:00:00","BZN|ES","Without sequence","73.61",""
"29/10/2024 17:00:00 - 29/10/2024 18:00:00","BZN|ES","Without sequence","74.7",""
"29/10/2024 18:00:00 - 29/10/2024 19:00:00","BZN|ES","Without sequence","85.0",""
"29/10/2024 19:00:00 - 29/10/2024 20:00:00","BZN|ES","Without sequence","93.34",""
"29/10/2024 20:00:00 - 29/10/2024 21:00:00","BZN|ES","Without sequence","98.61",""
"29/10/2024 21:00:00 - 29/10/2024 22:00:00","BZN|ES","Without sequence","90.0",""
"29/10/2024 22:00:00 - 29/10/2024 23:00:00","BZN|ES","Without sequence","83.22",""
"29/10/2024 23:00:00 - 30/10/2024 00:00:00","BZN|ES","Without sequence","68.7",""
"30/10/2024 00:00:00 - 30/10/2024 01:00:00","BZN|ES","Without sequence","66.0",""
"30/10/2024 01:00:00 - 30/10/2024 02:00:00","BZN|ES","Without sequence","55.0",""
"30/10/2024 02:00:00 - 30/10/2024 03:00:00","BZN|ES","Without sequence","52.99",""
"30/10/2024 03:00:00 - 30/10/2024 04:00:00","BZN|ES","Without sequence","44.6",""
"30/10/2024 04:00:00 - 30/10/2024 05:00:00","BZN|ES","Without sequence","40.0",""
"30/10/2024 05:00:00 - 30/10/2024 06:00:00","BZN|ES","Without sequence","52.5",""
"30/10/2024 06:00:00 - 30/10/2024 07:00:00","BZN|ES","Without sequence","68.68",""
"30/10/2024 07:00:00 - 30/10/2024 08:00:00","BZN|ES","Without sequence","76.04",""
"30/10/2024 08:00:00 - 30/10/2024 09:00:00","BZN|ES","Without sequence","90.25",""
"30/10/2024 09:00:00 - 30/10/2024 10:00:00","BZN|ES","Without sequence","85.0",""
"30/10/2024 10:00:00 - 30/10/2024 11:00:00","BZN|ES","Without sequence","69.7",""
"30/10/2024 11:00:00 - 30/10/2024 12:00:00","BZN|ES","Without sequence","69.57",""
"30/10/2024 12:00:00 - 30/10/2024 13:00:00","BZN|ES","Without sequence","73.05",""
"30/10/2024 13:00:00 - 30/10/2024 14:00:00","BZN|ES","Without sequence","73.52",""
"30/10/2024 14:00:00 - 30/10/2024 15:00:00","BZN|ES","Without sequence","69.57",""
"30/10/2024 15:00:00 - 30/10/2024 16:00:00","BZN|ES","Without sequence","72.65",""
"30/10/2024 16:00:00 - 30/10/2024 17:00:00","BZN|ES","Without sequence","86.81",""
"30/10/2024 17:00:00 - 30/10/2024 18:00:00","BZN|ES","Without sequence","102.3",""
"30/10/2024 18:00:00 - 30/10/2024 19:00:00","BZN|ES","Without sequence","145.0",""
"30/10/2024 19:00:00 - 30/10/2024 20:00:00","BZN|ES","Without sequence","143.36",""
"30/10/2024 20:00:00 - 30/10/2024 21:00:00","BZN|ES","Without sequence","143.36",""
"30/10/2024 21:00:00 - 30/10/2024 22:00:00","BZN|ES","Without sequence","132.33",""
"30/10/2024 22:00:00 - 30/10/2024 23:00:00","BZN|ES","Without sequence","99.8",""
"30/10/2024 23:00:00 - 31/10/2024 00:00:00","BZN|ES","Without sequence","91.71",""
"31/10/2024 00:00:00 - 31/10/2024 01:00:00","BZN|ES","Without sequence","80.0",""
"31/10/2024 01:00:00 - 31/10/2024 02:00:00","BZN|ES","Without sequence","76.79",""
"31/10/2024 02:00:00 - 31/10/2024 03:00:00","BZN|ES","Without sequence","75.0",""
"31/10/2024 03:00:00 - 31/10/2024 04:00:00","BZN|ES","Without sequence","72.59",""
"31/10/2024 04:00:00 - 31/10/2024 05:00:00","BZN|ES","Without sequence","70.99",""
"31/10/2024 05:00:00 - 31/10/2024 06:00:00","BZN|ES","Without sequence","77.0",""
"31/10/2024 06:00:00 - 31/10/2024 07:00:00","BZN|ES","Without sequence","88.39",""
"31/10/2024 07:00:00 - 31/10/2024 08:00:00","BZN|ES","Without sequence","117.05",""
"31/10/2024 08:00:00 - 31/10/2024 09:00:00","BZN|ES","Without sequence","121.58",""
"31/10/2024 09:00:00 - 31/10/2024 10:00:00","BZN|ES","Without sequence","102.8",""
"31/10/2024 10:00:00 - 31/10/2024 11:00:00","BZN|ES","Without sequence","93.2",""
"31/10/2024 11:00:00 - 31/10/2024 12:00:00","BZN|ES","Without sequence","85.04",""
"31/10/2024 12:00:00 - 31/10/2024 13:00:00","BZN|ES","Without sequence","88.91",""
"31/10/2024 13:00:00 - 31/10/2024 14:00:00","BZN|ES","Without sequence","85.31",""
"31/10/2024 14:00:00 - 31/10/2024 15:00:00","BZN|ES","Without sequence","85.51",""
"31/10/2024 15:00:00 - 31/10/2024 16:00:00","BZN|ES","Without sequence","95.5",""
"31/10/2024 16:00:00 - 31/10/2024 17:00:00","BZN|ES","Without sequence","113.0",""
"31/10/2024 17:00:00 - 31/10/2024 18:00:00","BZN|ES","Without sequence","130.0",""
"31/10/2024 18:00:00 - 31/10/2024 19:00:00","BZN|ES","Without sequence","134.14",""
"31/10/2024 19:00:00 - 31/10/2024 20:00:00","BZN|ES","Without sequence","135.01",""
"31/10/2024 20:00:00 - 31/10/2024 21:00:00","BZN|ES","Without sequence","148.72",""
"31/10/2024 21:00:00 - 31/10/2024 22:00:00","BZN|ES","Without sequence","134.34",""
"31/10/2024 22:00:00 - 31/10/2024 23:00:00","BZN|ES","Without sequence","115.2",""
"31/10/2024 23:00:00 - 01/11/2024 00:00:00","BZN|ES","Without sequence","102.0",""
"01/11/2024 00:00:00 - 01/11/2024 01:00:00","BZN|ES","Without sequence","86.48",""
"01/11/2024 01:00:00 - 01/11/2024 02:00:00","BZN|ES","Without sequence","81.71",""
"01/11/2024 02:00:00 - 01/11/2024 03:00:00","BZN|ES","Without sequence","75.0",""
"01/11/2024 03:00:00 - 01/11/2024 04:00:00","BZN|ES","Without sequence","70.7",""
"01/11/2024 04:00:00 - 01/11/2024 05:00:00","BZN|ES","Without sequence","70.68",""
"01/11/2024 05:00:00 - 01/11/2024 06:00:00","BZN|ES","Without sequence","71.66",""
"01/11/2024 06:00:00 - 01/11/2024 07:00:00","BZN|ES","Without sequence","73.84",""
"01/11/2024 07:00:00 - 01/11/2024 08:00:00","BZN|ES","Without sequence","78.0",""
"01/11/2024 08:00:00 - 01/11/2024 09:00:00","BZN|ES","Without sequence","73.09",""
"01/11/2024 09:00:00 - 01/11/2024 10:00:00","BZN|ES","Without sequence","70.0",""
"01/11/2024 10:00:00 - 01/11/2024 11:00:00","BZN|ES","Without sequence","66.71",""
"01/11/2024 11:00:00 - 01/11/2024 12:00:00","BZN|ES","Without sequence","47.8",""
"01/11/2024 12:00:00 - 01/11/2024 13:00:00","BZN|ES","Without sequence","49.99",""
"01/11/2024 13:00:00 - 01/11/2024 14:00:00","BZN|ES","Without sequence","50.24",""
"01/11/2024 14:00:00 - 01/11/2024 15:00:00","BZN|ES","Without sequence","60.0",""
"01/11/2024 15:00:00 - 01/11/2024 16:00:00","BZN|ES","Without sequence","70.43",""
"01/11/2024 16:00:00 - 01/11/2024 17:00:00","BZN|ES","Without sequence","83.76",""
"01/11/2024 17:00:00 - 01/11/2024 18:00:00","BZN|ES","Without sequence","105.48",""
"01/11/2024 18:00:00 - 01/11/2024 19:00:00","BZN|ES","Without sequence","125.88",""
"01/11/2024 19:00:00 - 01/11/2024 20:00:00","BZN|ES","Without sequence","120.01",""
"01/11/2024 20:00:00 - 01/11/2024 21:00:00","BZN|ES","Without sequence","119.7",""
"01/11/2024 21:00:00 - 01/11/2024 22:00:00","BZN|ES","Without sequence","110.75",""
"01/11/2024 22:00:00 - 01/11/2024 23:00:00","BZN|ES","Without sequence","101.09",""
"01/11/2024 23:00:00 - 02/11/2024 00:00:00","BZN|ES","Without sequence","95.65",""
"02/11/2024 00:00:00 - 02/11/2024 01:00:00","BZN|ES","Without sequence","96.28",""
"02/11/2024 01:00:00 - 02/11/2024 02:00:00","BZN|ES","Without sequence","91.56",""
"02/11/2024 02:00:00 - 02/11/2024 03:00:00","BZN|ES","Without sequence","88.93",""
"02/11/2024 03:00:00 - 02/11/2024 04:00:00","BZN|ES","Without sequence","86.0",""
"02/11/2024 04:00:00 - 02/11/2024 05:00:00","BZN|ES","Without sequence","86.85",""
"02/11/2024 05:00:00 - 02/11/2024 06:00:00","BZN|ES","Without sequence","85.62",""
"02/11/2024 06:00:00 - 02/11/2024 07:00:00","BZN|ES","Without sequence","93.14",""
"02/11/2024 07:00:00 - 02/11/2024 08:00:00","BZN|ES","Without sequence","100.11",""
"02/11/2024 08:00:00 - 02/11/2024 09:00:00","BZN|ES","Without sequence","101.16",""
"02/11/2024 09:00:00 - 02/11/2024 10:00:00","BZN|ES","Without sequence","88.93",""
"02/11/2024 10:00:00 - 02/11/2024 11:00:00","BZN|ES","Without sequence","77.89",""
"02/11/2024 11:00:00 - 02/11/2024 12:00:00","BZN|ES","Without sequence","71.77",""
"02/11/2024 12:00:00 - 02/11/2024 13:00:00","BZN|ES","Without sequence","74.63",""
"02/11/2024 13:00:00 - 02/11/2024 14:00:00","BZN|ES","Without sequence","69.84",""
"02/11/2024 14:00:00 - 02/11/2024 15:00:00","BZN|ES","Without sequence","72.34",""
"02/11/2024 15:00:00 - 02/11/2024 16:00:00","BZN|ES","Without sequence","70.63",""
"02/11/2024 16:00:00 - 02/11/2024 17:00:00","BZN|ES","Without sequence","85.0",""
"02/11/2024 17:00:00 - 02/11/2024 18:00:00","BZN|ES","Without sequence","105.82",""
"02/11/2024 18:00:00 - 02/11/2024 19:00:00","BZN|ES","Without sequence","114.64",""
"02/11/2024 19:00:00 - 02/11/2024 20:00:00","BZN|ES","Without sequence","114.64",""
"02/11/2024 20:00:00 - 02/11/2024 21:00:00","BZN|ES","Without sequence","112.46",""
"02/11/2024 21:00:00 - 02/11/2024 22:00:00","BZN|ES","Without sequence","111.54",""
"02/11/2024 22:00:00 - 02/11/2024 23:00:00","BZN|ES","Without sequence","106.28",""
"02/11/2024 23:00:00 - 03/11/2024 00:00:00","BZN|ES","Without sequence","100.61",""
"03/11/2024 00:00:00 - 03/11/2024 01:00:00","BZN|ES","Without sequence","101.19",""
"03/11/2024 01:00:00 - 03/11/2024 02:00:00","BZN|ES","Without sequence","91.36",""
"03/11/2024 02:00:00 - 03/11/2024 03:00:00","BZN|ES","Without sequence","85.51",""
"03/11/2024 03:00:00 - 03/11/2024 04:00:00","BZN|ES","Without sequence","85.0",""
"03/11/2024 04:00:00 - 03/11/2024 05:00:00","BZN|ES","Without sequence","76.25",""
"03/11/2024 05:00:00 - 03/11/2024 06:00:00","BZN|ES","Without sequence","75.12",""
"03/11/2024 06:00:00 - 03/11/2024 07:00:00","BZN|ES","Without sequence","84.18",""
"03/11/2024 07:00:00 - 03/11/2024 08:00:00","BZN|ES","Without sequence","87.14",""
"03/11/2024 08:00:00 - 03/11/2024 09:00:00","BZN|ES","Without sequence","77.89",""
"03/11/2024 09:00:00 - 03/11/2024 10:00:00","BZN|ES","Without sequence","40.1",""
"03/11/2024 10:00:00 - 03/11/2024 11:00:00","BZN|ES","Without sequence","30.0",""
"03/11/2024 11:00:00 - 03/11/2024 12:00:00","BZN|ES","Without sequence","19.99",""
"03/11/2024 12:00:00 - 03/11/2024 13:00:00","BZN|ES","Without sequence","7.4",""
"03/11/2024 13:00:00 - 03/11/2024 14:00:00","BZN|ES","Without sequence","24.77",""
"03/11/2024 14:00:00 - 03/11/2024 15:00:00","BZN|ES","Without sequence","25.1",""
"03/11/2024 15:00:00 - 03/11/2024 16:00:00","BZN|ES","Without sequence","30.3",""
"03/11/2024 16:00:00 - 03/11/2024 17:00:00","BZN|ES","Without sequence","65.97",""
"03/11/2024 17:00:00 - 03/11/2024 18:00:00","BZN|ES","Without sequence","94.73",""
"03/11/2024 18:00:00 - 03/11/2024 19:00:00","BZN|ES","Without sequence","116.67",""
"03/11/2024 19:00:00 - 03/11/2024 20:00:00","BZN|ES","Without sequence","114.01",""
"03/11/2024 20:00:00 - 03/11/2024 21:00:00","BZN|ES","Without sequence","111.04",""
"03/11/2024 21:00:00 - 03/11/2024 22:00:00","BZN|ES","Without sequence","102.54",""
"03/11/2024 22:00:00 - 03/11/2024 23:00:00","BZN|ES","Without sequence","100.2",""
"03/11/2024 23:00:00 - 04/11/2024 00:00:00","BZN|ES","Without sequence","95.24",""
"04/11/2024 00:00:00 - 04/11/2024 01:00:00","BZN|ES","Without sequence","92.04",""
"04/11/2024 01:00:00 - 04/11/2024 02:00:00","BZN|ES","Without sequence","89.96",""
"04/11/2024 02:00:00 - 04/11/2024 03:00:00","BZN|ES","Without sequence","90.07",""
"04/11/2024 03:00:00 - 04/11/2024 04:00:00","BZN|ES","Without sequence","83.82",""
"04/11/2024 04:00:00 - 04/11/2024 05:00:00","BZN|ES","Without sequence","85.36",""
"04/11/2024 05:00:00 - 04/11/2024 06:00:00","BZN|ES","Without sequence","89.89",""
"04/11/2024 06:00:00 - 04/11/2024 07:00:00","BZN|ES","Without sequence","104.14",""
"04/11/2024 07:00:00 - 04/11/2024 08:00:00","BZN|ES","Without sequence","121.54",""
"04/11/2024 08:00:00 - 04/11/2024 09:00:00","BZN|ES","Without sequence","124.08",""
"04/11/2024 09:00:00 - 04/11/2024 10:00:00","BZN|ES","Without sequence","118.04",""
"04/11/2024 10:00:00 - 04/11/2024 11:00:00","BZN|ES","Without sequence","99.88",""
"04/11/2024 11:00:00 - 04/11/2024 12:00:00","BZN|ES","Without sequence","93.32",""
"04/11/2024 12:00:00 - 04/11/2024 13:00:00","BZN|ES","Without sequence","91.39",""
"04/11/2024 13:00:00 - 04/11/2024 14:00:00","BZN|ES","Without sequence","90.1",""
"04/11/2024 14:00:00 - 04/11/2024 15:00:00","BZN|ES","Without sequence","92.4",""
"04/11/2024 15:00:00 - 04/11/2024 16:00:00","BZN|ES","Without sequence","109.64",""
"04/11/2024 16:00:00 - 04/11/2024 17:00:00","BZN|ES","Without sequence","120.94",""
"04/11/2024 17:00:00 - 04/11/2024 18:00:00","BZN|ES","Without sequence","135.24",""
"04/11/2024 18:00:00 - 04/11/2024 19:00:00","BZN|ES","Without sequence","160.54",""
"04/11/2024 19:00:00 - 04/11/2024 20:00:00","BZN|ES","Without sequence","151.52",""
"04/11/2024 20:00:00 - 04/11/2024 21:00:00","BZN|ES","Without sequence","123.0",""
"04/11/2024 21:00:00 - 04/11/2024 22:00:00","BZN|ES","Without sequence","118.28",""
"04/11/2024 22:00:00 - 04/11/2024 23:00:00","BZN|ES","Without sequence","118.28",""
"04/11/2024 23:00:00 - 05/11/2024 00:00:00","BZN|ES","Without sequence","109.64",""
"05/11/2024 00:00:00 - 05/11/2024 01:00:00","BZN|ES","Without sequence","101.47",""
"05/11/2024 01:00:00 - 05/11/2024 02:00:00","BZN|ES","Without sequence","94.0",""
"05/11/2024 02:00:00 - 05/11/2024 03:00:00","BZN|ES","Without sequence","90.43",""
"05/11/2024 03:00:00 - 05/11/2024 04:00:00","BZN|ES","Without sequence","90.89",""
"05/11/2024 04:00:00 - 05/11/2024 05:00:00","BZN|ES","Without sequence","91.1",""
"05/11/2024 05:00:00 - 05/11/2024 06:00:00","BZN|ES","Without sequence","101.47",""
"05/11/2024 06:00:00 - 05/11/2024 07:00:00","BZN|ES","Without sequence","115.17",""
"05/11/2024 07:00:00 - 05/11/2024 08:00:00","BZN|ES","Without sequence","124.09",""
"05/11/2024 08:00:00 - 05/11/2024 09:00:00","BZN|ES","Without sequence","133.14",""
"05/11/2024 09:00:00 - 05/11/2024 10:00:00","BZN|ES","Without sequence","118.23",""
"05/11/2024 10:00:00 - 05/11/2024 11:00:00","BZN|ES","Without sequence","105.87",""
"05/11/2024 11:00:00 - 05/11/2024 12:00:00","BZN|ES","Without sequence","95.28",""
"05/11/2024 12:00:00 - 05/11/2024 13:00:00","BZN|ES","Without sequence","94.92",""
"05/11/2024 13:00:00 - 05/11/2024 14:00:00","BZN|ES","Without sequence","99.25",""
"05/11/2024 14:00:00 - 05/11/2024 15:00:00","BZN|ES","Without sequence","109.5",""
"05/11/2024 15:00:00 - 05/11/2024 16:00:00","BZN|ES","Without sequence","111.33",""
"05/11/2024 16:00:00 - 05/11/2024 17:00:00","BZN|ES","Without sequence","115.54",""
"05/11/2024 17:00:00 - 05/11/2024 18:00:00","BZN|ES","Without sequence","123.62",""
"05/11/2024 18:00:00 - 05/11/2024 19:00:00","BZN|ES","Without sequence","193.0",""
"05/11/2024 19:00:00 - 05/11/2024 20:00:00","BZN|ES","Without sequence","186.2",""
"05/11/2024 20:00:00 - 05/11/2024 21:00:00","BZN|ES","Without sequence","154.45",""
"05/11/2024 21:00:00 - 05/11/2024 22:00:00","BZN|ES","Without sequence","126.63",""
"05/11/2024 22:00:00 - 05/11/2024 23:00:00","BZN|ES","Without sequence","121.28",""
"05/11/2024 23:00:00 - 06/11/2024 00:00:00","BZN|ES","Without sequence","112.23",""
"06/11/2024 00:00:00 - 06/11/2024 01:00:00","BZN|ES","Without sequence","123.04",""
"06/11/2024 01:00:00 - 06/11/2024 02:00:00","BZN|ES","Without sequence","119.23",""
"06/11/2024 02:00:00 - 06/11/2024 03:00:00","BZN|ES","Without sequence","117.98",""
"06/11/2024 03:00:00 - 06/11/2024 04:00:00","BZN|ES","Without sequence","116.03",""
"06/11/2024 04:00:00 - 06/11/2024 05:00:00","BZN|ES","Without sequence","110.43",""
"06/11/2024 05:00:00 - 06/11/2024 06:00:00","BZN|ES","Without sequence","112.53",""
"06/11/2024 06:00:00 - 06/11/2024 07:00:00","BZN|ES","Without sequence","119.23",""
"06/11/2024 07:00:00 - 06/11/2024 08:00:00","BZN|ES","Without sequence","125.01",""
"06/11/2024 08:00:00 - 06/11/2024 09:00:00","BZN|ES","Without sequence","128.89",""
"06/11/2024 09:00:00 - 06/11/2024 10:00:00","BZN|ES","Without sequence","119.23",""
"06/11/2024 10:00:00 - 06/11/2024 11:00:00","BZN|ES","Without sequence","100.34",""
"06/11/2024 11:00:00 - 06/11/2024 12:00:00","BZN|ES","Without sequence","92.33",""
"06/11/2024 12:00:00 - 06/11/2024 13:00:00","BZN|ES","Without sequence","88.0",""
"06/11/2024 13:00:00 - 06/11/2024 14:00:00","BZN|ES","Without sequence","90.0",""
"06/11/2024 14:00:00 - 06/11/2024 15:00:00","BZN|ES","Without sequence","86.0",""
"06/11/2024 15:00:00 - 06/11/2024 16:00:00","BZN|ES","Without sequence","92.58",""
"06/11/2024 16:00:00 - 06/11/2024 17:00:00","BZN|ES","Without sequence","105.8",""
"06/11/2024 17:00:00 - 06/11/2024 18:00:00","BZN|ES","Without sequence","125.0",""
"06/11/2024 18:00:00 - 06/11/2024 19:00:00","BZN|ES","Without sequence","171.89",""
"06/11/2024 19:00:00 - 06/11/2024 20:00:00","BZN|ES","Without sequence","167.02",""
"06/11/2024 20:00:00 - 06/11/2024 21:00:00","BZN|ES","Without sequence","135.18",""
"06/11/2024 21:00:00 - 06/11/2024 22:00:00","BZN|ES","Without sequence","124.65",""
"06/11/2024 22:00:00 - 06/11/2024 23:00:00","BZN|ES","Without sequence","117.39",""
"06/11/2024 23:00:00 - 07/11/2024 00:00:00","BZN|ES","Without sequence","116.16",""
"07/11/2024 00:00:00 - 07/11/2024 01:00:00","BZN|ES","Without sequence","106.54",""
"07/11/2024 01:00:00 - 07/11/2024 02:00:00","BZN|ES","Without sequence","95.72",""
"07/11/2024 02:00:00 - 07/11/2024 03:00:00","BZN|ES","Without sequence","94.01",""
"07/11/2024 03:00:00 - 07/11/2024 04:00:00","BZN|ES","Without sequence","99.32",""
"07/11/2024 04:00:00 - 07/11/2024 05:00:00","BZN|ES","Without sequence","100.2",""
"07/11/2024 05:00:00 - 07/11/2024 06:00:00","BZN|ES","Without sequence","107.61",""
"07/11/2024 06:00:00 - 07/11/2024 07:00:00","BZN|ES","Without sequence","109.9",""
"07/11/2024 07:00:00 - 07/11/2024 08:00:00","BZN|ES","Without sequence","122.76",""
"07/11/2024 08:00:00 - 07/11/2024 09:00:00","BZN|ES","Without sequence","127.51",""
"07/11/2024 09:00:00 - 07/11/2024 10:00:00","BZN|ES","Without sequence","120.04",""
"07/11/2024 10:00:00 - 07/11/2024 11:00:00","BZN|ES","Without sequence","105.6",""
"07/11/2024 11:00:00 - 07/11/2024 12:00:00","BZN|ES","Without sequence","95.0",""
"07/11/2024 12:00:00 - 07/11/2024 13:00:00","BZN|ES","Without sequence","90.0",""
"07/11/2024 13:00:00 - 07/11/2024 14:00:00","BZN|ES","Without sequence","90.0",""
"07/11/2024 14:00:00 - 07/11/2024 15:00:00","BZN|ES","Without sequence","92.0",""
"07/11/2024 15:00:00 - 07/11/2024 16:00:00","BZN|ES","Without sequence","106.87",""
"07/11/2024 16:00:00 - 07/11/2024 17:00:00","BZN|ES","Without sequence","119.16",""
"07/11/2024 17:00:00 - 07/11/2024 18:00:00","BZN|ES","Without sequence","122.98",""
"07/11/2024 18:00:00 - 07/11/2024 19:00:00","BZN|ES","Without sequence","151.49",""
"07/11/2024 19:00:00 - 07/11/2024 20:00:00","BZN|ES","Without sequence","144.66",""
"07/11/2024 20:00:00 - 07/11/2024 21:00:00","BZN|ES","Without sequence","130.99",""
"07/11/2024 21:00:00 - 07/11/2024 22:00:00","BZN|ES","Without sequence","124.48",""
"07/11/2024 22:00:00 - 07/11/2024 23:00:00","BZN|ES","Without sequence","115.31",""
"07/11/2024 23:00:00 - 08/11/2024 00:00:00","BZN|ES","Without sequence","111.73",""
"08/11/2024 00:00:00 - 08/11/2024 01:00:00","BZN|ES","Without sequence","103.48",""
"08/11/2024 01:00:00 - 08/11/2024 02:00:00","BZN|ES","Without sequence","104.0",""
"08/11/2024 02:00:00 - 08/11/2024 03:00:00","BZN|ES","Without sequence","98.78",""
"08/11/2024 03:00:00 - 08/11/2024 04:00:00","BZN|ES","Without sequence","98.78",""
"08/11/2024 04:00:00 - 08/11/2024 05:00:00","BZN|ES","Without sequence","98.8",""
"08/11/2024 05:00:00 - 08/11/2024 06:00:00","BZN|ES","Without sequence","103.23",""
"08/11/2024 06:00:00 - 08/11/2024 07:00:00","BZN|ES","Without sequence","112.09",""
"08/11/2024 07:00:00 - 08/11/2024 08:00:00","BZN|ES","Without sequence","126.56",""
"08/11/2024 08:00:00 - 08/11/2024 09:00:00","BZN|ES","Without sequence","130.37",""
"08/11/2024 09:00:00 - 08/11/2024 10:00:00","BZN|ES","Without sequence","124.1",""
"08/11/2024 10:00:00 - 08/11/2024 11:00:00","BZN|ES","Without sequence","117.34",""
"08/11/2024 11:00:00 - 08/11/2024 12:00:00","BZN|ES","Without sequence","110.94",""
"08/11/2024 12:00:00 - 08/11/2024 13:00:00","BZN|ES","Without sequence","105.59",""
"08/11/2024 13:00:00 - 08/11/2024 14:00:00","BZN|ES","Without sequence","106.81",""
"08/11/2024 14:00:00 - 08/11/2024 15:00:00","BZN|ES","Without sequence","112.53",""
"08/11/2024 15:00:00 - 08/11/2024 16:00:00","BZN|ES","Without sequence","122.8",""
"08/11/2024 16:00:00 - 08/11/2024 17:00:00","BZN|ES","Without sequence","127.74",""
"08/11/2024 17:00:00 - 08/11/2024 18:00:00","BZN|ES","Without sequence","129.88",""
"08/11/2024 18:00:00 - 08/11/2024 19:00:00","BZN|ES","Without sequence","133.58",""
"08/11/2024 19:00:00 - 08/11/2024 20:00:00","BZN|ES","Without sequence","134.28",""
"08/11/2024 20:00:00 - 08/11/2024 21:00:00","BZN|ES","Without sequence","134.28",""
"08/11/2024 21:00:00 - 08/11/2024 22:00:00","BZN|ES","Without sequence","132.28",""
"08/11/2024 22:00:00 - 08/11/2024 23:00:00","BZN|ES","Without sequence","127.74",""
"08/11/2024 23:00:00 - 09/11/2024 00:00:00","BZN|ES","Without sequence","123.76",""
"09/11/2024 00:00:00 - 09/11/2024 01:00:00","BZN|ES","Without sequence","115.7",""
"09/11/2024 01:00:00 - 09/11/2024 02:00:00","BZN|ES","Without sequence","115.7",""
"09/11/2024 02:00:00 - 09/11/2024 03:00:00","BZN|ES","Without sequence","98.96",""
"09/11/2024 03:00:00 - 09/11/2024 04:00:00","BZN|ES","Without sequence","98.96",""
"09/11/2024 04:00:00 - 09/11/2024 05:00:00","BZN|ES","Without sequence","98.41",""
"09/11/2024 05:00:00 - 09/11/2024 06:00:00","BZN|ES","Without sequence","100.17",""
"09/11/2024 06:00:00 - 09/11/2024 07:00:00","BZN|ES","Without sequence","104.31",""
"09/11/2024 07:00:00 - 09/11/2024 08:00:00","BZN|ES","Without sequence","109.87",""
"09/11/2024 08:00:00 - 09/11/2024 09:00:00","BZN|ES","Without sequence","114.1",""
"09/11/2024 09:00:00 - 09/11/2024 10:00:00","BZN|ES","Without sequence","114.6",""
"09/11/2024 10:00:00 - 09/11/2024 11:00:00","BZN|ES","Without sequence","109.97",""
"09/11/2024 11:00:00 - 09/11/2024 12:00:00","BZN|ES","Without sequence","106.4",""
"09/11/2024 12:00:00 - 09/11/2024 13:00:00","BZN|ES","Without sequence","100.37",""
"09/11/2024 13:00:00 - 09/11/2024 14:00:00","BZN|ES","Without sequence","96.8",""
"09/11/2024 14:00:00 - 09/11/2024 15:00:00","BZN|ES","Without sequence","93.23",""
"09/11/2024 15:00:00 - 09/11/2024 16:00:00","BZN|ES","Without sequence","90.2",""
"09/11/2024 16:00:00 - 09/11/2024 17:00:00","BZN|ES","Without sequence","114.08",""
"09/11/2024 17:00:00 - 09/11/2024 18:00:00","BZN|ES","Without sequence","130.04",""
"09/11/2024 18:00:00 - 09/11/2024 19:00:00","BZN|ES","Without sequence","133.34",""
"09/11/2024 19:00:00 - 09/11/2024 20:00:00","BZN|ES","Without sequence","134.86",""
"09/11/2024 20:00:00 - 09/11/2024 21:00:00","BZN|ES","Without sequence","128.32",""
"09/11/2024 21:00:00 - 09/11/2024 22:00:00","BZN|ES","Without sequence","117.96",""
"09/11/2024 22:00:00 - 09/11/2024 23:00:00","BZN|ES","Without sequence","114.53",""
"09/11/2024 23:00:00 - 10/11/2024 00:00:00","BZN|ES","Without sequence","110.1",""
"10/11/2024 00:00:00 - 10/11/2024 01:00:00","BZN|ES","Without sequence","104.99",""
"10/11/2024 01:00:00 - 10/11/2024 02:00:00","BZN|ES","Without sequence","102.28",""
"10/11/2024 02:00:00 - 10/11/2024 03:00:00","BZN|ES","Without sequence","97.69",""
"10/11/2024 03:00:00 - 10/11/2024 04:00:00","BZN|ES","Without sequence","92.52",""
"10/11/2024 04:00:00 - 10/11/2024 05:00:00","BZN|ES","Without sequence","90.0",""
"10/11/2024 05:00:00 - 10/11/2024 06:00:00","BZN|ES","Without sequence","89.18",""
"10/11/2024 06:00:00 - 10/11/2024 07:00:00","BZN|ES","Without sequence","95.09",""
"10/11/2024 07:00:00 - 10/11/2024 08:00:00","BZN|ES","Without sequence","102.45",""
"10/11/2024 08:00:00 - 10/11/2024 09:00:00","BZN|ES","Without sequence","97.95",""
"10/11/2024 09:00:00 - 10/11/2024 10:00:00","BZN|ES","Without sequence","82.78",""
"10/11/2024 10:00:00 - 10/11/2024 11:00:00","BZN|ES","Without sequence","65.2",""
"10/11/2024 11:00:00 - 10/11/2024 12:00:00","BZN|ES","Without sequence","50.0",""
"10/11/2024 12:00:00 - 10/11/2024 13:00:00","BZN|ES","Without sequence","48.4",""
"10/11/2024 13:00:00 - 10/11/2024 14:00:00","BZN|ES","Without sequence","49.01",""
"10/11/2024 14:00:00 - 10/11/2024 15:00:00","BZN|ES","Without sequence","49.01",""
"10/11/2024 15:00:00 - 10/11/2024 16:00:00","BZN|ES","Without sequence","50.24",""
"10/11/2024 16:00:00 - 10/11/2024 17:00:00","BZN|ES","Without sequence","83.2",""
"10/11/2024 17:00:00 - 10/11/2024 18:00:00","BZN|ES","Without sequence","116.0",""
"10/11/2024 18:00:00 - 10/11/2024 19:00:00","BZN|ES","Without sequence","127.99",""
"10/11/2024 19:00:00 - 10/11/2024 20:00:00","BZN|ES","Without sequence","128.02",""
"10/11/2024 20:00:00 - 10/11/2024 21:00:00","BZN|ES","Without sequence","125.31",""
"10/11/2024 21:00:00 - 10/11/2024 22:00:00","BZN|ES","Without sequence","115.28",""
"10/11/2024 22:00:00 - 10/11/2024 23:00:00","BZN|ES","Without sequence","111.1",""
"10/11/2024 23:00:00 - 11/11/2024 00:00:00","BZN|ES","Without sequence","108.02",""
"11/11/2024 00:00:00 - 11/11/2024 01:00:00","BZN|ES","Without sequence","109.0",""
"11/11/2024 01:00:00 - 11/11/2024 02:00:00","BZN|ES","Without sequence","101.71",""
"11/11/2024 02:00:00 - 11/11/2024 03:00:00","BZN|ES","Without sequence","99.39",""
"11/11/2024 03:00:00 - 11/11/2024 04:00:00","BZN|ES","Without sequence","85.38",""
"11/11/2024 04:00:00 - 11/11/2024 05:00:00","BZN|ES","Without sequence","80.66",""
"11/11/2024 05:00:00 - 11/11/2024 06:00:00","BZN|ES","Without sequence","80.2",""
"11/11/2024 06:00:00 - 11/11/2024 07:00:00","BZN|ES","Without sequence","84.1",""
"11/11/2024 07:00:00 - 11/11/2024 08:00:00","BZN|ES","Without sequence","105.72",""
"11/11/2024 08:00:00 - 11/11/2024 09:00:00","BZN|ES","Without sequence","109.0",""
"11/11/2024 09:00:00 - 11/11/2024 10:00:00","BZN|ES","Without sequence","79.9",""
"11/11/2024 10:00:00 - 11/11/2024 11:00:00","BZN|ES","Without sequence","50.24",""
"11/11/2024 11:00:00 - 11/11/2024 12:00:00","BZN|ES","Without sequence","45.2",""
"11/11/2024 12:00:00 - 11/11/2024 13:00:00","BZN|ES","Without sequence","33.49",""
"11/11/2024 13:00:00 - 11/11/2024 14:00:00","BZN|ES","Without sequence","15.2",""
"11/11/2024 14:00:00 - 11/11/2024 15:00:00","BZN|ES","Without sequence","7.0",""
"11/11/2024 15:00:00 - 11/11/2024 16:00:00","BZN|ES","Without sequence","5.0",""
"11/11/2024 16:00:00 - 11/11/2024 17:00:00","BZN|ES","Without sequence","65.63",""
"11/11/2024 17:00:00 - 11/11/2024 18:00:00","BZN|ES","Without sequence","106.7",""
"11/11/2024 18:00:00 - 11/11/2024 19:00:00","BZN|ES","Without sequence","115.89",""
"11/11/2024 19:00:00 - 11/11/2024 20:00:00","BZN|ES","Without sequence","116.86",""
"11/11/2024 20:00:00 - 11/11/2024 21:00:00","BZN|ES","Without sequence","109.69",""
"11/11/2024 21:00:00 - 11/11/2024 22:00:00","BZN|ES","Without sequence","96.73",""
"11/11/2024 22:00:00 - 11/11/2024 23:00:00","BZN|ES","Without sequence","88.92",""
"11/11/2024 23:00:00 - 12/11/2024 00:00:00","BZN|ES","Without sequence","78.2",""
"12/11/2024 00:00:00 - 12/11/2024 01:00:00","BZN|ES","Without sequence","65.0",""
"12/11/2024 01:00:00 - 12/11/2024 02:00:00","BZN|ES","Without sequence","49.97",""
"12/11/2024 02:00:00 - 12/11/2024 03:00:00","BZN|ES","Without sequence","49.78",""
"12/11/2024 03:00:00 - 12/11/2024 04:00:00","BZN|ES","Without sequence","45.38",""
"12/11/2024 04:00:00 - 12/11/2024 05:00:00","BZN|ES","Without sequence","31.24",""
"12/11/2024 05:00:00 - 12/11/2024 06:00:00","BZN|ES","Without sequence","49.84",""
"12/11/2024 06:00:00 - 12/11/2024 07:00:00","BZN|ES","Without sequence","70.2",""
"12/11/2024 07:00:00 - 12/11/2024 08:00:00","BZN|ES","Without sequence","102.66",""
"12/11/2024 08:00:00 - 12/11/2024 09:00:00","BZN|ES","Without sequence","102.67",""
"12/11/2024 09:00:00 - 12/11/2024 10:00:00","BZN|ES","Without sequence","69.98",""
"12/11/2024 10:00:00 - 12/11/2024 11:00:00","BZN|ES","Without sequence","4.31",""
"12/11/2024 11:00:00 - 12/11/2024 12:00:00","BZN|ES","Without sequence","3.32",""
"12/11/2024 12:00:00 - 12/11/2024 13:00:00","BZN|ES","Without sequence","3.32",""
"12/11/2024 13:00:00 - 12/11/2024 14:00:00","BZN|ES","Without sequence","3.32",""
"12/11/2024 14:00:00 - 12/11/2024 15:00:00","BZN|ES","Without sequence","3.32",""
"12/11/2024 15:00:00 - 12/11/2024 16:00:00","BZN|ES","Without sequence","3.32",""
"12/11/2024 16:00:00 - 12/11/2024 17:00:00","BZN|ES","Without sequence","49.84",""
"12/11/2024 17:00:00 - 12/11/2024 18:00:00","BZN|ES","Without sequence","102.67",""
"12/11/2024 18:00:00 - 12/11/2024 19:00:00","BZN|ES","Without sequence","115.06",""
"12/11/2024 19:00:00 - 12/11/2024 20:00:00","BZN|ES","Without sequence","120.76",""
"12/11/2024 20:00:00 - 12/11/2024 21:00:00","BZN|ES","Without sequence","128.86",""
"12/11/2024 21:00:00 - 12/11/2024 22:00:00","BZN|ES","Without sequence","120.28",""
"12/11/2024 22:00:00 - 12/11/2024 23:00:00","BZN|ES","Without sequence","119.92",""
"12/11/2024 23:00:00 - 13/11/2024 00:00:00","BZN|ES","Without sequence","113.87",""
"13/11/2024 00:00:00 - 13/11/2024 01:00:00","BZN|ES","Without sequence","100.13",""
"13/11/2024 01:00:00 - 13/11/2024 02:00:00","BZN|ES","Without sequence","99.47",""
"13/11/2024 02:00:00 - 13/11/2024 03:00:00","BZN|ES","Without sequence","99.12",""
"13/11/2024 03:00:00 - 13/11/2024 04:00:00","BZN|ES","Without sequence","95.33",""
"13/11/2024 04:00:00 - 13/11/2024 05:00:00","BZN|ES","Without sequence","91.82",""
"13/11/2024 05:00:00 - 13/11/2024 06:00:00","BZN|ES","Without sequence","94.9",""
"13/11/2024 06:00:00 - 13/11/2024 07:00:00","BZN|ES","Without sequence","104.09",""
"13/11/2024 07:00:00 - 13/11/2024 08:00:00","BZN|ES","Without sequence","120.0",""
"13/11/2024 08:00:00 - 13/11/2024 09:00:00","BZN|ES","Without sequence","121.76",""
"13/11/2024 09:00:00 - 13/11/2024 10:00:00","BZN|ES","Without sequence","120.86",""
"13/11/2024 10:00:00 - 13/11/2024 11:00:00","BZN|ES","Without sequence","104.09",""
"13/11/2024 11:00:00 - 13/11/2024 12:00:00","BZN|ES","Without sequence","84.9",""
"13/11/2024 12:00:00 - 13/11/2024 13:00:00","BZN|ES","Without sequence","82.99",""
"13/11/2024 13:00:00 - 13/11/2024 14:00:00","BZN|ES","Without sequence","83.2",""
"13/11/2024 14:00:00 - 13/11/2024 15:00:00","BZN|ES","Without sequence","84.9",""
"13/11/2024 15:00:00 - 13/11/2024 16:00:00","BZN|ES","Without sequence","95.97",""
"13/11/2024 16:00:00 - 13/11/2024 17:00:00","BZN|ES","Without sequence","112.35",""
"13/11/2024 17:00:00 - 13/11/2024 18:00:00","BZN|ES","Without sequence","116.28",""
"13/11/2024 18:00:00 - 13/11/2024 19:00:00","BZN|ES","Without sequence","121.28",""
"13/11/2024 19:00:00 - 13/11/2024 20:00:00","BZN|ES","Without sequence","132.18",""
"13/11/2024 20:00:00 - 13/11/2024 21:00:00","BZN|ES","Without sequence","133.61",""
"13/11/2024 21:00:00 - 13/11/2024 22:00:00","BZN|ES","Without sequence","119.8",""
"13/11/2024 22:00:00 - 13/11/2024 23:00:00","BZN|ES","Without sequence","115.88",""
"13/11/2024 23:00:00 - 14/11/2024 00:00:00","BZN|ES","Without sequence","100.0",""
"14/11/2024 00:00:00 - 14/11/2024 01:00:00","BZN|ES","Without sequence","90.2",""
"14/11/2024 01:00:00 - 14/11/2024 02:00:00","BZN|ES","Without sequence","90.0",""
"14/11/2024 02:00:00 - 14/11/2024 03:00:00","BZN|ES","Without sequence","89.53",""
"14/11/2024 03:00:00 - 14/11/2024 04:00:00","BZN|ES","Without sequence","89.99",""
"14/11/2024 04:00:00 - 14/11/2024 05:00:00","BZN|ES","Without sequence","90.2",""
"14/11/2024 05:00:00 - 14/11/2024 06:00:00","BZN|ES","Without sequence","95.74",""
"14/11/2024 06:00:00 - 14/11/2024 07:00:00","BZN|ES","Without sequence","110.99",""
"14/11/2024 07:00:00 - 14/11/2024 08:00:00","BZN|ES","Without sequence","125.28",""
"14/11/2024 08:00:00 - 14/11/2024 09:00:00","BZN|ES","Without sequence","134.11",""
"14/11/2024 09:00:00 - 14/11/2024 10:00:00","BZN|ES","Without sequence","125.8",""
"14/11/2024 10:00:00 - 14/11/2024 11:00:00","BZN|ES","Without sequence","121.71",""
"14/11/2024 11:00:00 - 14/11/2024 12:00:00","BZN|ES","Without sequence","120.76",""
"14/11/2024 12:00:00 - 14/11/2024 13:00:00","BZN|ES","Without sequence","119.8",""
"14/11/2024 13:00:00 - 14/11/2024 14:00:00","BZN|ES","Without sequence","120.76",""
"14/11/2024 14:00:00 - 14/11/2024 15:00:00","BZN|ES","Without sequence","122.54",""
"14/11/2024 15:00:00 - 14/11/2024 16:00:00","BZN|ES","Without sequence","126.04",""
"14/11/2024 16:00:00 - 14/11/2024 17:00:00","BZN|ES","Without sequence","133.12",""
"14/11/2024 17:00:00 - 14/11/2024 18:00:00","BZN|ES","Without sequence","136.23",""
"14/11/2024 18:00:00 - 14/11/2024 19:00:00","BZN|ES","Without sequence","146.26",""
"14/11/2024 19:00:00 - 14/11/2024 20:00:00","BZN|ES","Without sequence","151.63",""
"14/11/2024 20:00:00 - 14/11/2024 21:00:00","BZN|ES","Without sequence","140.1",""
"14/11/2024 21:00:00 - 14/11/2024 22:00:00","BZN|ES","Without sequence","129.81",""
"14/11/2024 22:00:00 - 14/11/2024 23:00:00","BZN|ES","Without sequence","123.28",""
"14/11/2024 23:00:00 - 15/11/2024 00:00:00","BZN|ES","Without sequence","112.91",""
"15/11/2024 00:00:00 - 15/11/2024 01:00:00","BZN|ES","Without sequence","111.6",""
"15/11/2024 01:00:00 - 15/11/2024 02:00:00","BZN|ES","Without sequence","107.31",""
"15/11/2024 02:00:00 - 15/11/2024 03:00:00","BZN|ES","Without sequence","107.43",""
"15/11/2024 03:00:00 - 15/11/2024 04:00:00","BZN|ES","Without sequence","104.05",""
"15/11/2024 04:00:00 - 15/11/2024 05:00:00","BZN|ES","Without sequence","104.81",""
"15/11/2024 05:00:00 - 15/11/2024 06:00:00","BZN|ES","Without sequence","109.55",""
"15/11/2024 06:00:00 - 15/11/2024 07:00:00","BZN|ES","Without sequence","130.98",""
"15/11/2024 07:00:00 - 15/11/2024 08:00:00","BZN|ES","Without sequence","141.66",""
"15/11/2024 08:00:00 - 15/11/2024 09:00:00","BZN|ES","Without sequence","147.22",""
"15/11/2024 09:00:00 - 15/11/2024 10:00:00","BZN|ES","Without sequence","138.36",""
"15/11/2024 10:00:00 - 15/11/2024 11:00:00","BZN|ES","Without sequence","131.25",""
"15/11/2024 11:00:00 - 15/11/2024 12:00:00","BZN|ES","Without sequence","125.6",""
"15/11/2024 12:00:00 - 15/11/2024 13:00:00","BZN|ES","Without sequence","120.47",""
"15/11/2024 13:00:00 - 15/11/2024 14:00:00","BZN|ES","Without sequence","119.54",""
"15/11/2024 14:00:00 - 15/11/2024 15:00:00","BZN|ES","Without sequence","120.0",""
"15/11/2024 15:00:00 - 15/11/2024 16:00:00","BZN|ES","Without sequence","119.55",""
"15/11/2024 16:00:00 - 15/11/2024 17:00:00","BZN|ES","Without sequence","128.7",""
"15/11/2024 17:00:00 - 15/11/2024 18:00:00","BZN|ES","Without sequence","139.68",""
"15/11/2024 18:00:00 - 15/11/2024 19:00:00","BZN|ES","Without sequence","138.66",""
"15/11/2024 19:00:00 - 15/11/2024 20:00:00","BZN|ES","Without sequence","134.05",""
"15/11/2024 20:00:00 - 15/11/2024 21:00:00","BZN|ES","Without sequence","133.85",""
"15/11/2024 21:00:00 - 15/11/2024 22:00:00","BZN|ES","Without sequence","134.19",""
"15/11/2024 22:00:00 - 15/11/2024 23:00:00","BZN|ES","Without sequence","126.69",""
"15/11/2024 23:00:00 - 16/11/2024 00:00:00","BZN|ES","Without sequence","114.08",""
"16/11/2024 00:00:00 - 16/11/2024 01:00:00","BZN|ES","Without sequence","104.59",""
"16/11/2024 01:00:00 - 16/11/2024 02:00:00","BZN|ES","Without sequence","99.0",""
"16/11/2024 02:00:00 - 16/11/2024 03:00:00","BZN|ES","Without sequence","94.5",""
"16/11/2024 03:00:00 - 16/11/2024 04:00:00","BZN|ES","Without sequence","92.28",""
"16/11/2024 04:00:00 - 16/11/2024 05:00:00","BZN|ES","Without sequence","92.37",""
"16/11/2024 05:00:00 - 16/11/2024 06:00:00","BZN|ES","Without sequence","91.98",""
"16/11/2024 06:00:00 - 16/11/2024 07:00:00","BZN|ES","Without sequence","93.99",""
"16/11/2024 07:00:00 - 16/11/2024 08:00:00","BZN|ES","Without sequence","104.52",""
"16/11/2024 08:00:00 - 16/11/2024 09:00:00","BZN|ES","Without sequence","114.32",""
"16/11/2024 09:00:00 - 16/11/2024 10:00:00","BZN|ES","Without sequence","116.0",""
"16/11/2024 10:00:00 - 16/11/2024 11:00:00","BZN|ES","Without sequence","112.2",""
"16/11/2024 11:00:00 - 16/11/2024 12:00:00","BZN|ES","Without sequence","104.0",""
"16/11/2024 12:00:00 - 16/11/2024 13:00:00","BZN|ES","Without sequence","101.49",""
"16/11/2024 13:00:00 - 16/11/2024 14:00:00","BZN|ES","Without sequence","99.54",""
"16/11/2024 14:00:00 - 16/11/2024 15:00:00","BZN|ES","Without sequence","101.51",""
"16/11/2024 15:00:00 - 16/11/2024 16:00:00","BZN|ES","Without sequence","109.05",""
"16/11/2024 16:00:00 - 16/11/2024 17:00:00","BZN|ES","Without sequence","120.64",""
"16/11/2024 17:00:00 - 16/11/2024 18:00:00","BZN|ES","Without sequence","131.22",""
"16/11/2024 18:00:00 - 16/11/2024 19:00:00","BZN|ES","Without sequence","134.0",""
"16/11/2024 19:00:00 - 16/11/2024 20:00:00","BZN|ES","Without sequence","135.74",""
"16/11/2024 20:00:00 - 16/11/2024 21:00:00","BZN|ES","Without sequence","138.2",""
"16/11/2024 21:00:00 - 16/11/2024 22:00:00","BZN|ES","Without sequence","139.0",""
"16/11/2024 22:00:00 - 16/11/2024 23:00:00","BZN|ES","Without sequence","131.79",""
"16/11/2024 23:00:00 - 17/11/2024 00:00:00","BZN|ES","Without sequence","130.0",""
"17/11/2024 00:00:00 - 17/11/2024 01:00:00","BZN|ES","Without sequence","129.34",""
"17/11/2024 01:00:00 - 17/11/2024 02:00:00","BZN|ES","Without sequence","117.74",""
"17/11/2024 02:00:00 - 17/11/2024 03:00:00","BZN|ES","Without sequence","108.06",""
"17/11/2024 03:00:00 - 17/11/2024 04:00:00","BZN|ES","Without sequence","107.74",""
"17/11/2024 04:00:00 - 17/11/2024 05:00:00","BZN|ES","Without sequence","100.0",""
"17/11/2024 05:00:00 - 17/11/2024 06:00:00","BZN|ES","Without sequence","103.0",""
"17/11/2024 06:00:00 - 17/11/2024 07:00:00","BZN|ES","Without sequence","97.31",""
"17/11/2024 07:00:00 - 17/11/2024 08:00:00","BZN|ES","Without sequence","107.74",""
"17/11/2024 08:00:00 - 17/11/2024 09:00:00","BZN|ES","Without sequence","105.0",""
"17/11/2024 09:00:00 - 17/11/2024 10:00:00","BZN|ES","Without sequence","95.98",""
"17/11/2024 10:00:00 - 17/11/2024 11:00:00","BZN|ES","Without sequence","87.79",""
"17/11/2024 11:00:00 - 17/11/2024 12:00:00","BZN|ES","Without sequence","89.09",""
"17/11/2024 12:00:00 - 17/11/2024 13:00:00","BZN|ES","Without sequence","92.68",""
"17/11/2024 13:00:00 - 17/11/2024 14:00:00","BZN|ES","Without sequence","87.79",""
"17/11/2024 14:00:00 - 17/11/2024 15:00:00","BZN|ES","Without sequence","92.73",""
"17/11/2024 15:00:00 - 17/11/2024 16:00:00","BZN|ES","Without sequence","96.11",""
"17/11/2024 16:00:00 - 17/11/2024 17:00:00","BZN|ES","Without sequence","109.9",""
"17/11/2024 17:00:00 - 17/11/2024 18:00:00","BZN|ES","Without sequence","135.01",""
"17/11/2024 18:00:00 - 17/11/2024 19:00:00","BZN|ES","Without sequence","140.3",""
"17/11/2024 19:00:00 - 17/11/2024 20:00:00","BZN|ES","Without sequence","145.43",""
"17/11/2024 20:00:00 - 17/11/2024 21:00:00","BZN|ES","Without sequence","150.0",""
"17/11/2024 21:00:00 - 17/11/2024 22:00:00","BZN|ES","Without sequence","154.43",""
"17/11/2024 22:00:00 - 17/11/2024 23:00:00","BZN|ES","Without sequence","144.14",""
"17/11/2024 23:00:00 - 18/11/2024 00:00:00","BZN|ES","Without sequence","139.2",""
"18/11/2024 00:00:00 - 18/11/2024 01:00:00","BZN|ES","Without sequence","133.98",""
"18/11/2024 01:00:00 - 18/11/2024 02:00:00","BZN|ES","Without sequence","126.61",""
"18/11/2024 02:00:00 - 18/11/2024 03:00:00","BZN|ES","Without sequence","117.33",""
"18/11/2024 03:00:00 - 18/11/2024 04:00:00","BZN|ES","Without sequence","122.03",""
"18/11/2024 04:00:00 - 18/11/2024 05:00:00","BZN|ES","Without sequence","125.0",""
"18/11/2024 05:00:00 - 18/11/2024 06:00:00","BZN|ES","Without sequence","126.46",""
"18/11/2024 06:00:00 - 18/11/2024 07:00:00","BZN|ES","Without sequence","139.43",""
"18/11/2024 07:00:00 - 18/11/2024 08:00:00","BZN|ES","Without sequence","143.41",""
"18/11/2024 08:00:00 - 18/11/2024 09:00:00","BZN|ES","Without sequence","150.8",""
"18/11/2024 09:00:00 - 18/11/2024 10:00:00","BZN|ES","Without sequence","140.22",""
"18/11/2024 10:00:00 - 18/11/2024 11:00:00","BZN|ES","Without sequence","130.28",""
"18/11/2024 11:00:00 - 18/11/2024 12:00:00","BZN|ES","Without sequence","126.31",""
"18/11/2024 12:00:00 - 18/11/2024 13:00:00","BZN|ES","Without sequence","117.27",""
"18/11/2024 13:00:00 - 18/11/2024 14:00:00","BZN|ES","Without sequence","117.33",""
"18/11/2024 14:00:00 - 18/11/2024 15:00:00","BZN|ES","Without sequence","122.9",""
"18/11/2024 15:00:00 - 18/11/2024 16:00:00","BZN|ES","Without sequence","130.98",""
"18/11/2024 16:00:00 - 18/11/2024 17:00:00","BZN|ES","Without sequence","139.98",""
"18/11/2024 17:00:00 - 18/11/2024 18:00:00","BZN|ES","Without sequence","154.69",""
"18/11/2024 18:00:00 - 18/11/2024 19:00:00","BZN|ES","Without sequence","168.2",""
"18/11/2024 19:00:00 - 18/11/2024 20:00:00","BZN|ES","Without sequence","158.96",""
"18/11/2024 20:00:00 - 18/11/2024 21:00:00","BZN|ES","Without sequence","159.38",""
"18/11/2024 21:00:00 - 18/11/2024 22:00:00","BZN|ES","Without sequence","147.24",""
"18/11/2024 22:00:00 - 18/11/2024 23:00:00","BZN|ES","Without sequence","139.98",""
"18/11/2024 23:00:00 - 19/11/2024 00:00:00","BZN|ES","Without sequence","134.22",""
"19/11/2024 00:00:00 - 19/11/2024 01:00:00","BZN|ES","Without sequence","139.31",""
"19/11/2024 01:00:00 - 19/11/2024 02:00:00","BZN|ES","Without sequence","135.01",""
"19/11/2024 02:00:00 - 19/11/2024 03:00:00","BZN|ES","Without sequence","133.5",""
"19/11/2024 03:00:00 - 19/11/2024 04:00:00","BZN|ES","Without sequence","132.62",""
"19/11/2024 04:00:00 - 19/11/2024 05:00:00","BZN|ES","Without sequence","125.33",""
"19/11/2024 05:00:00 - 19/11/2024 06:00:00","BZN|ES","Without sequence","125.48",""
"19/11/2024 06:00:00 - 19/11/2024 07:00:00","BZN|ES","Without sequence","136.0",""
"19/11/2024 07:00:00 - 19/11/2024 08:00:00","BZN|ES","Without sequence","142.36",""
"19/11/2024 08:00:00 - 19/11/2024 09:00:00","BZN|ES","Without sequence","145.61",""
"19/11/2024 09:00:00 - 19/11/2024 10:00:00","BZN|ES","Without sequence","139.31",""
"19/11/2024 10:00:00 - 19/11/2024 11:00:00","BZN|ES","Without sequence","139.33",""
"19/11/2024 11:00:00 - 19/11/2024 12:00:00","BZN|ES","Without sequence","139.0",""
"19/11/2024 12:00:00 - 19/11/2024 13:00:00","BZN|ES","Without sequence","130.53",""
"19/11/2024 13:00:00 - 19/11/2024 14:00:00","BZN|ES","Without sequence","108.5",""
"19/11/2024 14:00:00 - 19/11/2024 15:00:00","BZN|ES","Without sequence","96.63",""
"19/11/2024 15:00:00 - 19/11/2024 16:00:00","BZN|ES","Without sequence","100.0",""
"19/11/2024 16:00:00 - 19/11/2024 17:00:00","BZN|ES","Without sequence","134.02",""
"19/11/2024 17:00:00 - 19/11/2024 18:00:00","BZN|ES","Without sequence","146.98",""
"19/11/2024 18:00:00 - 19/11/2024 19:00:00","BZN|ES","Without sequence","147.48",""
"19/11/2024 19:00:00 - 19/11/2024 20:00:00","BZN|ES","Without sequence","147.48",""
"19/11/2024 20:00:00 - 19/11/2024 21:00:00","BZN|ES","Without sequence","147.48",""
"19/11/2024 21:00:00 - 19/11/2024 22:00:00","BZN|ES","Without sequence","146.5",""
"19/11/2024 22:00:00 - 19/11/2024 23:00:00","BZN|ES","Without sequence","139.83",""
"19/11/2024 23:00:00 - 20/11/2024 00:00:00","BZN|ES","Without sequence","125.48",""
"20/11/2024 00:00:00 - 20/11/2024 01:00:00","BZN|ES","Without sequence","102.01",""
"20/11/2024 01:00:00 - 20/11/2024 02:00:00","BZN|ES","Without sequence","88.78",""
"20/11/2024 02:00:00 - 20/11/2024 03:00:00","BZN|ES","Without sequence","86.03",""
"20/11/2024 03:00:00 - 20/11/2024 04:00:00","BZN|ES","Without sequence","81.5",""
"20/11/2024 04:00:00 - 20/11/2024 05:00:00","BZN|ES","Without sequence","76.15",""
"20/11/2024 05:00:00 - 20/11/2024 06:00:00","BZN|ES","Without sequence","83.79",""
"20/11/2024 06:00:00 - 20/11/2024 07:00:00","BZN|ES","Without sequence","101.73",""
"20/11/2024 07:00:00 - 20/11/2024 08:00:00","BZN|ES","Without sequence","122.0",""
"20/11/2024 08:00:00 - 20/11/2024 09:00:00","BZN|ES","Without sequence","129.74",""
"20/11/2024 09:00:00 - 20/11/2024 10:00:00","BZN|ES","Without sequence","108.36",""
"20/11/2024 10:00:00 - 20/11/2024 11:00:00","BZN|ES","Without sequence","89.5",""
"20/11/2024 11:00:00 - 20/11/2024 12:00:00","BZN|ES","Without sequence","64.89",""
"20/11/2024 12:00:00 - 20/11/2024 13:00:00","BZN|ES","Without sequence","50.24",""
"20/11/2024 13:00:00 - 20/11/2024 14:00:00","BZN|ES","Without sequence","50.2",""
"20/11/2024 14:00:00 - 20/11/2024 15:00:00","BZN|ES","Without sequence","29.12",""
"20/11/2024 15:00:00 - 20/11/2024 16:00:00","BZN|ES","Without sequence","50.2",""
"20/11/2024 16:00:00 - 20/11/2024 17:00:00","BZN|ES","Without sequence","89.24",""
"20/11/2024 17:00:00 - 20/11/2024 18:00:00","BZN|ES","Without sequence","126.74",""
"20/11/2024 18:00:00 - 20/11/2024 19:00:00","BZN|ES","Without sequence","143.18",""
"20/11/2024 19:00:00 - 20/11/2024 20:00:00","BZN|ES","Without sequence","141.56",""
"20/11/2024 20:00:00 - 20/11/2024 21:00:00","BZN|ES","Without sequence","135.98",""
"20/11/2024 21:00:00 - 20/11/2024 22:00:00","BZN|ES","Without sequence","126.91",""
"20/11/2024 22:00:00 - 20/11/2024 23:00:00","BZN|ES","Without sequence","117.5",""
"20/11/2024 23:00:00 - 21/11/2024 00:00:00","BZN|ES","Without sequence","103.5",""
"21/11/2024 00:00:00 - 21/11/2024 01:00:00","BZN|ES","Without sequence","93.96",""
"21/11/2024 01:00:00 - 21/11/2024 02:00:00","BZN|ES","Without sequence","84.99",""
"21/11/2024 02:00:00 - 21/11/2024 03:00:00","BZN|ES","Without sequence","75.0",""
"21/11/2024 03:00:00 - 21/11/2024 04:00:00","BZN|ES","Without sequence","65.1",""
"21/11/2024 04:00:00 - 21/11/2024 05:00:00","BZN|ES","Without sequence","64.89",""
"21/11/2024 05:00:00 - 21/11/2024 06:00:00","BZN|ES","Without sequence","65.18",""
"21/11/2024 06:00:00 - 21/11/2024 07:00:00","BZN|ES","Without sequence","75.2",""
"21/11/2024 07:00:00 - 21/11/2024 08:00:00","BZN|ES","Without sequence","95.0",""
"21/11/2024 08:00:00 - 21/11/2024 09:00:00","BZN|ES","Without sequence","107.99",""
"21/11/2024 09:00:00 - 21/11/2024 10:00:00","BZN|ES","Without sequence","87.8",""
"21/11/2024 10:00:00 - 21/11/2024 11:00:00","BZN|ES","Without sequence","69.39",""
"21/11/2024 11:00:00 - 21/11/2024 12:00:00","BZN|ES","Without sequence","50.0",""
"21/11/2024 12:00:00 - 21/11/2024 13:00:00","BZN|ES","Without sequence","33.2",""
"21/11/2024 13:00:00 - 21/11/2024 14:00:00","BZN|ES","Without sequence","33.2",""
"21/11/2024 14:00:00 - 21/11/2024 15:00:00","BZN|ES","Without sequence","29.8",""
"21/11/2024 15:00:00 - 21/11/2024 16:00:00","BZN|ES","Without sequence","14.0",""
"21/11/2024 16:00:00 - 21/11/2024 17:00:00","BZN|ES","Without sequence","64.78",""
"21/11/2024 17:00:00 - 21/11/2024 18:00:00","BZN|ES","Without sequence","84.99",""
"21/11/2024 18:00:00 - 21/11/2024 19:00:00","BZN|ES","Without sequence","116.49",""
"21/11/2024 19:00:00 - 21/11/2024 20:00:00","BZN|ES","Without sequence","125.01",""
"21/11/2024 20:00:00 - 21/11/2024 21:00:00","BZN|ES","Without sequence","122.11",""
"21/11/2024 21:00:00 - 21/11/2024 22:00:00","BZN|ES","Without sequence","116.92",""
"21/11/2024 22:00:00 - 21/11/2024 23:00:00","BZN|ES","Without sequence","107.74",""
"21/11/2024 23:00:00 - 22/11/2024 00:00:00","BZN|ES","Without sequence","87.22",""
"22/11/2024 00:00:00 - 22/11/2024 01:00:00","BZN|ES","Without sequence","87.63",""
"22/11/2024 01:00:00 - 22/11/2024 02:00:00","BZN|ES","Without sequence","84.53",""
"22/11/2024 02:00:00 - 22/11/2024 03:00:00","BZN|ES","Without sequence","83.2",""
"22/11/2024 03:00:00 - 22/11/2024 04:00:00","BZN|ES","Without sequence","80.58",""
"22/11/2024 04:00:00 - 22/11/2024 05:00:00","BZN|ES","Without sequence","77.13",""
"22/11/2024 05:00:00 - 22/11/2024 06:00:00","BZN|ES","Without sequence","87.6",""
"22/11/2024 06:00:00 - 22/11/2024 07:00:00","BZN|ES","Without sequence","100.09",""
"22/11/2024 07:00:00 - 22/11/2024 08:00:00","BZN|ES","Without sequence","129.57",""
"22/11/2024 08:00:00 - 22/11/2024 09:00:00","BZN|ES","Without sequence","141.31",""
"22/11/2024 09:00:00 - 22/11/2024 10:00:00","BZN|ES","Without sequence","136.32",""
"22/11/2024 10:00:00 - 22/11/2024 11:00:00","BZN|ES","Without sequence","116.71",""
"22/11/2024 11:00:00 - 22/11/2024 12:00:00","BZN|ES","Without sequence","115.0",""
"22/11/2024 12:00:00 - 22/11/2024 13:00:00","BZN|ES","Without sequence","107.16",""
"22/11/2024 13:00:00 - 22/11/2024 14:00:00","BZN|ES","Without sequence","97.02",""
"22/11/2024 14:00:00 - 22/11/2024 15:00:00","BZN|ES","Without sequence","104.0",""
"22/11/2024 15:00:00 - 22/11/2024 16:00:00","BZN|ES","Without sequence","121.22",""
"22/11/2024 16:00:00 - 22/11/2024 17:00:00","BZN|ES","Without sequence","140.01",""
"22/11/2024 17:00:00 - 22/11/2024 18:00:00","BZN|ES","Without sequence","146.89",""
"22/11/2024 18:00:00 - 22/11/2024 19:00:00","BZN|ES","Without sequence","151.24",""
"22/11/2024 19:00:00 - 22/11/2024 20:00:00","BZN|ES","Without sequence","160.87",""
"22/11/2024 20:00:00 - 22/11/2024 21:00:00","BZN|ES","Without sequence","161.26",""
"22/11/2024 21:00:00 - 22/11/2024 22:00:00","BZN|ES","Without sequence","151.24",""
"22/11/2024 22:00:00 - 22/11/2024 23:00:00","BZN|ES","Without sequence","143.9",""
"22/11/2024 23:00:00 - 23/11/2024 00:00:00","BZN|ES","Without sequence","143.9",""
"23/11/2024 00:00:00 - 23/11/2024 01:00:00","BZN|ES","Without sequence","131.63",""
"23/11/2024 01:00:00 - 23/11/2024 02:00:00","BZN|ES","Without sequence","114.28",""
"23/11/2024 02:00:00 - 23/11/2024 03:00:00","BZN|ES","Without sequence","104.0",""
"23/11/2024 03:00:00 - 23/11/2024 04:00:00","BZN|ES","Without sequence","97.0",""
"23/11/2024 04:00:00 - 23/11/2024 05:00:00","BZN|ES","Without sequence","84.99",""
"23/11/2024 05:00:00 - 23/11/2024 06:00:00","BZN|ES","Without sequence","84.78",""
"23/11/2024 06:00:00 - 23/11/2024 07:00:00","BZN|ES","Without sequence","85.95",""
"23/11/2024 07:00:00 - 23/11/2024 08:00:00","BZN|ES","Without sequence","93.0",""
"23/11/2024 08:00:00 - 23/11/2024 09:00:00","BZN|ES","Without sequence","99.25",""
"23/11/2024 09:00:00 - 23/11/2024 10:00:00","BZN|ES","Without sequence","85.62",""
"23/11/2024 10:00:00 - 23/11/2024 11:00:00","BZN|ES","Without sequence","67.04",""
"23/11/2024 11:00:00 - 23/11/2024 12:00:00","BZN|ES","Without sequence","40.0",""
"23/11/2024 12:00:00 - 23/11/2024 13:00:00","BZN|ES","Without sequence","42.5",""
"23/11/2024 13:00:00 - 23/11/2024 14:00:00","BZN|ES","Without sequence","36.95",""
"23/11/2024 14:00:00 - 23/11/2024 15:00:00","BZN|ES","Without sequence","30.52",""
"23/11/2024 15:00:00 - 23/11/2024 16:00:00","BZN|ES","Without sequence","36.94",""
"23/11/2024 16:00:00 - 23/11/2024 17:00:00","BZN|ES","Without sequence","58.9",""
"23/11/2024 17:00:00 - 23/11/2024 18:00:00","BZN|ES","Without sequence","84.53",""
"23/11/2024 18:00:00 - 23/11/2024 19:00:00","BZN|ES","Without sequence","101.0",""
"23/11/2024 19:00:00 - 23/11/2024 20:00:00","BZN|ES","Without sequence","101.8",""
"23/11/2024 20:00:00 - 23/11/2024 21:00:00","BZN|ES","Without sequence","92.0",""
"23/11/2024 21:00:00 - 23/11/2024 22:00:00","BZN|ES","Without sequence","84.99",""
"23/11/2024 22:00:00 - 23/11/2024 23:00:00","BZN|ES","Without sequence","78.78",""
"23/11/2024 23:00:00 - 24/11/2024 00:00:00","BZN|ES","Without sequence","40.0",""
"24/11/2024 00:00:00 - 24/11/2024 01:00:00","BZN|ES","Without sequence","13.81",""
"24/11/2024 01:00:00 - 24/11/2024 02:00:00","BZN|ES","Without sequence","8.48",""
"24/11/2024 02:00:00 - 24/11/2024 03:00:00","BZN|ES","Without sequence","5.53",""
"24/11/2024 03:00:00 - 24/11/2024 04:00:00","BZN|ES","Without sequence","3.71",""
"24/11/2024 04:00:00 - 24/11/2024 05:00:00","BZN|ES","Without sequence","3.32",""
"24/11/2024 05:00:00 - 24/11/2024 06:00:00","BZN|ES","Without sequence","4.68",""
"24/11/2024 06:00:00 - 24/11/2024 07:00:00","BZN|ES","Without sequence","3.92",""
"24/11/2024 07:00:00 - 24/11/2024 08:00:00","BZN|ES","Without sequence","3.71",""
"24/11/2024 08:00:00 - 24/11/2024 09:00:00","BZN|ES","Without sequence","3.32",""
"24/11/2024 09:00:00 - 24/11/2024 10:00:00","BZN|ES","Without sequence","5.24",""
"24/11/2024 10:00:00 - 24/11/2024 11:00:00","BZN|ES","Without sequence","3.32",""
"24/11/2024 11:00:00 - 24/11/2024 12:00:00","BZN|ES","Without sequence","3.32",""
"24/11/2024 12:00:00 - 24/11/2024 13:00:00","BZN|ES","Without sequence","3.32",""
"24/11/2024 13:00:00 - 24/11/2024 14:00:00","BZN|ES","Without sequence","3.32",""
"24/11/2024 14:00:00 - 24/11/2024 15:00:00","BZN|ES","Without sequence","3.32",""
"24/11/2024 15:00:00 - 24/11/2024 16:00:00","BZN|ES","Without sequence","3.32",""
"24/11/2024 16:00:00 - 24/11/2024 17:00:00","BZN|ES","Without sequence","3.74",""
"24/11/2024 17:00:00 - 24/11/2024 18:00:00","BZN|ES","Without sequence","11.17",""
"24/11/2024 18:00:00 - 24/11/2024 19:00:00","BZN|ES","Without sequence","28.49",""
"24/11/2024 19:00:00 - 24/11/2024 20:00:00","BZN|ES","Without sequence","41.54",""
"24/11/2024 20:00:00 - 24/11/2024 21:00:00","BZN|ES","Without sequence","34.61",""
"24/11/2024 21:00:00 - 24/11/2024 22:00:00","BZN|ES","Without sequence","27.14",""
"24/11/2024 22:00:00 - 24/11/2024 23:00:00","BZN|ES","Without sequence","20.26",""
"24/11/2024 23:00:00 - 25/11/2024 00:00:00","BZN|ES","Without sequence","14.46",""
"25/11/2024 00:00:00 - 25/11/2024 01:00:00","BZN|ES","Without sequence","10.32",""
"25/11/2024 01:00:00 - 25/11/2024 02:00:00","BZN|ES","Without sequence","8.41",""
"25/11/2024 02:00:00 - 25/11/2024 03:00:00","BZN|ES","Without sequence","3.94",""
"25/11/2024 03:00:00 - 25/11/2024 04:00:00","BZN|ES","Without sequence","3.32",""
"25/11/2024 04:00:00 - 25/11/2024 05:00:00","BZN|ES","Without sequence","3.32",""
"25/11/2024 05:00:00 - 25/11/2024 06:00:00","BZN|ES","Without sequence","3.71",""
"25/11/2024 06:00:00 - 25/11/2024 07:00:00","BZN|ES","Without sequence","15.27",""
"25/11/2024 07:00:00 - 25/11/2024 08:00:00","BZN|ES","Without sequence","83.0",""
"25/11/2024 08:00:00 - 25/11/2024 09:00:00","BZN|ES","Without sequence","107.29",""
"25/11/2024 09:00:00 - 25/11/2024 10:00:00","BZN|ES","Without sequence","100.95",""
"25/11/2024 10:00:00 - 25/11/2024 11:00:00","BZN|ES","Without sequence","82.9",""
"25/11/2024 11:00:00 - 25/11/2024 12:00:00","BZN|ES","Without sequence","74.59",""
"25/11/2024 12:00:00 - 25/11/2024 13:00:00","BZN|ES","Without sequence","76.23",""
"25/11/2024 13:00:00 - 25/11/2024 14:00:00","BZN|ES","Without sequence","71.98",""
"25/11/2024 14:00:00 - 25/11/2024 15:00:00","BZN|ES","Without sequence","71.3",""
"25/11/2024 15:00:00 - 25/11/2024 16:00:00","BZN|ES","Without sequence","93.39",""
"25/11/2024 16:00:00 - 25/11/2024 17:00:00","BZN|ES","Without sequence","118.71",""
"25/11/2024 17:00:00 - 25/11/2024 18:00:00","BZN|ES","Without sequence","141.91",""
"25/11/2024 18:00:00 - 25/11/2024 19:00:00","BZN|ES","Without sequence","145.62",""
"25/11/2024 19:00:00 - 25/11/2024 20:00:00","BZN|ES","Without sequence","149.15",""
"25/11/2024 20:00:00 - 25/11/2024 21:00:00","BZN|ES","Without sequence","159.82",""
"25/11/2024 21:00:00 - 25/11/2024 22:00:00","BZN|ES","Without sequence","150.82",""
"25/11/2024 22:00:00 - 25/11/2024 23:00:00","BZN|ES","Without sequence","145.26",""
"25/11/2024 23:00:00 - 26/11/2024 00:00:00","BZN|ES","Without sequence","140.26",""
"26/11/2024 00:00:00 - 26/11/2024 01:00:00","BZN|ES","Without sequence","139.1",""
"26/11/2024 01:00:00 - 26/11/2024 02:00:00","BZN|ES","Without sequence","135.2",""
"26/11/2024 02:00:00 - 26/11/2024 03:00:00","BZN|ES","Without sequence","132.0",""
"26/11/2024 03:00:00 - 26/11/2024 04:00:00","BZN|ES","Without sequence","130.38",""
"26/11/2024 04:00:00 - 26/11/2024 05:00:00","BZN|ES","Without sequence","133.48",""
"26/11/2024 05:00:00 - 26/11/2024 06:00:00","BZN|ES","Without sequence","137.5",""
"26/11/2024 06:00:00 - 26/11/2024 07:00:00","BZN|ES","Without sequence","142.6",""
"26/11/2024 07:00:00 - 26/11/2024 08:00:00","BZN|ES","Without sequence","147.8",""
"26/11/2024 08:00:00 - 26/11/2024 09:00:00","BZN|ES","Without sequence","156.11",""
"26/11/2024 09:00:00 - 26/11/2024 10:00:00","BZN|ES","Without sequence","147.8",""
"26/11/2024 10:00:00 - 26/11/2024 11:00:00","BZN|ES","Without sequence","144.06",""
"26/11/2024 11:00:00 - 26/11/2024 12:00:00","BZN|ES","Without sequence","141.0",""
"26/11/2024 12:00:00 - 26/11/2024 13:00:00","BZN|ES","Without sequence","139.1",""
"26/11/2024 13:00:00 - 26/11/2024 14:00:00","BZN|ES","Without sequence","138.7",""
"26/11/2024 14:00:00 - 26/11/2024 15:00:00","BZN|ES","Without sequence","138.7",""
"26/11/2024 15:00:00 - 26/11/2024 16:00:00","BZN|ES","Without sequence","140.5",""
"26/11/2024 16:00:00 - 26/11/2024 17:00:00","BZN|ES","Without sequence","140.5",""
"26/11/2024 17:00:00 - 26/11/2024 18:00:00","BZN|ES","Without sequence","148.85",""
"26/11/2024 18:00:00 - 26/11/2024 19:00:00","BZN|ES","Without sequence","162.07",""
"26/11/2024 19:00:00 - 26/11/2024 20:00:00","BZN|ES","Without sequence","154.84",""
"26/11/2024 20:00:00 - 26/11/2024 21:00:00","BZN|ES","Without sequence","153.25",""
"26/11/2024 21:00:00 - 26/11/2024 22:00:00","BZN|ES","Without sequence","149.73",""
"26/11/2024 22:00:00 - 26/11/2024 23:00:00","BZN|ES","Without sequence","144.36",""
"26/11/2024 23:00:00 - 27/11/2024 00:00:00","BZN|ES","Without sequence","140.26",""
"27/11/2024 00:00:00 - 27/11/2024 01:00:00","BZN|ES","Without sequence","140.0",""
"27/11/2024 01:00:00 - 27/11/2024 02:00:00","BZN|ES","Without sequence","135.21",""
"27/11/2024 02:00:00 - 27/11/2024 03:00:00","BZN|ES","Without sequence","131.77",""
"27/11/2024 03:00:00 - 27/11/2024 04:00:00","BZN|ES","Without sequence","128.0",""
"27/11/2024 04:00:00 - 27/11/2024 05:00:00","BZN|ES","Without sequence","125.84",""
"27/11/2024 05:00:00 - 27/11/2024 06:00:00","BZN|ES","Without sequence","131.77",""
"27/11/2024 06:00:00 - 27/11/2024 07:00:00","BZN|ES","Without sequence","142.6",""
"27/11/2024 07:00:00 - 27/11/2024 08:00:00","BZN|ES","Without sequence","151.7",""
"27/11/2024 08:00:00 - 27/11/2024 09:00:00","BZN|ES","Without sequence","157.0",""
"27/11/2024 09:00:00 - 27/11/2024 10:00:00","BZN|ES","Without sequence","145.47",""
"27/11/2024 10:00:00 - 27/11/2024 11:00:00","BZN|ES","Without sequence","122.0",""
"27/11/2024 11:00:00 - 27/11/2024 12:00:00","BZN|ES","Without sequence","105.57",""
"27/11/2024 12:00:00 - 27/11/2024 13:00:00","BZN|ES","Without sequence","105.44",""
"27/11/2024 13:00:00 - 27/11/2024 14:00:00","BZN|ES","Without sequence","105.57",""
"27/11/2024 14:00:00 - 27/11/2024 15:00:00","BZN|ES","Without sequence","105.57",""
"27/11/2024 15:00:00 - 27/11/2024 16:00:00","BZN|ES","Without sequence","112.78",""
"27/11/2024 16:00:00 - 27/11/2024 17:00:00","BZN|ES","Without sequence","142.6",""
"27/11/2024 17:00:00 - 27/11/2024 18:00:00","BZN|ES","Without sequence","149.07",""
"27/11/2024 18:00:00 - 27/11/2024 19:00:00","BZN|ES","Without sequence","165.08",""
"27/11/2024 19:00:00 - 27/11/2024 20:00:00","BZN|ES","Without sequence","161.2",""
"27/11/2024 20:00:00 - 27/11/2024 21:00:00","BZN|ES","Without sequence","165.01",""
"27/11/2024 21:00:00 - 27/11/2024 22:00:00","BZN|ES","Without sequence","157.94",""
"27/11/2024 22:00:00 - 27/11/2024 23:00:00","BZN|ES","Without sequence","147.2",""
"27/11/2024 23:00:00 - 28/11/2024 00:00:00","BZN|ES","Without sequence","140.5",""
"28/11/2024 00:00:00 - 28/11/2024 01:00:00","BZN|ES","Without sequence","141.75",""
"28/11/2024 01:00:00 - 28/11/2024 02:00:00","BZN|ES","Without sequence","135.01",""
"28/11/2024 02:00:00 - 28/11/2024 03:00:00","BZN|ES","Without sequence","122.0",""
"28/11/2024 03:00:00 - 28/11/2024 04:00:00","BZN|ES","Without sequence","121.4",""
"28/11/2024 04:00:00 - 28/11/2024 05:00:00","BZN|ES","Without sequence","111.5",""
"28/11/2024 05:00:00 - 28/11/2024 06:00:00","BZN|ES","Without sequence","115.79",""
"28/11/2024 06:00:00 - 28/11/2024 07:00:00","BZN|ES","Without sequence","135.0",""
"28/11/2024 07:00:00 - 28/11/2024 08:00:00","BZN|ES","Without sequence","150.0",""
"28/11/2024 08:00:00 - 28/11/2024 09:00:00","BZN|ES","Without sequence","152.28",""
"28/11/2024 09:00:00 - 28/11/2024 10:00:00","BZN|ES","Without sequence","140.8",""
"28/11/2024 10:00:00 - 28/11/2024 11:00:00","BZN|ES","Without sequence","121.0",""
"28/11/2024 11:00:00 - 28/11/2024 12:00:00","BZN|ES","Without sequence","108.95",""
"28/11/2024 12:00:00 - 28/11/2024 13:00:00","BZN|ES","Without sequence","103.5",""
"28/11/2024 13:00:00 - 28/11/2024 14:00:00","BZN|ES","Without sequence","103.19",""
"28/11/2024 14:00:00 - 28/11/2024 15:00:00","BZN|ES","Without sequence","108.5",""
"28/11/2024 15:00:00 - 28/11/2024 16:00:00","BZN|ES","Without sequence","119.81",""
"28/11/2024 16:00:00 - 28/11/2024 17:00:00","BZN|ES","Without sequence","137.1",""
"28/11/2024 17:00:00 - 28/11/2024 18:00:00","BZN|ES","Without sequence","150.4",""
"28/11/2024 18:00:00 - 28/11/2024 19:00:00","BZN|ES","Without sequence","158.24",""
"28/11/2024 19:00:00 - 28/11/2024 20:00:00","BZN|ES","Without sequence","154.12",""
"28/11/2024 20:00:00 - 28/11/2024 21:00:00","BZN|ES","Without sequence","153.0",""
"28/11/2024 21:00:00 - 28/11/2024 22:00:00","BZN|ES","Without sequence","148.58",""
"28/11/2024 22:00:00 - 28/11/2024 23:00:00","BZN|ES","Without sequence","140.6",""
"28/11/2024 23:00:00 - 29/11/2024 00:00:00","BZN|ES","Without sequence","140.01",""
"29/11/2024 00:00:00 - 29/11/2024 01:00:00","BZN|ES","Without sequence","120.9",""
"29/11/2024 01:00:00 - 29/11/2024 02:00:00","BZN|ES","Without sequence","109.78",""
"29/11/2024 02:00:00 - 29/11/2024 03:00:00","BZN|ES","Without sequence","105.0",""
"29/11/2024 03:00:00 - 29/11/2024 04:00:00","BZN|ES","Without sequence","105.0",""
"29/11/2024 04:00:00 - 29/11/2024 05:00:00","BZN|ES","Without sequence","102.0",""
"29/11/2024 05:00:00 - 29/11/2024 06:00:00","BZN|ES","Without sequence","105.0",""
"29/11/2024 06:00:00 - 29/11/2024 07:00:00","BZN|ES","Without sequence","121.06",""
"29/11/2024 07:00:00 - 29/11/2024 08:00:00","BZN|ES","Without sequence","140.01",""
"29/11/2024 08:00:00 - 29/11/2024 09:00:00","BZN|ES","Without sequence","144.08",""
"29/11/2024 09:00:00 - 29/11/2024 10:00:00","BZN|ES","Without sequence","140.01",""
"29/11/2024 10:00:00 - 29/11/2024 11:00:00","BZN|ES","Without sequence","121.06",""
"29/11/2024 11:00:00 - 29/11/2024 12:00:00","BZN|ES","Without sequence","109.99",""
"29/11/2024 12:00:00 - 29/11/2024 13:00:00","BZN|ES","Without sequence","109.06",""
"29/11/2024 13:00:00 - 29/11/2024 14:00:00","BZN|ES","Without sequence","108.2",""
"29/11/2024 14:00:00 - 29/11/2024 15:00:00","BZN|ES","Without sequence","108.87",""
"29/11/2024 15:00:00 - 29/11/2024 16:00:00","BZN|ES","Without sequence","121.06",""
"29/11/2024 16:00:00 - 29/11/2024 17:00:00","BZN|ES","Without sequence","138.57",""
"29/11/2024 17:00:00 - 29/11/2024 18:00:00","BZN|ES","Without sequence","144.26",""
"29/11/2024 18:00:00 - 29/11/2024 19:00:00","BZN|ES","Without sequence","152.77",""
"29/11/2024 19:00:00 - 29/11/2024 20:00:00","BZN|ES","Without sequence","155.95",""
"29/11/2024 20:00:00 - 29/11/2024 21:00:00","BZN|ES","Without sequence","155.95",""
"29/11/2024 21:00:00 - 29/11/2024 22:00:00","BZN|ES","Without sequence","150.0",""
"29/11/2024 22:00:00 - 29/11/2024 23:00:00","BZN|ES","Without sequence","144.08",""
"29/11/2024 23:00:00 - 30/11/2024 00:00:00","BZN|ES","Without sequence","139.1",""
"30/11/2024 00:00:00 - 30/11/2024 01:00:00","BZN|ES","Without sequence","136.15",""
"30/11/2024 01:00:00 - 30/11/2024 02:00:00","BZN|ES","Without sequence","128.5",""
"30/11/2024 02:00:00 - 30/11/2024 03:00:00","BZN|ES","Without sequence","132.83",""
"30/11/2024 03:00:00 - 30/11/2024 04:00:00","BZN|ES","Without sequence","129.5",""
"30/11/2024 04:00:00 - 30/11/2024 05:00:00","BZN|ES","Without sequence","127.29",""
"30/11/2024 05:00:00 - 30/11/2024 06:00:00","BZN|ES","Without sequence","125.34",""
"30/11/2024 06:00:00 - 30/11/2024 07:00:00","BZN|ES","Without sequence","125.34",""
"30/11/2024 07:00:00 - 30/11/2024 08:00:00","BZN|ES","Without sequence","132.83",""
"30/11/2024 08:00:00 - 30/11/2024 09:00:00","BZN|ES","Without sequence","137.07",""
"30/11/2024 09:00:00 - 30/11/2024 10:00:00","BZN|ES","Without sequence","122.77",""
"30/11/2024 10:00:00 - 30/11/2024 11:00:00","BZN|ES","Without sequence","100.0",""
"30/11/2024 11:00:00 - 30/11/2024 12:00:00","BZN|ES","Without sequence","88.67",""
"30/11/2024 12:00:00 - 30/11/2024 13:00:00","BZN|ES","Without sequence","89.49",""
"30/11/2024 13:00:00 - 30/11/2024 14:00:00","BZN|ES","Without sequence","92.0",""
"30/11/2024 14:00:00 - 30/11/2024 15:00:00","BZN|ES","Without sequence","99.17",""
"30/11/2024 15:00:00 - 30/11/2024 16:00:00","BZN|ES","Without sequence","105.99",""
"30/11/2024 16:00:00 - 30/11/2024 17:00:00","BZN|ES","Without sequence","120.91",""
"30/11/2024 17:00:00 - 30/11/2024 18:00:00","BZN|ES","Without sequence","136.67",""
"30/11/2024 18:00:00 - 30/11/2024 19:00:00","BZN|ES","Without sequence","142.5",""
"30/11/2024 19:00:00 - 30/11/2024 20:00:00","BZN|ES","Without sequence","142.27",""
"30/11/2024 20:00:00 - 30/11/2024 21:00:00","BZN|ES","Without sequence","141.74",""
"30/11/2024 21:00:00 - 30/11/2024 22:00:00","BZN|ES","Without sequence","141.5",""
"30/11/2024 22:00:00 - 30/11/2024 23:00:00","BZN|ES","Without sequence","140.0",""
"30/11/2024 23:00:00 - 01/12/2024 00:00:00","BZN|ES","Without sequence","137.67",""
"01/12/2024 00:00:00 - 01/12/2024 01:00:00","BZN|ES","Without sequence","122.9",""
"01/12/2024 01:00:00 - 01/12/2024 02:00:00","BZN|ES","Without sequence","110.5",""
"01/12/2024 02:00:00 - 01/12/2024 03:00:00","BZN|ES","Without sequence","105.99",""
"01/12/2024 03:00:00 - 01/12/2024 04:00:00","BZN|ES","Without sequence","105.99",""
"01/12/2024 04:00:00 - 01/12/2024 05:00:00","BZN|ES","Without sequence","105.78",""
"01/12/2024 05:00:00 - 01/12/2024 06:00:00","BZN|ES","Without sequence","105.99",""
"01/12/2024 06:00:00 - 01/12/2024 07:00:00","BZN|ES","Without sequence","110.2",""
"01/12/2024 07:00:00 - 01/12/2024 08:00:00","BZN|ES","Without sequence","119.78",""
"01/12/2024 08:00:00 - 01/12/2024 09:00:00","BZN|ES","Without sequence","130.0",""
"01/12/2024 09:00:00 - 01/12/2024 10:00:00","BZN|ES","Without sequence","121.4",""
"01/12/2024 10:00:00 - 01/12/2024 11:00:00","BZN|ES","Without sequence","106.66",""
"01/12/2024 11:00:00 - 01/12/2024 12:00:00","BZN|ES","Without sequence","105.99",""
"01/12/2024 12:00:00 - 01/12/2024 13:00:00","BZN|ES","Without sequence","105.53",""
"01/12/2024 13:00:00 - 01/12/2024 14:00:00","BZN|ES","Without sequence","112.0",""
"01/12/2024 14:00:00 - 01/12/2024 15:00:00","BZN|ES","Without sequence","130.0",""
"01/12/2024 15:00:00 - 01/12/2024 16:00:00","BZN|ES","Without sequence","134.19",""
"01/12/2024 16:00:00 - 01/12/2024 17:00:00","BZN|ES","Without sequence","141.14",""
"01/12/2024 17:00:00 - 01/12/2024 18:00:00","BZN|ES","Without sequence","149.7",""
"01/12/2024 18:00:00 - 01/12/2024 19:00:00","BZN|ES","Without sequence","153.02",""
"01/12/2024 19:00:00 - 01/12/2024 20:00:00","BZN|ES","Without sequence","163.7",""
"01/12/2024 20:00:00 - 01/12/2024 21:00:00","BZN|ES","Without sequence","175.2",""
"01/12/2024 21:00:00 - 01/12/2024 22:00:00","BZN|ES","Without sequence","145.2",""
"01/12/2024 22:00:00 - 01/12/2024 23:00:00","BZN|ES","Without sequence","142.3",""
"01/12/2024 23:00:00 - 02/12/2024 00:00:00","BZN|ES","Without sequence","133.21",""
"02/12/2024 00:00:00 - 02/12/2024 01:00:00","BZN|ES","Without sequence","137.77",""
"02/12/2024 01:00:00 - 02/12/2024 02:00:00","BZN|ES","Without sequence","134.93",""
"02/12/2024 02:00:00 - 02/12/2024 03:00:00","BZN|ES","Without sequence","131.93",""
"02/12/2024 03:00:00 - 02/12/2024 04:00:00","BZN|ES","Without sequence","128.93",""
"02/12/2024 04:00:00 - 02/12/2024 05:00:00","BZN|ES","Without sequence","129.0",""
"02/12/2024 05:00:00 - 02/12/2024 06:00:00","BZN|ES","Without sequence","133.0",""
"02/12/2024 06:00:00 - 02/12/2024 07:00:00","BZN|ES","Without sequence","141.5",""
"02/12/2024 07:00:00 - 02/12/2024 08:00:00","BZN|ES","Without sequence","150.83",""
"02/12/2024 08:00:00 - 02/12/2024 09:00:00","BZN|ES","Without sequence","157.2",""
"02/12/2024 09:00:00 - 02/12/2024 10:00:00","BZN|ES","Without sequence","154.73",""
"02/12/2024 10:00:00 - 02/12/2024 11:00:00","BZN|ES","Without sequence","147.3",""
"02/12/2024 11:00:00 - 02/12/2024 12:00:00","BZN|ES","Without sequence","139.1",""
"02/12/2024 12:00:00 - 02/12/2024 13:00:00","BZN|ES","Without sequence","132.26",""
"02/12/2024 13:00:00 - 02/12/2024 14:00:00","BZN|ES","Without sequence","130.0",""
"02/12/2024 14:00:00 - 02/12/2024 15:00:00","BZN|ES","Without sequence","126.56",""
"02/12/2024 15:00:00 - 02/12/2024 16:00:00","BZN|ES","Without sequence","135.0",""
"02/12/2024 16:00:00 - 02/12/2024 17:00:00","BZN|ES","Without sequence","147.3",""
"02/12/2024 17:00:00 - 02/12/2024 18:00:00","BZN|ES","Without sequence","154.73",""
"02/12/2024 18:00:00 - 02/12/2024 19:00:00","BZN|ES","Without sequence","156.48",""
"02/12/2024 19:00:00 - 02/12/2024 20:00:00","BZN|ES","Without sequence","157.16",""
"02/12/2024 20:00:00 - 02/12/2024 21:00:00","BZN|ES","Without sequence","157.2",""
"02/12/2024 21:00:00 - 02/12/2024 22:00:00","BZN|ES","Without sequence","154.73",""
"02/12/2024 22:00:00 - 02/12/2024 23:00:00","BZN|ES","Without sequence","152.13",""
"02/12/2024 23:00:00 - 03/12/2024 00:00:00","BZN|ES","Without sequence","147.3",""
"03/12/2024 00:00:00 - 03/12/2024 01:00:00","BZN|ES","Without sequence","139.46",""
"03/12/2024 01:00:00 - 03/12/2024 02:00:00","BZN|ES","Without sequence","135.0",""
"03/12/2024 02:00:00 - 03/12/2024 03:00:00","BZN|ES","Without sequence","130.46",""
"03/12/2024 03:00:00 - 03/12/2024 04:00:00","BZN|ES","Without sequence","125.36",""
"03/12/2024 04:00:00 - 03/12/2024 05:00:00","BZN|ES","Without sequence","123.72",""
"03/12/2024 05:00:00 - 03/12/2024 06:00:00","BZN|ES","Without sequence","125.67",""
"03/12/2024 06:00:00 - 03/12/2024 07:00:00","BZN|ES","Without sequence","138.54",""
"03/12/2024 07:00:00 - 03/12/2024 08:00:00","BZN|ES","Without sequence","149.36",""
"03/12/2024 08:00:00 - 03/12/2024 09:00:00","BZN|ES","Without sequence","158.84",""
"03/12/2024 09:00:00 - 03/12/2024 10:00:00","BZN|ES","Without sequence","154.9",""
"03/12/2024 10:00:00 - 03/12/2024 11:00:00","BZN|ES","Without sequence","146.06",""
"03/12/2024 11:00:00 - 03/12/2024 12:00:00","BZN|ES","Without sequence","142.0",""
"03/12/2024 12:00:00 - 03/12/2024 13:00:00","BZN|ES","Without sequence","138.54",""
"03/12/2024 13:00:00 - 03/12/2024 14:00:00","BZN|ES","Without sequence","130.46",""
"03/12/2024 14:00:00 - 03/12/2024 15:00:00","BZN|ES","Without sequence","121.18",""
"03/12/2024 15:00:00 - 03/12/2024 16:00:00","BZN|ES","Without sequence","121.46",""
"03/12/2024 16:00:00 - 03/12/2024 17:00:00","BZN|ES","Without sequence","140.65",""
"03/12/2024 17:00:00 - 03/12/2024 18:00:00","BZN|ES","Without sequence","150.0",""
"03/12/2024 18:00:00 - 03/12/2024 19:00:00","BZN|ES","Without sequence","157.23",""
"03/12/2024 19:00:00 - 03/12/2024 20:00:00","BZN|ES","Without sequence","160.02",""
"03/12/2024 20:00:00 - 03/12/2024 21:00:00","BZN|ES","Without sequence","158.46",""
"03/12/2024 21:00:00 - 03/12/2024 22:00:00","BZN|ES","Without sequence","150.0",""
"03/12/2024 22:00:00 - 03/12/2024 23:00:00","BZN|ES","Without sequence","142.08",""
"03/12/2024 23:00:00 - 04/12/2024 00:00:00","BZN|ES","Without sequence","130.81",""
"04/12/2024 00:00:00 - 04/12/2024 01:00:00","BZN|ES","Without sequence","124.12",""
"04/12/2024 01:00:00 - 04/12/2024 02:00:00","BZN|ES","Without sequence","116.66",""
"04/12/2024 02:00:00 - 04/12/2024 03:00:00","BZN|ES","Without sequence","112.79",""
"04/12/2024 03:00:00 - 04/12/2024 04:00:00","BZN|ES","Without sequence","108.9",""
"04/12/2024 04:00:00 - 04/12/2024 05:00:00","BZN|ES","Without sequence","106.98",""
"04/12/2024 05:00:00 - 04/12/2024 06:00:00","BZN|ES","Without sequence","110.72",""
"04/12/2024 06:00:00 - 04/12/2024 07:00:00","BZN|ES","Without sequence","132.55",""
"04/12/2024 07:00:00 - 04/12/2024 08:00:00","BZN|ES","Without sequence","149.23",""
"04/12/2024 08:00:00 - 04/12/2024 09:00:00","BZN|ES","Without sequence","155.52",""
"04/12/2024 09:00:00 - 04/12/2024 10:00:00","BZN|ES","Without sequence","150.16",""
"04/12/2024 10:00:00 - 04/12/2024 11:00:00","BZN|ES","Without sequence","137.94",""
"04/12/2024 11:00:00 - 04/12/2024 12:00:00","BZN|ES","Without sequence","108.9",""
"04/12/2024 12:00:00 - 04/12/2024 13:00:00","BZN|ES","Without sequence","108.25",""
"04/12/2024 13:00:00 - 04/12/2024 14:00:00","BZN|ES","Without sequence","108.51",""
"04/12/2024 14:00:00 - 04/12/2024 15:00:00","BZN|ES","Without sequence","108.9",""
"04/12/2024 15:00:00 - 04/12/2024 16:00:00","BZN|ES","Without sequence","121.12",""
"04/12/2024 16:00:00 - 04/12/2024 17:00:00","BZN|ES","Without sequence","147.53",""
"04/12/2024 17:00:00 - 04/12/2024 18:00:00","BZN|ES","Without sequence","152.94",""
"04/12/2024 18:00:00 - 04/12/2024 19:00:00","BZN|ES","Without sequence","174.99",""
"04/12/2024 19:00:00 - 04/12/2024 20:00:00","BZN|ES","Without sequence","171.45",""
"04/12/2024 20:00:00 - 04/12/2024 21:00:00","BZN|ES","Without sequence","153.02",""
"04/12/2024 21:00:00 - 04/12/2024 22:00:00","BZN|ES","Without sequence","152.48",""
"04/12/2024 22:00:00 - 04/12/2024 23:00:00","BZN|ES","Without sequence","148.03",""
"04/12/2024 23:00:00 - 05/12/2024 00:00:00","BZN|ES","Without sequence","139.1",""
"05/12/2024 00:00:00 - 05/12/2024 01:00:00","BZN|ES","Without sequence","137.61",""
"05/12/2024 01:00:00 - 05/12/2024 02:00:00","BZN|ES","Without sequence","132.38",""
"05/12/2024 02:00:00 - 05/12/2024 03:00:00","BZN|ES","Without sequence","130.69",""
"05/12/2024 03:00:00 - 05/12/2024 04:00:00","BZN|ES","Without sequence","130.18",""
"05/12/2024 04:00:00 - 05/12/2024 05:00:00","BZN|ES","Without sequence","128.22",""
"05/12/2024 05:00:00 - 05/12/2024 06:00:00","BZN|ES","Without sequence","128.22",""
"05/12/2024 06:00:00 - 05/12/2024 07:00:00","BZN|ES","Without sequence","140.01",""
"05/12/2024 07:00:00 - 05/12/2024 08:00:00","BZN|ES","Without sequence","151.02",""
"05/12/2024 08:00:00 - 05/12/2024 09:00:00","BZN|ES","Without sequence","155.89",""
"05/12/2024 09:00:00 - 05/12/2024 10:00:00","BZN|ES","Without sequence","147.37",""
"05/12/2024 10:00:00 - 05/12/2024 11:00:00","BZN|ES","Without sequence","125.97",""
"05/12/2024 11:00:00 - 05/12/2024 12:00:00","BZN|ES","Without sequence","112.71",""
"05/12/2024 12:00:00 - 05/12/2024 13:00:00","BZN|ES","Without sequence","108.93",""
"05/12/2024 13:00:00 - 05/12/2024 14:00:00","BZN|ES","Without sequence","107.56",""
"05/12/2024 14:00:00 - 05/12/2024 15:00:00","BZN|ES","Without sequence","108.45",""
"05/12/2024 15:00:00 - 05/12/2024 16:00:00","BZN|ES","Without sequence","108.99",""
"05/12/2024 16:00:00 - 05/12/2024 17:00:00","BZN|ES","Without sequence","131.22",""
"05/12/2024 17:00:00 - 05/12/2024 18:00:00","BZN|ES","Without sequence","148.42",""
"05/12/2024 18:00:00 - 05/12/2024 19:00:00","BZN|ES","Without sequence","154.55",""
"05/12/2024 19:00:00 - 05/12/2024 20:00:00","BZN|ES","Without sequence","155.27",""
"05/12/2024 20:00:00 - 05/12/2024 21:00:00","BZN|ES","Without sequence","156.22",""
"05/12/2024 21:00:00 - 05/12/2024 22:00:00","BZN|ES","Without sequence","152.98",""
"05/12/2024 22:00:00 - 05/12/2024 23:00:00","BZN|ES","Without sequence","148.41",""
"05/12/2024 23:00:00 - 06/12/2024 00:00:00","BZN|ES","Without sequence","145.01",""
"06/12/2024 00:00:00 - 06/12/2024 01:00:00","BZN|ES","Without sequence","129.0",""
"06/12/2024 01:00:00 - 06/12/2024 02:00:00","BZN|ES","Without sequence","117.19",""
"06/12/2024 02:00:00 - 06/12/2024 03:00:00","BZN|ES","Without sequence","100.8",""
"06/12/2024 03:00:00 - 06/12/2024 04:00:00","BZN|ES","Without sequence","94.99",""
"06/12/2024 04:00:00 - 06/12/2024 05:00:00","BZN|ES","Without sequence","92.53",""
"06/12/2024 05:00:00 - 06/12/2024 06:00:00","BZN|ES","Without sequence","91.21",""
"06/12/2024 06:00:00 - 06/12/2024 07:00:00","BZN|ES","Without sequence","100.0",""
"06/12/2024 07:00:00 - 06/12/2024 08:00:00","BZN|ES","Without sequence","110.03",""
"06/12/2024 08:00:00 - 06/12/2024 09:00:00","BZN|ES","Without sequence","125.07",""
"06/12/2024 09:00:00 - 06/12/2024 10:00:00","BZN|ES","Without sequence","120.73",""
"06/12/2024 10:00:00 - 06/12/2024 11:00:00","BZN|ES","Without sequence","111.07",""
"06/12/2024 11:00:00 - 06/12/2024 12:00:00","BZN|ES","Without sequence","105.67",""
"06/12/2024 12:00:00 - 06/12/2024 13:00:00","BZN|ES","Without sequence","94.0",""
"06/12/2024 13:00:00 - 06/12/2024 14:00:00","BZN|ES","Without sequence","100.7",""
"06/12/2024 14:00:00 - 06/12/2024 15:00:00","BZN|ES","Without sequence","100.83",""
"06/12/2024 15:00:00 - 06/12/2024 16:00:00","BZN|ES","Without sequence","112.0",""
"06/12/2024 16:00:00 - 06/12/2024 17:00:00","BZN|ES","Without sequence","129.22",""
"06/12/2024 17:00:00 - 06/12/2024 18:00:00","BZN|ES","Without sequence","143.2",""
"06/12/2024 18:00:00 - 06/12/2024 19:00:00","BZN|ES","Without sequence","146.85",""
"06/12/2024 19:00:00 - 06/12/2024 20:00:00","BZN|ES","Without sequence","143.67",""
"06/12/2024 20:00:00 - 06/12/2024 21:00:00","BZN|ES","Without sequence","144.24",""
"06/12/2024 21:00:00 - 06/12/2024 22:00:00","BZN|ES","Without sequence","142.48",""
"06/12/2024 22:00:00 - 06/12/2024 23:00:00","BZN|ES","Without sequence","137.26",""
"06/12/2024 23:00:00 - 07/12/2024 00:00:00","BZN|ES","Without sequence","129.35",""
"07/12/2024 00:00:00 - 07/12/2024 01:00:00","BZN|ES","Without sequence","73.45",""
"07/12/2024 01:00:00 - 07/12/2024 02:00:00","BZN|ES","Without sequence","71.85",""
"07/12/2024 02:00:00 - 07/12/2024 03:00:00","BZN|ES","Without sequence","65.27",""
"07/12/2024 03:00:00 - 07/12/2024 04:00:00","BZN|ES","Without sequence","46.5",""
"07/12/2024 04:00:00 - 07/12/2024 05:00:00","BZN|ES","Without sequence","39.04",""
"07/12/2024 05:00:00 - 07/12/2024 06:00:00","BZN|ES","Without sequence","28.2",""
"07/12/2024 06:00:00 - 07/12/2024 07:00:00","BZN|ES","Without sequence","28.85",""
"07/12/2024 07:00:00 - 07/12/2024 08:00:00","BZN|ES","Without sequence","40.31",""
"07/12/2024 08:00:00 - 07/12/2024 09:00:00","BZN|ES","Without sequence","43.22",""
"07/12/2024 09:00:00 - 07/12/2024 10:00:00","BZN|ES","Without sequence","42.36",""
"07/12/2024 10:00:00 - 07/12/2024 11:00:00","BZN|ES","Without sequence","26.0",""
"07/12/2024 11:00:00 - 07/12/2024 12:00:00","BZN|ES","Without sequence","5.0",""
"07/12/2024 12:00:00 - 07/12/2024 13:00:00","BZN|ES","Without sequence","3.32",""
"07/12/2024 13:00:00 - 07/12/2024 14:00:00","BZN|ES","Without sequence","3.32",""
"07/12/2024 14:00:00 - 07/12/2024 15:00:00","BZN|ES","Without sequence","2.28",""
"07/12/2024 15:00:00 - 07/12/2024 16:00:00","BZN|ES","Without sequence","2.0",""
"07/12/2024 16:00:00 - 07/12/2024 17:00:00","BZN|ES","Without sequence","3.6",""
"07/12/2024 17:00:00 - 07/12/2024 18:00:00","BZN|ES","Without sequence","41.9",""
"07/12/2024 18:00:00 - 07/12/2024 19:00:00","BZN|ES","Without sequence","56.34",""
"07/12/2024 19:00:00 - 07/12/2024 20:00:00","BZN|ES","Without sequence","62.97",""
"07/12/2024 20:00:00 - 07/12/2024 21:00:00","BZN|ES","Without sequence","71.85",""
"07/12/2024 21:00:00 - 07/12/2024 22:00:00","BZN|ES","Without sequence","45.51",""
"07/12/2024 22:00:00 - 07/12/2024 23:00:00","BZN|ES","Without sequence","41.9",""
"07/12/2024 23:00:00 - 08/12/2024 00:00:00","BZN|ES","Without sequence","35.0",""
"08/12/2024 00:00:00 - 08/12/2024 01:00:00","BZN|ES","Without sequence","18.64",""
"08/12/2024 01:00:00 - 08/12/2024 02:00:00","BZN|ES","Without sequence","13.9",""
"08/12/2024 02:00:00 - 08/12/2024 03:00:00","BZN|ES","Without sequence","8.19",""
"08/12/2024 03:00:00 - 08/12/2024 04:00:00","BZN|ES","Without sequence","3.6",""
"08/12/2024 04:00:00 - 08/12/2024 05:00:00","BZN|ES","Without sequence","3.32",""
"08/12/2024 05:00:00 - 08/12/2024 06:00:00","BZN|ES","Without sequence","3.32",""
"08/12/2024 06:00:00 - 08/12/2024 07:00:00","BZN|ES","Without sequence","3.32",""
"08/12/2024 07:00:00 - 08/12/2024 08:00:00","BZN|ES","Without sequence","5.0",""
"08/12/2024 08:00:00 - 08/12/2024 09:00:00","BZN|ES","Without sequence","5.0",""
"08/12/2024 09:00:00 - 08/12/2024 10:00:00","BZN|ES","Without sequence","3.32",""
"08/12/2024 10:00:00 - 08/12/2024 11:00:00","BZN|ES","Without sequence","3.04",""
"08/12/2024 11:00:00 - 08/12/2024 12:00:00","BZN|ES","Without sequence","0.44",""
"08/12/2024 12:00:00 - 08/12/2024 13:00:00","BZN|ES","Without sequence","0.44",""
"08/12/2024 13:00:00 - 08/12/2024 14:00:00","BZN|ES","Without sequence","0.44",""
"08/12/2024 14:00:00 - 08/12/2024 15:00:00","BZN|ES","Without sequence","0.44",""
"08/12/2024 15:00:00 - 08/12/2024 16:00:00","BZN|ES","Without sequence","0.44",""
"08/12/2024 16:00:00 - 08/12/2024 17:00:00","BZN|ES","Without sequence","3.32",""
"08/12/2024 17:00:00 - 08/12/2024 18:00:00","BZN|ES","Without sequence","41.24",""
"08/12/2024 18:00:00 - 08/12/2024 19:00:00","BZN|ES","Without sequence","74.97",""
"08/12/2024 19:00:00 - 08/12/2024 20:00:00","BZN|ES","Without sequence","72.5",""
"08/12/2024 20:00:00 - 08/12/2024 21:00:00","BZN|ES","Without sequence","71.68",""
"08/12/2024 21:00:00 - 08/12/2024 22:00:00","BZN|ES","Without sequence","72.4",""
"08/12/2024 22:00:00 - 08/12/2024 23:00:00","BZN|ES","Without sequence","68.5",""
"08/12/2024 23:00:00 - 09/12/2024 00:00:00","BZN|ES","Without sequence","55.06",""
"09/12/2024 00:00:00 - 09/12/2024 01:00:00","BZN|ES","Without sequence","55.0",""
"09/12/2024 01:00:00 - 09/12/2024 02:00:00","BZN|ES","Without sequence","37.55",""
"09/12/2024 02:00:00 - 09/12/2024 03:00:00","BZN|ES","Without sequence","31.82",""
"09/12/2024 03:00:00 - 09/12/2024 04:00:00","BZN|ES","Without sequence","13.99",""
"09/12/2024 04:00:00 - 09/12/2024 05:00:00","BZN|ES","Without sequence","5.43",""
"09/12/2024 05:00:00 - 09/12/2024 06:00:00","BZN|ES","Without sequence","25.95",""
"09/12/2024 06:00:00 - 09/12/2024 07:00:00","BZN|ES","Without sequence","67.44",""
"09/12/2024 07:00:00 - 09/12/2024 08:00:00","BZN|ES","Without sequence","111.16",""
"09/12/2024 08:00:00 - 09/12/2024 09:00:00","BZN|ES","Without sequence","122.98",""
"09/12/2024 09:00:00 - 09/12/2024 10:00:00","BZN|ES","Without sequence","85.3",""
"09/12/2024 10:00:00 - 09/12/2024 11:00:00","BZN|ES","Without sequence","40.5",""
"09/12/2024 11:00:00 - 09/12/2024 12:00:00","BZN|ES","Without sequence","14.0",""
"09/12/2024 12:00:00 - 09/12/2024 13:00:00","BZN|ES","Without sequence","5.0",""
"09/12/2024 13:00:00 - 09/12/2024 14:00:00","BZN|ES","Without sequence","3.85",""
"09/12/2024 14:00:00 - 09/12/2024 15:00:00","BZN|ES","Without sequence","3.85",""
"09/12/2024 15:00:00 - 09/12/2024 16:00:00","BZN|ES","Without sequence","9.07",""
"09/12/2024 16:00:00 - 09/12/2024 17:00:00","BZN|ES","Without sequence","74.78",""
"09/12/2024 17:00:00 - 09/12/2024 18:00:00","BZN|ES","Without sequence","125.34",""
"09/12/2024 18:00:00 - 09/12/2024 19:00:00","BZN|ES","Without sequence","132.06",""
"09/12/2024 19:00:00 - 09/12/2024 20:00:00","BZN|ES","Without sequence","130.0",""
"09/12/2024 20:00:00 - 09/12/2024 21:00:00","BZN|ES","Without sequence","132.95",""
"09/12/2024 21:00:00 - 09/12/2024 22:00:00","BZN|ES","Without sequence","137.21",""
"09/12/2024 22:00:00 - 09/12/2024 23:00:00","BZN|ES","Without sequence","132.95",""
"09/12/2024 23:00:00 - 10/12/2024 00:00:00","BZN|ES","Without sequence","114.35",""
"10/12/2024 00:00:00 - 10/12/2024 01:00:00","BZN|ES","Without sequence","122.19",""
"10/12/2024 01:00:00 - 10/12/2024 02:00:00","BZN|ES","Without sequence","109.02",""
"10/12/2024 02:00:00 - 10/12/2024 03:00:00","BZN|ES","Without sequence","100.7",""
"10/12/2024 03:00:00 - 10/12/2024 04:00:00","BZN|ES","Without sequence","100.7",""
"10/12/2024 04:00:00 - 10/12/2024 05:00:00","BZN|ES","Without sequence","105.0",""
"10/12/2024 05:00:00 - 10/12/2024 06:00:00","BZN|ES","Without sequence","115.0",""
"10/12/2024 06:00:00 - 10/12/2024 07:00:00","BZN|ES","Without sequence","116.0",""
"10/12/2024 07:00:00 - 10/12/2024 08:00:00","BZN|ES","Without sequence","140.0",""
"10/12/2024 08:00:00 - 10/12/2024 09:00:00","BZN|ES","Without sequence","150.32",""
"10/12/2024 09:00:00 - 10/12/2024 10:00:00","BZN|ES","Without sequence","142.18",""
"10/12/2024 10:00:00 - 10/12/2024 11:00:00","BZN|ES","Without sequence","132.77",""
"10/12/2024 11:00:00 - 10/12/2024 12:00:00","BZN|ES","Without sequence","119.0",""
"10/12/2024 12:00:00 - 10/12/2024 13:00:00","BZN|ES","Without sequence","117.35",""
"10/12/2024 13:00:00 - 10/12/2024 14:00:00","BZN|ES","Without sequence","115.21",""
"10/12/2024 14:00:00 - 10/12/2024 15:00:00","BZN|ES","Without sequence","120.72",""
"10/12/2024 15:00:00 - 10/12/2024 16:00:00","BZN|ES","Without sequence","131.0",""
"10/12/2024 16:00:00 - 10/12/2024 17:00:00","BZN|ES","Without sequence","145.01",""
"10/12/2024 17:00:00 - 10/12/2024 18:00:00","BZN|ES","Without sequence","160.6",""
"10/12/2024 18:00:00 - 10/12/2024 19:00:00","BZN|ES","Without sequence","181.0",""
"10/12/2024 19:00:00 - 10/12/2024 20:00:00","BZN|ES","Without sequence","178.28",""
"10/12/2024 20:00:00 - 10/12/2024 21:00:00","BZN|ES","Without sequence","167.13",""
"10/12/2024 21:00:00 - 10/12/2024 22:00:00","BZN|ES","Without sequence","162.0",""
"10/12/2024 22:00:00 - 10/12/2024 23:00:00","BZN|ES","Without sequence","150.2",""
"10/12/2024 23:00:00 - 11/12/2024 00:00:00","BZN|ES","Without sequence","140.0",""
"11/12/2024 00:00:00 - 11/12/2024 01:00:00","BZN|ES","Without sequence","129.0",""
"11/12/2024 01:00:00 - 11/12/2024 02:00:00","BZN|ES","Without sequence","114.49",""
"11/12/2024 02:00:00 - 11/12/2024 03:00:00","BZN|ES","Without sequence","114.49",""
"11/12/2024 03:00:00 - 11/12/2024 04:00:00","BZN|ES","Without sequence","113.05",""
"11/12/2024 04:00:00 - 11/12/2024 05:00:00","BZN|ES","Without sequence","113.12",""
"11/12/2024 05:00:00 - 11/12/2024 06:00:00","BZN|ES","Without sequence","114.16",""
"11/12/2024 06:00:00 - 11/12/2024 07:00:00","BZN|ES","Without sequence","123.45",""
"11/12/2024 07:00:00 - 11/12/2024 08:00:00","BZN|ES","Without sequence","155.64",""
"11/12/2024 08:00:00 - 11/12/2024 09:00:00","BZN|ES","Without sequence","165.5",""
"11/12/2024 09:00:00 - 11/12/2024 10:00:00","BZN|ES","Without sequence","157.5",""
"11/12/2024 10:00:00 - 11/12/2024 11:00:00","BZN|ES","Without sequence","139.5",""
"11/12/2024 11:00:00 - 11/12/2024 12:00:00","BZN|ES","Without sequence","125.0",""
"11/12/2024 12:00:00 - 11/12/2024 13:00:00","BZN|ES","Without sequence","119.31",""
"11/12/2024 13:00:00 - 11/12/2024 14:00:00","BZN|ES","Without sequence","121.6",""
"11/12/2024 14:00:00 - 11/12/2024 15:00:00","BZN|ES","Without sequence","130.0",""
"11/12/2024 15:00:00 - 11/12/2024 16:00:00","BZN|ES","Without sequence","134.76",""
"11/12/2024 16:00:00 - 11/12/2024 17:00:00","BZN|ES","Without sequence","141.0",""
"11/12/2024 17:00:00 - 11/12/2024 18:00:00","BZN|ES","Without sequence","158.66",""
"11/12/2024 18:00:00 - 11/12/2024 19:00:00","BZN|ES","Without sequence","167.62",""
"11/12/2024 19:00:00 - 11/12/2024 20:00:00","BZN|ES","Without sequence","170.0",""
"11/12/2024 20:00:00 - 11/12/2024 21:00:00","BZN|ES","Without sequence","179.07",""
"11/12/2024 21:00:00 - 11/12/2024 22:00:00","BZN|ES","Without sequence","165.2",""
"11/12/2024 22:00:00 - 11/12/2024 23:00:00","BZN|ES","Without sequence","150.0",""
"11/12/2024 23:00:00 - 12/12/2024 00:00:00","BZN|ES","Without sequence","136.1",""
"12/12/2024 00:00:00 - 12/12/2024 01:00:00","BZN|ES","Without sequence","136.5",""
"12/12/2024 01:00:00 - 12/12/2024 02:00:00","BZN|ES","Without sequence","120.77",""
"12/12/2024 02:00:00 - 12/12/2024 03:00:00","BZN|ES","Without sequence","116.0",""
"12/12/2024 03:00:00 - 12/12/2024 04:00:00","BZN|ES","Without sequence","113.23",""
"12/12/2024 04:00:00 - 12/12/2024 05:00:00","BZN|ES","Without sequence","112.6",""
"12/12/2024 05:00:00 - 12/12/2024 06:00:00","BZN|ES","Without sequence","120.92",""
"12/12/2024 06:00:00 - 12/12/2024 07:00:00","BZN|ES","Without sequence","137.51",""
"12/12/2024 07:00:00 - 12/12/2024 08:00:00","BZN|ES","Without sequence","162.12",""
"12/12/2024 08:00:00 - 12/12/2024 09:00:00","BZN|ES","Without sequence","177.38",""
"12/12/2024 09:00:00 - 12/12/2024 10:00:00","BZN|ES","Without sequence","167.63",""
"12/12/2024 10:00:00 - 12/12/2024 11:00:00","BZN|ES","Without sequence","153.85",""
"12/12/2024 11:00:00 - 12/12/2024 12:00:00","BZN|ES","Without sequence","140.01",""
"12/12/2024 12:00:00 - 12/12/2024 13:00:00","BZN|ES","Without sequence","137.97",""
"12/12/2024 13:00:00 - 12/12/2024 14:00:00","BZN|ES","Without sequence","139.0",""
"12/12/2024 14:00:00 - 12/12/2024 15:00:00","BZN|ES","Without sequence","142.91",""
"12/12/2024 15:00:00 - 12/12/2024 16:00:00","BZN|ES","Without sequence","148.0",""
"12/12/2024 16:00:00 - 12/12/2024 17:00:00","BZN|ES","Without sequence","163.03",""
"12/12/2024 17:00:00 - 12/12/2024 18:00:00","BZN|ES","Without sequence","162.42",""
"12/12/2024 18:00:00 - 12/12/2024 19:00:00","BZN|ES","Without sequence","167.84",""
"12/12/2024 19:00:00 - 12/12/2024 20:00:00","BZN|ES","Without sequence","172.06",""
"12/12/2024 20:00:00 - 12/12/2024 21:00:00","BZN|ES","Without sequence","174.25",""
"12/12/2024 21:00:00 - 12/12/2024 22:00:00","BZN|ES","Without sequence","169.4",""
"12/12/2024 22:00:00 - 12/12/2024 23:00:00","BZN|ES","Without sequence","150.0",""
"12/12/2024 23:00:00 - 13/12/2024 00:00:00","BZN|ES","Without sequence","134.75",""
"13/12/2024 00:00:00 - 13/12/2024 01:00:00","BZN|ES","Without sequence","132.71",""
"13/12/2024 01:00:00 - 13/12/2024 02:00:00","BZN|ES","Without sequence","125.0",""
"13/12/2024 02:00:00 - 13/12/2024 03:00:00","BZN|ES","Without sequence","118.97",""
"13/12/2024 03:00:00 - 13/12/2024 04:00:00","BZN|ES","Without sequence","114.95",""
"13/12/2024 04:00:00 - 13/12/2024 05:00:00","BZN|ES","Without sequence","115.64",""
"13/12/2024 05:00:00 - 13/12/2024 06:00:00","BZN|ES","Without sequence","123.96",""
"13/12/2024 06:00:00 - 13/12/2024 07:00:00","BZN|ES","Without sequence","138.0",""
"13/12/2024 07:00:00 - 13/12/2024 08:00:00","BZN|ES","Without sequence","154.9",""
"13/12/2024 08:00:00 - 13/12/2024 09:00:00","BZN|ES","Without sequence","164.07",""
"13/12/2024 09:00:00 - 13/12/2024 10:00:00","BZN|ES","Without sequence","163.8",""
"13/12/2024 10:00:00 - 13/12/2024 11:00:00","BZN|ES","Without sequence","150.35",""
"13/12/2024 11:00:00 - 13/12/2024 12:00:00","BZN|ES","Without sequence","145.01",""
"13/12/2024 12:00:00 - 13/12/2024 13:00:00","BZN|ES","Without sequence","141.0",""
"13/12/2024 13:00:00 - 13/12/2024 14:00:00","BZN|ES","Without sequence","137.76",""
"13/12/2024 14:00:00 - 13/12/2024 15:00:00","BZN|ES","Without sequence","137.76",""
"13/12/2024 15:00:00 - 13/12/2024 16:00:00","BZN|ES","Without sequence","143.18",""
"13/12/2024 16:00:00 - 13/12/2024 17:00:00","BZN|ES","Without sequence","151.66",""
"13/12/2024 17:00:00 - 13/12/2024 18:00:00","BZN|ES","Without sequence","156.06",""
"13/12/2024 18:00:00 - 13/12/2024 19:00:00","BZN|ES","Without sequence","172.35",""
"13/12/2024 19:00:00 - 13/12/2024 20:00:00","BZN|ES","Without sequence","172.35",""
"13/12/2024 20:00:00 - 13/12/2024 21:00:00","BZN|ES","Without sequence","172.35",""
"13/12/2024 21:00:00 - 13/12/2024 22:00:00","BZN|ES","Without sequence","146.22",""
"13/12/2024 22:00:00 - 13/12/2024 23:00:00","BZN|ES","Without sequence","141.45",""
"13/12/2024 23:00:00 - 14/12/2024 00:00:00","BZN|ES","Without sequence","129.96",""
"14/12/2024 00:00:00 - 14/12/2024 01:00:00","BZN|ES","Without sequence","141.17",""
"14/12/2024 01:00:00 - 14/12/2024 02:00:00","BZN|ES","Without sequence","130.93",""
"14/12/2024 02:00:00 - 14/12/2024 03:00:00","BZN|ES","Without sequence","130.18",""
"14/12/2024 03:00:00 - 14/12/2024 04:00:00","BZN|ES","Without sequence","129.47",""
"14/12/2024 04:00:00 - 14/12/2024 05:00:00","BZN|ES","Without sequence","126.87",""
"14/12/2024 05:00:00 - 14/12/2024 06:00:00","BZN|ES","Without sequence","126.15",""
"14/12/2024 06:00:00 - 14/12/2024 07:00:00","BZN|ES","Without sequence","129.47",""
"14/12/2024 07:00:00 - 14/12/2024 08:00:00","BZN|ES","Without sequence","133.37",""
"14/12/2024 08:00:00 - 14/12/2024 09:00:00","BZN|ES","Without sequence","137.27",""
"14/12/2024 09:00:00 - 14/12/2024 10:00:00","BZN|ES","Without sequence","132.07",""
"14/12/2024 10:00:00 - 14/12/2024 11:00:00","BZN|ES","Without sequence","122.0",""
"14/12/2024 11:00:00 - 14/12/2024 12:00:00","BZN|ES","Without sequence","110.43",""
"14/12/2024 12:00:00 - 14/12/2024 13:00:00","BZN|ES","Without sequence","109.73",""
"14/12/2024 13:00:00 - 14/12/2024 14:00:00","BZN|ES","Without sequence","107.95",""
"14/12/2024 14:00:00 - 14/12/2024 15:00:00","BZN|ES","Without sequence","104.07",""
"14/12/2024 15:00:00 - 14/12/2024 16:00:00","BZN|ES","Without sequence","104.58",""
"14/12/2024 16:00:00 - 14/12/2024 17:00:00","BZN|ES","Without sequence","112.29",""
"14/12/2024 17:00:00 - 14/12/2024 18:00:00","BZN|ES","Without sequence","134.67",""
"14/12/2024 18:00:00 - 14/12/2024 19:00:00","BZN|ES","Without sequence","151.32",""
"14/12/2024 19:00:00 - 14/12/2024 20:00:00","BZN|ES","Without sequence","149.43",""
"14/12/2024 20:00:00 - 14/12/2024 21:00:00","BZN|ES","Without sequence","150.0",""
"14/12/2024 21:00:00 - 14/12/2024 22:00:00","BZN|ES","Without sequence","144.8",""
"14/12/2024 22:00:00 - 14/12/2024 23:00:00","BZN|ES","Without sequence","142.37",""
"14/12/2024 23:00:00 - 15/12/2024 00:00:00","BZN|ES","Without sequence","131.69",""
"15/12/2024 00:00:00 - 15/12/2024 01:00:00","BZN|ES","Without sequence","125.92",""
"15/12/2024 01:00:00 - 15/12/2024 02:00:00","BZN|ES","Without sequence","110.89",""
"15/12/2024 02:00:00 - 15/12/2024 03:00:00","BZN|ES","Without sequence","108.0",""
"15/12/2024 03:00:00 - 15/12/2024 04:00:00","BZN|ES","Without sequence","105.65",""
"15/12/2024 04:00:00 - 15/12/2024 05:00:00","BZN|ES","Without sequence","100.45",""
"15/12/2024 05:00:00 - 15/12/2024 06:00:00","BZN|ES","Without sequence","95.7",""
"15/12/2024 06:00:00 - 15/12/2024 07:00:00","BZN|ES","Without sequence","95.7",""
"15/12/2024 07:00:00 - 15/12/2024 08:00:00","BZN|ES","Without sequence","95.3",""
"15/12/2024 08:00:00 - 15/12/2024 09:00:00","BZN|ES","Without sequence","103.33",""
"15/12/2024 09:00:00 - 15/12/2024 10:00:00","BZN|ES","Without sequence","85.18",""
"15/12/2024 10:00:00 - 15/12/2024 11:00:00","BZN|ES","Without sequence","74.57",""
"15/12/2024 11:00:00 - 15/12/2024 12:00:00","BZN|ES","Without sequence","72.69",""
"15/12/2024 12:00:00 - 15/12/2024 13:00:00","BZN|ES","Without sequence","77.87",""
"15/12/2024 13:00:00 - 15/12/2024 14:00:00","BZN|ES","Without sequence","75.82",""
"15/12/2024 14:00:00 - 15/12/2024 15:00:00","BZN|ES","Without sequence","71.89",""
"15/12/2024 15:00:00 - 15/12/2024 16:00:00","BZN|ES","Without sequence","70.47",""
"15/12/2024 16:00:00 - 15/12/2024 17:00:00","BZN|ES","Without sequence","85.18",""
"15/12/2024 17:00:00 - 15/12/2024 18:00:00","BZN|ES","Without sequence","115.9",""
"15/12/2024 18:00:00 - 15/12/2024 19:00:00","BZN|ES","Without sequence","133.95",""
"15/12/2024 19:00:00 - 15/12/2024 20:00:00","BZN|ES","Without sequence","133.95",""
"15/12/2024 20:00:00 - 15/12/2024 21:00:00","BZN|ES","Without sequence","138.84",""
"15/12/2024 21:00:00 - 15/12/2024 22:00:00","BZN|ES","Without sequence","135.07",""
"15/12/2024 22:00:00 - 15/12/2024 23:00:00","BZN|ES","Without sequence","131.71",""
"15/12/2024 23:00:00 - 16/12/2024 00:00:00","BZN|ES","Without sequence","127.84",""
"16/12/2024 00:00:00 - 16/12/2024 01:00:00","BZN|ES","Without sequence","110.0",""
"16/12/2024 01:00:00 - 16/12/2024 02:00:00","BZN|ES","Without sequence","103.51",""
"16/12/2024 02:00:00 - 16/12/2024 03:00:00","BZN|ES","Without sequence","101.2",""
"16/12/2024 03:00:00 - 16/12/2024 04:00:00","BZN|ES","Without sequence","100.63",""
"16/12/2024 04:00:00 - 16/12/2024 05:00:00","BZN|ES","Without sequence","100.14",""
"16/12/2024 05:00:00 - 16/12/2024 06:00:00","BZN|ES","Without sequence","99.14",""
"16/12/2024 06:00:00 - 16/12/2024 07:00:00","BZN|ES","Without sequence","110.9",""
"16/12/2024 07:00:00 - 16/12/2024 08:00:00","BZN|ES","Without sequence","131.15",""
"16/12/2024 08:00:00 - 16/12/2024 09:00:00","BZN|ES","Without sequence","141.04",""
"16/12/2024 09:00:00 - 16/12/2024 10:00:00","BZN|ES","Without sequence","135.22",""
"16/12/2024 10:00:00 - 16/12/2024 11:00:00","BZN|ES","Without sequence","111.6",""
"16/12/2024 11:00:00 - 16/12/2024 12:00:00","BZN|ES","Without sequence","97.14",""
"16/12/2024 12:00:00 - 16/12/2024 13:00:00","BZN|ES","Without sequence","95.19",""
"16/12/2024 13:00:00 - 16/12/2024 14:00:00","BZN|ES","Without sequence","96.43",""
"16/12/2024 14:00:00 - 16/12/2024 15:00:00","BZN|ES","Without sequence","96.89",""
"16/12/2024 15:00:00 - 16/12/2024 16:00:00","BZN|ES","Without sequence","101.83",""
"16/12/2024 16:00:00 - 16/12/2024 17:00:00","BZN|ES","Without sequence","121.5",""
"16/12/2024 17:00:00 - 16/12/2024 18:00:00","BZN|ES","Without sequence","137.8",""
"16/12/2024 18:00:00 - 16/12/2024 19:00:00","BZN|ES","Without sequence","163.43",""
"16/12/2024 19:00:00 - 16/12/2024 20:00:00","BZN|ES","Without sequence","165.23",""
"16/12/2024 20:00:00 - 16/12/2024 21:00:00","BZN|ES","Without sequence","166.89",""
"16/12/2024 21:00:00 - 16/12/2024 22:00:00","BZN|ES","Without sequence","152.94",""
"16/12/2024 22:00:00 - 16/12/2024 23:00:00","BZN|ES","Without sequence","135.5",""
"16/12/2024 23:00:00 - 17/12/2024 00:00:00","BZN|ES","Without sequence","125.38",""
"17/12/2024 00:00:00 - 17/12/2024 01:00:00","BZN|ES","Without sequence","122.13",""
"17/12/2024 01:00:00 - 17/12/2024 02:00:00","BZN|ES","Without sequence","116.13",""
"17/12/2024 02:00:00 - 17/12/2024 03:00:00","BZN|ES","Without sequence","106.25",""
"17/12/2024 03:00:00 - 17/12/2024 04:00:00","BZN|ES","Without sequence","104.99",""
"17/12/2024 04:00:00 - 17/12/2024 05:00:00","BZN|ES","Without sequence","101.24",""
"17/12/2024 05:00:00 - 17/12/2024 06:00:00","BZN|ES","Without sequence","104.13",""
"17/12/2024 06:00:00 - 17/12/2024 07:00:00","BZN|ES","Without sequence","110.5",""
"17/12/2024 07:00:00 - 17/12/2024 08:00:00","BZN|ES","Without sequence","128.8",""
"17/12/2024 08:00:00 - 17/12/2024 09:00:00","BZN|ES","Without sequence","145.0",""
"17/12/2024 09:00:00 - 17/12/2024 10:00:00","BZN|ES","Without sequence","140.78",""
"17/12/2024 10:00:00 - 17/12/2024 11:00:00","BZN|ES","Without sequence","124.1",""
"17/12/2024 11:00:00 - 17/12/2024 12:00:00","BZN|ES","Without sequence","107.13",""
"17/12/2024 12:00:00 - 17/12/2024 13:00:00","BZN|ES","Without sequence","102.91",""
"17/12/2024 13:00:00 - 17/12/2024 14:00:00","BZN|ES","Without sequence","106.43",""
"17/12/2024 14:00:00 - 17/12/2024 15:00:00","BZN|ES","Without sequence","109.93",""
"17/12/2024 15:00:00 - 17/12/2024 16:00:00","BZN|ES","Without sequence","113.61",""
"17/12/2024 16:00:00 - 17/12/2024 17:00:00","BZN|ES","Without sequence","123.8",""
"17/12/2024 17:00:00 - 17/12/2024 18:00:00","BZN|ES","Without sequence","135.74",""
"17/12/2024 18:00:00 - 17/12/2024 19:00:00","BZN|ES","Without sequence","143.33",""
"17/12/2024 19:00:00 - 17/12/2024 20:00:00","BZN|ES","Without sequence","145.01",""
"17/12/2024 20:00:00 - 17/12/2024 21:00:00","BZN|ES","Without sequence","146.24",""
"17/12/2024 21:00:00 - 17/12/2024 22:00:00","BZN|ES","Without sequence","139.03",""
"17/12/2024 22:00:00 - 17/12/2024 23:00:00","BZN|ES","Without sequence","125.16",""
"17/12/2024 23:00:00 - 18/12/2024 00:00:00","BZN|ES","Without sequence","122.13",""
"18/12/2024 00:00:00 - 18/12/2024 01:00:00","BZN|ES","Without sequence","116.9",""
"18/12/2024 01:00:00 - 18/12/2024 02:00:00","BZN|ES","Without sequence","104.15",""
"18/12/2024 02:00:00 - 18/12/2024 03:00:00","BZN|ES","Without sequence","91.89",""
"18/12/2024 03:00:00 - 18/12/2024 04:00:00","BZN|ES","Without sequence","91.68",""
"18/12/2024 04:00:00 - 18/12/2024 05:00:00","BZN|ES","Without sequence","91.89",""
"18/12/2024 05:00:00 - 18/12/2024 06:00:00","BZN|ES","Without sequence","98.96",""
"18/12/2024 06:00:00 - 18/12/2024 07:00:00","BZN|ES","Without sequence","119.41",""
"18/12/2024 07:00:00 - 18/12/2024 08:00:00","BZN|ES","Without sequence","129.05",""
"18/12/2024 08:00:00 - 18/12/2024 09:00:00","BZN|ES","Without sequence","146.54",""
"18/12/2024 09:00:00 - 18/12/2024 10:00:00","BZN|ES","Without sequence","134.12",""
"18/12/2024 10:00:00 - 18/12/2024 11:00:00","BZN|ES","Without sequence","119.41",""
"18/12/2024 11:00:00 - 18/12/2024 12:00:00","BZN|ES","Without sequence","98.0",""
"18/12/2024 12:00:00 - 18/12/2024 13:00:00","BZN|ES","Without sequence","90.8",""
"18/12/2024 13:00:00 - 18/12/2024 14:00:00","BZN|ES","Without sequence","90.46",""
"18/12/2024 14:00:00 - 18/12/2024 15:00:00","BZN|ES","Without sequence","90.0",""
"18/12/2024 15:00:00 - 18/12/2024 16:00:00","BZN|ES","Without sequence","101.15",""
"18/12/2024 16:00:00 - 18/12/2024 17:00:00","BZN|ES","Without sequence","120.44",""
"18/12/2024 17:00:00 - 18/12/2024 18:00:00","BZN|ES","Without sequence","132.55",""
"18/12/2024 18:00:00 - 18/12/2024 19:00:00","BZN|ES","Without sequence","136.14",""
"18/12/2024 19:00:00 - 18/12/2024 20:00:00","BZN|ES","Without sequence","135.15",""
"18/12/2024 20:00:00 - 18/12/2024 21:00:00","BZN|ES","Without sequence","135.01",""
"18/12/2024 21:00:00 - 18/12/2024 22:00:00","BZN|ES","Without sequence","129.95",""
"18/12/2024 22:00:00 - 18/12/2024 23:00:00","BZN|ES","Without sequence","122.03",""
"18/12/2024 23:00:00 - 19/12/2024 00:00:00","BZN|ES","Without sequence","97.0",""
"19/12/2024 00:00:00 - 19/12/2024 01:00:00","BZN|ES","Without sequence","75.0",""
"19/12/2024 01:00:00 - 19/12/2024 02:00:00","BZN|ES","Without sequence","30.1",""
"19/12/2024 02:00:00 - 19/12/2024 03:00:00","BZN|ES","Without sequence","10.0",""
"19/12/2024 03:00:00 - 19/12/2024 04:00:00","BZN|ES","Without sequence","6.0",""
"19/12/2024 04:00:00 - 19/12/2024 05:00:00","BZN|ES","Without sequence","5.0",""
"19/12/2024 05:00:00 - 19/12/2024 06:00:00","BZN|ES","Without sequence","14.0",""
"19/12/2024 06:00:00 - 19/12/2024 07:00:00","BZN|ES","Without sequence","58.12",""
"19/12/2024 07:00:00 - 19/12/2024 08:00:00","BZN|ES","Without sequence","86.09",""
"19/12/2024 08:00:00 - 19/12/2024 09:00:00","BZN|ES","Without sequence","111.0",""
"19/12/2024 09:00:00 - 19/12/2024 10:00:00","BZN|ES","Without sequence","109.79",""
"19/12/2024 10:00:00 - 19/12/2024 11:00:00","BZN|ES","Without sequence","86.3",""
"19/12/2024 11:00:00 - 19/12/2024 12:00:00","BZN|ES","Without sequence","76.96",""
"19/12/2024 12:00:00 - 19/12/2024 13:00:00","BZN|ES","Without sequence","74.16",""
"19/12/2024 13:00:00 - 19/12/2024 14:00:00","BZN|ES","Without sequence","70.4",""
"19/12/2024 14:00:00 - 19/12/2024 15:00:00","BZN|ES","Without sequence","60.38",""
"19/12/2024 15:00:00 - 19/12/2024 16:00:00","BZN|ES","Without sequence","61.2",""
"19/12/2024 16:00:00 - 19/12/2024 17:00:00","BZN|ES","Without sequence","83.17",""
"19/12/2024 17:00:00 - 19/12/2024 18:00:00","BZN|ES","Without sequence","100.79",""
"19/12/2024 18:00:00 - 19/12/2024 19:00:00","BZN|ES","Without sequence","112.79",""
"19/12/2024 19:00:00 - 19/12/2024 20:00:00","BZN|ES","Without sequence","120.68",""
"19/12/2024 20:00:00 - 19/12/2024 21:00:00","BZN|ES","Without sequence","122.78",""
"19/12/2024 21:00:00 - 19/12/2024 22:00:00","BZN|ES","Without sequence","122.78",""
"19/12/2024 22:00:00 - 19/12/2024 23:00:00","BZN|ES","Without sequence","120.68",""
"19/12/2024 23:00:00 - 20/12/2024 00:00:00","BZN|ES","Without sequence","103.9",""
"20/12/2024 00:00:00 - 20/12/2024 01:00:00","BZN|ES","Without sequence","118.04",""
"20/12/2024 01:00:00 - 20/12/2024 02:00:00","BZN|ES","Without sequence","109.18",""
"20/12/2024 02:00:00 - 20/12/2024 03:00:00","BZN|ES","Without sequence","89.49",""
"20/12/2024 03:00:00 - 20/12/2024 04:00:00","BZN|ES","Without sequence","86.2",""
"20/12/2024 04:00:00 - 20/12/2024 05:00:00","BZN|ES","Without sequence","86.2",""
"20/12/2024 05:00:00 - 20/12/2024 06:00:00","BZN|ES","Without sequence","89.99",""
"20/12/2024 06:00:00 - 20/12/2024 07:00:00","BZN|ES","Without sequence","112.18",""
"20/12/2024 07:00:00 - 20/12/2024 08:00:00","BZN|ES","Without sequence","130.6",""
"20/12/2024 08:00:00 - 20/12/2024 09:00:00","BZN|ES","Without sequence","141.08",""
"20/12/2024 09:00:00 - 20/12/2024 10:00:00","BZN|ES","Without sequence","131.98",""
"20/12/2024 10:00:00 - 20/12/2024 11:00:00","BZN|ES","Without sequence","114.2",""
"20/12/2024 11:00:00 - 20/12/2024 12:00:00","BZN|ES","Without sequence","99.27",""
"20/12/2024 12:00:00 - 20/12/2024 13:00:00","BZN|ES","Without sequence","89.37",""
"20/12/2024 13:00:00 - 20/12/2024 14:00:00","BZN|ES","Without sequence","85.81",""
"20/12/2024 14:00:00 - 20/12/2024 15:00:00","BZN|ES","Without sequence","90.63",""
"20/12/2024 15:00:00 - 20/12/2024 16:00:00","BZN|ES","Without sequence","101.19",""
"20/12/2024 16:00:00 - 20/12/2024 17:00:00","BZN|ES","Without sequence","112.18",""
"20/12/2024 17:00:00 - 20/12/2024 18:00:00","BZN|ES","Without sequence","135.01",""
"20/12/2024 18:00:00 - 20/12/2024 19:00:00","BZN|ES","Without sequence","141.08",""
"20/12/2024 19:00:00 - 20/12/2024 20:00:00","BZN|ES","Without sequence","145.39",""
"20/12/2024 20:00:00 - 20/12/2024 21:00:00","BZN|ES","Without sequence","145.38",""
"20/12/2024 21:00:00 - 20/12/2024 22:00:00","BZN|ES","Without sequence","140.01",""
"20/12/2024 22:00:00 - 20/12/2024 23:00:00","BZN|ES","Without sequence","131.98",""
"20/12/2024 23:00:00 - 21/12/2024 00:00:00","BZN|ES","Without sequence","125.68",""
"21/12/2024 00:00:00 - 21/12/2024 01:00:00","BZN|ES","Without sequence","125.8",""
"21/12/2024 01:00:00 - 21/12/2024 02:00:00","BZN|ES","Without sequence","112.76",""
"21/12/2024 02:00:00 - 21/12/2024 03:00:00","BZN|ES","Without sequence","97.0",""
"21/12/2024 03:00:00 - 21/12/2024 04:00:00","BZN|ES","Without sequence","87.3",""
"21/12/2024 04:00:00 - 21/12/2024 05:00:00","BZN|ES","Without sequence","87.09",""
"21/12/2024 05:00:00 - 21/12/2024 06:00:00","BZN|ES","Without sequence","86.88",""
"21/12/2024 06:00:00 - 21/12/2024 07:00:00","BZN|ES","Without sequence","90.8",""
"21/12/2024 07:00:00 - 21/12/2024 08:00:00","BZN|ES","Without sequence","108.59",""
"21/12/2024 08:00:00 - 21/12/2024 09:00:00","BZN|ES","Without sequence","114.98",""
"21/12/2024 09:00:00 - 21/12/2024 10:00:00","BZN|ES","Without sequence","95.0",""
"21/12/2024 10:00:00 - 21/12/2024 11:00:00","BZN|ES","Without sequence","80.0",""
"21/12/2024 11:00:00 - 21/12/2024 12:00:00","BZN|ES","Without sequence","43.0",""
"21/12/2024 12:00:00 - 21/12/2024 13:00:00","BZN|ES","Without sequence","36.09",""
"21/12/2024 13:00:00 - 21/12/2024 14:00:00","BZN|ES","Without sequence","35.78",""
"21/12/2024 14:00:00 - 21/12/2024 15:00:00","BZN|ES","Without sequence","35.07",""
"21/12/2024 15:00:00 - 21/12/2024 16:00:00","BZN|ES","Without sequence","38.98",""
"21/12/2024 16:00:00 - 21/12/2024 17:00:00","BZN|ES","Without sequence","85.0",""
"21/12/2024 17:00:00 - 21/12/2024 18:00:00","BZN|ES","Without sequence","126.2",""
"21/12/2024 18:00:00 - 21/12/2024 19:00:00","BZN|ES","Without sequence","130.12",""
"21/12/2024 19:00:00 - 21/12/2024 20:00:00","BZN|ES","Without sequence","133.24",""
"21/12/2024 20:00:00 - 21/12/2024 21:00:00","BZN|ES","Without sequence","133.48",""
"21/12/2024 21:00:00 - 21/12/2024 22:00:00","BZN|ES","Without sequence","133.48",""
"21/12/2024 22:00:00 - 21/12/2024 23:00:00","BZN|ES","Without sequence","130.01",""
"21/12/2024 23:00:00 - 22/12/2024 00:00:00","BZN|ES","Without sequence","126.78",""
"22/12/2024 00:00:00 - 22/12/2024 01:00:00","BZN|ES","Without sequence","100.5",""
"22/12/2024 01:00:00 - 22/12/2024 02:00:00","BZN|ES","Without sequence","85.0",""
"22/12/2024 02:00:00 - 22/12/2024 03:00:00","BZN|ES","Without sequence","72.62",""
"22/12/2024 03:00:00 - 22/12/2024 04:00:00","BZN|ES","Without sequence","64.99",""
"22/12/2024 04:00:00 - 22/12/2024 05:00:00","BZN|ES","Without sequence","59.88",""
"22/12/2024 05:00:00 - 22/12/2024 06:00:00","BZN|ES","Without sequence","59.2",""
"22/12/2024 06:00:00 - 22/12/2024 07:00:00","BZN|ES","Without sequence","59.63",""
"22/12/2024 07:00:00 - 22/12/2024 08:00:00","BZN|ES","Without sequence","60.28",""
"22/12/2024 08:00:00 - 22/12/2024 09:00:00","BZN|ES","Without sequence","60.3",""
"22/12/2024 09:00:00 - 22/12/2024 10:00:00","BZN|ES","Without sequence","50.24",""
"22/12/2024 10:00:00 - 22/12/2024 11:00:00","BZN|ES","Without sequence","20.0",""
"22/12/2024 11:00:00 - 22/12/2024 12:00:00","BZN|ES","Without sequence","16.01",""
"22/12/2024 12:00:00 - 22/12/2024 13:00:00","BZN|ES","Without sequence","18.67",""
"22/12/2024 13:00:00 - 22/12/2024 14:00:00","BZN|ES","Without sequence","15.38",""
"22/12/2024 14:00:00 - 22/12/2024 15:00:00","BZN|ES","Without sequence","10.96",""
"22/12/2024 15:00:00 - 22/12/2024 16:00:00","BZN|ES","Without sequence","5.0",""
"22/12/2024 16:00:00 - 22/12/2024 17:00:00","BZN|ES","Without sequence","18.6",""
"22/12/2024 17:00:00 - 22/12/2024 18:00:00","BZN|ES","Without sequence","55.0",""
"22/12/2024 18:00:00 - 22/12/2024 19:00:00","BZN|ES","Without sequence","77.44",""
"22/12/2024 19:00:00 - 22/12/2024 20:00:00","BZN|ES","Without sequence","79.97",""
"22/12/2024 20:00:00 - 22/12/2024 21:00:00","BZN|ES","Without sequence","84.75",""
"22/12/2024 21:00:00 - 22/12/2024 22:00:00","BZN|ES","Without sequence","84.97",""
"22/12/2024 22:00:00 - 22/12/2024 23:00:00","BZN|ES","Without sequence","70.3",""
"22/12/2024 23:00:00 - 23/12/2024 00:00:00","BZN|ES","Without sequence","64.6",""
"23/12/2024 00:00:00 - 23/12/2024 01:00:00","BZN|ES","Without sequence","17.27",""
"23/12/2024 01:00:00 - 23/12/2024 02:00:00","BZN|ES","Without sequence","11.48",""
"23/12/2024 02:00:00 - 23/12/2024 03:00:00","BZN|ES","Without sequence","10.19",""
"23/12/2024 03:00:00 - 23/12/2024 04:00:00","BZN|ES","Without sequence","7.33",""
"23/12/2024 04:00:00 - 23/12/2024 05:00:00","BZN|ES","Without sequence","6.0",""
"23/12/2024 05:00:00 - 23/12/2024 06:00:00","BZN|ES","Without sequence","7.07",""
"23/12/2024 06:00:00 - 23/12/2024 07:00:00","BZN|ES","Without sequence","25.95",""
"23/12/2024 07:00:00 - 23/12/2024 08:00:00","BZN|ES","Without sequence","61.2",""
"23/12/2024 08:00:00 - 23/12/2024 09:00:00","BZN|ES","Without sequence","72.47",""
"23/12/2024 09:00:00 - 23/12/2024 10:00:00","BZN|ES","Without sequence","70.93",""
"23/12/2024 10:00:00 - 23/12/2024 11:00:00","BZN|ES","Without sequence","25.0",""
"23/12/2024 11:00:00 - 23/12/2024 12:00:00","BZN|ES","Without sequence","5.11",""
"23/12/2024 12:00:00 - 23/12/2024 13:00:00","BZN|ES","Without sequence","3.32",""
"23/12/2024 13:00:00 - 23/12/2024 14:00:00","BZN|ES","Without sequence","3.32",""
"23/12/2024 14:00:00 - 23/12/2024 15:00:00","BZN|ES","Without sequence","3.6",""
"23/12/2024 15:00:00 - 23/12/2024 16:00:00","BZN|ES","Without sequence","5.0",""
"23/12/2024 16:00:00 - 23/12/2024 17:00:00","BZN|ES","Without sequence","30.9",""
"23/12/2024 17:00:00 - 23/12/2024 18:00:00","BZN|ES","Without sequence","87.11",""
"23/12/2024 18:00:00 - 23/12/2024 19:00:00","BZN|ES","Without sequence","114.72",""
"23/12/2024 19:00:00 - 23/12/2024 20:00:00","BZN|ES","Without sequence","124.89",""
"23/12/2024 20:00:00 - 23/12/2024 21:00:00","BZN|ES","Without sequence","118.97",""
"23/12/2024 21:00:00 - 23/12/2024 22:00:00","BZN|ES","Without sequence","109.28",""
"23/12/2024 22:00:00 - 23/12/2024 23:00:00","BZN|ES","Without sequence","105.82",""
"23/12/2024 23:00:00 - 24/12/2024 00:00:00","BZN|ES","Without sequence","90.8",""
"24/12/2024 00:00:00 - 24/12/2024 01:00:00","BZN|ES","Without sequence","85.08",""
"24/12/2024 01:00:00 - 24/12/2024 02:00:00","BZN|ES","Without sequence","82.84",""
"24/12/2024 02:00:00 - 24/12/2024 03:00:00","BZN|ES","Without sequence","75.18",""
"24/12/2024 03:00:00 - 24/12/2024 04:00:00","BZN|ES","Without sequence","65.0",""
"24/12/2024 04:00:00 - 24/12/2024 05:00:00","BZN|ES","Without sequence","57.88",""
"24/12/2024 05:00:00 - 24/12/2024 06:00:00","BZN|ES","Without sequence","58.3",""
"24/12/2024 06:00:00 - 24/12/2024 07:00:00","BZN|ES","Without sequence","65.0",""
"24/12/2024 07:00:00 - 24/12/2024 08:00:00","BZN|ES","Without sequence","84.16",""
"24/12/2024 08:00:00 - 24/12/2024 09:00:00","BZN|ES","Without sequence","101.0",""
"24/12/2024 09:00:00 - 24/12/2024 10:00:00","BZN|ES","Without sequence","84.97",""
"24/12/2024 10:00:00 - 24/12/2024 11:00:00","BZN|ES","Without sequence","50.24",""
"24/12/2024 11:00:00 - 24/12/2024 12:00:00","BZN|ES","Without sequence","40.0",""
"24/12/2024 12:00:00 - 24/12/2024 13:00:00","BZN|ES","Without sequence","36.0",""
"24/12/2024 13:00:00 - 24/12/2024 14:00:00","BZN|ES","Without sequence","35.78",""
"24/12/2024 14:00:00 - 24/12/2024 15:00:00","BZN|ES","Without sequence","35.0",""
"24/12/2024 15:00:00 - 24/12/2024 16:00:00","BZN|ES","Without sequence","36.0",""
"24/12/2024 16:00:00 - 24/12/2024 17:00:00","BZN|ES","Without sequence","65.0",""
"24/12/2024 17:00:00 - 24/12/2024 18:00:00","BZN|ES","Without sequence","112.21",""
"24/12/2024 18:00:00 - 24/12/2024 19:00:00","BZN|ES","Without sequence","110.98",""
"24/12/2024 19:00:00 - 24/12/2024 20:00:00","BZN|ES","Without sequence","105.66",""
"24/12/2024 20:00:00 - 24/12/2024 21:00:00","BZN|ES","Without sequence","102.56",""
"24/12/2024 21:00:00 - 24/12/2024 22:00:00","BZN|ES","Without sequence","94.63",""
"24/12/2024 22:00:00 - 24/12/2024 23:00:00","BZN|ES","Without sequence","99.04",""
"24/12/2024 23:00:00 - 25/12/2024 00:00:00","BZN|ES","Without sequence","90.0",""
"25/12/2024 00:00:00 - 25/12/2024 01:00:00","BZN|ES","Without sequence","91.37",""
"25/12/2024 01:00:00 - 25/12/2024 02:00:00","BZN|ES","Without sequence","86.44",""
"25/12/2024 02:00:00 - 25/12/2024 03:00:00","BZN|ES","Without sequence","85.07",""
"25/12/2024 03:00:00 - 25/12/2024 04:00:00","BZN|ES","Without sequence","80.81",""
"25/12/2024 04:00:00 - 25/12/2024 05:00:00","BZN|ES","Without sequence","75.99",""
"25/12/2024 05:00:00 - 25/12/2024 06:00:00","BZN|ES","Without sequence","80.81",""
"25/12/2024 06:00:00 - 25/12/2024 07:00:00","BZN|ES","Without sequence","83.18",""
"25/12/2024 07:00:00 - 25/12/2024 08:00:00","BZN|ES","Without sequence","84.94",""
"25/12/2024 08:00:00 - 25/12/2024 09:00:00","BZN|ES","Without sequence","90.21",""
"25/12/2024 09:00:00 - 25/12/2024 10:00:00","BZN|ES","Without sequence","99.24",""
"25/12/2024 10:00:00 - 25/12/2024 11:00:00","BZN|ES","Without sequence","86.7",""
"25/12/2024 11:00:00 - 25/12/2024 12:00:00","BZN|ES","Without sequence","85.08",""
"25/12/2024 12:00:00 - 25/12/2024 13:00:00","BZN|ES","Without sequence","86.63",""
"25/12/2024 13:00:00 - 25/12/2024 14:00:00","BZN|ES","Without sequence","87.3",""
"25/12/2024 14:00:00 - 25/12/2024 15:00:00","BZN|ES","Without sequence","85.08",""
"25/12/2024 15:00:00 - 25/12/2024 16:00:00","BZN|ES","Without sequence","86.88",""
"25/12/2024 16:00:00 - 25/12/2024 17:00:00","BZN|ES","Without sequence","108.27",""
"25/12/2024 17:00:00 - 25/12/2024 18:00:00","BZN|ES","Without sequence","120.5",""
"25/12/2024 18:00:00 - 25/12/2024 19:00:00","BZN|ES","Without sequence","135.05",""
"25/12/2024 19:00:00 - 25/12/2024 20:00:00","BZN|ES","Without sequence","136.6",""
"25/12/2024 20:00:00 - 25/12/2024 21:00:00","BZN|ES","Without sequence","140.7",""
"25/12/2024 21:00:00 - 25/12/2024 22:00:00","BZN|ES","Without sequence","141.08",""
"25/12/2024 22:00:00 - 25/12/2024 23:00:00","BZN|ES","Without sequence","136.6",""
"25/12/2024 23:00:00 - 26/12/2024 00:00:00","BZN|ES","Without sequence","128.11",""
"26/12/2024 00:00:00 - 26/12/2024 01:00:00","BZN|ES","Without sequence","138.08",""
"26/12/2024 01:00:00 - 26/12/2024 02:00:00","BZN|ES","Without sequence","130.65",""
"26/12/2024 02:00:00 - 26/12/2024 03:00:00","BZN|ES","Without sequence","128.11",""
"26/12/2024 03:00:00 - 26/12/2024 04:00:00","BZN|ES","Without sequence","120.48",""
"26/12/2024 04:00:00 - 26/12/2024 05:00:00","BZN|ES","Without sequence","120.48",""
"26/12/2024 05:00:00 - 26/12/2024 06:00:00","BZN|ES","Without sequence","122.39",""
"26/12/2024 06:00:00 - 26/12/2024 07:00:00","BZN|ES","Without sequence","134.11",""
"26/12/2024 07:00:00 - 26/12/2024 08:00:00","BZN|ES","Without sequence","141.73",""
"26/12/2024 08:00:00 - 26/12/2024 09:00:00","BZN|ES","Without sequence","149.99",""
"26/12/2024 09:00:00 - 26/12/2024 10:00:00","BZN|ES","Without sequence","143.28",""
"26/12/2024 10:00:00 - 26/12/2024 11:00:00","BZN|ES","Without sequence","129.48",""
"26/12/2024 11:00:00 - 26/12/2024 12:00:00","BZN|ES","Without sequence","114.14",""
"26/12/2024 12:00:00 - 26/12/2024 13:00:00","BZN|ES","Without sequence","107.71",""
"26/12/2024 13:00:00 - 26/12/2024 14:00:00","BZN|ES","Without sequence","105.3",""
"26/12/2024 14:00:00 - 26/12/2024 15:00:00","BZN|ES","Without sequence","109.64",""
"26/12/2024 15:00:00 - 26/12/2024 16:00:00","BZN|ES","Without sequence","120.75",""
"26/12/2024 16:00:00 - 26/12/2024 17:00:00","BZN|ES","Without sequence","123.48",""
"26/12/2024 17:00:00 - 26/12/2024 18:00:00","BZN|ES","Without sequence","141.98",""
"26/12/2024 18:00:00 - 26/12/2024 19:00:00","BZN|ES","Without sequence","155.52",""
"26/12/2024 19:00:00 - 26/12/2024 20:00:00","BZN|ES","Without sequence","159.02",""
"26/12/2024 20:00:00 - 26/12/2024 21:00:00","BZN|ES","Without sequence","161.57",""
"26/12/2024 21:00:00 - 26/12/2024 22:00:00","BZN|ES","Without sequence","166.8",""
"26/12/2024 22:00:00 - 26/12/2024 23:00:00","BZN|ES","Without sequence","148.0",""
"26/12/2024 23:00:00 - 27/12/2024 00:00:00","BZN|ES","Without sequence","141.98",""
"27/12/2024 00:00:00 - 27/12/2024 01:00:00","BZN|ES","Without sequence","139.83",""
"27/12/2024 01:00:00 - 27/12/2024 02:00:00","BZN|ES","Without sequence","132.96",""
"27/12/2024 02:00:00 - 27/12/2024 03:00:00","BZN|ES","Without sequence","127.83",""
"27/12/2024 03:00:00 - 27/12/2024 04:00:00","BZN|ES","Without sequence","117.58",""
"27/12/2024 04:00:00 - 27/12/2024 05:00:00","BZN|ES","Without sequence","115.83",""
"27/12/2024 05:00:00 - 27/12/2024 06:00:00","BZN|ES","Without sequence","117.0",""
"27/12/2024 06:00:00 - 27/12/2024 07:00:00","BZN|ES","Without sequence","130.62",""
"27/12/2024 07:00:00 - 27/12/2024 08:00:00","BZN|ES","Without sequence","144.33",""
"27/12/2024 08:00:00 - 27/12/2024 09:00:00","BZN|ES","Without sequence","148.2",""
"27/12/2024 09:00:00 - 27/12/2024 10:00:00","BZN|ES","Without sequence","145.01",""
"27/12/2024 10:00:00 - 27/12/2024 11:00:00","BZN|ES","Without sequence","130.0",""
"27/12/2024 11:00:00 - 27/12/2024 12:00:00","BZN|ES","Without sequence","107.94",""
"27/12/2024 12:00:00 - 27/12/2024 13:00:00","BZN|ES","Without sequence","107.81",""
"27/12/2024 13:00:00 - 27/12/2024 14:00:00","BZN|ES","Without sequence","107.94",""
"27/12/2024 14:00:00 - 27/12/2024 15:00:00","BZN|ES","Without sequence","110.3",""
"27/12/2024 15:00:00 - 27/12/2024 16:00:00","BZN|ES","Without sequence","114.15",""
"27/12/2024 16:00:00 - 27/12/2024 17:00:00","BZN|ES","Without sequence","129.98",""
"27/12/2024 17:00:00 - 27/12/2024 18:00:00","BZN|ES","Without sequence","149.78",""
"27/12/2024 18:00:00 - 27/12/2024 19:00:00","BZN|ES","Without sequence","158.4",""
"27/12/2024 19:00:00 - 27/12/2024 20:00:00","BZN|ES","Without sequence","159.02",""
"27/12/2024 20:00:00 - 27/12/2024 21:00:00","BZN|ES","Without sequence","161.5",""
"27/12/2024 21:00:00 - 27/12/2024 22:00:00","BZN|ES","Without sequence","158.5",""
"27/12/2024 22:00:00 - 27/12/2024 23:00:00","BZN|ES","Without sequence","147.63",""
"27/12/2024 23:00:00 - 28/12/2024 00:00:00","BZN|ES","Without sequence","144.36",""
"28/12/2024 00:00:00 - 28/12/2024 01:00:00","BZN|ES","Without sequence","142.0",""
"28/12/2024 01:00:00 - 28/12/2024 02:00:00","BZN|ES","Without sequence","135.33",""
"28/12/2024 02:00:00 - 28/12/2024 03:00:00","BZN|ES","Without sequence","132.25",""
"28/12/2024 03:00:00 - 28/12/2024 04:00:00","BZN|ES","Without sequence","125.42",""
"28/12/2024 04:00:00 - 28/12/2024 05:00:00","BZN|ES","Without sequence","121.35",""
"28/12/2024 05:00:00 - 28/12/2024 06:00:00","BZN|ES","Without sequence","122.05",""
"28/12/2024 06:00:00 - 28/12/2024 07:00:00","BZN|ES","Without sequence","130.0",""
"28/12/2024 07:00:00 - 28/12/2024 08:00:00","BZN|ES","Without sequence","135.0",""
"28/12/2024 08:00:00 - 28/12/2024 09:00:00","BZN|ES","Without sequence","141.66",""
"28/12/2024 09:00:00 - 28/12/2024 10:00:00","BZN|ES","Without sequence","137.25",""
"28/12/2024 10:00:00 - 28/12/2024 11:00:00","BZN|ES","Without sequence","122.83",""
"28/12/2024 11:00:00 - 28/12/2024 12:00:00","BZN|ES","Without sequence","113.4",""
"28/12/2024 12:00:00 - 28/12/2024 13:00:00","BZN|ES","Without sequence","108.97",""
"28/12/2024 13:00:00 - 28/12/2024 14:00:00","BZN|ES","Without sequence","110.01",""
"28/12/2024 14:00:00 - 28/12/2024 15:00:00","BZN|ES","Without sequence","114.09",""
"28/12/2024 15:00:00 - 28/12/2024 16:00:00","BZN|ES","Without sequence","114.09",""
"28/12/2024 16:00:00 - 28/12/2024 17:00:00","BZN|ES","Without sequence","121.27",""
"28/12/2024 17:00:00 - 28/12/2024 18:00:00","BZN|ES","Without sequence","142.61",""
"28/12/2024 18:00:00 - 28/12/2024 19:00:00","BZN|ES","Without sequence","152.78",""
"28/12/2024 19:00:00 - 28/12/2024 20:00:00","BZN|ES","Without sequence","157.0",""
"28/12/2024 20:00:00 - 28/12/2024 21:00:00","BZN|ES","Without sequence","160.78",""
"28/12/2024 21:00:00 - 28/12/2024 22:00:00","BZN|ES","Without sequence","157.0",""
"28/12/2024 22:00:00 - 28/12/2024 23:00:00","BZN|ES","Without sequence","151.54",""
"28/12/2024 23:00:00 - 29/12/2024 00:00:00","BZN|ES","Without sequence","146.44",""
"29/12/2024 00:00:00 - 29/12/2024 01:00:00","BZN|ES","Without sequence","146.28",""
"29/12/2024 01:00:00 - 29/12/2024 02:00:00","BZN|ES","Without sequence","142.77",""
"29/12/2024 02:00:00 - 29/12/2024 03:00:00","BZN|ES","Without sequence","140.08",""
"29/12/2024 03:00:00 - 29/12/2024 04:00:00","BZN|ES","Without sequence","138.3",""
"29/12/2024 04:00:00 - 29/12/2024 05:00:00","BZN|ES","Without sequence","137.26",""
"29/12/2024 05:00:00 - 29/12/2024 06:00:00","BZN|ES","Without sequence","137.26",""
"29/12/2024 06:00:00 - 29/12/2024 07:00:00","BZN|ES","Without sequence","134.11",""
"29/12/2024 07:00:00 - 29/12/2024 08:00:00","BZN|ES","Without sequence","138.3",""
"29/12/2024 08:00:00 - 29/12/2024 09:00:00","BZN|ES","Without sequence","141.66",""
"29/12/2024 09:00:00 - 29/12/2024 10:00:00","BZN|ES","Without sequence","138.3",""
"29/12/2024 10:00:00 - 29/12/2024 11:00:00","BZN|ES","Without sequence","115.88",""
"29/12/2024 11:00:00 - 29/12/2024 12:00:00","BZN|ES","Without sequence","109.94",""
"29/12/2024 12:00:00 - 29/12/2024 13:00:00","BZN|ES","Without sequence","109.4",""
"29/12/2024 13:00:00 - 29/12/2024 14:00:00","BZN|ES","Without sequence","108.88",""
"29/12/2024 14:00:00 - 29/12/2024 15:00:00","BZN|ES","Without sequence","109.81",""
"29/12/2024 15:00:00 - 29/12/2024 16:00:00","BZN|ES","Without sequence","113.87",""
"29/12/2024 16:00:00 - 29/12/2024 17:00:00","BZN|ES","Without sequence","125.13",""
"29/12/2024 17:00:00 - 29/12/2024 18:00:00","BZN|ES","Without sequence","145.18",""
"29/12/2024 18:00:00 - 29/12/2024 19:00:00","BZN|ES","Without sequence","152.78",""
"29/12/2024 19:00:00 - 29/12/2024 20:00:00","BZN|ES","Without sequence","158.67",""
"29/12/2024 20:00:00 - 29/12/2024 21:00:00","BZN|ES","Without sequence","162.0",""
"29/12/2024 21:00:00 - 29/12/2024 22:00:00","BZN|ES","Without sequence","161.94",""
"29/12/2024 22:00:00 - 29/12/2024 23:00:00","BZN|ES","Without sequence","151.54",""
"29/12/2024 23:00:00 - 30/12/2024 00:00:00","BZN|ES","Without sequence","148.19",""
"30/12/2024 00:00:00 - 30/12/2024 01:00:00","BZN|ES","Without sequence","141.5",""
"30/12/2024 01:00:00 - 30/12/2024 02:00:00","BZN|ES","Without sequence","135.0",""
"30/12/2024 02:00:00 - 30/12/2024 03:00:00","BZN|ES","Without sequence","131.0",""
"30/12/2024 03:00:00 - 30/12/2024 04:00:00","BZN|ES","Without sequence","125.0",""
"30/12/2024 04:00:00 - 30/12/2024 05:00:00","BZN|ES","Without sequence","124.0",""
"30/12/2024 05:00:00 - 30/12/2024 06:00:00","BZN|ES","Without sequence","130.53",""
"30/12/2024 06:00:00 - 30/12/2024 07:00:00","BZN|ES","Without sequence","143.97",""
"30/12/2024 07:00:00 - 30/12/2024 08:00:00","BZN|ES","Without sequence","150.01",""
"30/12/2024 08:00:00 - 30/12/2024 09:00:00","BZN|ES","Without sequence","159.83",""
"30/12/2024 09:00:00 - 30/12/2024 10:00:00","BZN|ES","Without sequence","152.03",""
"30/12/2024 10:00:00 - 30/12/2024 11:00:00","BZN|ES","Without sequence","141.5",""
"30/12/2024 11:00:00 - 30/12/2024 12:00:00","BZN|ES","Without sequence","119.04",""
"30/12/2024 12:00:00 - 30/12/2024 13:00:00","BZN|ES","Without sequence","121.42",""
"30/12/2024 13:00:00 - 30/12/2024 14:00:00","BZN|ES","Without sequence","116.02",""
"30/12/2024 14:00:00 - 30/12/2024 15:00:00","BZN|ES","Without sequence","119.5",""
"30/12/2024 15:00:00 - 30/12/2024 16:00:00","BZN|ES","Without sequence","120.0",""
"30/12/2024 16:00:00 - 30/12/2024 17:00:00","BZN|ES","Without sequence","133.53",""
"30/12/2024 17:00:00 - 30/12/2024 18:00:00","BZN|ES","Without sequence","147.75",""
"30/12/2024 18:00:00 - 30/12/2024 19:00:00","BZN|ES","Without sequence","162.43",""
"30/12/2024 19:00:00 - 30/12/2024 20:00:00","BZN|ES","Without sequence","166.73",""
"30/12/2024 20:00:00 - 30/12/2024 21:00:00","BZN|ES","Without sequence","172.72",""
"30/12/2024 21:00:00 - 30/12/2024 22:00:00","BZN|ES","Without sequence","167.21",""
"30/12/2024 22:00:00 - 30/12/2024 23:00:00","BZN|ES","Without sequence","155.65",""
"30/12/2024 23:00:00 - 31/12/2024 00:00:00","BZN|ES","Without sequence","146.13",""
"31/12/2024 00:00:00 - 31/12/2024 01:00:00","BZN|ES","Without sequence","145.0",""
"31/12/2024 01:00:00 - 31/12/2024 02:00:00","BZN|ES","Without sequence","139.03",""
"31/12/2024 02:00:00 - 31/12/2024 03:00:00","BZN|ES","Without sequence","137.48",""
"31/12/2024 03:00:00 - 31/12/2024 04:00:00","BZN|ES","Without sequence","134.66",""
"31/12/2024 04:00:00 - 31/12/2024 05:00:00","BZN|ES","Without sequence","127.37",""
"31/12/2024 05:00:00 - 31/12/2024 06:00:00","BZN|ES","Without sequence","131.15",""
"31/12/2024 06:00:00 - 31/12/2024 07:00:00","BZN|ES","Without sequence","137.18",""
"31/12/2024 07:00:00 - 31/12/2024 08:00:00","BZN|ES","Without sequence","142.98",""
"31/12/2024 08:00:00 - 31/12/2024 09:00:00","BZN|ES","Without sequence","149.77",""
"31/12/2024 09:00:00 - 31/12/2024 10:00:00","BZN|ES","Without sequence","145.0",""
"31/12/2024 10:00:00 - 31/12/2024 11:00:00","BZN|ES","Without sequence","134.66",""
"31/12/2024 11:00:00 - 31/12/2024 12:00:00","BZN|ES","Without sequence","114.16",""
"31/12/2024 12:00:00 - 31/12/2024 13:00:00","BZN|ES","Without sequence","112.01",""
"31/12/2024 13:00:00 - 31/12/2024 14:00:00","BZN|ES","Without sequence","112.01",""
"31/12/2024 14:00:00 - 31/12/2024 15:00:00","BZN|ES","Without sequence","111.75",""
"31/12/2024 15:00:00 - 31/12/2024 16:00:00","BZN|ES","Without sequence","111.88",""
"31/12/2024 16:00:00 - 31/12/2024 17:00:00","BZN|ES","Without sequence","124.37",""
"31/12/2024 17:00:00 - 31/12/2024 18:00:00","BZN|ES","Without sequence","145.0",""
"31/12/2024 18:00:00 - 31/12/2024 19:00:00","BZN|ES","Without sequence","155.01",""
"31/12/2024 19:00:00 - 31/12/2024 20:00:00","BZN|ES","Without sequence","159.44",""
"31/12/2024 20:00:00 - 31/12/2024 21:00:00","BZN|ES","Without sequence","156.1",""
"31/12/2024 21:00:00 - 31/12/2024 22:00:00","BZN|ES","Without sequence","150.85",""
"31/12/2024 22:00:00 - 31/12/2024 23:00:00","BZN|ES","Without sequence","144.4",""
"31/12/2024 23:00:00 - 01/01/2025 00:00:00","BZN|ES","Without sequence","139.37",""
